id_cota,id_grupo_x,id_cliente,id_parceiro,canal_venda,categoria,valor_credito,prazo_meses,taxa_adm_pct,valor_parcela,data_adesao,status_cota,data_cancelamento,id_contemplacao,id_grupo_y,data_assembleia,tipo_contemplacao,valor_lance
CT0000819,GC0004,CLI000914,PAR004,telemarketing,celular,5700.0,12,0.216,587.1,2023-05-14,cancelada,2023-09-14,,,,,
CT0008367,GA0018,CLI006937,PAR010,correspondente,Automóvel,78600.0,72,0.1782,1308.03,2024-07-26,ativa,,,,,,
CT0001244,GS0019,CLI000251,PAR004,,SERVICOS,11300.0,36,0.1852,378.3,2024-03-14,cancelada,2025-02-14,,,,,
CT0007864,GC0000,CLI006756,PAR006,loja,CELULAR,3100.0,18,0.2178,213.18,2024-11-19,quitada,,,,,,
CT0005952,GA0033,CLI001774,PAR010,,automovel,99500.0,60,0.1823,1993.81,2024-10-20,ativa,,,,,,
CT0003345,GS0007,CLI004013,PAR005,bancario,Serviços,14900.0,24,0.1966,755.31,2024-01-05,quitada,,CTP000359,GS0007,2025-02-05,sorteio,0.0
CT0005847,GS0025,CLI006906,PAR004,telemarketing,Serviços,33900.0,48,0.1912,855.41,2024-03-10,ativa,,,,,,
CT0005214,GC0033,CLI000170,PAR006,loja,Celular,5300.0,15,0.213,435.66,2024-12-18,quitada,,,,,,
CT0005551,GC0062,CLI001906,PAR010,correspondente,CELULAR,4900.0,24,0.2501,259.31,2024-11-25,cancelada,2025-01-25,,,,,
CT0001717,GA0063,CLI000911,PAR001,digital,Automóvel,87700.0,60,0.183,1758.38,2025-01-26,ativa,,,,,,
CT0007915,GA0073,CLI006597,PAR005,bancario,AUTO,115400.0,80,0.1761,1725.37,2025-03-11,ativa,,,,,,
CT0007099,GA0065,CLI001549,PAR005,bancario,AUTO,128900.0,60,0.1651,2545.99,2025-12-02,ativa,,,,,,
CT0005073,GA0068,CLI003415,PAR006,loja,Auto,111800.0,72,0.1749,1855.41,2026-03-09,ativa,,,,,,
CT0005162,GA0022,CLI003951,PAR005,bancario,Auto,53700.0,80,0.1783,804.36,2026-06-09,ativa,,,,,,
CT0002882,GA0066,CLI006449,PAR002,loja,Auto,45200.0,72,0.1605,741.09,2023-07-20,ativa,,,,,,
CT0000396,GI0027,CLI003701,PAR010,correspondente,imóvel,378400.0,150,0.206,3092.79,2025-06-28,ativa,,,,,,
CT0000696,GA0005,CLI001489,PAR099,interno,auto,97200.0,80,0.164,1438.56,2025-08-14,ativa,,,,,,
CT0006669,GI0041,CLI002765,PAR003,correspondente,IMOVEIS,288100.0,180,0.2006,1953.64,2025-06-02,contemplada,,CTP000701,GI0041,2026-06-02,sorteio,0.0
CT0003483,GA0031,CLI000396,PAR002,loja,Auto,67800.0,72,0.1637,1114.65,2026-06-07,ativa,,,,,,
CT0004316,GI0019,CLI003096,PAR003,correspondente,imóvel,363100.0,150,0.1977,2947.65,2023-08-03,ativa,,,,,,
CT0004405,GC0028,CLI006737,PAR007,digital,smartphone,7400.0,18,0.2301,513.93,2025-05-10,cancelada,2025-08-10,,,,,
CT0001276,GA0081,CLI003289,PAR001,digital,Auto,55400.0,72,0.1817,924.64,2025-08-21,ativa,,,,,,
CT0005261,GC0002,CLI001056,PAR001,digital,CELULAR,8000.0,12,0.2207,827.13,2025-03-19,cancelada,2025-07-19,,,,,
CT0004765,GC0047,CLI004891,PAR009,digital,Celular,5700.0,15,0.2116,468.01,2023-07-22,quitada,,,,,,
CT0007180,GS0034,CLI006204,PAR001,digital,SERVICOS,23600.0,36,0.2102,806.46,2026-04-06,cancelada,2026-07-06,,,,,
CT0005630,GS0029,CLI001630,PAR005,bancario,Serviços,27400.0,24,0.2128,1407.45,2023-05-21,quitada,,,,,,
CT0008325,GS0004,CLI001011,PAR009,digital,serviço,32400.0,36,0.1879,1087.11,2025-02-25,ativa,,,,,,
CT0007040,GA0039,CLI006625,PAR007,digital,automovel,78300.0,60,0.1577,1536.9,2025-04-15,cancelada,2025-07-15,CTP000742,GA0039,2025-05-15,sorteio,0.0
CT0006458,GC0042,CLI004269,PAR001,digital,celular,5000.0,12,0.2439,526.62,2025-04-02,cancelada,2025-12-02,,,,,
CT0002153,GC0047,CLI000133,PAR004,telemarketing,celular,3600.0,15,0.2176,297.02,2023-10-15,quitada,,,,,,
CT0004815,GA0043,CLI005865,PAR001,digital,Automóvel,97300.0,72,0.1912,1636.8,2025-01-14,ativa,,,,,,
CT0007066,GI0019,CLI002680,PAR003,correspondente,imoveis,589500.0,150,0.1998,4793.81,2026-03-19,ativa,,,,,,
CT0000105,GA0046,CLI004937,PAR001,digital,Auto,124100.0,72,0.1612,2035.93,2024-01-30,cancelada,2024-08-30,,,,,
CT0002395,GC0021,CLI006170,PAR007,digital,smartphone,6300.0,12,0.2421,662.6,2025-01-23,cancelada,2025-07-23,,,,,
CT0004413,GC0016,CLI006111,PAR007,digital,Celular,3700.0,12,0.2292,385.17,2025-08-31,quitada,,,,,,
CT0000191,GA0072,CLI002114,PAR002,loja,auto,66500.0,60,0.1505,1297.3,2023-05-01,cancelada,2024-12-01,,,,,
CT0001214,GS0034,CLI006749,PAR007,digital,Servicos,23900.0,36,0.2012,810.74,2025-01-23,ativa,,,,,,
CT0006953,GC0029,CLI002109,PAR009,digital,CELULAR,7100.0,24,0.2411,373.08,2025-03-23,cancelada,2025-09-23,,,,,
CT0002377,GS0036,CLI005767,PAR009,digital,SERVICOS,15600.0,24,0.1985,792.03,2023-09-07,cancelada,2023-12-07,,,,,
CT0001059,GS0010,CLI003632,PAR004,telemarketing,serviço,23400.0,24,0.208,1197.3,2026-05-25,ativa,,,,,,
CT0001175,GC0030,CLI002684,PAR004,telemarketing,CELULAR,4500.0,15,0.2351,376.53,2023-07-04,cancelada,2023-09-04,,,,,
CT0006293,GC0053,CLI000517,PAR009,digital,Celular,7800.0,24,0.2161,401.73,2024-11-09,cancelada,2026-02-09,,,,,
CT0000625,GA0061,CLI003078,PAR001,digital,Automóvel,94400.0,80,0.1596,1391.93,2023-07-05,cancelada,2025-11-05,CTP000081,GA0061,2025-11-05,sorteio,0.0
CT0000408,GA0088,CLI001061,PAR005,bancario,Automóvel,46800.0,80,0.166,693.81,2023-06-04,ativa,,,,,,
CT0005940,GC0061,CLI005971,PAR006,loja,CELULAR,8600.0,24,0.2484,454.51,2025-08-27,cancelada,2025-12-27,,,,,
CT0002938,GC0008,CLI005769,PAR004,telemarketing,celular,8700.0,18,0.2246,601.56,2026-04-07,ativa,,,,,,
CT0005804,GC0009,CLI004040,PAR001,digital,celular,4200.0,24,0.2364,219.87,2023-06-11,quitada,,,,,,
CT0005495,GA0025,CLI002238,PAR012,interno,automovel,116200.0,72,0.1859,1946.19,2025-08-04,ativa,,,,,,
CT0002601,GA0026,CLI001930,PAR009,digital,automovel,80900.0,72,0.1743,1341.93,2024-12-25,ativa,,,,,,
CT0007490,GC0050,CLI000216,PAR009,digital,smartphone,9000.0,18,0.2467,633.35,2024-11-14,quitada,,,,,,
CT0002634,GC0015,CLI002590,PAR007,,smartphone,8900.0,24,0.2334,464.8,2025-03-09,cancelada,2025-05-09,,,,,
CT0003697,GC0046,CLI001682,PAR004,telemarketing,smartphone,5000.0,12,0.2282,520.08,2024-12-27,cancelada,2025-05-27,,,,,
CT0004810,GC0005,CLI004495,PAR001,digital,smartphone,6500.0,24,0.2323,339.16,2026-07-04,ativa,,,,,,
CT0003131,GA0005,CLI003840,PAR010,correspondente,automovel,124600.0,80,0.1794,1868.07,2025-08-20,cancelada,2026-01-20,,,,,
CT0001649,GA0011,CLI006560,PAR007,digital,automovel,77300.0,72,0.1633,1270.4,2024-11-19,ativa,,,,,,
CT0005014,GA0029,CLI005311,PAR012,interno,automovel,117700.0,60,0.1606,2315.94,2026-02-09,ativa,,,,,,
CT0004086,GA0051,CLI000883,PAR002,loja,Automóvel,110700.0,60,0.1626,2181.9,2025-02-12,ativa,,,,,,
CT0007791,GI0034,CLI003997,PAR003,correspondente,IMOVEIS,524300.0,180,0.2087,3578.93,2023-07-19,ativa,,,,,,
CT0001737,GA0033,CLI005502,PAR009,digital,Auto,79000.0,60,0.1679,1564.07,2026-07-10,ativa,,,,,,
CT0002520,GA0019,CLI003764,PAR002,loja,auto,54900.0,60,0.1888,1106.05,2025-04-04,ativa,,,,,,
CT0008134,GA0026,CLI006812,PAR009,digital,automovel,48300.0,72,0.1802,805.13,2023-12-10,ativa,,,,,,
CT0002708,GC0004,CLI000955,PAR007,digital,smartphone,2000.0,12,0.2332,208.87,2025-10-01,cancelada,2025-12-01,,,,,
CT0003748,GC0051,CLI006251,PAR009,digital,smartphone,2100.0,24,0.2242,108.87,2024-09-16,ativa,,,,,,
CT0004375,GI0009,CLI001306,PAR001,digital,imóvel,411900.0,180,0.1823,2751.26,2023-02-13,contemplada,,CTP000475,GI0009,2025-04-13,sorteio,0.0
CT0004847,GC0021,CLI003607,PAR006,loja,Celular,7700.0,12,0.2362,806.06,2023-09-14,quitada,,,,,,
CT0006807,GS0011,CLI003638,PAR005,bancario,serviço,15000.0,48,0.197,380.31,2025-06-30,ativa,,,,,,
CT0007938,GS0014,CLI004140,PAR001,digital,servicos,26800.0,36,0.1933,903.23,2026-02-20,ativa,,,,,,
CT0006799,GA0071,CLI003727,PAR001,digital,Automóvel,53400.0,72,0.1614,876.21,2024-10-18,cancelada,2026-01-18,,,,,
CT0006115,GS0017,CLI006661,PAR005,bancario,serviço,13900.0,36,0.1963,469.63,2024-08-03,cancelada,2026-06-03,,,,,
CT0007090,GS0033,CLI006970,PAR004,telemarketing,Servicos,30500.0,48,0.2218,789.06,2025-08-25,ativa,,,,,,
CT0007604,GC0032,CLI007011,PAR007,digital,CELULAR,5100.0,18,0.2382,356.49,2024-10-09,cancelada,2024-12-09,,,,,
CT0007448,GC0030,CLI004366,PAR001,digital,CELULAR,4800.0,15,0.208,392.96,2024-10-10,quitada,,,,,,
CT0006774,GC0011,CLI000489,PAR009,digital,CELULAR,3200.0,12,0.2132,328.85,2025-05-21,quitada,,,,,,
CT0005694,GA0078,CLI006337,PAR005,bancario,Automóvel,121500.0,72,0.1885,2039.34,2025-02-25,contemplada,,CTP000606,GA0078,2026-02-25,lance_livre,55767.28
CT0007855,GS0021,CLI000544,PAR006,loja,serviço,9600.0,36,0.1918,323.15,2024-09-07,cancelada,2025-04-07,,,,,
CT0002563,GC0047,CLI003383,PAR001,digital,CELULAR,8600.0,15,0.2451,725.32,2026-02-25,ativa,,,,,,
CT0001885,GS0010,CLI002403,PAR002,loja,Servicos,21100.0,24,0.2088,1080.32,2025-04-15,contemplada,,CTP000208,GS0010,2025-07-15,sorteio,0.0
CT0004499,GA0025,CLI000035,PAR001,digital,Auto,95900.0,72,0.1626,1575.16,2023-12-12,ativa,,,,,,
CT0003884,GA0064,CLI006053,PAR008,correspondente,auto,110200.0,72,0.1622,1809.42,2026-02-20,ativa,,,,,,
CT0003367,GI0036,CLI003475,PAR011,correspondente,imoveis,222200.0,180,0.1949,1499.73,2025-06-26,contemplada,,CTP000361,GI0036,2026-01-26,sorteio,0.0
CT0001874,GC0054,CLI002945,PAR007,digital,CELULAR,2200.0,12,0.2156,226.53,2025-02-14,cancelada,2025-04-14,,,,,
CT0006267,GI0034,CLI004822,PAR012,interno,imóvel,470200.0,180,0.1822,3140.41,2025-07-17,ativa,,,,,,
CT0004394,GC0039,CLI006183,PAR004,telemarketing,Celular,4500.0,12,0.2202,465.07,2023-02-02,cancelada,2023-10-02,,,,,
CT0002081,GA0007,CLI005043,PAR009,digital,automovel,86200.0,72,0.1572,1409.37,2026-03-31,ativa,,,,,,
CT0003571,GA0089,CLI000129,PAR002,loja,Auto,90900.0,72,0.1576,1486.72,2023-10-25,cancelada,2025-08-25,,,,,
CT0001944,GI0038,CLI001174,PAR009,digital,Imovel,434800.0,150,0.194,3518.98,2026-03-31,ativa,,,,,,
CT0002553,GI0042,CLI000053,PAR006,loja,imoveis,458100.0,150,0.1948,3710.0,2024-09-27,ativa,,,,,,
CT0005885,GI0025,CLI005327,PAR001,digital,imoveis,301400.0,150,0.2174,2486.35,2026-04-08,ativa,,,,,,
CT0006220,GS0034,CLI001454,PAR008,correspondente,serviço,27700.0,36,0.2034,941.34,2024-12-22,cancelada,2026-07-22,,,,,
CT0004044,GA0073,CLI004508,PAR005,bancario,automovel,61400.0,80,0.1569,903.27,2023-01-18,ativa,,,,,,
CT0008340,GA0008,CLI000053,PAR002,loja,Auto,115000.0,80,0.1901,1739.52,2025-01-16,ativa,,,,,,
CT0000864,GC0069,CLI004055,PAR004,telemarketing,celular,4900.0,24,0.2165,252.45,2025-10-11,cancelada,2025-11-11,,,,,
CT0008442,GI0018,CLI001039,PAR005,bancario,Imovel,542700.0,200,0.1999,3310.2,2023-03-12,contemplada,,CTP000894,GI0018,2023-09-12,sorteio,0.0
CT0005416,GC0064,CLI002606,PAR009,digital,CELULAR,4000.0,24,0.218,206.33,2024-10-03,cancelada,2024-12-03,,,,,
CT0002372,GC0056,CLI004585,PAR007,digital,Celular,3300.0,12,0.2413,346.86,2024-09-15,cancelada,2025-03-15,,,,,
CT0005479,GA0031,CLI002843,PAR004,telemarketing,Auto,89700.0,72,0.1609,1471.2,2025-12-08,ativa,,,,,,
CT0007797,GS0004,CLI005784,PAR012,interno,Serviços,10100.0,36,0.1978,341.66,2025-04-10,ativa,,,,,,
CT0003141,GA0067,CLI002997,PAR008,correspondente,Automóvel,59600.0,80,0.1763,891.24,2024-05-02,ativa,,,,,,
CT0003551,GI0006,CLI006165,PAR003,correspondente,imóvel,543800.0,180,0.2123,3722.92,2023-03-28,ativa,,,,,,
CT0004196,GA0065,CLI002627,PAR002,loja,AUTO,60200.0,60,0.1845,1208.51,2024-03-07,contemplada,,CTP000461,GA0065,2024-08-07,sorteio,0.0
CT0008112,GA0052,CLI002620,PAR005,bancario,auto,88000.0,60,0.1733,1750.17,2023-11-23,ativa,,,,,,
CT0006932,GC0014,CLI003649,PAR008,correspondente,smartphone,4300.0,24,0.234,224.67,2026-02-19,ativa,,,,,,
CT0007192,GA0040,CLI002001,PAR004,,AUTO,50600.0,72,0.1496,821.97,2025-05-21,ativa,,,,,,
CT0000447,GI0024,CLI003920,PAR003,correspondente,IMOVEIS,524800.0,180,0.1919,3533.36,2026-01-29,ativa,,,,,,
CT0003329,GS0002,CLI005417,PAR007,,servicos,21200.0,36,0.1705,701.07,2025-09-10,cancelada,2026-05-10,,,,,
CT0008096,GC0034,CLI005902,PAR002,loja,smartphone,5300.0,12,0.2067,541.79,2025-11-27,ativa,,,,,,
CT0000731,GS0025,CLI001319,PAR009,digital,serviço,17600.0,48,0.2057,449.42,2024-09-22,cancelada,2025-03-22,,,,,
CT0004981,GC0051,CLI003388,PAR009,digital,smartphone,8400.0,24,0.2332,438.62,2025-11-06,ativa,,,,,,
CT0000049,GI0033,CLI003947,PAR005,,Imovel,256100.0,200,0.2147,1581.03,2025-12-25,ativa,,,,,,
CT0007970,GC0006,CLI002204,PAR007,digital,smartphone,2800.0,18,0.2387,195.8,2025-08-20,cancelada,2025-09-20,,,,,
CT0003637,GA0079,CLI001528,PAR012,,automovel,119800.0,72,0.1823,2000.49,2025-08-16,ativa,,,,,,
CT0000061,GI0019,CLI006555,PAR012,interno,imóvel,520300.0,150,0.2059,4252.24,2024-03-26,contemplada,,CTP000005,GI0019,2026-01-26,sorteio,0.0
CT0003954,GS0033,CLI006351,PAR009,digital,SERVICOS,33000.0,48,0.2182,851.26,2025-10-02,contemplada,,CTP000427,GS0033,2026-06-02,lance_livre,14281.03
CT0008454,GI0018,CLI002586,PAR004,telemarketing,Imovel,478100.0,200,0.1989,2913.78,2026-02-01,ativa,,,,,,
CT0003177,GA0069,CLI000902,PAR012,interno,automovel,116800.0,80,0.195,1773.9,2026-04-09,ativa,,,,,,
CT0005276,GC0047,CLI005950,PAR009,digital,celular,3500.0,15,0.216,288.4,2024-07-31,quitada,,,,,,
CT0002828,GI0015,CLI004619,PAR005,bancario,Imóveis,416800.0,180,0.1963,2816.41,2025-08-18,ativa,,,,,,
CT0003782,GC0053,CLI002779,PAR001,digital,celular,5200.0,24,0.2436,273.78,2025-11-06,ativa,,,,,,
CT0001697,GA0006,CLI002638,PAR004,telemarketing,Automóvel,73000.0,80,0.1631,1079.58,2024-12-14,cancelada,2025-01-14,,,,,
CT0006315,GA0037,CLI006032,PAR004,telemarketing,Automóvel,123800.0,80,0.1622,1829.45,2025-01-15,ativa,,,,,,
CT0005889,GC0035,CLI006235,PAR008,correspondente,celular,6200.0,24,0.2465,327.18,2024-07-12,cancelada,2024-08-12,,,,,
CT0008466,GC0043,CLI001861,PAR001,digital,Celular,2600.0,18,0.2201,179.13,2025-11-07,cancelada,2026-01-07,,,,,
CT0000838,GC0005,CLI006876,PAR006,loja,smartphone,6400.0,24,0.2375,335.33,2026-01-04,ativa,,,,,,
CT0005345,GI0021,CLI005647,PAR005,bancario,Imóveis,594900.0,200,0.1848,3583.68,2025-02-06,ativa,,,,,,
CT0002117,GI0038,CLI000251,PAR012,interno,Imovel,215100.0,150,0.1812,1722.52,2025-12-25,contemplada,,CTP000231,GI0038,2026-04-25,lance_fixo,53775.0
CT0006062,GA0024,CLI004983,PAR009,digital,automovel,49800.0,72,0.1621,817.62,2024-07-06,cancelada,2024-10-06,,,,,
CT0005607,GA0036,CLI005197,PAR006,loja,AUTO,96900.0,72,0.1655,1595.49,2024-04-15,cancelada,2025-08-15,,,,,
CT0005670,GS0026,CLI001283,PAR009,digital,serviço,26800.0,48,0.2153,689.71,2024-07-31,cancelada,2026-03-31,,,,,
CT0002045,GI0041,CLI001150,PAR006,loja,Imóveis,591800.0,180,0.2015,4016.02,2025-04-26,ativa,,,,,,
CT0001700,GC0013,CLI005657,PAR009,digital,Celular,8900.0,18,0.2149,610.59,2025-08-05,cancelada,2025-10-05,,,,,
CT0004826,GA0069,CLI000657,PAR001,digital,AUTO,102100.0,80,0.1673,1515.29,2025-11-11,cancelada,2025-12-11,,,,,
CT0004538,GI0005,CLI003194,PAR010,correspondente,imóvel,631800.0,200,0.1956,3840.08,2024-12-15,cancelada,2025-03-15,,,,,
CT0007246,GI0039,CLI001931,PAR009,digital,Imovel,621900.0,200,0.205,3809.14,2026-04-12,ativa,,,,,,
CT0000942,GC0012,CLI003538,PAR009,digital,smartphone,6300.0,15,0.2362,527.6,2025-04-12,quitada,,,,,,
CT0008199,GC0062,CLI007061,PAR009,digital,celular,6700.0,24,0.2327,349.71,2024-03-25,quitada,,,,,,
CT0008503,GC0000,CLI000257,PAR008,correspondente,celular,4800.0,18,0.2404,336.11,2024-09-04,quitada,,,,,,
CT0001285,GC0037,CLI002502,PAR006,loja,celular,8000.0,24,0.2316,417.2,2025-03-27,ativa,,,,,,
CT0002718,GA0055,CLI002436,PAR002,loja,automovel,80300.0,80,0.1805,1205.0,2024-06-03,contemplada,,CTP000298,GA0055,2026-08-03,sorteio,0.0
CT0006193,GA0046,CLI002192,PAR003,correspondente,AUTO,54900.0,72,0.193,924.91,2024-11-13,ativa,,,,,,
CT0005641,GA0034,CLI000344,PAR001,,Automóvel,90000.0,80,0.1826,1352.93,2025-03-01,ativa,,,,,,
CT0002571,GC0046,CLI000462,PAR007,digital,smartphone,2100.0,12,0.2631,224.54,2024-08-22,quitada,,,,,,
CT0005821,GC0015,CLI002441,PAR004,telemarketing,Celular,3700.0,24,0.2437,194.82,2024-03-11,quitada,,,,,,
CT0003071,GA0021,CLI000445,PAR002,loja,auto,53000.0,80,0.1595,781.42,2026-01-10,ativa,,,,,,
CT0005195,GS0009,CLI006319,PAR099,telemarketing,SERVICOS,17000.0,48,0.1916,429.11,2025-04-28,cancelada,2025-06-28,,,,,
CT0000391,GA0062,CLI004156,PAR002,loja,automovel,108300.0,60,0.1712,2150.12,2025-01-14,ativa,,,,,,
CT0005146,GA0018,CLI004536,PAR001,digital,Auto,75600.0,72,0.1625,1241.63,2023-09-03,ativa,,,,,,
CT0005503,GI0026,CLI006893,PAR001,digital,imóvel,462800.0,150,0.2135,3805.76,2025-08-27,ativa,,,,,,
CT0002659,GS0016,CLI005236,PAR003,correspondente,servicos,30700.0,24,0.2021,1563.27,2025-06-29,ativa,,,,,,
CT0004719,GA0005,CLI002743,PAR001,digital,AUTO,89300.0,80,0.1634,1320.97,2023-07-21,cancelada,2024-05-21,,,,,
CT0006820,GA0059,CLI006483,PAR005,bancario,automovel,97300.0,60,0.1783,1943.24,2023-04-04,ativa,,,,,,
CT0004909,GI0001,CLI000177,PAR005,bancario,imóvel,472600.0,200,0.2187,2927.05,2025-09-29,ativa,,,,,,
CT0004204,GC0029,CLI005815,PAR007,digital,CELULAR,5300.0,24,0.2259,275.14,2025-01-08,cancelada,2025-03-08,,,,,
CT0000572,GC0036,CLI000637,PAR009,digital,Celular,8500.0,24,0.2143,437.15,2025-10-30,cancelada,2025-12-30,,,,,
CT0002733,GC0011,CLI004300,PAR007,digital,CELULAR,7800.0,12,0.2225,807.62,2024-11-13,cancelada,2025-01-13,,,,,
CT0001982,GC0048,CLI001383,PAR004,telemarketing,smartphone,8300.0,18,0.2352,578.79,2025-07-13,cancelada,2025-11-13,,,,,
CT0005672,GA0045,CLI002215,PAR005,bancario,automovel,126900.0,60,0.1597,2495.07,2025-06-10,ativa,,,,,,
CT0003412,GC0059,CLI006108,PAR007,digital,smartphone,3000.0,12,0.2326,313.15,2025-01-27,cancelada,2025-06-27,,,,,
CT0007555,GA0037,CLI000336,PAR002,loja,AUTO,100400.0,80,0.1645,1486.55,2024-07-02,ativa,,,,,,
CT0004850,GC0057,CLI004919,PAR007,digital,CELULAR,2600.0,24,0.2325,135.69,2025-06-28,cancelada,2025-08-28,,,,,
CT0001242,GC0002,CLI003319,PAR006,loja,smartphone,3300.0,12,0.2451,347.9,2025-07-19,cancelada,2025-11-19,,,,,
CT0005438,GA0034,CLI002357,PAR002,loja,Auto,52100.0,80,0.1557,765.67,2023-12-15,contemplada,,CTP000579,GA0034,2026-08-15,sorteio,0.0
CT0007417,GC0007,CLI006914,PAR004,telemarketing,Celular,7200.0,24,0.229,374.7,2023-10-06,cancelada,2023-11-06,,,,,
CT0003614,GC0027,CLI004016,PAR007,digital,smartphone,4200.0,15,0.2033,342.52,2024-07-03,quitada,,,,,,
CT0005042,GC0047,CLI004418,PAR009,digital,celular,4900.0,15,0.248,414.21,2024-11-08,cancelada,2025-10-08,,,,,
CT0006280,GA0001,CLI003666,PAR006,loja,AUTO,102700.0,72,0.1478,1665.74,2024-04-21,contemplada,,CTP000652,GA0001,2025-05-21,sorteio,0.0
CT0003624,GS0024,CLI000258,PAR007,digital,Serviços,30200.0,36,0.2091,1031.08,2025-10-19,cancelada,2025-12-19,,,,,
CT0006826,GC0055,CLI005576,PAR007,digital,Celular,7200.0,24,0.231,375.3,2024-09-12,cancelada,2024-12-12,,,,,
CT0007392,GI0033,CLI003843,PAR005,bancario,imóvel,296000.0,200,0.1999,1805.45,2025-02-15,ativa,,,,,,
CT0000919,GC0021,CLI003421,PAR007,digital,celular,7400.0,12,0.2373,775.34,2025-03-18,cancelada,2025-07-18,,,,,
CT0003087,GA0024,CLI003640,PAR005,bancario,automovel,124700.0,72,0.1799,2078.16,2025-09-16,ativa,,,,,,
CT0006891,GS0028,CLI005866,PAR007,digital,SERVICOS,12000.0,24,0.1982,609.1,2025-03-24,cancelada,2025-07-24,,,,,
CT0003853,GA0005,CLI005836,PAR006,loja,AUTO,94700.0,80,0.1653,1403.1,2024-08-01,contemplada,,CTP000415,GA0005,2026-01-01,sorteio,0.0
CT0005854,GC0064,CLI000929,PAR005,bancario,smartphone,8300.0,24,0.2494,439.0,2024-04-20,quitada,,,,,,
CT0006872,GS0027,CLI004086,PAR004,telemarketing,SERVICOS,32800.0,48,0.1891,826.22,2025-04-18,cancelada,2025-06-18,,,,,
CT0003774,GC0028,CLI006732,PAR007,digital,celular,8600.0,18,0.2433,603.58,2024-11-10,cancelada,2024-12-10,,,,,
CT0003291,GA0083,CLI000273,PAR009,digital,auto,71500.0,60,0.2138,1470.28,2024-06-19,cancelada,2024-12-19,,,,,
CT0002806,GC0052,CLI004842,PAR010,correspondente,Celular,4100.0,12,0.2453,432.31,2024-02-05,quitada,,,,,,
CT0006146,GC0047,CLI005512,PAR006,loja,celular,5200.0,15,0.2418,437.42,2025-09-29,cancelada,2025-12-29,,,,,
CT0003522,GI0043,CLI000367,PAR006,,Imóveis,477800.0,150,0.216,3937.07,2025-06-27,ativa,,,,,,
CT0000197,GC0053,CLI001191,PAR009,digital,Celular,7900.0,24,0.2303,411.56,2024-04-14,quitada,,,,,,
CT0004434,GS0020,CLI000000,PAR012,,Servicos,11900.0,48,0.2105,305.06,2024-11-26,cancelada,2026-03-26,,,,,
CT0007154,GC0050,CLI006953,PAR004,telemarketing,celular,7400.0,18,0.2447,519.93,2025-11-10,cancelada,2025-12-10,,,,,
CT0007737,GC0049,CLI007062,PAR009,digital,CELULAR,4200.0,24,0.2255,217.96,2023-08-22,cancelada,2023-10-22,,,,,
CT0004051,GI0012,CLI004162,PAR005,bancario,Imóveis,194300.0,150,0.1973,1576.81,2024-01-01,contemplada,,CTP000441,GI0012,2025-10-01,sorteio,0.0
CT0007956,GS0009,CLI001184,PAR004,telemarketing,Serviços,33500.0,48,0.1928,846.43,2023-10-28,cancelada,2024-03-28,,,,,
CT0007444,GI0009,CLI000437,PAR003,correspondente,imóvel,517900.0,180,0.2138,3549.92,2026-04-14,ativa,,,,,,
CT0003961,GA0024,CLI003233,PAR001,digital,automovel,64900.0,72,0.182,1083.47,2025-08-03,ativa,,,,,,
CT0006611,GA0084,CLI005848,PAR003,correspondente,auto,78100.0,60,0.1539,1528.03,2026-01-18,ativa,,,,,,
CT0001589,GI0031,CLI001862,PAR010,correspondente,imóvel,381200.0,200,0.2026,2330.28,2026-06-02,ativa,,,,,,
CT0003923,GS0001,CLI000126,PAR004,telemarketing,serviço,15300.0,24,0.1869,769.4,2024-08-09,cancelada,2025-03-09,CTP000422,GS0001,2024-12-09,lance_livre,5870.38
CT0005220,GC0041,CLI006892,PAR007,digital,celular,5500.0,24,0.231,286.69,2025-01-13,cancelada,2025-02-13,,,,,
CT0006121,GS0023,CLI002385,PAR001,digital,Serviços,23100.0,24,0.1827,1157.6,2025-01-09,ativa,,,,,,
CT0006229,GI0041,CLI002344,PAR003,,imoveis,446900.0,180,0.2031,3036.69,2024-09-24,ativa,,,,,,
CT0007859,GS0025,CLI005998,PAR003,correspondente,SERVICOS,22700.0,48,0.1981,576.06,2025-07-03,ativa,,,,,,
CT0004836,GA0041,CLI005078,PAR003,correspondente,auto,95700.0,72,0.1535,1559.78,2023-10-31,ativa,,,,,,
CT0001979,GA0007,CLI000641,PAR008,correspondente,Auto,62100.0,72,0.1563,1014.56,2025-08-11,ativa,,,,,,
CT0000413,GI0029,CLI006714,PAR005,bancario,imóvel,285500.0,200,0.1952,1734.7,2025-07-04,ativa,,,,,,
CT0005097,GC0054,CLI005753,PAR007,digital,Celular,4700.0,12,0.221,486.06,2025-09-28,cancelada,2025-11-28,,,,,
CT0006512,GA0030,CLI003014,PAR009,digital,AUTO,82900.0,72,0.1515,1348.85,2025-01-08,ativa,,,,,,
CT0004570,GC0010,CLI006857,PAR007,digital,CELULAR,3100.0,12,0.2352,324.26,2024-09-27,cancelada,2024-11-27,,,,,
CT0007699,GC0066,CLI003369,PAR012,interno,Celular,7600.0,12,0.2451,801.23,2023-06-11,quitada,,,,,,
CT0001975,GA0087,CLI003105,PAR008,correspondente,automovel,105400.0,60,0.1711,2092.37,2023-03-25,cancelada,2023-05-25,,,,,
CT0005430,GC0009,CLI004107,PAR009,digital,Celular,2300.0,24,0.2239,119.21,2023-05-24,cancelada,2025-03-24,,,,,
CT0004802,GS0020,CLI004393,PAR004,telemarketing,servicos,29700.0,48,0.2031,756.79,2025-03-06,cancelada,2025-05-06,,,,,
CT0007583,GC0064,CLI003539,PAR009,digital,CELULAR,3300.0,24,0.2263,171.37,2025-02-10,cancelada,2025-09-10,,,,,
CT0006724,GA0073,CLI004682,PAR008,correspondente,auto,104600.0,80,0.1805,1569.65,2024-01-01,ativa,,,,,,
CT0006244,GS0019,CLI003137,PAR004,,Serviços,31600.0,36,0.1949,1066.41,2026-06-14,ativa,,,,,,
CT0003159,GC0050,CLI003819,PAR007,digital,celular,4200.0,18,0.2363,293.14,2025-05-14,ativa,,,,,,
CT0001655,GA0079,CLI005745,PAR004,telemarketing,automovel,49900.0,72,0.1542,813.79,2024-03-14,cancelada,2024-12-14,,,,,
CT0007958,GC0004,CLI002185,PAR009,digital,CELULAR,2200.0,12,0.2311,229.37,2024-11-28,quitada,,,,,,
CT0000250,GA0069,CLI006541,PAR008,correspondente,automovel,68500.0,80,0.1623,1012.34,2024-03-01,ativa,,,,,,
CT0006896,GC0062,CLI004755,PAR012,interno,Celular,7200.0,24,0.2291,374.73,2026-02-24,ativa,,,,,,
CT0001196,GC0012,CLI004189,PAR007,digital,CELULAR,6000.0,15,0.2245,497.8,2024-08-15,cancelada,2025-03-15,,,,,
CT0005392,GI0028,CLI005573,PAR003,correspondente,IMOVEIS,350800.0,200,0.1926,2126.9,2025-03-28,cancelada,2025-04-28,,,,,
CT0005963,GA0019,CLI001816,PAR002,loja,auto,46000.0,60,0.1726,914.33,2024-09-06,ativa,,,,,,
CT0005230,GA0055,CLI001691,PAR009,digital,AUTO,69500.0,80,0.1657,1030.08,2025-10-28,ativa,,,,,,
CT0007360,GC0063,CLI006874,PAR007,,CELULAR,7600.0,15,0.2427,639.77,2024-11-05,cancelada,2025-02-05,,,,,
CT0007963,GA0021,CLI002742,PAR005,bancario,automovel,106100.0,80,0.1802,1591.77,2023-08-24,ativa,,,,,,
CT0007014,GC0040,CLI003868,PAR006,loja,celular,4100.0,15,0.2281,341.15,2024-04-05,cancelada,2024-08-05,,,,,
CT0005036,GC0037,CLI001340,PAR004,telemarketing,CELULAR,8300.0,24,0.2513,439.66,2025-12-19,cancelada,2026-01-19,,,,,
CT0005159,GC0034,CLI001949,PAR004,telemarketing,celular,3200.0,12,0.2376,335.36,2025-10-06,cancelada,2026-03-06,,,,,
CT0008032,GA0016,CLI002728,PAR008,correspondente,automovel,73300.0,80,0.1639,1084.75,2023-10-15,ativa,,,,,,
CT0007770,GC0002,CLI005172,PAR001,digital,Celular,8500.0,12,0.2411,893.28,2025-11-17,cancelada,2026-03-17,,,,,
CT0000900,GC0016,CLI004363,PAR004,telemarketing,smartphone,7000.0,12,0.2367,733.07,2023-08-28,cancelada,2023-10-28,,,,,
CT0004246,GC0058,CLI001331,PAR004,telemarketing,smartphone,2100.0,12,0.2149,216.11,2026-06-30,cancelada,2026-08-30,,,,,
CT0004473,GS0027,CLI001438,PAR003,correspondente,Serviços,32200.0,48,0.2091,824.52,2023-09-24,ativa,,,,,,
CT0007761,GC0011,CLI006437,PAR007,digital,celular,8500.0,12,0.2256,882.3,2024-11-29,cancelada,2025-01-29,,,,,
CT0003513,GI0035,CLI001486,PAR005,bancario,IMOVEIS,335700.0,150,0.1898,2707.53,2024-08-15,ativa,,,,,,
CT0005418,GA0001,CLI003476,PAR010,correspondente,auto,49600.0,72,0.1513,806.9,2024-03-19,contemplada,,CTP000578,GA0001,2025-08-19,sorteio,0.0
CT0005338,GC0006,CLI003771,PAR007,,celular,7100.0,18,0.227,491.87,2024-11-28,cancelada,2025-07-28,,,,,
CT0005127,GI0016,CLI006003,PAR003,correspondente,Imóveis,600000.0,200,0.1739,3581.7,2024-10-15,ativa,,,,,,
CT0007528,GC0035,CLI002972,PAR009,digital,smartphone,7700.0,24,0.2261,399.79,2025-08-05,ativa,,,,,,
CT0003480,GC0061,CLI001561,PAR009,digital,CELULAR,7900.0,24,0.2289,411.1,2024-06-30,quitada,,,,,,
CT0004019,GS0024,CLI004674,PAR006,loja,servicos,17400.0,36,0.2095,594.26,2024-07-05,cancelada,2024-08-05,,,,,
CT0003887,GI0032,CLI002244,PAR099,correspondente,imoveis,506300.0,180,0.2074,3452.4,2023-10-15,contemplada,,CTP000417,GI0032,2025-06-15,sorteio,0.0
CT0004197,GI0026,CLI004318,PAR003,correspondente,imóvel,210800.0,150,0.1903,1700.87,2025-11-30,ativa,,,,,,
CT0002226,GA0009,CLI005289,PAR010,correspondente,AUTO,48200.0,80,0.1798,722.88,2024-09-01,ativa,,,,,,
CT0001000,GA0020,CLI003994,PAR008,correspondente,AUTO,118300.0,80,0.1706,1760.6,2024-11-02,ativa,,,,,,
CT0001895,GA0019,CLI001430,PAR002,loja,Automóvel,103600.0,60,0.1729,2059.74,2025-02-06,ativa,,,,,,
CT0003591,GC0048,CLI004216,PAR004,telemarketing,smartphone,2000.0,18,0.2308,138.98,2025-06-04,cancelada,2025-10-04,,,,,
CT0001822,GA0013,CLI001783,PAR001,digital,automovel,121200.0,72,0.149,1967.82,2024-02-18,ativa,,,,,,
CT0003382,GI0027,CLI005320,PAR003,correspondente,imoveis,237000.0,150,0.1923,1915.43,2025-04-17,contemplada,,CTP000368,GI0027,2025-12-17,sorteio,0.0
CT0002281,GA0070,CLI002564,PAR002,loja,Auto,102100.0,60,0.1588,2005.92,2024-11-25,ativa,,,,,,
CT0004173,GA0017,CLI001783,PAR005,bancario,Automóvel,93100.0,60,0.1471,1810.95,2025-06-18,ativa,,,,,,
CT0006044,GS0014,CLI000956,PAR011,correspondente,Serviços,10100.0,36,0.2238,348.96,2025-05-23,cancelada,2026-01-23,,,,,
CT0001400,GS0036,CLI005999,PAR006,loja,Serviços,8800.0,24,0.1918,444.33,2026-02-01,ativa,,,,,,
CT0007147,GC0048,CLI004652,PAR007,digital,CELULAR,2300.0,18,0.2277,159.43,2025-03-21,cancelada,2025-05-21,,,,,
CT0000800,GS0036,CLI004897,PAR006,loja,Servicos,21900.0,24,0.212,1124.2,2025-07-25,ativa,,,,,,
CT0000689,GI0026,CLI000239,PAR001,digital,imoveis,200300.0,150,0.2155,1649.8,2025-10-18,ativa,,,,,,
CT0008570,GS0022,CLI006717,PAR012,interno,servicos,32900.0,24,0.1829,1648.98,2023-04-22,quitada,,CTP000910,GS0022,2024-11-22,sorteio,0.0
CT0001031,GC0008,CLI003240,PAR009,digital,Celular,6700.0,18,0.2565,475.14,2025-01-19,cancelada,2025-06-19,,,,,
CT0000426,GC0021,CLI002366,PAR004,telemarketing,CELULAR,7800.0,12,0.2205,806.32,2023-11-17,cancelada,2024-02-17,,,,,
CT0005241,GA0082,CLI005845,PAR005,bancario,automovel,119400.0,80,0.1707,1777.12,2025-12-24,ativa,,,,,,
CT0001053,GA0045,CLI003761,PAR006,loja,auto,125200.0,60,0.1839,2512.14,2024-12-24,ativa,,,,,,
CT0000184,GA0067,CLI000390,PAR005,bancario,AUTO,71400.0,80,0.1566,1050.12,2024-09-03,cancelada,2026-03-03,,,,,
CT0002345,GC0037,CLI006892,PAR004,telemarketing,celular,7200.0,24,0.223,372.9,2025-01-13,cancelada,2025-11-13,,,,,
CT0002562,GI0042,CLI001757,PAR010,correspondente,Imóveis,418400.0,150,0.2033,3412.19,2023-08-20,cancelada,2024-04-20,CTP000282,GI0042,2023-09-20,lance_livre,161962.21
CT0002386,GS0035,CLI006963,PAR009,digital,Servicos,33600.0,24,0.206,1716.4,2024-10-14,ativa,,,,,,
CT0002023,GS0038,CLI005381,PAR007,digital,serviço,15900.0,36,0.1882,533.62,2025-06-28,ativa,,,,,,
CT0007751,GI0001,CLI006862,PAR001,digital,Imovel,395300.0,200,0.1983,2407.97,2025-08-28,ativa,,,,,,
CT0000867,GA0075,CLI001590,PAR002,loja,AUTO,87700.0,60,0.1713,1741.28,2025-08-04,ativa,,,,,,
CT0002007,GC0016,CLI006039,PAR001,digital,celular,7800.0,12,0.2447,822.05,2025-06-13,cancelada,2025-10-13,,,,,
CT0002294,GS0007,CLI001431,PAR004,telemarketing,Servicos,17200.0,24,0.2099,881.43,2024-03-29,cancelada,2024-08-29,,,,,
CT0002303,GC0059,CLI001920,PAR009,digital,smartphone,5100.0,12,0.2096,522.58,2024-04-20,cancelada,2025-01-20,,,,,
CT0001985,GA0066,CLI001382,PAR005,bancario,auto,71700.0,72,0.1686,1183.65,2025-11-16,cancelada,2026-02-16,,,,,
CT0000233,GA0019,CLI003662,PAR002,loja,automovel,129400.0,60,0.1815,2591.24,2024-10-22,ativa,,,,,,
CT0004057,GI0006,CLI002759,PAR011,correspondente,Imóveis,559300.0,180,0.2055,3807.9,2023-02-04,contemplada,,CTP000444,GI0006,2024-03-04,sorteio,0.0
CT0005890,GS0017,CLI006077,PAR001,digital,servicos,26200.0,36,0.1919,881.99,2025-03-21,contemplada,,CTP000623,GS0017,2025-07-21,lance_livre,3846.54
CT0004755,GA0039,CLI003748,PAR004,,Auto,123500.0,60,0.1674,2444.07,2025-05-05,cancelada,2025-11-05,,,,,
CT0008252,GS0003,CLI001300,PAR004,telemarketing,servicos,22900.0,36,0.2103,782.61,2026-07-13,ativa,,,,,,
CT0005692,GA0074,CLI005441,PAR009,digital,Auto,64200.0,80,0.1613,947.99,2026-01-11,ativa,,,,,,
CT0008059,GS0034,CLI004850,PAR001,digital,servicos,32600.0,36,0.1888,1094.64,2025-10-30,cancelada,2026-01-30,,,,,
CT0004259,GS0038,CLI005852,PAR004,telemarketing,Serviços,27500.0,36,0.2063,936.76,2026-05-21,ativa,,,,,,
CT0000880,GI0023,CLI003043,PAR008,correspondente,Imóveis,451800.0,200,0.2047,2766.6,2025-04-03,ativa,,,,,,
CT0001698,GA0012,CLI000483,PAR004,telemarketing,auto,96500.0,80,0.1754,1441.95,2024-06-01,ativa,,,,,,
CT0002923,GC0048,CLI000079,PAR007,digital,CELULAR,3500.0,18,0.2159,240.31,2025-04-27,cancelada,2026-01-27,,,,,
CT0005754,GS0009,CLI001388,PAR001,digital,Servicos,18800.0,48,0.1753,468.16,2024-04-04,cancelada,2024-06-04,,,,,
CT0005708,GA0020,CLI004862,PAR001,digital,auto,104600.0,80,0.1481,1527.29,2026-01-28,ativa,,,,,,
CT0004302,GS0032,CLI006387,PAR007,digital,servicos,15700.0,36,0.219,540.34,2025-01-17,cancelada,2025-05-17,,,,,
CT0000460,GA0053,CLI000905,PAR002,loja,AUTO,77200.0,80,0.1796,1157.61,2024-10-10,ativa,,,,,,
CT0004563,GC0017,CLI006861,PAR006,loja,Celular,5900.0,12,0.2251,612.17,2025-06-03,quitada,,,,,,
CT0005427,GS0016,CLI006224,PAR001,digital,SERVICOS,25800.0,24,0.2056,1317.52,2023-07-16,quitada,,,,,,
CT0003050,GA0033,CLI004345,PAR002,loja,Auto,60100.0,60,0.1424,1164.34,2026-03-22,ativa,,,,,,
CT0003191,GC0068,CLI001735,PAR007,digital,smartphone,5800.0,24,0.2333,302.88,2025-01-09,cancelada,2025-05-09,,,,,
CT0006546,GA0022,CLI006916,PAR005,bancario,AUTO,94600.0,80,0.1687,1405.64,2023-12-20,ativa,,,,,,
CT0000327,GA0088,CLI002606,PAR002,loja,Automóvel,119300.0,80,0.1613,1761.61,2025-08-20,ativa,,,,,,
CT0000429,GC0036,CLI004190,PAR007,digital,CELULAR,7400.0,24,0.2426,389.3,2025-07-17,cancelada,2026-08-17,,,,,
CT0006944,GA0057,CLI006414,PAR010,correspondente,Auto,58100.0,60,0.1661,1148.54,2026-02-09,ativa,,,,,,
CT0008248,GC0036,CLI006430,PAR006,loja,CELULAR,4700.0,24,0.2359,245.95,2026-05-24,ativa,,,,,,
CT0001190,GI0000,CLI005566,PAR006,loja,imóvel,387400.0,150,0.1906,3126.58,2026-05-27,ativa,,,,,,
CT0002070,GA0023,CLI006132,PAR012,interno,AUTO,108700.0,72,0.1762,1805.93,2024-11-06,ativa,,,,,,
CT0008130,GA0013,CLI002934,PAR004,telemarketing,auto,110700.0,72,0.1692,1828.39,2025-06-15,ativa,,,,,,
CT0007327,GS0028,CLI004380,PAR004,telemarketing,serviço,7500.0,24,0.1895,377.97,2026-04-07,ativa,,,,,,
CT0000118,GI0034,CLI006688,PAR002,loja,imóvel,355700.0,180,0.1816,2374.5,2025-01-22,ativa,,,,,,
CT0008256,GA0071,CLI004289,PAR004,telemarketing,AUTO,52200.0,72,0.1628,857.53,2026-02-17,cancelada,2026-07-17,,,,,
CT0005060,GI0012,CLI003020,PAR002,loja,imoveis,466900.0,150,0.1755,3721.19,2025-12-02,ativa,,,,,,
CT0006048,GA0012,CLI004039,PAR002,loja,automovel,113500.0,80,0.1774,1698.81,2024-01-13,cancelada,2025-04-13,,,,,
CT0004053,GS0031,CLI000408,PAR009,digital,Servicos,14100.0,36,0.1948,475.8,2023-09-26,cancelada,2025-05-26,CTP000443,GS0031,2024-06-26,sorteio,0.0
CT0007208,GC0008,CLI001446,PAR001,digital,smartphone,6500.0,18,0.2377,454.17,2024-06-24,quitada,,,,,,
CT0001300,GI0040,CLI002474,PAR003,correspondente,Imóveis,443300.0,200,0.2239,2757.1,2024-10-07,ativa,,,,,,
CT0007967,GS0038,CLI006041,PAR004,telemarketing,servicos,31100.0,36,0.2429,1091.01,2026-04-08,ativa,,,,,,
CT0007589,GC0066,CLI002751,PAR007,digital,celular,4400.0,12,0.2139,452.43,2025-07-18,cancelada,2025-12-18,,,,,
CT0003929,GI0032,CLI005814,PAR001,digital,imoveis,190100.0,180,0.1996,1288.03,2025-10-07,ativa,,,,,,
CT0007580,GC0040,CLI005233,PAR009,digital,smartphone,6600.0,15,0.2345,551.98,2026-02-19,ativa,,,,,,
CT0006699,GA0079,CLI004385,PAR012,interno,automovel,57600.0,72,0.1816,961.28,2026-04-14,ativa,,,,,,
CT0007633,GC0054,CLI001953,PAR004,telemarketing,smartphone,7400.0,12,0.2307,771.26,2024-11-16,quitada,,,,,,
CT0003515,GA0012,CLI000235,PAR010,correspondente,automovel,73900.0,80,0.1552,1085.59,2025-01-21,ativa,,,,,,
CT0006422,GA0049,CLI001462,PAR006,loja,Automóvel,90600.0,60,0.1691,1795.54,2024-07-18,cancelada,2024-11-18,,,,,
CT0007064,GC0054,CLI000415,PAR007,digital,CELULAR,5900.0,12,0.225,612.13,2025-06-18,cancelada,2025-10-18,,,,,
CT0001005,GS0007,CLI003572,PAR007,digital,Serviços,33200.0,24,0.1892,1672.73,2024-11-01,cancelada,2025-02-01,,,,,
CT0005542,GA0082,CLI003024,PAR007,digital,Automóvel,46300.0,80,0.1739,690.97,2025-09-28,ativa,,,,,,
CT0008164,GI0041,CLI004214,PAR001,digital,Imovel,479600.0,180,0.2135,3286.59,2023-04-13,cancelada,2025-04-13,,,,,
CT0002695,GI0013,CLI000544,PAR001,digital,imóvel,252900.0,150,0.1865,2034.16,2025-09-11,ativa,,,,,,
CT0006653,GA0072,CLI002573,PAR004,telemarketing,automovel,112200.0,60,0.1618,2209.97,2024-06-30,cancelada,2025-06-30,,,,,
CT0000649,GI0036,CLI006659,PAR010,correspondente,Imóveis,515400.0,180,0.1941,3476.37,2024-11-07,ativa,,,,,,
CT0005875,GI0022,CLI006872,PAR008,correspondente,Imovel,623000.0,200,0.2179,3856.06,2026-01-20,ativa,,,,,,
CT0001810,GA0061,CLI001292,PAR010,correspondente,Auto,93500.0,80,0.1677,1388.12,2024-04-17,ativa,,,,,,
CT0006663,GI0005,CLI004177,PAR001,digital,IMOVEIS,535400.0,200,0.1972,3258.44,2023-05-16,cancelada,2025-03-16,,,,,
CT0008361,GI0009,CLI005708,PAR003,correspondente,imóvel,514800.0,180,0.1973,3481.48,2023-08-08,ativa,,,,,,
CT0001042,GC0011,CLI000945,PAR007,digital,smartphone,7500.0,12,0.2426,789.12,2025-04-03,cancelada,2025-06-03,,,,,
CT0003889,GA0037,CLI000056,PAR006,loja,Auto,69000.0,80,0.1661,1023.01,2023-03-09,cancelada,2026-07-09,,,,,
CT0004738,GA0010,CLI003601,PAR002,loja,auto,82000.0,72,0.1928,1381.24,2023-07-28,contemplada,,CTP000511,GA0010,2024-04-28,sorteio,0.0
CT0006497,GC0005,CLI004358,PAR007,digital,Celular,3700.0,24,0.2263,192.14,2025-06-06,cancelada,2025-08-06,,,,,
CT0001464,GA0029,CLI004741,PAR002,loja,auto,99000.0,60,0.1695,1962.67,2025-10-18,ativa,,,,,,
CT0006465,GI0032,CLI006955,PAR005,bancario,Imovel,545400.0,180,0.2135,3737.51,2024-04-09,ativa,,,,,,
CT0001580,GS0006,CLI004047,PAR001,digital,SERVICOS,23200.0,36,0.1989,785.51,2025-11-30,cancelada,2026-04-30,,,,,
CT0004006,GS0009,CLI000481,PAR001,digital,SERVICOS,32600.0,48,0.1903,822.0,2025-06-29,ativa,,,,,,
CT0001279,GC0036,CLI003772,PAR007,digital,celular,7100.0,24,0.2267,368.82,2025-08-04,cancelada,2025-12-04,,,,,
CT0001080,GS0025,CLI004821,PAR007,digital,Serviços,13800.0,48,0.1875,347.16,2025-08-10,cancelada,2026-02-10,,,,,
CT0007704,GI0033,CLI002597,PAR004,telemarketing,Imovel,649100.0,200,0.2097,3990.99,2025-10-09,ativa,,,,,,
CT0001812,GI0003,CLI006433,PAR010,correspondente,IMOVEIS,283600.0,150,0.2212,2346.7,2025-10-19,ativa,,,,,,
CT0000364,GS0019,CLI001018,PAR007,digital,Servicos,21000.0,36,0.2008,712.13,2025-07-20,cancelada,2026-05-20,,,,,
CT0008397,GI0016,CLI005995,PAR005,bancario,imóvel,497200.0,200,0.1941,3018.25,2025-04-17,ativa,,,,,,
CT0007672,GA0038,CLI000312,PAR009,digital,Automóvel,65000.0,72,0.1809,1084.15,2024-12-07,cancelada,2025-06-07,,,,,
CT0002199,GA0089,CLI004933,PAR004,telemarketing,AUTO,98800.0,72,0.1827,1650.37,2025-04-09,ativa,,,,,,
CT0001239,GS0028,CLI002677,PAR010,correspondente,Serviços,34100.0,24,0.2248,1768.65,2026-05-29,ativa,,,,,,
CT0005244,GA0075,CLI000021,PAR008,correspondente,auto,117500.0,60,0.1653,2321.21,2024-09-27,cancelada,2024-10-27,,,,,
CT0003424,GI0018,CLI001632,PAR005,bancario,Imóveis,268000.0,200,0.1821,1610.81,2024-12-29,ativa,,,,,,
CT0000973,GA0016,CLI000572,PAR005,,AUTO,91700.0,80,0.1844,1380.54,2026-01-23,ativa,,,,,,
CT0002193,GA0001,CLI002713,PAR002,loja,automovel,96800.0,72,0.1639,1591.69,2025-10-11,ativa,,,,,,
CT0002060,GA0022,CLI001605,PAR007,digital,AUTO,90500.0,80,0.1887,1367.34,2024-11-25,ativa,,,,,,
CT0006152,GI0044,CLI003689,PAR012,interno,Imovel,398900.0,150,0.1898,3217.26,2026-01-13,cancelada,2026-02-13,,,,,
CT0003436,GA0049,CLI003642,PAR002,loja,Auto,82200.0,60,0.1803,1644.41,2023-09-15,ativa,,,,,,
CT0008262,GC0001,CLI002082,PAR004,telemarketing,smartphone,6000.0,24,0.2312,312.8,2024-07-09,cancelada,2026-06-09,,,,,
CT0004887,GS0034,CLI003140,PAR002,loja,Serviços,24100.0,36,0.2038,819.27,2026-05-15,ativa,,,,,,
CT0005239,GA0074,CLI002191,PAR002,loja,Automóvel,80800.0,80,0.1706,1202.51,2026-06-18,ativa,,,,,,
CT0003852,GC0007,CLI005515,PAR004,telemarketing,smartphone,6400.0,24,0.2328,334.08,2025-02-20,cancelada,2026-04-20,,,,,
CT0002633,GI0022,CLI001562,PAR011,correspondente,Imovel,338200.0,200,0.2109,2081.45,2026-07-06,ativa,,,,,,
CT0006257,GC0069,CLI004667,PAR007,digital,smartphone,8400.0,24,0.2198,433.93,2025-04-04,cancelada,2026-01-04,,,,,
CT0004161,GA0060,CLI005739,PAR002,loja,Automóvel,113500.0,80,0.1753,1695.83,2024-08-08,ativa,,,,,,
CT0001914,GS0016,CLI004603,PAR001,digital,SERVICOS,28200.0,24,0.1898,1421.52,2026-05-15,ativa,,,,,,
CT0006283,GC0019,CLI007192,PAR006,loja,CELULAR,4200.0,18,0.2382,293.58,2025-12-20,cancelada,2026-04-20,,,,,
CT0002403,GS0021,CLI004194,PAR006,loja,Servicos,12500.0,36,0.1922,420.9,2025-09-25,ativa,,,,,,
CT0005684,GC0012,CLI001188,PAR004,telemarketing,CELULAR,5300.0,15,0.2435,446.44,2023-03-27,quitada,,,,,,
CT0004517,GA0029,CLI002224,PAR004,telemarketing,Automóvel,105700.0,60,0.1737,2102.9,2023-04-14,cancelada,2024-10-14,,,,,
CT0008423,GA0016,CLI005472,PAR005,bancario,auto,78900.0,80,0.1647,1168.41,2025-03-13,ativa,,,,,,
CT0003282,GC0009,CLI004832,PAR009,digital,celular,6500.0,24,0.2369,340.41,2025-04-23,contemplada,,CTP000350,GC0009,2026-07-23,sorteio,0.0
CT0007628,GC0003,CLI004655,PAR001,digital,celular,8000.0,12,0.243,842.0,2024-10-02,cancelada,2025-09-02,CTP000802,GC0003,2025-09-02,sorteio,0.0
CT0000569,GC0041,CLI002386,PAR010,correspondente,CELULAR,3400.0,24,0.2206,175.75,2026-07-29,ativa,,,,,,
CT0006562,GS0018,CLI005913,PAR010,correspondente,Servicos,30200.0,24,0.1846,1515.79,2023-08-22,quitada,,,,,,
CT0004174,GC0028,CLI007087,PAR009,digital,CELULAR,1900.0,18,0.2232,131.23,2025-07-19,cancelada,2026-08-19,,,,,
CT0005832,GC0039,CLI001261,PAR007,digital,Celular,4000.0,12,0.2484,422.8,2025-08-29,cancelada,2025-09-29,,,,,
CT0005321,GI0010,CLI000699,PAR001,digital,imoveis,419500.0,180,0.2063,2857.96,2024-09-25,ativa,,,,,,
CT0006961,GA0018,CLI000740,PAR002,loja,auto,112700.0,72,0.1822,1881.78,2026-04-30,ativa,,,,,,
CT0002924,GI0029,CLI002399,PAR011,correspondente,imoveis,625400.0,200,0.2221,3884.05,2026-06-23,ativa,,,,,,
CT0005703,GS0003,CLI001205,PAR001,digital,Serviços,24500.0,36,0.1982,829.05,2023-06-26,quitada,,CTP000608,GS0003,2025-09-26,sorteio,0.0
CT0000399,GC0031,CLI001315,PAR007,digital,celular,8300.0,24,0.2323,433.09,2025-03-07,ativa,,,,,,
CT0001860,GA0017,CLI004985,PAR006,loja,Automóvel,100600.0,60,0.1583,1975.62,2024-12-28,ativa,,,,,,
CT0006339,GA0016,CLI006144,PAR012,interno,Auto,125300.0,80,0.1599,1848.02,2023-08-11,ativa,,,,,,
CT0006570,GI0041,CLI002419,PAR001,digital,Imovel,539200.0,180,0.1855,3611.14,2024-05-16,cancelada,2024-12-16,,,,,
CT0006594,GI0025,CLI003717,PAR010,correspondente,imoveis,548100.0,150,0.1924,4430.11,2025-07-04,ativa,,,,,,
CT0008095,GS0008,CLI006408,PAR009,digital,Serviços,13900.0,48,0.2028,354.1,2025-05-22,cancelada,2025-08-22,,,,,
CT0001392,GC0046,CLI000211,PAR012,interno,CELULAR,4900.0,12,0.2181,505.56,2026-05-25,ativa,,,,,,
CT0004444,GC0067,CLI000073,PAR007,digital,CELULAR,8000.0,15,0.2179,660.21,2025-06-09,ativa,,,,,,
CT0003784,GS0010,CLI000321,PAR002,loja,Servicos,18400.0,24,0.218,949.13,2025-10-05,ativa,,,,,,
CT0001090,GS0004,CLI006466,PAR001,digital,servicos,26500.0,36,0.2059,902.4,2023-07-23,cancelada,2024-02-23,,,,,
CT0007925,GA0020,CLI001766,PAR002,loja,Automóvel,100600.0,80,0.1682,1494.16,2025-12-17,ativa,,,,,,
CT0008253,GS0010,CLI001473,PAR001,digital,SERVICOS,31600.0,24,0.2027,1609.89,2026-01-19,ativa,,,,,,
CT0005169,GI0013,CLI002937,PAR007,digital,Imovel,389700.0,150,0.1897,3142.8,2025-07-13,ativa,,,,,,
CT0008278,GC0042,CLI004590,PAR007,digital,smartphone,4700.0,12,0.215,483.71,2025-09-06,cancelada,2025-11-06,,,,,
CT0004225,GI0000,CLI006131,PAR012,interno,Imóveis,530600.0,150,0.2005,4317.32,2023-05-08,ativa,,,,,,
CT0002342,GA0032,CLI005871,PAR001,digital,Automóvel,56500.0,60,0.1815,1131.41,2024-06-29,cancelada,2026-06-29,,,,,
CT0000998,GA0038,CLI000361,PAR010,,AUTO,75200.0,72,0.1623,1234.85,2024-02-18,ativa,,,,,,
CT0000254,GS0029,CLI006975,PAR007,digital,SERVICOS,21900.0,24,0.1885,1102.76,2024-09-16,cancelada,2024-10-16,CTP000030,GS0029,2024-10-16,sorteio,0.0
CT0001729,GA0079,CLI005545,PAR002,loja,auto,94000.0,72,0.1563,1535.72,2023-05-24,ativa,,,,,,
CT0003793,GA0042,CLI007137,PAR007,digital,auto,113100.0,60,0.1409,2188.3,2025-01-03,cancelada,2025-10-03,,,,,
CT0002224,GC0057,CLI005157,PAR004,telemarketing,Celular,4200.0,24,0.2223,217.4,2024-01-13,cancelada,2025-01-13,,,,,
CT0000253,GA0037,CLI000264,PAR002,,auto,74100.0,80,0.1716,1103.72,2024-04-14,cancelada,2025-10-14,CTP000029,GA0037,2025-06-14,lance_livre,36188.88
CT0006415,GA0080,CLI000496,PAR001,digital,automovel,106500.0,60,0.1735,2118.46,2026-05-10,ativa,,,,,,
CT0001593,GA0051,CLI005272,PAR002,loja,Automóvel,48100.0,60,0.1834,964.73,2024-06-23,cancelada,2026-04-23,,,,,
CT0002663,GC0032,CLI000009,PAR006,loja,Celular,5500.0,18,0.2453,386.62,2026-02-17,ativa,,,,,,
CT0000297,GI0020,CLI000701,PAR005,bancario,imoveis,360800.0,180,0.1976,2440.61,2024-09-24,ativa,,,,,,
CT0005025,GC0008,CLI003049,PAR007,digital,smartphone,4000.0,18,0.2127,273.93,2025-06-07,ativa,,,,,,
CT0002950,GA0067,CLI004503,PAR010,correspondente,auto,105300.0,80,0.1526,1543.43,2024-06-16,cancelada,2024-10-16,,,,,
CT0007687,GA0049,CLI006514,PAR002,loja,Automóvel,122600.0,60,0.1547,2400.3,2023-11-09,contemplada,,CTP000809,GA0049,2025-01-09,sorteio,0.0
CT0000107,GI0021,CLI005235,PAR001,digital,Imóveis,295000.0,200,0.216,1823.1,2026-05-08,ativa,,,,,,
CT0005660,GA0065,CLI000457,PAR002,loja,Automóvel,94500.0,60,0.1767,1884.8,2025-03-23,ativa,,,,,,
CT0006286,GS0000,CLI003597,PAR008,,SERVICOS,10100.0,36,0.2103,345.17,2026-03-19,cancelada,2026-08-19,,,,,
CT0002902,GI0006,CLI006154,PAR001,digital,imóvel,625100.0,180,0.1859,4187.82,2025-03-22,ativa,,,,,,
CT0002493,GI0017,CLI004878,PAR012,interno,imoveis,571700.0,150,0.2059,4672.31,2023-08-20,ativa,,,,,,
CT0005111,GS0019,CLI004637,PAR009,digital,Servicos,6900.0,36,0.2093,235.62,2023-08-20,quitada,,,,,,
CT0006285,GI0026,CLI004524,PAR012,interno,IMOVEIS,579800.0,150,0.21,4754.36,2024-08-11,ativa,,,,,,
CT0005468,GA0050,CLI000345,PAR001,digital,AUTO,89900.0,80,0.1707,1338.05,2024-08-18,ativa,,,,,,
CT0000480,GA0056,CLI007107,PAR002,loja,auto,88300.0,72,0.1593,1446.28,2023-12-12,cancelada,2025-08-12,,,,,
CT0006402,GC0042,CLI002472,PAR004,,Celular,8400.0,12,0.2526,890.82,2024-05-01,cancelada,2024-09-01,,,,,
CT0004489,GI0004,CLI006362,PAR011,correspondente,Imóveis,203900.0,200,0.193,1236.65,2025-08-23,ativa,,,,,,
CT0007840,GC0033,CLI001068,PAR012,interno,CELULAR,4900.0,15,0.2358,410.23,2025-05-16,quitada,,,,,,
CT0001287,GS0022,CLI006383,PAR008,correspondente,servicos,35000.0,24,0.2103,1794.19,2025-05-01,ativa,,,,,,
CT0004677,GI0044,CLI002755,PAR005,bancario,Imóveis,550800.0,150,0.1976,4471.03,2026-05-26,ativa,,,,,,
CT0004177,GA0009,CLI001007,PAR011,correspondente,auto,99300.0,80,0.1674,1473.86,2026-04-28,cancelada,2026-05-28,CTP000459,GA0009,2026-05-28,sorteio,0.0
CT0006195,GA0006,CLI003380,PAR010,correspondente,AUTO,112600.0,80,0.1689,1673.38,2025-12-09,ativa,,,,,,
CT0005158,GS0002,CLI003013,PAR008,correspondente,Servicos,9300.0,36,0.1964,314.24,2024-06-17,ativa,,,,,,
CT0007507,GC0062,CLI005842,PAR007,digital,Celular,8100.0,24,0.2088,414.72,2024-07-05,cancelada,2024-10-05,,,,,
CT0003792,GA0020,CLI000888,PAR006,loja,Automóvel,51500.0,80,0.1797,772.31,2025-01-20,ativa,,,,,,
CT0005989,GS0036,CLI005005,PAR007,digital,servicos,22900.0,24,0.203,1166.95,2025-05-28,cancelada,2026-03-28,,,,,
CT0003952,GC0021,CLI004206,PAR009,digital,celular,8700.0,12,0.2456,917.56,2026-05-25,ativa,,,,,,
CT0003297,GA0026,CLI003943,PAR004,telemarketing,auto,80800.0,72,0.1907,1358.67,2024-11-02,cancelada,2024-12-02,,,,,
CT0006662,GI0005,CLI005205,PAR003,correspondente,IMOVEIS,648700.0,200,0.1717,3865.28,2025-02-06,ativa,,,,,,
CT0002619,GC0003,CLI002086,PAR001,digital,smartphone,8800.0,12,0.2224,911.09,2023-05-05,cancelada,2023-08-05,,,,,
CT0006777,GA0064,CLI005155,PAR009,digital,Automóvel,121900.0,72,0.1502,1981.21,2024-08-03,ativa,,,,,,
CT0004283,GA0022,CLI002995,PAR005,bancario,automovel,96200.0,80,0.169,1429.77,2025-07-21,ativa,,,,,,
CT0001047,GA0058,CLI002920,PAR005,bancario,Automóvel,122800.0,80,0.1699,1826.5,2025-03-25,ativa,,,,,,
CT0001395,GS0025,CLI006642,PAR002,loja,serviço,34900.0,48,0.2038,889.8,2023-12-26,contemplada,,CTP000155,GS0025,2026-06-26,sorteio,0.0
CT0003949,GC0014,CLI007036,PAR009,digital,Celular,7700.0,24,0.2456,406.05,2025-01-08,cancelada,2025-07-08,,,,,
CT0004120,GA0084,CLI002579,PAR012,interno,auto,107900.0,60,0.1714,2142.53,2026-05-21,ativa,,,,,,
CT0003277,GC0051,CLI003629,PAR007,digital,Celular,4400.0,24,0.2175,226.88,2025-06-01,cancelada,2025-07-01,,,,,
CT0003409,GI0005,CLI002973,PAR001,,Imovel,638100.0,200,0.2187,3952.07,2025-12-17,ativa,,,,,,
CT0008079,GI0002,CLI001098,PAR008,correspondente,IMOVEIS,640800.0,180,0.1985,4337.86,2023-08-17,ativa,,,,,,
CT0003916,GA0070,CLI002664,PAR004,telemarketing,Auto,97500.0,60,0.1834,1955.53,2025-01-10,ativa,,,,,,
CT0007041,GC0057,CLI006074,PAR001,digital,Celular,5900.0,24,0.2343,308.35,2023-11-03,cancelada,2024-03-03,,,,,
CT0002323,GA0044,CLI004818,PAR002,loja,AUTO,118700.0,60,0.1709,2356.0,2024-10-04,ativa,,,,,,
CT0005171,GC0040,CLI004891,PAR001,digital,celular,6800.0,15,0.2457,573.78,2025-06-02,ativa,,,,,,
CT0001343,GI0038,CLI005615,PAR001,digital,Imóveis,380700.0,150,0.1904,3072.0,2024-10-09,cancelada,2025-05-09,,,,,
CT0003417,GS0029,CLI000935,PAR001,digital,Serviços,30400.0,24,0.2017,1547.49,2024-11-07,ativa,,,,,,
CT0001708,GA0073,CLI000009,PAR099,,Auto,102900.0,80,0.173,1534.5,2024-10-18,ativa,,,,,,
CT0003831,GS0027,CLI003854,PAR008,correspondente,Servicos,14800.0,48,0.191,373.39,2026-06-09,ativa,,,,,,
CT0000311,GI0023,CLI000103,PAR006,loja,Imovel,607800.0,200,0.1822,3653.49,2023-06-08,contemplada,,CTP000040,GI0023,2025-05-08,sorteio,0.0
CT0008205,GA0009,CLI000998,PAR009,digital,AUTO,94300.0,80,0.16,1390.92,2024-12-20,ativa,,,,,,
CT0002727,GI0038,CLI003566,PAR003,correspondente,imóvel,303000.0,150,0.2054,2475.31,2025-09-19,ativa,,,,,,
CT0005461,GI0024,CLI000434,PAR006,loja,imoveis,355200.0,180,0.197,2401.55,2025-03-15,ativa,,,,,,
CT0000608,GI0039,CLI004771,PAR002,loja,Imóveis,183900.0,200,0.1848,1107.81,2024-12-20,contemplada,,CTP000078,GI0039,2025-02-20,sorteio,0.0
CT0007918,GC0065,CLI006977,PAR007,digital,Celular,6500.0,18,0.2234,449.01,2025-04-16,cancelada,2025-07-16,,,,,
CT0003508,GI0005,CLI006949,PAR003,correspondente,imoveis,202100.0,200,0.1827,1215.33,2024-08-15,ativa,,,,,,
CT0002137,GC0037,CLI006376,PAR007,digital,CELULAR,8400.0,24,0.241,441.35,2025-09-13,cancelada,2026-02-13,,,,,
CT0007565,GA0000,CLI006354,PAR001,digital,Auto,48800.0,60,0.1831,978.52,2024-06-25,ativa,,,,,,
CT0006918,GC0056,CLI006724,PAR007,digital,celular,6100.0,12,0.2409,640.96,2025-03-18,cancelada,2025-04-18,,,,,
CT0008290,GI0012,CLI004263,PAR005,bancario,Imóveis,638900.0,150,0.1782,5103.53,2024-11-22,ativa,,,,,,
CT0000257,GA0007,CLI002907,PAR002,loja,Auto,127200.0,72,0.1581,2081.31,2025-06-27,ativa,,,,,,
CT0002586,GS0003,CLI003479,PAR007,digital,serviço,18300.0,36,0.2245,632.62,2025-06-16,cancelada,2025-07-16,,,,,
CT0002210,GA0065,CLI001227,PAR010,correspondente,Automóvel,49000.0,60,0.1812,980.98,2025-08-15,ativa,,,,,,
CT0004720,GC0004,CLI003937,PAR008,correspondente,Celular,7000.0,12,0.2303,729.34,2024-01-25,quitada,,,,,,
CT0002702,GA0079,CLI005771,PAR009,digital,Auto,51600.0,72,0.1811,860.79,2026-07-11,ativa,,,,,,
CT0001849,GI0022,CLI003236,PAR003,correspondente,Imóveis,640800.0,200,0.2073,3932.27,2025-07-01,ativa,,,,,,
CT0008526,GC0044,CLI000400,PAR009,digital,Celular,6900.0,12,0.2397,724.33,2026-02-06,ativa,,,,,,
CT0004643,GC0066,CLI002866,PAR007,digital,CELULAR,4800.0,12,0.2073,490.92,2024-09-29,cancelada,2024-10-29,,,,,
CT0005278,GI0035,CLI007086,PAR005,bancario,imoveis,290800.0,150,0.2052,2375.25,2024-10-19,ativa,,,,,,
CT0005994,GA0001,CLI001466,PAR009,digital,automovel,64100.0,72,0.1636,1053.73,2026-04-03,ativa,,,,,,
CT0006125,GA0061,CLI006938,PAR005,bancario,Auto,104700.0,80,0.1599,1544.19,2025-03-05,contemplada,,CTP000640,GA0061,2025-12-05,lance_fixo,26175.0
CT0008474,GA0088,CLI006834,PAR001,digital,automovel,93500.0,80,0.1752,1396.89,2024-08-30,cancelada,2026-06-30,,,,,
CT0002777,GA0011,CLI003985,PAR005,bancario,AUTO,117600.0,72,0.1697,1943.18,2026-04-14,ativa,,,,,,
CT0007501,GA0029,CLI005680,PAR010,correspondente,automovel,91800.0,60,0.1816,1838.45,2025-02-27,ativa,,,,,,
CT0004583,GC0033,CLI001543,PAR009,digital,Celular,7700.0,15,0.2204,636.74,2026-03-01,ativa,,,,,,
CT0006909,GS0034,CLI000739,PAR010,correspondente,Servicos,16800.0,36,0.1988,568.77,2025-07-12,ativa,,,,,,
CT0006969,GC0009,CLI002248,PAR001,digital,Celular,3900.0,24,0.2342,203.81,2024-12-11,cancelada,2025-03-11,,,,,
CT0006496,GI0007,CLI004756,PAR003,correspondente,Imovel,603600.0,150,0.2121,4957.97,2025-07-04,ativa,,,,,,
CT0000418,GC0032,CLI003728,PAR007,digital,Celular,5000.0,18,0.2196,344.33,2024-12-24,cancelada,2025-04-24,,,,,
CT0002588,GI0024,CLI001177,PAR003,correspondente,IMOVEIS,437700.0,180,0.2181,3010.65,2023-09-13,cancelada,2025-01-13,,,,,
CT0000305,GA0034,CLI004869,PAR010,correspondente,automovel,96700.0,80,0.1835,1454.73,2026-03-12,ativa,,,,,,
CT0004948,GS0011,CLI004693,PAR001,digital,Servicos,18300.0,48,0.2003,465.24,2024-10-07,cancelada,2024-12-07,,,,,
CT0003364,GC0008,CLI002913,PAR007,digital,smartphone,3700.0,18,0.2497,260.99,2024-09-26,quitada,,,,,,
CT0002133,GA0007,CLI000854,PAR011,correspondente,automovel,46900.0,72,0.1635,770.92,2025-01-18,ativa,,,,,,
CT0001388,GC0068,CLI007078,PAR007,digital,celular,6000.0,24,0.2451,316.28,2025-06-20,cancelada,2025-12-20,,,,,
CT0004160,GA0026,CLI004056,PAR005,bancario,Automóvel,78900.0,72,0.153,1285.41,2024-03-06,ativa,,,,,,
CT0008204,GA0083,CLI002472,PAR012,interno,auto,47500.0,60,0.204,969.0,2024-12-06,ativa,,,,,,
CT0003803,GC0065,CLI002196,PAR006,loja,CELULAR,8400.0,18,0.2499,592.62,2025-07-20,contemplada,,CTP000408,GC0065,2025-08-20,sorteio,0.0
CT0008060,GC0056,CLI006582,PAR007,digital,CELULAR,1800.0,12,0.2157,185.36,2025-09-22,ativa,,,,,,
CT0006353,GC0047,CLI001235,PAR099,digital,Celular,6400.0,15,0.2143,526.63,2025-05-24,cancelada,2025-09-24,,,,,
CT0007939,GC0010,CLI006016,PAR001,digital,CELULAR,7100.0,12,0.2208,734.14,2025-08-11,quitada,,CTP000837,GC0010,2026-05-11,sorteio,0.0
CT0000443,GC0006,CLI001932,PAR006,loja,Celular,4300.0,18,0.2495,303.27,2024-09-04,quitada,,CTP000056,GC0006,2025-11-04,sorteio,0.0
CT0006008,GC0001,CLI003737,PAR009,digital,smartphone,5100.0,24,0.2398,267.71,2024-01-03,cancelada,2024-02-03,,,,,
CT0006271,GA0019,CLI004776,PAR010,correspondente,AUTO,86200.0,60,0.1632,1699.86,2025-09-18,ativa,,,,,,
CT0006057,GA0012,CLI002473,PAR004,telemarketing,Automóvel,103600.0,80,0.1705,1541.7,2026-04-27,ativa,,,,,,
CT0002327,GI0015,CLI005213,PAR011,correspondente,IMOVEIS,512300.0,180,0.215,3514.95,2024-06-27,ativa,,,,,,
CT0008509,GC0022,CLI003802,PAR099,telemarketing,smartphone,4900.0,24,0.2161,252.37,2026-03-16,ativa,,,,,,
CT0000593,GC0060,CLI005068,PAR009,digital,smartphone,4600.0,24,0.2544,244.26,2023-12-21,quitada,,CTP000075,GC0060,2025-02-21,sorteio,0.0
CT0006126,GC0004,CLI002812,PAR007,digital,Celular,5000.0,12,0.2249,518.71,2025-05-10,cancelada,2025-08-10,,,,,
CT0004108,GI0020,CLI005905,PAR012,interno,imóvel,643100.0,180,0.1976,4350.21,2023-05-24,contemplada,,CTP000451,GI0020,2025-05-24,sorteio,0.0
CT0001664,GS0013,CLI004165,PAR008,correspondente,Servicos,29900.0,36,0.203,1015.77,2024-07-14,ativa,,,,,,
CT0002308,GC0069,CLI000187,PAR007,digital,smartphone,4500.0,24,0.2382,235.91,2024-12-31,cancelada,2025-01-31,,,,,
CT0004853,GI0003,CLI000359,PAR005,bancario,IMOVEIS,559100.0,150,0.1931,4521.63,2023-10-05,cancelada,2025-07-05,,,,,
CT0004789,GC0003,CLI007056,PAR007,digital,smartphone,4800.0,12,0.2331,501.24,2025-01-25,cancelada,2025-04-25,,,,,
CT0008280,GC0016,CLI005218,PAR007,digital,smartphone,4600.0,12,0.2211,475.76,2024-09-30,cancelada,2025-07-30,,,,,
CT0002408,GA0020,CLI001523,PAR005,bancario,automovel,127300.0,80,0.1689,1891.84,2023-06-06,ativa,,,,,,
CT0000479,GS0029,CLI005074,PAR007,digital,Servicos,14600.0,24,0.1797,729.82,2025-07-22,cancelada,2026-01-22,,,,,
CT0000313,GI0043,CLI002345,PAR003,correspondente,IMOVEIS,425300.0,150,0.2015,3463.36,2023-04-08,ativa,,,,,,
CT0003326,GC0033,CLI002139,PAR004,telemarketing,CELULAR,5700.0,15,0.2351,476.94,2025-12-19,ativa,,,,,,
CT0001531,GC0026,CLI004601,PAR011,correspondente,Celular,3400.0,24,0.2213,175.85,2026-01-22,cancelada,2026-07-22,,,,,
CT0002731,GC0062,CLI003424,PAR012,interno,CELULAR,2100.0,24,0.208,107.45,2025-11-10,ativa,,,,,,
CT0008447,GC0023,CLI002875,PAR007,digital,CELULAR,3700.0,18,0.2382,258.63,2025-06-07,cancelada,2025-12-07,,,,,
CT0004104,GA0003,CLI003518,PAR002,loja,Automóvel,105200.0,60,0.1631,2074.37,2026-04-15,ativa,,,,,,
CT0003643,GS0030,CLI002841,PAR004,telemarketing,Servicos,11400.0,36,0.2004,386.46,2025-12-06,ativa,,,,,,
CT0005541,GS0013,CLI004350,PAR011,correspondente,Serviços,23700.0,36,0.193,798.56,2024-11-14,cancelada,2025-05-14,,,,,
CT0002305,GA0062,CLI003970,PAR007,digital,auto,71900.0,60,0.169,1424.82,2024-10-24,ativa,,,,,,
CT0004962,GI0039,CLI002550,PAR005,bancario,imóvel,515100.0,200,0.2146,3179.71,2026-04-15,ativa,,,,,,
CT0002396,GA0043,CLI004955,PAR006,loja,automovel,96200.0,72,0.1422,1552.83,2026-01-27,ativa,,,,,,
CT0004821,GI0013,CLI006067,PAR005,bancario,imoveis,507800.0,150,0.2212,4201.88,2023-11-24,contemplada,,CTP000519,GI0013,2025-08-24,sorteio,0.0
CT0007874,GA0065,CLI002806,PAR007,,AUTO,61400.0,60,0.1541,1201.5,2025-07-09,cancelada,2026-03-09,,,,,
CT0002254,GS0013,CLI005193,PAR012,interno,serviço,17400.0,36,0.2044,591.79,2023-12-08,contemplada,,CTP000245,GS0013,2024-03-08,sorteio,0.0
CT0008025,GA0012,CLI004192,PAR010,correspondente,Auto,47800.0,80,0.16,705.05,2023-11-17,contemplada,,CTP000850,GA0012,2024-06-17,sorteio,0.0
CT0006052,GI0043,CLI000882,PAR003,correspondente,Imovel,354700.0,150,0.2045,2895.53,2025-11-10,contemplada,,CTP000636,GI0043,2026-04-10,sorteio,0.0
CT0006365,GA0035,CLI000738,PAR006,loja,AUTO,45600.0,80,0.1687,677.56,2023-11-13,ativa,,,,,,
CT0002710,GI0030,CLI003529,PAR012,interno,imoveis,486200.0,200,0.184,2926.92,2025-01-11,ativa,,,,,,
CT0001562,GC0054,CLI001425,PAR007,digital,smartphone,6100.0,12,0.2305,635.67,2024-12-30,quitada,,,,,,
CT0007630,GS0005,CLI006556,PAR009,digital,SERVICOS,14900.0,48,0.214,383.05,2026-06-26,ativa,,,,,,
CT0001918,GI0022,CLI006874,PAR010,correspondente,Imovel,369600.0,200,0.1852,2227.21,2025-06-25,ativa,,,,,,
CT0006564,GC0068,CLI000546,PAR004,telemarketing,celular,5600.0,24,0.2392,293.81,2023-09-28,cancelada,2024-09-28,,,,,
CT0005069,GI0017,CLI003853,PAR002,loja,imoveis,379100.0,150,0.21,3108.62,2024-08-01,ativa,,,,,,
CT0006190,GA0077,CLI001324,PAR003,correspondente,Auto,55300.0,80,0.193,838.49,2025-03-25,ativa,,,,,,
CT0006085,GA0020,CLI000044,PAR002,loja,auto,103400.0,80,0.1764,1546.35,2026-02-18,cancelada,2026-07-18,,,,,
CT0006840,GA0075,CLI002770,PAR006,loja,Auto,65500.0,60,0.1818,1311.96,2024-06-30,ativa,,,,,,
CT0004417,GC0022,CLI006870,PAR006,loja,Celular,4800.0,24,0.2324,250.48,2025-04-08,ativa,,,,,,
CT0004889,GC0012,CLI003930,PAR009,digital,CELULAR,4200.0,15,0.2377,352.16,2026-05-19,ativa,,,,,,
CT0000145,GC0007,CLI002322,PAR004,telemarketing,smartphone,7000.0,24,0.2305,364.73,2025-02-20,cancelada,2025-04-20,,,,,
CT0007803,GC0038,CLI001773,PAR003,correspondente,celular,3700.0,18,0.2283,256.6,2024-10-30,quitada,,,,,,
CT0001407,GC0019,CLI004094,PAR002,loja,celular,6200.0,18,0.2165,425.91,2026-03-24,cancelada,2026-08-24,,,,,
CT0007502,GA0002,CLI007162,PAR005,bancario,automovel,54600.0,60,0.166,1079.26,2023-06-13,ativa,,,,,,
CT0003861,GI0023,CLI006404,PAR011,correspondente,imoveis,559600.0,200,0.183,3365.99,2025-01-26,ativa,,,,,,
CT0001301,GA0075,CLI000457,PAR002,loja,auto,49500.0,60,0.1733,984.47,2025-12-28,ativa,,,,,,
CT0006615,GI0008,CLI001109,PAR010,correspondente,imoveis,319100.0,180,0.2183,2195.23,2024-09-03,cancelada,2025-08-03,,,,,
CT0003260,GI0012,CLI004395,PAR003,correspondente,Imovel,408300.0,150,0.2099,3347.79,2025-12-07,ativa,,,,,,
CT0005386,GS0004,CLI002071,PAR003,correspondente,Servicos,22800.0,36,0.1916,767.35,2023-03-16,quitada,,,,,,
CT0006582,GC0024,CLI001644,PAR007,digital,CELULAR,4800.0,12,0.2383,503.32,2024-08-23,cancelada,2024-09-23,,,,,
CT0005448,GI0035,CLI003116,PAR001,digital,Imovel,375900.0,150,0.1868,3024.24,2025-01-12,cancelada,2026-04-12,,,,,
CT0007025,GC0036,CLI003632,PAR007,digital,smartphone,7900.0,24,0.2383,414.19,2025-09-26,cancelada,2026-01-26,,,,,
CT0008299,GI0020,CLI000442,PAR001,digital,IMOVEIS,214800.0,180,0.1824,1434.86,2023-04-15,cancelada,2023-05-15,,,,,
CT0006179,GI0003,CLI001112,PAR010,correspondente,Imóveis,326700.0,150,0.1834,2621.01,2026-01-22,ativa,,,,,,
CT0001467,GC0006,CLI006591,PAR009,digital,celular,3800.0,18,0.2338,264.69,2025-09-12,cancelada,2025-10-12,,,,,
CT0004054,GC0003,CLI004150,PAR012,interno,CELULAR,8400.0,12,0.2471,886.97,2024-08-07,cancelada,2025-07-07,,,,,
CT0000241,GA0000,CLI005512,PAR009,digital,Automóvel,100200.0,60,0.1722,1990.97,2024-10-09,ativa,,,,,,
CT0006995,GI0014,CLI001608,PAR003,correspondente,Imovel,251600.0,150,0.2109,2064.63,2025-05-10,ativa,,,,,,
CT0007877,GC0057,CLI004504,PAR007,digital,CELULAR,4500.0,24,0.237,235.69,2025-01-06,ativa,,,,,,
CT0000590,GS0001,CLI002989,PAR001,digital,servicos,26200.0,24,0.1956,1327.03,2025-10-08,ativa,,,,,,
CT0000440,GA0062,CLI002972,PAR004,telemarketing,automovel,99100.0,60,0.1786,1979.69,2024-03-06,cancelada,2024-05-06,,,,,
CT0007288,GS0038,CLI006498,PAR012,interno,servicos,33500.0,36,0.1939,1129.6,2025-09-01,ativa,,,,,,
CT0000568,GA0085,CLI006079,PAR010,correspondente,auto,51900.0,60,0.1632,1023.47,2023-12-05,ativa,,,,,,
CT0007309,GI0020,CLI002764,PAR002,loja,Imóveis,482700.0,180,0.2214,3329.02,2023-01-08,ativa,,,,,,
CT0004288,GS0012,CLI003606,PAR001,digital,servicos,9100.0,36,0.2124,311.52,2025-08-23,ativa,,,,,,
CT0002707,GS0032,CLI005440,PAR009,digital,Servicos,24700.0,36,0.1997,836.85,2026-01-22,ativa,,,,,,
CT0003978,GA0077,CLI002001,PAR005,bancario,auto,74600.0,80,0.1714,1110.98,2025-08-03,ativa,,,,,,
CT0000047,GC0011,CLI006214,PAR006,loja,Celular,4300.0,12,0.2086,440.25,2026-06-09,ativa,,,,,,
CT0007706,GA0038,CLI004966,PAR006,loja,Auto,99300.0,72,0.1681,1638.59,2025-12-26,ativa,,,,,,
CT0003281,GC0051,CLI003029,PAR007,digital,Celular,2300.0,24,0.233,120.08,2025-04-02,cancelada,2025-09-02,,,,,
CT0004114,GI0008,CLI003670,PAR011,correspondente,Imóveis,446000.0,180,0.2096,3046.68,2025-09-09,ativa,,,,,,
CT0001890,GI0022,CLI005019,PAR005,bancario,imóvel,228300.0,200,0.2108,1404.96,2024-08-24,ativa,,,,,,
CT0004859,GA0007,CLI000997,PAR006,loja,Auto,50500.0,72,0.1593,827.15,2025-12-25,ativa,,,,,,
CT0008597,GA0066,CLI000805,PAR007,digital,auto,108900.0,72,0.1628,1788.99,2025-05-27,ativa,,,,,,
CT0004352,GI0011,CLI005786,PAR003,correspondente,imóvel,220400.0,200,0.2042,1349.07,2024-12-04,ativa,,,,,,
CT0005675,GA0062,CLI003844,PAR009,digital,Auto,60400.0,60,0.1613,1189.18,2023-07-14,ativa,,,,,,
CT0004951,GI0021,CLI003935,PAR011,correspondente,Imóveis,454200.0,200,0.2095,2792.19,2024-10-14,ativa,,,,,,
CT0007089,GA0083,CLI004667,PAR002,loja,automovel,59000.0,60,0.1872,1187.08,2025-05-18,cancelada,2025-08-18,,,,,
CT0000862,GC0035,CLI001810,PAR006,loja,CELULAR,8200.0,24,0.2211,424.04,2023-02-24,cancelada,2025-02-24,CTP000098,GC0035,2024-06-24,sorteio,0.0
CT0006869,GA0023,CLI002111,PAR007,digital,AUTO,78700.0,72,0.1736,1304.67,2025-02-15,cancelada,2025-04-15,,,,,
CT0001422,GC0068,CLI004885,PAR009,digital,Celular,3400.0,24,0.2353,177.83,2025-10-30,ativa,,,,,,
CT0007151,GA0029,CLI006904,PAR011,,auto,111100.0,60,0.1659,2195.89,2026-02-11,ativa,,,,,,
CT0000537,GC0043,CLI002121,PAR009,digital,celular,6000.0,18,0.2072,409.07,2024-02-15,cancelada,2024-04-15,,,,,
CT0000789,GA0009,CLI006699,PAR002,loja,AUTO,106000.0,80,0.1531,1554.36,2025-09-15,ativa,,,,,,
CT0000334,GI0014,CLI001789,PAR003,correspondente,imoveis,430800.0,150,0.1926,3482.59,2024-05-21,ativa,,,,,,
CT0000434,GS0017,CLI000299,PAR007,digital,serviço,7900.0,36,0.185,264.43,2025-10-06,cancelada,2026-02-06,,,,,
CT0001160,GA0057,CLI002559,PAR004,telemarketing,auto,73100.0,60,0.1719,1452.13,2025-12-12,ativa,,,,,,
CT0003815,GA0037,CLI004303,PAR006,loja,auto,122700.0,80,0.1818,1843.26,2025-06-05,cancelada,2025-12-05,,,,,
CT0002431,GI0005,CLI007058,PAR008,correspondente,imóvel,342300.0,200,0.1966,2082.21,2024-08-24,cancelada,2026-06-24,,,,,
CT0000012,GA0086,CLI003515,PAR002,loja,Automóvel,110500.0,60,0.1812,2212.21,2024-08-15,cancelada,2025-01-15,CTP000000,GA0086,2024-12-15,lance_livre,38509.49
CT0002906,GS0000,CLI004012,PAR099,interno,SERVICOS,31800.0,36,0.2091,1085.71,2025-02-25,ativa,,,,,,
CT0005676,GI0030,CLI000507,PAR005,bancario,Imovel,302100.0,200,0.2092,1856.71,2025-01-09,ativa,,,,,,
CT0006177,GI0011,CLI001286,PAR001,digital,Imóveis,423200.0,200,0.209,2600.56,2025-07-17,ativa,,,,,,
CT0008390,GS0017,CLI002614,PAR004,telemarketing,serviço,30000.0,36,0.1933,1011.08,2025-10-13,ativa,,,,,,
CT0006923,GC0019,CLI002924,PAR007,digital,celular,7800.0,18,0.2297,541.54,2025-09-20,cancelada,2025-10-20,,,,,
CT0004408,GC0006,CLI006521,PAR007,digital,smartphone,6000.0,18,0.2223,414.1,2025-05-22,cancelada,2025-10-22,,,,,
CT0000750,GS0003,CLI005274,PAR005,bancario,Servicos,22900.0,36,0.198,774.78,2025-02-04,contemplada,,CTP000092,GS0003,2026-08-04,sorteio,0.0
CT0005145,GA0070,CLI003487,PAR001,digital,Auto,74100.0,60,0.1458,1439.76,2026-01-13,ativa,,,,,,
CT0004319,GA0040,CLI006831,PAR001,digital,automovel,86600.0,72,0.1583,1417.23,2026-07-05,ativa,,,,,,
CT0000739,GC0024,CLI001816,PAR009,digital,Celular,3500.0,12,0.2253,363.21,2025-07-25,cancelada,2025-08-25,,,,,
CT0003053,GC0014,CLI004792,PAR007,digital,celular,6900.0,24,0.2328,360.18,2025-03-06,contemplada,,CTP000330,GC0014,2025-12-06,sorteio,0.0
CT0005639,GA0024,CLI004806,PAR010,correspondente,Auto,120000.0,72,0.1579,1963.17,2024-10-03,ativa,,,,,,
CT0005109,GC0019,CLI006849,PAR004,telemarketing,CELULAR,2100.0,18,0.2364,146.58,2024-06-28,cancelada,2024-10-28,,,,,
CT0002054,GC0008,CLI006643,PAR009,digital,Celular,8200.0,18,0.2254,567.35,2025-07-08,contemplada,,CTP000227,GC0008,2026-08-08,sorteio,0.0
CT0000734,GI0042,CLI002707,PAR006,loja,imoveis,253600.0,150,0.2114,2081.89,2026-02-07,ativa,,,,,,
CT0000809,GA0051,CLI000282,PAR001,digital,Automóvel,94900.0,60,0.1763,1892.15,2026-03-29,ativa,,,,,,
CT0006117,GC0009,CLI003257,PAR004,telemarketing,Celular,7500.0,24,0.2306,390.81,2026-04-26,cancelada,2026-05-26,,,,,
CT0001457,GA0018,CLI001122,PAR004,telemarketing,automovel,94300.0,72,0.137,1515.35,2023-11-24,cancelada,2024-01-24,,,,,
CT0004612,GA0084,CLI003295,PAR001,digital,Automóvel,83200.0,60,0.19,1677.87,2025-11-23,contemplada,,CTP000497,GA0084,2026-04-23,lance_livre,26372.21
CT0003847,GA0081,CLI000858,PAR012,interno,automovel,88500.0,72,0.1578,1447.71,2026-02-19,ativa,,,,,,
CT0002807,GC0031,CLI004480,PAR007,digital,celular,4400.0,24,0.2205,227.42,2024-07-14,cancelada,2024-12-14,,,,,
CT0002911,GC0047,CLI006841,PAR004,telemarketing,smartphone,6600.0,15,0.2309,550.4,2025-09-06,cancelada,2026-03-06,,,,,
CT0005440,GC0015,CLI003477,PAR007,digital,smartphone,6700.0,24,0.2412,352.09,2025-05-16,cancelada,2025-10-16,,,,,
CT0003688,GI0017,CLI002945,PAR001,digital,imóvel,485500.0,150,0.1862,3904.07,2023-11-26,ativa,,,,,,
CT0005614,GA0054,CLI006201,PAR004,telemarketing,automovel,64100.0,72,0.1805,1068.78,2026-03-25,ativa,,,,,,
CT0000185,GC0001,CLI004186,PAR007,digital,CELULAR,5200.0,24,0.2385,272.68,2025-09-01,ativa,,,,,,
CT0000701,GA0015,CLI002891,PAR006,loja,AUTO,116300.0,80,0.1703,1730.4,2025-09-20,ativa,,,,,,
CT0002523,GA0050,CLI006003,PAR001,digital,AUTO,52700.0,80,0.1579,775.94,2024-10-03,ativa,,,,,,
CT0006176,GI0042,CLI003895,PAR005,bancario,imóvel,350300.0,150,0.1911,2828.32,2025-02-22,ativa,,,,,,
CT0008133,GI0026,CLI001011,PAR001,digital,imoveis,259500.0,150,0.2113,2130.15,2025-07-21,ativa,,,,,,
CT0007569,GC0013,CLI004746,PAR007,digital,smartphone,4400.0,18,0.2341,306.56,2025-05-26,ativa,,,,,,
CT0000756,GC0041,CLI006729,PAR007,digital,celular,7000.0,24,0.2358,366.28,2025-09-08,cancelada,2025-12-08,,,,,
CT0002861,GS0025,CLI003678,PAR009,digital,Servicos,31400.0,48,0.1858,788.79,2025-09-12,ativa,,,,,,
CT0008532,GI0009,CLI006865,PAR012,interno,imóvel,188700.0,180,0.1999,1278.86,2024-04-19,cancelada,2025-04-19,,,,,
CT0006693,GA0056,CLI001055,PAR008,correspondente,Automóvel,62600.0,72,0.1879,1050.2,2026-05-19,ativa,,,,,,
CT0002274,GI0009,CLI001487,PAR005,bancario,Imóveis,642200.0,180,0.1958,4337.7,2026-06-04,ativa,,,,,,
CT0007343,GA0053,CLI001622,PAR004,telemarketing,auto,105900.0,80,0.1521,1551.57,2025-12-06,ativa,,,,,,
CT0005090,GA0082,CLI004091,PAR004,telemarketing,Auto,102800.0,80,0.1717,1531.33,2026-07-01,cancelada,2026-08-01,,,,,
CT0004745,GI0004,CLI003898,PAR005,bancario,Imóveis,329000.0,200,0.2088,2021.38,2025-05-10,ativa,,,,,,
CT0002512,GS0008,CLI004040,PAR012,interno,servicos,6600.0,48,0.2034,168.22,2025-11-03,cancelada,2025-12-03,,,,,
CT0005188,GI0015,CLI004016,PAR012,,Imovel,384600.0,180,0.1958,2597.76,2024-11-18,ativa,,,,,,
CT0002102,GC0016,CLI002433,PAR001,digital,smartphone,3200.0,12,0.2415,336.4,2025-11-20,ativa,,,,,,
CT0001061,GC0063,CLI001565,PAR001,digital,smartphone,3200.0,15,0.2368,268.12,2025-03-06,quitada,,,,,,
CT0006636,GC0032,CLI002211,PAR006,loja,Celular,6500.0,18,0.2228,448.79,2025-09-27,cancelada,2025-10-27,,,,,
CT0007446,GI0015,CLI002315,PAR005,bancario,Imóveis,552600.0,180,0.1964,3734.35,2025-10-17,ativa,,,,,,
CT0002439,GA0018,CLI004272,PAR009,digital,auto,128400.0,72,0.165,2113.25,2023-11-13,cancelada,2024-04-13,,,,,
CT0007676,GC0053,CLI006242,PAR007,digital,celular,1900.0,24,0.2102,97.39,2024-10-10,cancelada,2025-02-10,,,,,
CT0005789,GC0041,CLI001754,PAR009,digital,Celular,6900.0,24,0.2226,357.25,2025-06-11,ativa,,,,,,
CT0007831,GS0009,CLI001607,PAR003,correspondente,SERVICOS,6900.0,48,0.1939,174.5,2024-08-06,ativa,,,,,,
CT0002891,GI0005,CLI000626,PAR003,correspondente,imóvel,293100.0,200,0.2015,1790.11,2025-09-05,cancelada,2026-03-05,,,,,
CT0000097,GI0034,CLI004664,PAR006,loja,Imóveis,577500.0,180,0.2029,3923.47,2023-10-23,contemplada,,CTP000010,GI0034,2026-01-23,lance_livre,246666.04
CT0006534,GA0002,CLI002445,PAR004,telemarketing,automovel,113600.0,60,0.1905,2291.88,2024-05-14,cancelada,2025-07-14,,,,,
CT0000644,GC0067,CLI000646,PAR007,digital,Celular,6300.0,15,0.2257,523.19,2025-01-26,cancelada,2026-01-26,,,,,
CT0004227,GI0024,CLI003982,PAR010,,imoveis,262600.0,180,0.1992,1778.68,2024-11-09,contemplada,,CTP000464,GI0024,2025-05-09,sorteio,0.0
CT0000737,GI0010,CLI005506,PAR005,bancario,Imovel,644200.0,180,0.1939,4344.41,2024-04-16,ativa,,,,,,
CT0005894,GC0042,CLI005567,PAR007,digital,smartphone,2000.0,12,0.2471,211.18,2025-06-28,quitada,,,,,,
CT0006544,GC0069,CLI000903,PAR007,digital,celular,6500.0,24,0.2463,342.96,2025-07-18,contemplada,,CTP000686,GC0069,2026-06-18,sorteio,0.0
CT0002471,GI0010,CLI007184,PAR006,loja,Imovel,353900.0,180,0.1932,2385.29,2024-02-18,ativa,,,,,,
CT0006511,GS0032,CLI003306,PAR009,digital,serviço,13100.0,36,0.2164,449.91,2025-10-07,cancelada,2025-11-07,,,,,
CT0000785,GC0024,CLI006874,PAR007,digital,Celular,7300.0,12,0.2324,761.88,2025-06-01,quitada,,,,,,
CT0000808,GC0047,CLI002425,PAR007,digital,Celular,3000.0,15,0.2331,250.62,2024-12-26,cancelada,2025-01-26,,,,,
CT0007893,GA0052,CLI000289,PAR012,interno,auto,105200.0,60,0.1525,2055.78,2026-07-08,ativa,,,,,,
CT0003966,GC0051,CLI005134,PAR012,interno,Celular,4800.0,24,0.2356,251.12,2025-08-26,cancelada,2026-02-26,,,,,
CT0004883,GS0013,CLI001439,PAR005,bancario,SERVICOS,16400.0,36,0.19,551.22,2024-05-20,cancelada,2025-05-20,,,,,
CT0004900,GS0025,CLI007007,PAR007,digital,Serviços,26600.0,48,0.207,679.96,2025-05-06,ativa,,,,,,
CT0002930,GI0004,CLI003999,PAR005,,imóvel,547700.0,200,0.1969,3332.48,2024-11-22,contemplada,,CTP000320,GI0004,2025-06-22,lance_fixo,136925.0
CT0005572,GA0046,CLI005068,PAR001,digital,AUTO,61400.0,72,0.1621,1008.07,2023-07-02,ativa,,,,,,
CT0002240,GA0010,CLI000150,PAR001,digital,AUTO,121400.0,72,0.1938,2046.6,2025-11-24,ativa,,,,,,
CT0006134,GC0038,CLI006060,PAR009,digital,Celular,5500.0,18,0.2146,377.24,2024-10-19,cancelada,2025-05-19,,,,,
CT0002173,GI0019,CLI000966,PAR001,digital,Imóveis,572900.0,150,0.1958,4643.55,2025-07-22,ativa,,,,,,
CT0004223,GA0037,CLI005249,PAR006,loja,AUTO,66900.0,80,0.1833,1006.26,2024-04-04,contemplada,,CTP000463,GA0037,2026-04-04,sorteio,0.0
CT0000322,GC0003,CLI007097,PAR009,digital,Celular,5000.0,12,0.2357,523.21,2024-03-28,quitada,,,,,,
CT0001257,GA0073,CLI006116,PAR001,digital,Auto,105400.0,80,0.1555,1548.72,2025-12-10,ativa,,,,,,
CT0004930,GS0008,CLI005385,PAR008,correspondente,Serviços,15500.0,48,0.1893,390.5,2025-07-04,cancelada,2026-06-04,,,,,
CT0005044,GC0031,CLI000551,PAR009,digital,smartphone,8900.0,24,0.2422,468.07,2025-09-12,cancelada,2026-03-12,,,,,
CT0008250,GI0011,CLI000151,PAR003,correspondente,IMOVEIS,191500.0,200,0.211,1178.68,2025-10-14,ativa,,,,,,
CT0005384,GS0030,CLI000420,PAR004,telemarketing,Servicos,10800.0,36,0.2158,370.74,2026-06-18,ativa,,,,,,
CT0003563,GC0022,CLI002244,PAR004,telemarketing,CELULAR,7600.0,24,0.2454,400.71,2024-09-16,cancelada,2024-10-16,,,,,
CT0001902,GS0012,CLI004495,PAR004,,servicos,8000.0,36,0.2074,272.76,2024-09-04,cancelada,2025-12-04,,,,,
CT0006535,GA0066,CLI002662,PAR002,loja,automovel,70200.0,72,0.1774,1167.46,2024-08-05,ativa,,,,,,
CT0005726,GA0058,CLI006746,PAR010,correspondente,Auto,47500.0,80,0.1774,710.96,2026-03-12,ativa,,,,,,
CT0005121,GC0024,CLI002793,PAR004,telemarketing,CELULAR,3200.0,12,0.2223,331.28,2024-06-30,cancelada,2024-09-30,,,,,
CT0003284,GC0007,CLI006677,PAR009,digital,CELULAR,8400.0,24,0.2242,435.47,2025-07-18,ativa,,,,,,
CT0002607,GS0029,CLI004599,PAR003,correspondente,Servicos,34100.0,24,0.2177,1758.57,2026-07-20,ativa,,,,,,
CT0008240,GI0030,CLI001575,PAR005,bancario,Imovel,524300.0,200,0.1782,3141.08,2024-07-08,ativa,,,,,,
CT0006830,GA0071,CLI006432,PAR009,digital,Auto,128400.0,72,0.1793,2138.75,2023-07-17,ativa,,,,,,
CT0007342,GI0038,CLI000352,PAR003,correspondente,imoveis,614400.0,150,0.2083,5031.12,2023-04-04,cancelada,2024-10-04,,,,,
CT0004779,GA0041,CLI007144,PAR004,telemarketing,Auto,54100.0,72,0.1718,895.51,2025-11-27,cancelada,2026-03-27,,,,,
CT0007656,GA0029,CLI002169,PAR010,correspondente,automovel,77700.0,60,0.1468,1511.01,2026-03-18,ativa,,,,,,
CT0007162,GS0020,CLI006226,PAR010,correspondente,Serviços,10600.0,48,0.2062,270.79,2024-08-04,ativa,,,,,,
CT0007447,GA0022,CLI003481,PAR002,loja,Automóvel,89400.0,80,0.1528,1310.6,2026-04-25,ativa,,,,,,
CT0000018,GC0003,CLI004654,PAR004,telemarketing,CELULAR,7600.0,12,0.2342,794.33,2025-05-23,cancelada,2025-08-23,,,,,
CT0004118,GS0036,CLI003807,PAR011,correspondente,SERVICOS,33500.0,24,0.1936,1693.98,2023-03-17,cancelada,2023-05-17,,,,,
CT0002359,GI0022,CLI004285,PAR012,interno,Imovel,248900.0,200,0.19,1505.85,2025-03-23,contemplada,,CTP000258,GI0022,2025-05-23,lance_livre,95483.78
CT0002535,GI0035,CLI000682,PAR006,loja,Imóveis,394500.0,150,0.2267,3278.82,2024-06-04,ativa,,,,,,
CT0003636,GC0043,CLI005799,PAR001,digital,smartphone,7600.0,18,0.2438,533.6,2025-06-10,cancelada,2025-07-10,,,,,
CT0005081,GS0038,CLI007197,PAR006,loja,servicos,34600.0,36,0.2182,1190.05,2026-04-19,ativa,,,,,,
CT0002524,GS0004,CLI000293,PAR005,bancario,serviço,26300.0,36,0.2156,902.67,2025-10-17,ativa,,,,,,
CT0004818,GA0083,CLI003293,PAR005,bancario,auto,71200.0,60,0.1473,1385.2,2026-04-01,ativa,,,,,,
CT0005088,GI0004,CLI000886,PAR011,correspondente,imoveis,520800.0,200,0.1931,3158.91,2025-09-17,ativa,,,,,,
CT0008162,GS0008,CLI007113,PAR006,loja,Servicos,28000.0,48,0.1882,704.78,2023-12-24,cancelada,2024-11-24,,,,,
CT0003576,GA0019,CLI002562,PAR004,telemarketing,automovel,101700.0,60,0.1767,2028.41,2026-04-17,cancelada,2026-05-17,,,,,
CT0006357,GC0022,CLI004697,PAR004,telemarketing,CELULAR,5800.0,24,0.2367,303.7,2023-07-31,cancelada,2024-03-31,,,,,
CT0003204,GC0037,CLI002587,PAR004,telemarketing,Celular,6100.0,24,0.2462,321.83,2024-08-16,cancelada,2024-12-16,,,,,
CT0001137,GC0062,CLI000339,PAR001,digital,Celular,6300.0,24,0.2241,326.58,2024-01-17,quitada,,,,,,
CT0006219,GA0063,CLI002738,PAR002,loja,AUTO,89200.0,60,0.1808,1785.19,2026-04-14,ativa,,,,,,
CT0002555,GA0017,CLI005427,PAR009,digital,Auto,54400.0,60,0.1522,1062.79,2026-05-23,ativa,,,,,,
CT0003332,GS0004,CLI001520,PAR003,correspondente,Serviços,23800.0,36,0.1959,803.84,2025-08-31,ativa,,,,,,
CT0000937,GC0033,CLI000191,PAR007,digital,Celular,7400.0,15,0.2284,615.88,2025-03-30,cancelada,2025-04-30,,,,,
CT0001935,GC0066,CLI003909,PAR009,digital,CELULAR,3800.0,12,0.2389,398.65,2024-06-20,quitada,,,,,,
CT0000231,GC0006,CLI004866,PAR007,digital,celular,7200.0,18,0.2495,507.8,2025-03-12,cancelada,2025-09-12,CTP000027,GC0006,2025-09-12,sorteio,0.0
CT0008072,GS0032,CLI000335,PAR009,digital,servicos,12900.0,36,0.2025,438.06,2025-06-07,ativa,,,,,,
CT0002844,GA0086,CLI003453,PAR001,digital,auto,100700.0,60,0.1594,1979.43,2025-03-28,ativa,,,,,,
CT0002422,GS0022,CLI002805,PAR004,telemarketing,Serviços,25400.0,24,0.1827,1272.86,2025-05-06,cancelada,2026-02-06,,,,,
CT0002442,GC0005,CLI001347,PAR004,telemarketing,CELULAR,7800.0,24,0.2344,407.68,2025-02-07,cancelada,2026-01-07,,,,,
CT0003186,GC0008,CLI006935,PAR004,telemarketing,celular,5300.0,18,0.2323,368.73,2023-09-26,cancelada,2024-06-26,CTP000342,GC0008,2024-06-26,lance_livre,1117.14
CT0005827,GC0051,CLI001240,PAR009,digital,Celular,3600.0,24,0.2197,185.96,2025-06-27,cancelada,2025-10-27,,,,,
CT0001396,GI0010,CLI001699,PAR003,correspondente,Imovel,198700.0,180,0.2016,1348.51,2026-02-12,ativa,,,,,,
CT0004216,GI0000,CLI001468,PAR008,correspondente,imoveis,492700.0,150,0.1942,3988.24,2025-08-14,ativa,,,,,,
CT0007885,GC0044,CLI003431,PAR007,digital,Celular,3600.0,12,0.2187,371.61,2024-11-30,quitada,,,,,,
CT0001996,GA0047,CLI005144,PAR004,telemarketing,auto,85700.0,60,0.1605,1686.15,2026-05-08,cancelada,2026-07-08,,,,,
CT0006827,GA0062,CLI003307,PAR004,telemarketing,auto,82800.0,60,0.1607,1629.37,2023-01-31,cancelada,2023-05-31,,,,,
CT0008542,GI0004,CLI004431,PAR012,interno,IMOVEIS,282200.0,200,0.2013,1723.25,2025-01-20,ativa,,,,,,
CT0001571,GA0011,CLI000666,PAR005,bancario,automovel,90000.0,72,0.1764,1495.5,2026-04-25,ativa,,,,,,
CT0001863,GA0019,CLI006408,PAR099,loja,Automóvel,95800.0,60,0.182,1919.19,2023-07-10,cancelada,2023-11-10,,,,,
CT0001922,GA0020,CLI001021,PAR002,loja,AUTO,115400.0,80,0.1638,1707.63,2025-12-19,ativa,,,,,,
CT0001286,GA0041,CLI002840,PAR005,bancario,automovel,74600.0,72,0.1883,1251.93,2024-07-11,ativa,,,,,,
CT0004155,GC0064,CLI003048,PAR007,digital,Celular,5100.0,24,0.2438,268.56,2025-05-02,cancelada,2025-10-02,,,,,
CT0007945,GA0031,CLI003486,PAR008,correspondente,auto,122700.0,72,0.1725,2032.22,2025-04-23,cancelada,2026-04-23,,,,,
CT0004267,GA0001,CLI006263,PAR001,digital,automovel,95700.0,72,0.1778,1592.08,2026-04-19,ativa,,,,,,
CT0006132,GA0070,CLI003728,PAR004,telemarketing,automovel,103500.0,60,0.169,2051.03,2023-11-08,ativa,,,,,,
CT0008407,GA0026,CLI000094,PAR012,interno,Auto,97100.0,72,0.186,1626.42,2026-06-30,ativa,,,,,,
CT0003034,GI0043,CLI006973,PAR008,correspondente,imoveis,558800.0,150,0.1997,4543.79,2023-11-28,cancelada,2024-04-28,,,,,
CT0006771,GA0046,CLI001754,PAR002,loja,automovel,119200.0,72,0.1745,1977.56,2024-08-11,cancelada,2025-12-11,,,,,
CT0007432,GS0002,CLI000146,PAR008,correspondente,servicos,12600.0,36,0.1854,421.89,2024-01-03,cancelada,2024-09-03,,,,,
CT0001656,GI0000,CLI005947,PAR005,bancario,imoveis,618000.0,150,0.18,4944.0,2025-03-26,contemplada,,CTP000182,GI0000,2025-09-26,sorteio,0.0
CT0004164,GI0027,CLI004377,PAR003,correspondente,imóvel,389500.0,150,0.1974,3161.18,2025-03-09,ativa,,,,,,
CT0000865,GA0073,CLI003866,PAR002,loja,Auto,106400.0,80,0.1678,1579.77,2024-06-17,ativa,,,,,,
CT0005478,GI0021,CLI006955,PAR010,correspondente,Imóveis,191100.0,200,0.2179,1182.81,2026-07-19,ativa,,,,,,
CT0003511,GC0038,CLI000600,PAR001,digital,smartphone,8300.0,18,0.2543,587.59,2026-05-06,ativa,,,,,,
CT0007165,GA0023,CLI002078,PAR007,digital,automovel,119700.0,72,0.1872,2006.97,2025-01-29,cancelada,2026-06-29,,,,,
CT0008297,GA0007,CLI001961,PAR001,digital,AUTO,66100.0,72,0.1666,1089.36,2025-03-03,cancelada,2026-02-03,,,,,
CT0003767,GI0015,CLI002853,PAR005,bancario,Imóveis,318000.0,180,0.1895,2136.78,2023-11-08,contemplada,,CTP000404,GI0015,2024-07-08,sorteio,0.0
CT0002773,GA0011,CLI001282,PAR002,loja,automovel,79100.0,72,0.191,1330.42,2024-08-14,ativa,,,,,,
CT0004942,GI0024,CLI004277,PAR009,digital,imóvel,612600.0,180,0.1928,4127.56,2026-05-22,ativa,,,,,,
CT0004067,GI0035,CLI004424,PAR003,correspondente,IMOVEIS,232300.0,150,0.209,1903.31,2026-02-22,ativa,,,,,,
CT0001034,GC0010,CLI000231,PAR004,telemarketing,Celular,4500.0,12,0.2486,475.72,2025-11-21,ativa,,,,,,
CT0002277,GI0035,CLI006226,PAR003,correspondente,imoveis,273600.0,150,0.1969,2219.63,2026-05-03,ativa,,,,,,
CT0006394,GC0012,CLI002254,PAR007,digital,smartphone,3200.0,15,0.2668,274.52,2025-08-14,cancelada,2026-01-14,,,,,
CT0008062,GS0012,CLI002536,PAR006,loja,servicos,31100.0,36,0.2061,1059.21,2026-02-13,cancelada,2026-06-13,,,,,
CT0005690,GI0015,CLI005741,PAR002,loja,IMOVEIS,633200.0,180,0.1988,4287.47,2024-01-16,cancelada,2025-04-16,,,,,
CT0007046,GA0083,CLI001120,PAR005,bancario,Auto,55000.0,60,0.1616,1083.13,2023-12-24,contemplada,,CTP000744,GA0083,2024-02-24,sorteio,0.0
CT0000766,GC0068,CLI001860,PAR099,digital,celular,8900.0,24,0.241,467.62,2024-09-28,cancelada,2024-10-28,,,,,
CT0006460,GI0023,CLI007064,PAR008,correspondente,imóvel,636700.0,200,0.1945,3866.36,2024-06-22,ativa,,,,,,
CT0004461,GI0012,CLI001796,PAR099,telemarketing,IMOVEIS,483100.0,150,0.2227,4002.32,2026-03-20,ativa,,,,,,
CT0000309,GI0007,CLI006980,PAR006,loja,Imóveis,187500.0,150,0.1965,1520.62,2025-08-11,ativa,,,,,,
CT0006893,GI0040,CLI002492,PAR003,correspondente,imóvel,397200.0,200,0.1933,2409.61,2023-12-08,ativa,,,,,,
CT0000797,GA0026,CLI002647,PAR011,correspondente,Automóvel,99100.0,72,0.184,1657.17,2023-06-05,ativa,,,,,,
CT0002297,GS0018,CLI000687,PAR008,correspondente,serviço,17900.0,24,0.205,913.65,2026-04-08,ativa,,,,,,
CT0003926,GC0050,CLI006504,PAR006,loja,Celular,3900.0,18,0.2311,271.07,2025-05-28,contemplada,,CTP000423,GC0050,2026-01-28,sorteio,0.0
CT0003105,GC0053,CLI000554,PAR006,loja,smartphone,3300.0,24,0.2372,172.87,2026-06-16,cancelada,2026-08-16,,,,,
CT0008521,GA0022,CLI006717,PAR001,digital,Automóvel,102300.0,80,0.1655,1515.96,2024-07-07,ativa,,,,,,
CT0004502,GA0083,CLI006690,PAR006,loja,auto,118500.0,60,0.1479,2306.6,2025-07-05,ativa,,,,,,
CT0008502,GA0031,CLI005016,PAR010,correspondente,auto,80700.0,72,0.1831,1348.47,2025-06-27,contemplada,,CTP000903,GA0031,2025-08-27,sorteio,0.0
CT0008468,GS0023,CLI001219,PAR004,telemarketing,Servicos,8200.0,24,0.1847,411.61,2025-12-01,ativa,,,,,,
CT0004957,GC0032,CLI006143,PAR007,digital,smartphone,7400.0,18,0.25,522.11,2024-06-22,cancelada,2024-08-22,,,,,
CT0002317,GA0056,CLI000483,PAR001,digital,Auto,109800.0,72,0.1633,1804.53,2024-07-17,contemplada,,CTP000252,GA0056,2025-04-17,sorteio,0.0
CT0001741,GA0040,CLI005733,PAR008,correspondente,AUTO,52600.0,72,0.1757,873.53,2023-12-20,contemplada,,CTP000193,GA0040,2025-05-20,sorteio,0.0
CT0006598,GC0005,CLI001109,PAR007,digital,smartphone,5700.0,24,0.2206,294.64,2024-12-01,cancelada,2026-03-01,,,,,
CT0008254,GA0047,CLI002613,PAR001,digital,Automóvel,83000.0,60,0.1548,1625.14,2024-04-03,ativa,,,,,,
CT0007763,GA0029,CLI002515,PAR002,loja,AUTO,58700.0,60,0.1705,1164.71,2026-06-03,ativa,,,,,,
CT0001679,GS0038,CLI004782,PAR007,digital,Serviços,17500.0,36,0.2123,599.03,2025-08-15,cancelada,2026-02-15,,,,,
CT0001291,GI0017,CLI003237,PAR003,,IMOVEIS,276900.0,150,0.1797,2214.65,2023-04-12,ativa,,,,,,
CT0008222,GI0022,CLI001547,PAR005,,Imóveis,487800.0,200,0.2118,3004.36,2024-08-02,ativa,,,,,,
CT0001597,GA0038,CLI000144,PAR001,,Auto,112500.0,72,0.1769,1870.16,2023-07-06,cancelada,2023-12-06,,,,,
CT0001229,GC0037,CLI002449,PAR006,loja,smartphone,6400.0,24,0.243,336.8,2024-07-19,quitada,,,,,,
CT0001920,GA0026,CLI005011,PAR001,digital,automovel,104300.0,72,0.1795,1737.61,2025-08-02,ativa,,,,,,
CT0004121,GA0089,CLI003474,PAR004,telemarketing,AUTO,104800.0,72,0.172,1735.02,2025-03-21,cancelada,2025-10-21,,,,,
CT0000747,GC0023,CLI004831,PAR005,bancario,celular,7200.0,18,0.2278,499.12,2025-04-28,ativa,,,,,,
CT0002868,GC0058,CLI003869,PAR004,telemarketing,Celular,6500.0,12,0.2261,674.97,2024-06-09,cancelada,2024-08-09,,,,,
CT0001056,GS0003,CLI006609,PAR009,digital,Serviços,17500.0,36,0.2071,596.51,2024-10-17,cancelada,2025-05-17,,,,,
CT0001892,GA0066,CLI002488,PAR012,interno,automovel,121400.0,72,0.1573,1985.06,2025-10-10,cancelada,2026-08-10,,,,,
CT0005858,GI0023,CLI003705,PAR003,correspondente,Imovel,492300.0,200,0.1988,3000.08,2024-08-06,ativa,,,,,,
CT0004071,GA0019,CLI005761,PAR012,interno,AUTO,102500.0,60,0.172,2036.33,2024-06-12,contemplada,,CTP000446,GA0019,2025-03-12,sorteio,0.0
CT0002780,GC0064,CLI001119,PAR006,loja,smartphone,5600.0,24,0.2315,292.02,2023-07-07,cancelada,2024-12-07,,,,,
CT0003418,GI0005,CLI004002,PAR003,correspondente,imóvel,268800.0,200,0.1919,1628.79,2024-08-25,ativa,,,,,,
CT0003275,GC0069,CLI003429,PAR007,digital,Celular,8700.0,24,0.2291,452.8,2025-02-20,cancelada,2025-06-20,,,,,
CT0008568,GC0007,CLI002748,PAR004,telemarketing,celular,2900.0,24,0.23,151.04,2024-02-02,cancelada,2025-05-02,,,,,
CT0003013,GC0052,CLI005971,PAR009,digital,celular,5200.0,12,0.2175,536.25,2025-05-21,cancelada,2026-02-21,,,,,
CT0000762,GI0038,CLI002597,PAR002,loja,Imóveis,380200.0,150,0.1915,3070.75,2024-07-09,ativa,,,,,,
CT0003220,GA0089,CLI005720,PAR005,bancario,auto,106900.0,72,0.1403,1722.72,2023-02-24,ativa,,,,,,
CT0002358,GA0030,CLI000182,PAR001,digital,Auto,79000.0,72,0.1567,1291.1,2025-02-26,ativa,,,,,,
CT0000260,GS0018,CLI005221,PAR008,correspondente,serviço,11800.0,24,0.224,611.63,2025-08-20,cancelada,2026-01-20,,,,,
CT0007169,GA0037,CLI006561,PAR005,bancario,automovel,107800.0,80,0.1803,1617.4,2024-01-24,ativa,,,,,,
CT0001163,GC0033,CLI005761,PAR012,interno,celular,8200.0,15,0.2164,675.9,2024-11-23,cancelada,2025-05-23,,,,,
CT0002878,GC0001,CLI005570,PAR009,digital,CELULAR,4400.0,24,0.2524,233.27,2025-07-20,ativa,,,,,,
CT0007653,GA0023,CLI004844,PAR010,correspondente,Auto,56300.0,72,0.1584,921.44,2025-09-24,ativa,,,,,,
CT0007961,GI0037,CLI005347,PAR012,interno,imoveis,520900.0,200,0.2187,3226.19,2024-05-18,contemplada,,CTP000840,GI0037,2025-12-18,lance_livre,121296.62
CT0002771,GA0010,CLI002425,PAR001,digital,Auto,102100.0,72,0.1536,1664.23,2025-10-18,ativa,,,,,,
CT0002732,GA0074,CLI004185,PAR004,,Auto,101400.0,80,0.1763,1516.31,2024-09-18,ativa,,,,,,
CT0004277,GA0081,CLI002984,PAR007,digital,auto,78800.0,72,0.1773,1310.38,2025-08-14,ativa,,,,,,
CT0002835,GC0033,CLI001690,PAR009,digital,smartphone,8400.0,15,0.2261,697.82,2024-09-11,quitada,,,,,,
CT0000387,GA0077,CLI001877,PAR002,loja,automovel,69700.0,80,0.1542,1023.02,2025-06-30,contemplada,,CTP000050,GA0077,2026-04-30,sorteio,0.0
CT0004280,GS0016,CLI003891,PAR005,bancario,serviço,30900.0,24,0.2022,1573.58,2025-09-04,ativa,,,,,,
CT0004945,GA0006,CLI005826,PAR006,,auto,47100.0,80,0.1561,692.43,2025-06-08,ativa,,,,,,
CT0003379,GC0059,CLI004006,PAR099,correspondente,CELULAR,2600.0,12,0.2383,272.63,2025-02-03,cancelada,2025-12-03,,,,,
CT0006849,GS0029,CLI002255,PAR004,telemarketing,Serviços,29600.0,24,0.1854,1486.66,2024-03-05,cancelada,2024-04-05,,,,,
CT0002771,GA0010,CLI002425,PAR001,digital,Auto,102100.0,72,0.1536,1664.23,2025-10-18,ativa,,,,,,
CT0003464,GA0036,CLI005832,PAR009,digital,Automóvel,124300.0,72,0.1504,2020.57,2025-03-16,ativa,,,,,,
CT0007585,GS0002,CLI004710,PAR008,correspondente,SERVICOS,29900.0,36,0.1917,1006.38,2023-04-18,cancelada,2025-04-18,,,,,
CT0002331,GA0002,CLI004413,PAR001,digital,AUTO,114400.0,60,0.168,2265.12,2025-04-15,ativa,,,,,,
CT0003438,GI0025,CLI006564,PAR005,bancario,Imóveis,624600.0,150,0.2163,5147.95,2025-12-27,ativa,,,,,,
CT0002275,GA0089,CLI006171,PAR002,loja,auto,78800.0,72,0.1668,1298.89,2026-04-20,ativa,,,,,,
CT0002043,GC0015,CLI002455,PAR007,digital,Celular,3300.0,24,0.223,170.91,2025-02-03,cancelada,2026-01-03,,,,,
CT0002705,GI0018,CLI006488,PAR005,bancario,imóvel,242100.0,200,0.2111,1490.25,2025-04-25,ativa,,,,,,
CT0006613,GC0000,CLI000532,PAR004,telemarketing,smartphone,5100.0,18,0.2333,355.1,2026-01-02,cancelada,2026-04-02,CTP000697,GC0000,2026-02-02,sorteio,0.0
CT0002805,GI0012,CLI006236,PAR006,loja,IMOVEIS,477200.0,150,0.2146,3927.67,2026-05-01,cancelada,2026-07-01,,,,,
CT0007847,GC0031,CLI003456,PAR007,,Celular,6600.0,24,0.2251,342.4,2025-10-25,contemplada,,CTP000831,GC0031,2026-03-25,sorteio,0.0
CT0004605,GI0030,CLI005169,PAR011,correspondente,IMOVEIS,511300.0,200,0.2224,3176.2,2025-11-02,contemplada,,CTP000495,GI0030,2026-08-02,sorteio,0.0
CT0003661,GA0081,CLI003580,PAR003,correspondente,Automóvel,119200.0,72,0.1494,1936.01,2026-02-02,ativa,,,,,,
CT0005080,GS0036,CLI004924,PAR009,digital,Servicos,11900.0,24,0.2278,618.7,2024-01-07,cancelada,2024-10-07,CTP000541,GS0036,2024-05-07,sorteio,0.0
CT0008449,GI0024,CLI005060,PAR005,bancario,imoveis,501000.0,180,0.208,3417.93,2025-12-08,ativa,,,,,,
CT0005464,GI0026,CLI005733,PAR003,correspondente,Imovel,325800.0,150,0.1914,2631.16,2024-10-10,contemplada,,CTP000582,GI0026,2026-02-10,sorteio,0.0
CT0004652,GA0041,CLI002053,PAR002,loja,Auto,103900.0,72,0.1626,1706.56,2026-01-26,ativa,,,,,,
CT0000284,GC0042,CLI003342,PAR006,loja,Celular,8700.0,12,0.2382,912.2,2025-12-31,ativa,,,,,,
CT0003550,GS0031,CLI002212,PAR010,correspondente,serviço,29600.0,36,0.1958,999.66,2024-07-09,ativa,,,,,,
CT0002810,GI0030,CLI003947,PAR003,,imóvel,596700.0,200,0.1752,3565.88,2025-11-12,ativa,,,,,,
CT0005075,GA0071,CLI000793,PAR004,telemarketing,AUTO,99500.0,72,0.1791,1657.09,2025-08-03,ativa,,,,,,
CT0006688,GC0056,CLI000233,PAR009,digital,celular,1800.0,12,0.2373,188.6,2023-10-17,quitada,,,,,,
CT0003289,GI0026,CLI006163,PAR012,interno,Imóveis,573400.0,150,0.1723,4557.77,2024-12-25,cancelada,2026-03-25,CTP000352,GI0026,2025-05-25,sorteio,0.0
CT0002398,GI0002,CLI000952,PAR008,correspondente,imóvel,400900.0,180,0.1838,2681.13,2025-05-19,contemplada,,CTP000261,GI0002,2026-01-19,sorteio,0.0
CT0006204,GC0044,CLI002617,PAR006,loja,CELULAR,4000.0,12,0.2225,414.17,2026-02-12,ativa,,,,,,
CT0000423,GS0001,CLI003228,PAR001,digital,Servicos,9000.0,24,0.2123,462.11,2024-02-24,quitada,,,,,,
CT0001183,GC0061,CLI001327,PAR004,telemarketing,Celular,5700.0,24,0.2448,300.39,2024-01-24,cancelada,2025-06-24,CTP000126,GC0061,2024-03-24,sorteio,0.0
CT0001159,GA0065,CLI004514,PAR012,interno,AUTO,113600.0,60,0.168,2249.28,2026-06-14,ativa,,,,,,
CT0005860,GA0075,CLI003393,PAR012,interno,AUTO,63300.0,60,0.1535,1238.04,2025-01-24,ativa,,,,,,
CT0008165,GI0018,CLI000154,PAR011,correspondente,imoveis,357500.0,200,0.2134,2204.7,2024-07-06,ativa,,,,,,
CT0005869,GI0037,CLI002532,PAR011,correspondente,Imovel,381900.0,200,0.1796,2290.64,2024-08-08,cancelada,2025-12-08,,,,,
CT0007739,GI0007,CLI003522,PAR005,bancario,Imovel,410300.0,150,0.198,3331.64,2024-10-07,cancelada,2025-03-07,,,,,
CT0003601,GC0017,CLI000137,PAR009,digital,CELULAR,6100.0,12,0.2355,638.21,2024-12-01,quitada,,,,,,
CT0006329,GC0056,CLI006889,PAR007,digital,celular,1900.0,12,0.2275,197.52,2025-03-24,quitada,,,,,,
CT0006112,GC0033,CLI003867,PAR007,digital,smartphone,8300.0,15,0.2432,698.97,2024-11-19,cancelada,2025-01-19,,,,,
CT0001687,GA0034,CLI006869,PAR012,interno,automovel,79800.0,80,0.161,1178.05,2024-07-27,ativa,,,,,,
CT0003504,GA0030,CLI007090,PAR002,loja,Auto,85900.0,72,0.1535,1400.05,2026-04-14,ativa,,,,,,
CT0005442,GS0010,CLI000257,PAR001,digital,Servicos,13300.0,24,0.2129,683.23,2024-11-03,ativa,,,,,,
CT0002574,GA0030,CLI002478,PAR008,correspondente,Auto,62500.0,72,0.152,1017.36,2024-03-15,cancelada,2026-05-15,,,,,
CT0000140,GC0060,CLI004991,PAR007,digital,smartphone,7000.0,24,0.2231,362.57,2025-09-13,cancelada,2025-10-13,,,,,
CT0004897,GA0010,CLI003642,PAR005,bancario,AUTO,85200.0,72,0.1824,1422.84,2025-02-22,contemplada,,CTP000530,GA0010,2026-01-22,sorteio,0.0
CT0005941,GA0084,CLI003462,PAR002,loja,automovel,65200.0,60,0.1707,1293.89,2025-10-05,ativa,,,,,,
CT0007911,GI0039,CLI002452,PAR001,digital,Imóveis,645300.0,200,0.216,3987.95,2024-12-28,ativa,,,,,,
CT0004622,GI0041,CLI001712,PAR009,digital,imóvel,379300.0,180,0.1891,2547.84,2025-07-01,ativa,,,,,,
CT0007714,GI0012,CLI000860,PAR011,correspondente,imóvel,355700.0,150,0.1959,2883.3,2026-01-05,ativa,,,,,,
CT0007866,GI0028,CLI000111,PAR004,telemarketing,imóvel,299500.0,200,0.2128,1846.12,2024-09-14,cancelada,2025-09-14,,,,,
CT0005103,GC0037,CLI005859,PAR004,telemarketing,Celular,8200.0,24,0.2116,420.8,2025-03-15,cancelada,2025-07-15,,,,,
CT0000178,GA0014,CLI006474,PAR002,,Auto,91000.0,80,0.1697,1353.28,2025-06-20,ativa,,,,,,
CT0001485,GA0076,CLI005156,PAR002,loja,AUTO,123200.0,72,0.1794,2052.31,2025-07-26,ativa,,,,,,
CT0000200,GI0022,CLI000266,PAR002,loja,imoveis,400100.0,200,0.2215,2483.62,2024-04-28,ativa,,,,,,
CT0003989,GC0039,CLI002618,PAR002,loja,Celular,3200.0,12,0.2369,335.17,2024-09-09,quitada,,,,,,
CT0008478,GA0053,CLI000488,PAR001,digital,AUTO,124900.0,80,0.1626,1846.33,2025-12-20,ativa,,,,,,
CT0008460,GA0014,CLI001828,PAR011,correspondente,AUTO,48200.0,80,0.1545,707.64,2023-11-06,contemplada,,CTP000897,GA0014,2024-02-06,lance_livre,22413.93
CT0004838,GI0013,CLI003333,PAR002,loja,Imóveis,199700.0,150,0.2091,1636.34,2025-12-22,ativa,,,,,,
CT0007383,GC0039,CLI002420,PAR006,loja,Celular,5200.0,12,0.211,533.43,2024-10-08,cancelada,2025-02-08,,,,,
CT0008048,GC0018,CLI005690,PAR007,digital,celular,6800.0,12,0.2267,706.46,2025-04-21,cancelada,2025-06-21,,,,,
CT0001754,GI0018,CLI004086,PAR008,correspondente,Imovel,602900.0,200,0.2004,3678.9,2024-11-23,ativa,,,,,,
CT0002487,GA0067,CLI004872,PAR002,loja,auto,68400.0,80,0.1575,1006.76,2024-07-09,ativa,,,,,,
CT0005977,GC0009,CLI005316,PAR007,digital,smartphone,4600.0,24,0.2178,237.25,2025-06-27,cancelada,2026-04-27,,,,,
CT0007850,GI0014,CLI001541,PAR005,bancario,imoveis,282100.0,150,0.2148,2322.25,2025-03-18,ativa,,,,,,
CT0006116,GC0053,CLI006292,PAR007,digital,CELULAR,6000.0,24,0.2454,316.35,2025-01-15,cancelada,2025-05-15,,,,,
CT0000120,GA0015,CLI002626,PAR002,loja,Automóvel,114600.0,80,0.1781,1716.28,2025-05-27,ativa,,,,,,
CT0001980,GI0042,CLI000328,PAR005,bancario,imóvel,384300.0,150,0.2201,3177.14,2024-05-14,contemplada,,CTP000218,GI0042,2025-02-14,lance_livre,155518.07
CT0005451,GC0055,CLI003664,PAR001,digital,CELULAR,6000.0,24,0.2265,311.62,2023-10-20,cancelada,2024-01-20,,,,,
CT0002557,GA0016,CLI006740,PAR010,correspondente,auto,56400.0,80,0.1698,838.81,2023-10-13,ativa,,,,,,
CT0000272,GS0003,CLI003287,PAR009,digital,servicos,28200.0,36,0.2159,968.12,2025-12-20,contemplada,,CTP000033,GS0003,2026-01-20,lance_livre,14024.92
CT0007487,GA0066,CLI001634,PAR006,loja,automovel,105400.0,72,0.1673,1738.08,2025-07-24,ativa,,,,,,
CT0003004,GA0013,CLI005095,PAR012,interno,AUTO,56600.0,72,0.1567,925.02,2025-10-03,ativa,,,,,,
CT0007145,GA0047,CLI001161,PAR004,telemarketing,Automóvel,99400.0,60,0.1602,1955.2,2025-05-22,cancelada,2025-06-22,,,,,
CT0007237,GI0042,CLI004955,PAR003,correspondente,Imóveis,485500.0,150,0.2085,3976.24,2024-07-08,ativa,,,,,,
CT0001270,GC0056,CLI001837,PAR004,telemarketing,smartphone,5700.0,12,0.2167,587.43,2024-12-02,cancelada,2025-01-02,,,,,
CT0002554,GC0046,CLI004160,PAR012,interno,CELULAR,6300.0,12,0.2253,653.78,2024-12-18,quitada,,,,,,
CT0006722,GI0033,CLI002162,PAR005,bancario,imóvel,467200.0,200,0.2331,2927.24,2024-07-11,ativa,,,,,,
CT0002282,GS0035,CLI000588,PAR001,digital,SERVICOS,14500.0,24,0.2066,741.07,2024-11-27,ativa,,,,,,
CT0005258,GC0039,CLI001123,PAR009,digital,CELULAR,4500.0,12,0.2255,467.06,2025-01-07,quitada,,,,,,
CT0007832,GA0021,CLI002532,PAR007,digital,AUTO,75200.0,80,0.1496,1099.42,2024-12-08,cancelada,2025-08-08,,,,,
CT0005215,GI0020,CLI005079,PAR007,digital,imoveis,259900.0,180,0.2103,1776.42,2025-06-07,cancelada,2026-02-07,,,,,
CT0000996,GI0021,CLI001209,PAR003,correspondente,Imovel,453400.0,200,0.2091,2786.37,2025-12-27,ativa,,,,,,
CT0004312,GC0010,CLI006157,PAR007,digital,smartphone,7300.0,12,0.2045,744.9,2025-06-23,quitada,,,,,,
CT0005548,GA0079,CLI003746,PAR002,loja,automovel,59900.0,72,0.187,1004.16,2025-05-26,ativa,,,,,,
CT0002745,GA0063,CLI002170,PAR012,interno,automovel,46600.0,60,0.1815,933.17,2024-04-09,ativa,,,,,,
CT0003854,GA0005,CLI004610,PAR010,correspondente,auto,111800.0,80,0.1736,1668.06,2026-07-12,ativa,,,,,,
CT0005736,GA0024,CLI002461,PAR007,,automovel,96200.0,72,0.1648,1583.02,2025-04-02,cancelada,2025-07-02,,,,,
CT0003441,GA0071,CLI003768,PAR001,digital,Auto,93800.0,72,0.1646,1543.27,2023-12-07,cancelada,2025-04-07,,,,,
CT0008006,GI0004,CLI003047,PAR007,digital,IMOVEIS,217800.0,200,0.1952,1323.35,2025-11-02,ativa,,,,,,
CT0008409,GI0004,CLI002234,PAR006,loja,imóvel,200300.0,200,0.194,1215.82,2026-07-08,ativa,,,,,,
CT0007378,GC0043,CLI005288,PAR004,telemarketing,CELULAR,6900.0,18,0.2234,476.64,2025-10-24,ativa,,,,,,
CT0005988,GA0039,CLI002687,PAR002,loja,automovel,52100.0,60,0.1663,1030.1,2023-03-04,ativa,,,,,,
CT0005334,GS0039,CLI004676,PAR005,,serviço,20000.0,48,0.2064,511.0,2025-12-24,ativa,,,,,,
CT0003428,GI0011,CLI006698,PAR011,correspondente,IMOVEIS,639000.0,200,0.2006,3899.82,2025-06-09,cancelada,2026-06-09,,,,,
CT0006430,GS0035,CLI004818,PAR005,bancario,servicos,33400.0,24,0.1921,1686.84,2023-11-26,cancelada,2023-12-26,,,,,
CT0004211,GC0027,CLI003515,PAR009,digital,smartphone,7100.0,15,0.2403,596.54,2024-01-11,quitada,,,,,,
CT0005581,GA0033,CLI000105,PAR008,correspondente,Automóvel,64500.0,60,0.1583,1266.67,2025-01-10,ativa,,,,,,
CT0007278,GI0037,CLI006276,PAR006,loja,imoveis,263600.0,200,0.1937,1599.66,2025-02-25,ativa,,,,,,
CT0003789,GA0047,CLI003965,PAR001,digital,Automóvel,89000.0,60,0.1392,1719.48,2025-07-16,ativa,,,,,,
CT0002905,GS0004,CLI001599,PAR004,telemarketing,servicos,19300.0,36,0.2048,656.63,2024-05-09,cancelada,2024-11-09,,,,,
CT0001673,GS0037,CLI004043,PAR099,interno,servicos,9800.0,48,0.2122,251.57,2025-09-16,ativa,,,,,,
CT0000897,GI0024,CLI000772,PAR008,correspondente,IMOVEIS,595600.0,180,0.1734,3948.83,2026-01-10,ativa,,,,,,
CT0005620,GC0061,CLI006297,PAR007,digital,Celular,9000.0,24,0.2119,461.96,2024-11-06,cancelada,2025-05-06,,,,,
CT0000902,GA0040,CLI003928,PAR002,loja,AUTO,71400.0,72,0.1761,1186.13,2024-10-11,ativa,,,,,,
CT0002797,GA0015,CLI006011,PAR007,digital,auto,88400.0,80,0.1809,1326.99,2025-03-02,ativa,,,,,,
CT0007106,GA0008,CLI000462,PAR001,digital,AUTO,61800.0,80,0.1552,907.84,2023-07-08,contemplada,,CTP000748,GA0008,2025-11-08,sorteio,0.0
CT0007102,GI0026,CLI003738,PAR003,correspondente,Imóveis,504100.0,150,0.1954,4084.55,2026-06-02,ativa,,,,,,
CT0008459,GS0028,CLI002167,PAR009,digital,Serviços,17300.0,24,0.1937,874.88,2025-01-26,ativa,,,,,,
CT0001358,GA0053,CLI004539,PAR099,digital,Auto,128000.0,80,0.1641,1894.56,2025-06-14,ativa,,,,,,
CT0001856,GC0053,CLI002661,PAR007,digital,CELULAR,7300.0,24,0.2198,377.11,2024-11-17,ativa,,,,,,
CT0006490,GA0044,CLI005021,PAR004,telemarketing,Automóvel,98900.0,60,0.1728,1966.13,2025-01-09,cancelada,2026-01-09,,,,,
CT0003977,GA0026,CLI006421,PAR007,,Automóvel,48200.0,72,0.17,796.64,2025-03-22,contemplada,,CTP000432,GA0026,2026-08-22,sorteio,0.0
CT0001121,GS0038,CLI003416,PAR009,digital,servicos,7200.0,36,0.2042,244.84,2025-01-28,ativa,,,,,,
CT0007935,GC0037,CLI004291,PAR007,digital,Celular,6200.0,24,0.2417,325.94,2025-03-28,cancelada,2025-05-28,,,,,
CT0004410,GA0047,CLI001339,PAR004,telemarketing,AUTO,59200.0,60,0.1459,1150.35,2024-03-24,cancelada,2025-11-24,,,,,
CT0004785,GA0051,CLI003917,PAR002,loja,Automóvel,90300.0,60,0.1607,1776.95,2025-04-04,ativa,,,,,,
CT0004397,GC0049,CLI001429,PAR006,loja,Celular,8200.0,24,0.223,424.69,2025-11-07,ativa,,,,,,
CT0003566,GA0048,CLI005156,PAR001,digital,Auto,72400.0,80,0.1489,1057.85,2026-02-01,ativa,,,,,,
CT0007338,GA0007,CLI000003,PAR006,loja,AUTO,99300.0,72,0.1694,1640.38,2025-06-08,ativa,,,,,,
CT0006069,GC0013,CLI002532,PAR008,correspondente,Celular,2800.0,18,0.2407,196.11,2023-05-19,cancelada,2024-10-19,,,,,
CT0003283,GA0077,CLI000611,PAR001,digital,Automóvel,74600.0,80,0.1847,1123.38,2026-01-31,ativa,,,,,,
CT0003800,GS0020,CLI006208,PAR012,interno,SERVICOS,18800.0,48,0.2004,477.99,2024-09-11,ativa,,,,,,
CT0006227,GC0039,CLI001455,PAR007,digital,smartphone,3200.0,12,0.2298,333.28,2024-11-03,quitada,,,,,,
CT0004709,GA0025,CLI001137,PAR008,correspondente,Automóvel,73400.0,72,0.1571,1199.99,2025-11-25,ativa,,,,,,
CT0005613,GI0020,CLI003005,PAR003,correspondente,Imóveis,299200.0,180,0.1925,2015.44,2025-08-02,ativa,,,,,,
CT0000435,GC0000,CLI006112,PAR009,digital,CELULAR,5800.0,18,0.2329,403.71,2024-09-28,quitada,,,,,,
CT0000127,GI0024,CLI007153,PAR011,correspondente,imoveis,195600.0,180,0.2198,1347.25,2024-08-01,contemplada,,CTP000012,GI0024,2025-11-01,sorteio,0.0
CT0003146,GC0006,CLI003733,PAR009,digital,CELULAR,4200.0,18,0.2034,285.46,2023-10-30,cancelada,2023-11-30,,,,,
CT0005459,GA0088,CLI002292,PAR001,digital,auto,78200.0,80,0.1753,1168.41,2025-11-28,ativa,,,,,,
CT0004833,GA0073,CLI006025,PAR005,bancario,Auto,83200.0,80,0.1437,1210.25,2026-03-05,contemplada,,CTP000521,GA0073,2026-08-05,lance_fixo,20800.0
CT0008302,GA0031,CLI000740,PAR002,loja,auto,77000.0,72,0.1781,1281.3,2025-05-29,contemplada,,CTP000880,GA0031,2026-04-29,sorteio,0.0
CT0007452,GA0061,CLI006814,PAR002,loja,Automóvel,88900.0,80,0.1662,1318.16,2025-09-23,contemplada,,CTP000783,GA0061,2026-03-23,sorteio,0.0
CT0004284,GA0086,CLI001540,PAR004,telemarketing,Auto,120200.0,60,0.1547,2353.32,2025-11-26,cancelada,2026-03-26,,,,,
CT0000062,GS0035,CLI000258,PAR009,digital,SERVICOS,26100.0,24,0.2,1326.75,2025-06-06,ativa,,,,,,
CT0006331,GA0082,CLI002117,PAR001,digital,Auto,62900.0,80,0.1532,922.43,2024-11-01,ativa,,,,,,
CT0006764,GA0009,CLI007053,PAR009,digital,auto,110500.0,80,0.1662,1638.44,2025-01-16,ativa,,,,,,
CT0004982,GI0028,CLI001866,PAR003,correspondente,IMOVEIS,365800.0,200,0.1967,2225.34,2023-04-28,ativa,,,,,,
CT0008051,GS0030,CLI001017,PAR007,digital,Servicos,34600.0,36,0.2025,1174.96,2024-06-27,contemplada,,CTP000852,GS0030,2026-04-27,sorteio,0.0
CT0008292,GC0028,CLI004838,PAR009,digital,smartphone,2500.0,18,0.2427,175.38,2025-02-11,quitada,,,,,,
CT0003690,GC0010,CLI003212,PAR009,digital,CELULAR,5300.0,12,0.2378,555.53,2023-10-15,quitada,,,,,,
CT0006587,GC0006,CLI006724,PAR008,correspondente,celular,8200.0,18,0.2139,562.11,2024-11-19,quitada,,,,,,
CT0000442,GI0009,CLI004557,PAR099,correspondente,imoveis,303500.0,180,0.2185,2088.25,2024-07-21,contemplada,,CTP000055,GI0009,2026-07-21,sorteio,0.0
CT0003728,GC0045,CLI005840,PAR007,digital,celular,8800.0,18,0.2364,614.24,2024-11-22,cancelada,2025-09-22,,,,,
CT0001871,GI0040,CLI003024,PAR005,bancario,IMOVEIS,300800.0,200,0.1956,1828.26,2024-03-12,contemplada,,CTP000206,GI0040,2025-10-12,sorteio,0.0
CT0001302,GI0014,CLI004706,PAR005,bancario,Imóveis,315700.0,150,0.2054,2579.06,2025-03-22,ativa,,,,,,
CT0000671,GC0008,CLI004633,PAR009,digital,Celular,4400.0,18,0.2265,304.7,2024-05-18,quitada,,,,,,
CT0008144,GC0014,CLI006322,PAR007,digital,smartphone,7600.0,24,0.2342,397.16,2025-08-02,cancelada,2026-01-02,,,,,
CT0001533,GA0045,CLI001191,PAR008,correspondente,automovel,53700.0,60,0.1747,1069.26,2025-02-05,cancelada,2026-01-05,,,,,
CT0002407,GA0063,CLI003197,PAR008,correspondente,auto,106100.0,60,0.1638,2093.35,2024-03-30,ativa,,,,,,
CT0005648,GI0014,CLI005498,PAR005,bancario,Imóveis,307200.0,150,0.1923,2482.79,2023-06-14,ativa,,,,,,
CT0006706,GA0074,CLI000748,PAR004,telemarketing,AUTO,122900.0,80,0.1741,1834.44,2025-05-16,ativa,,,,,,
CT0007781,GI0037,CLI000883,PAR005,bancario,imoveis,295000.0,200,0.2007,1800.53,2025-01-30,ativa,,,,,,
CT0005223,GC0023,CLI005629,PAR004,telemarketing,smartphone,4700.0,18,0.2551,332.94,2024-06-25,cancelada,2024-11-25,,,,,
CT0005993,GC0006,CLI000809,PAR006,loja,CELULAR,6000.0,18,0.248,422.67,2026-05-26,ativa,,,,,,
CT0006076,GA0015,CLI006846,PAR008,correspondente,Automóvel,93800.0,80,0.1845,1412.28,2025-06-20,ativa,,,,,,
CT0006223,GA0014,CLI004827,PAR007,digital,Auto,52700.0,80,0.1731,785.95,2025-02-25,ativa,,,,,,
CT0007928,GA0087,CLI005767,PAR010,correspondente,auto,52300.0,60,0.1594,1028.04,2025-09-27,ativa,,,,,,
CT0000064,GA0087,CLI005571,PAR012,interno,automovel,113800.0,60,0.1581,2234.46,2026-05-11,ativa,,,,,,
CT0005238,GC0012,CLI006918,PAR001,digital,celular,2600.0,15,0.2326,217.12,2025-10-01,ativa,,,,,,
CT0005787,GC0038,CLI005457,PAR012,interno,celular,6900.0,18,0.2203,475.45,2023-11-10,quitada,,,,,,
CT0002290,GC0034,CLI003122,PAR007,digital,CELULAR,4700.0,12,0.2189,485.24,2025-08-06,quitada,,,,,,
CT0002854,GC0037,CLI000192,PAR001,digital,Celular,3100.0,24,0.2164,159.7,2025-11-22,contemplada,,CTP000312,GC0037,2026-03-22,lance_fixo,775.0
CT0000155,GC0053,CLI005212,PAR004,telemarketing,smartphone,4200.0,24,0.2164,216.37,2025-06-05,ativa,,,,,,
CT0003356,GA0007,CLI005760,PAR002,loja,Automóvel,115600.0,72,0.1656,1903.55,2024-03-06,ativa,,,,,,
CT0001119,GA0020,CLI000369,PAR007,digital,Auto,108100.0,80,0.1592,1593.39,2025-01-01,cancelada,2025-03-01,,,,,
CT0007048,GA0084,CLI001917,PAR006,loja,AUTO,125900.0,60,0.1582,2472.26,2025-09-08,ativa,,,,,,
CT0002022,GI0039,CLI002916,PAR001,digital,Imovel,584100.0,200,0.2008,3565.35,2024-11-06,contemplada,,CTP000222,GI0039,2025-08-06,lance_livre,183748.38
CT0000730,GA0070,CLI003684,PAR005,bancario,AUTO,121600.0,60,0.164,2399.57,2025-02-09,ativa,,,,,,
CT0006440,GA0071,CLI002831,PAR005,bancario,Automóvel,53400.0,72,0.1875,895.56,2025-03-28,ativa,,,,,,
CT0002543,GS0024,CLI006713,PAR011,correspondente,Serviços,28800.0,36,0.2173,989.84,2025-05-10,ativa,,,,,,
CT0005900,GC0034,CLI001527,PAR005,bancario,celular,8900.0,12,0.213,914.48,2023-08-03,quitada,,,,,,
CT0007755,GI0032,CLI003503,PAR010,correspondente,imoveis,368500.0,180,0.1855,2467.93,2023-08-30,ativa,,,,,,
CT0007458,GC0038,CLI000052,PAR004,telemarketing,celular,8800.0,18,0.2319,612.04,2023-08-30,cancelada,2023-10-30,,,,,
CT0005259,GC0065,CLI001589,PAR007,digital,celular,6700.0,18,0.2395,468.81,2025-02-02,cancelada,2025-03-02,,,,,
CT0001304,GI0023,CLI005999,PAR004,telemarketing,IMOVEIS,604300.0,200,0.1645,3578.97,2026-06-30,ativa,,,,,,
CT0004742,GC0068,CLI003432,PAR007,digital,celular,2400.0,24,0.2359,125.59,2025-06-09,cancelada,2025-08-09,,,,,
CT0006984,GC0050,CLI005941,PAR007,digital,celular,2300.0,18,0.2178,158.16,2024-12-03,cancelada,2025-02-03,,,,,
CT0004148,GC0054,CLI003111,PAR001,digital,Celular,8900.0,12,0.2369,932.2,2024-09-11,quitada,,,,,,
CT0000166,GA0040,CLI005772,PAR099,digital,automovel,112100.0,72,0.1522,1825.05,2026-04-08,ativa,,,,,,
CT0005364,GC0063,CLI003313,PAR001,digital,CELULAR,2500.0,15,0.2456,210.93,2024-12-27,cancelada,2025-04-27,,,,,
CT0006181,GS0033,CLI002012,PAR008,correspondente,servicos,25100.0,48,0.1944,635.03,2026-03-06,ativa,,,,,,
CT0008138,GC0054,CLI000762,PAR004,telemarketing,smartphone,5700.0,12,0.2243,591.04,2024-03-11,cancelada,2024-09-11,,,,,
CT0001152,GI0024,CLI005692,PAR005,bancario,imoveis,359400.0,180,0.1908,2417.56,2023-11-29,ativa,,,,,,
CT0003196,GI0037,CLI000194,PAR003,correspondente,Imovel,388200.0,200,0.1877,2344.15,2024-05-13,ativa,,,,,,
CT0002087,GA0049,CLI006818,PAR001,digital,automovel,87500.0,60,0.1792,1748.83,2025-09-14,ativa,,,,,,
CT0003108,GC0009,CLI001894,PAR007,digital,Celular,5300.0,24,0.2411,278.49,2025-03-19,cancelada,2025-10-19,,,,,
CT0000617,GS0030,CLI002010,PAR002,loja,SERVICOS,16900.0,36,0.2041,574.65,2025-05-15,contemplada,,CTP000079,GS0030,2026-05-15,lance_livre,7473.47
CT0002741,GS0018,CLI002436,PAR005,bancario,Serviços,23200.0,24,0.2143,1193.16,2026-06-29,ativa,,,,,,
CT0002426,GC0035,CLI003477,PAR009,digital,Celular,5600.0,24,0.2214,289.66,2024-08-22,quitada,,,,,,
CT0001466,GS0000,CLI001328,PAR001,digital,Serviços,20400.0,36,0.2,691.33,2023-12-16,ativa,,,,,,
CT0003476,GC0055,CLI005444,PAR004,telemarketing,celular,4000.0,24,0.231,208.5,2025-05-28,cancelada,2025-09-28,,,,,
CT0007347,GC0005,CLI003830,PAR007,digital,celular,8500.0,24,0.217,438.1,2025-07-11,cancelada,2025-10-11,,,,,
CT0003638,GA0038,CLI005286,PAR005,bancario,automovel,103700.0,72,0.1718,1716.52,2024-04-15,ativa,,,,,,
CT0002298,GA0074,CLI006210,PAR001,digital,AUTO,126100.0,80,0.1712,1877.63,2024-11-02,ativa,,,,,,
CT0005775,GI0008,CLI001734,PAR003,,Imóveis,478200.0,180,0.1978,3235.29,2024-04-26,ativa,,,,,,
CT0006240,GC0009,CLI005101,PAR006,loja,smartphone,4200.0,24,0.2541,222.97,2024-10-30,ativa,,,,,,
CT0008332,GC0000,CLI005446,PAR004,telemarketing,CELULAR,4200.0,18,0.214,287.93,2025-02-25,cancelada,2025-07-25,,,,,
CT0003313,GC0044,CLI001787,PAR004,telemarketing,CELULAR,4800.0,12,0.2441,505.64,2026-03-08,cancelada,2026-04-08,,,,,
CT0001348,GC0033,CLI000574,PAR009,digital,celular,6400.0,15,0.2491,541.48,2024-08-02,cancelada,2025-04-02,,,,,
CT0002065,GA0025,CLI002554,PAR007,digital,AUTO,90900.0,72,0.181,1516.26,2025-09-12,cancelada,2025-12-12,,,,,
CT0006948,GC0048,CLI003499,PAR001,digital,Celular,5600.0,18,0.2334,389.95,2024-11-28,quitada,,,,,,
CT0008492,GS0023,CLI003899,PAR007,digital,servicos,29000.0,24,0.2178,1495.67,2025-01-22,cancelada,2025-04-22,,,,,
CT0004402,GS0014,CLI005818,PAR011,correspondente,serviço,25200.0,36,0.1634,828.38,2024-11-23,ativa,,,,,,
CT0002046,GC0034,CLI002994,PAR099,digital,CELULAR,6900.0,12,0.2569,734.22,2025-04-27,quitada,,,,,,
CT0005228,GA0088,CLI006659,PAR001,digital,auto,50200.0,80,0.1639,742.9,2024-09-15,contemplada,,CTP000558,GA0088,2025-07-15,sorteio,0.0
CT0006413,GC0016,CLI004246,PAR007,digital,celular,4200.0,12,0.24,441.0,2024-12-24,cancelada,2025-06-24,,,,,
CT0001224,GI0044,CLI005594,PAR005,bancario,IMOVEIS,431500.0,150,0.1987,3505.79,2024-02-21,contemplada,,CTP000131,GI0044,2026-05-21,sorteio,0.0
CT0001198,GA0075,CLI005335,PAR001,digital,auto,129800.0,60,0.1714,2577.4,2025-08-28,ativa,,,,,,
CT0003405,GC0048,CLI004618,PAR008,correspondente,CELULAR,6500.0,18,0.2327,452.36,2026-03-28,ativa,,,,,,
CT0004967,GA0031,CLI000659,PAR012,interno,Automóvel,83900.0,72,0.1765,1394.25,2025-06-29,ativa,,,,,,
CT0004125,GI0019,CLI005306,PAR012,interno,imóvel,539900.0,150,0.2064,4414.22,2025-12-26,ativa,,,,,,
CT0000071,GC0068,CLI005927,PAR001,digital,smartphone,4400.0,24,0.2388,230.78,2026-04-28,ativa,,,,,,
CT0000424,GA0011,CLI005079,PAR001,digital,Auto,48400.0,72,0.1586,792.28,2024-03-28,contemplada,,CTP000054,GA0011,2025-07-28,lance_livre,23347.87
CT0000993,GS0013,CLI002683,PAR007,digital,Serviços,21600.0,36,0.2102,738.12,2025-07-07,ativa,,,,,,
CT0007333,GA0077,CLI003749,PAR009,digital,auto,109400.0,80,0.1777,1637.85,2023-12-25,cancelada,2025-10-25,,,,,
CT0001714,GC0011,CLI000996,PAR001,digital,CELULAR,7200.0,12,0.2481,760.86,2024-01-06,cancelada,2024-10-06,,,,,
CT0007248,GI0035,CLI000077,PAR001,digital,Imóveis,590900.0,150,0.1951,4786.68,2025-02-01,cancelada,2026-04-01,,,,,
CT0001613,GC0049,CLI002911,PAR004,telemarketing,CELULAR,6400.0,24,0.2253,332.08,2026-04-22,cancelada,2026-06-22,,,,,
CT0005683,GC0015,CLI002354,PAR004,telemarketing,CELULAR,2300.0,24,0.2497,121.68,2025-11-29,ativa,,,,,,
CT0002291,GC0009,CLI000315,PAR006,loja,CELULAR,5300.0,24,0.2228,274.45,2024-05-30,quitada,,,,,,
CT0003716,GC0021,CLI006190,PAR009,digital,CELULAR,4100.0,12,0.2442,431.94,2023-11-24,quitada,,,,,,
CT0001444,GS0012,CLI004907,PAR012,,servicos,34700.0,36,0.2018,1177.68,2025-01-20,ativa,,,,,,
CT0003502,GC0028,CLI001560,PAR004,telemarketing,Celular,4500.0,18,0.2405,315.12,2025-09-22,ativa,,,,,,
CT0003543,GS0032,CLI004875,PAR001,digital,Serviços,29000.0,36,0.2107,991.4,2024-10-23,cancelada,2026-07-23,,,,,
CT0005026,GI0019,CLI002598,PAR001,digital,Imovel,225900.0,150,0.1886,1820.15,2025-09-06,cancelada,2025-11-06,,,,,
CT0005200,GC0060,CLI000746,PAR007,digital,celular,4700.0,24,0.2491,248.53,2025-04-11,cancelada,2025-08-11,,,,,
CT0004682,GC0065,CLI002025,PAR007,digital,CELULAR,8000.0,18,0.2242,552.98,2025-07-24,cancelada,2026-02-24,,,,,
CT0004389,GC0063,CLI006734,PAR009,digital,celular,7700.0,15,0.2181,635.56,2024-08-09,cancelada,2025-01-09,,,,,
CT0007170,GA0015,CLI005728,PAR001,digital,Automóvel,68000.0,80,0.1614,1004.19,2024-02-03,cancelada,2024-06-03,CTP000756,GA0015,2024-06-03,sorteio,0.0
CT0002955,GC0063,CLI003372,PAR099,digital,smartphone,3500.0,15,0.2218,289.75,2025-09-18,ativa,,,,,,
CT0007128,GI0019,CLI001062,PAR005,bancario,Imovel,364500.0,150,0.1898,2939.81,2025-10-31,ativa,,,,,,
CT0005357,GI0026,CLI001642,PAR003,correspondente,imóvel,589400.0,150,0.1668,4663.33,2024-02-24,ativa,,,,,,
CT0003040,GA0084,CLI002782,PAR002,loja,Auto,88200.0,60,0.1771,1759.74,2026-07-05,ativa,,,,,,
CT0000635,GI0037,CLI000833,PAR003,correspondente,Imóveis,484300.0,200,0.1837,2914.76,2025-05-19,ativa,,,,,,
CT0005843,GS0032,CLI004360,PAR010,correspondente,Servicos,33000.0,36,0.2099,1127.41,2025-01-16,cancelada,2025-05-16,,,,,
CT0003821,GI0020,CLI005005,PAR011,correspondente,Imovel,242000.0,180,0.1892,1625.7,2023-05-20,contemplada,,CTP000410,GI0020,2025-09-20,sorteio,0.0
CT0001500,GA0049,CLI001713,PAR001,digital,AUTO,81200.0,60,0.1698,1610.2,2025-02-04,contemplada,,CTP000168,GA0049,2025-05-04,lance_livre,9959.04
CT0006959,GI0012,CLI000617,PAR006,loja,Imovel,258100.0,150,0.2029,2104.2,2023-09-15,ativa,,,,,,
CT0006954,GC0064,CLI002438,PAR007,digital,CELULAR,5400.0,24,0.2534,286.52,2025-02-14,cancelada,2025-12-14,,,,,
CT0001773,GA0039,CLI001663,PAR008,correspondente,Auto,48600.0,60,0.1639,958.96,2023-12-15,cancelada,2024-01-15,,,,,
CT0002863,GS0021,CLI006557,PAR001,digital,SERVICOS,7500.0,36,0.2211,258.56,2025-10-27,ativa,,,,,,
CT0001023,GI0005,CLI004721,PAR009,digital,Imovel,332200.0,200,0.1928,2014.46,2024-08-31,cancelada,2026-05-31,,,,,
CT0006342,GC0063,CLI006202,PAR007,digital,CELULAR,2200.0,15,0.2332,183.8,2025-09-02,ativa,,,,,,
CT0000654,GC0069,CLI002137,PAR007,digital,smartphone,3400.0,24,0.2256,176.46,2025-06-28,cancelada,2025-07-28,,,,,
CT0006680,GS0022,CLI002347,PAR007,digital,servicos,28500.0,24,0.1919,1439.13,2025-08-05,cancelada,2025-09-05,,,,,
CT0000104,GS0007,CLI004982,PAR005,bancario,serviço,23500.0,24,0.2047,1199.19,2024-10-02,cancelada,2025-04-02,,,,,
CT0001368,GA0055,CLI006313,PAR002,loja,Automóvel,47200.0,80,0.1618,697.26,2024-10-20,ativa,,,,,,
CT0006188,GC0018,CLI004386,PAR012,interno,CELULAR,4300.0,12,0.2039,438.56,2026-01-11,cancelada,2026-02-11,,,,,
CT0008261,GA0088,CLI005554,PAR002,loja,automovel,126900.0,80,0.1681,1884.62,2025-07-05,ativa,,,,,,
CT0002312,GA0083,CLI002985,PAR006,loja,auto,71700.0,60,0.1574,1406.99,2026-06-01,ativa,,,,,,
CT0005327,GC0067,CLI003441,PAR006,loja,Celular,5700.0,15,0.2167,469.95,2024-02-28,cancelada,2024-06-28,,,,,
CT0001757,GS0035,CLI005740,PAR004,telemarketing,Servicos,25900.0,24,0.2008,1317.45,2023-06-01,cancelada,2023-07-01,CTP000196,GS0035,2023-07-01,sorteio,0.0
CT0004147,GC0037,CLI006067,PAR099,loja,celular,4600.0,24,0.1949,232.86,2024-07-20,quitada,,,,,,
CT0002026,GC0032,CLI005849,PAR009,,smartphone,8500.0,18,0.2341,592.21,2025-07-10,cancelada,2026-06-10,,,,,
CT0004848,GI0029,CLI000128,PAR010,correspondente,imoveis,511500.0,200,0.2234,3180.0,2024-03-09,cancelada,2025-07-09,,,,,
CT0001557,GS0034,CLI004591,PAR001,digital,serviço,26000.0,36,0.2003,881.33,2026-01-30,ativa,,,,,,
CT0002652,GA0023,CLI003566,PAR004,telemarketing,AUTO,80600.0,72,0.1643,1325.76,2024-07-31,cancelada,2025-01-31,,,,,
CT0005232,GC0057,CLI005978,PAR007,digital,CELULAR,5900.0,24,0.2496,312.11,2025-08-20,ativa,,,,,,
CT0002654,GI0021,CLI005513,PAR001,digital,Imóveis,387300.0,200,0.1922,2347.43,2024-08-17,ativa,,,,,,
CT0002260,GC0036,CLI002149,PAR006,loja,smartphone,6300.0,24,0.2495,333.24,2024-07-27,cancelada,2025-04-27,CTP000246,GC0036,2024-12-27,sorteio,0.0
CT0001089,GS0008,CLI003542,PAR009,digital,Serviços,29800.0,48,0.1933,753.26,2024-08-26,cancelada,2026-05-26,,,,,
CT0000793,GA0082,CLI003777,PAR003,correspondente,auto,113700.0,80,0.1575,1673.52,2025-09-22,ativa,,,,,,
CT0000799,GI0021,CLI006176,PAR099,interno,imóvel,630300.0,200,0.204,3857.44,2025-08-03,ativa,,,,,,
CT0002208,GA0076,CLI003471,PAR001,digital,auto,51500.0,72,0.1753,854.97,2025-06-15,cancelada,2025-10-15,,,,,
CT0001877,GA0017,CLI003448,PAR002,loja,Auto,57800.0,60,0.1706,1146.94,2025-02-07,ativa,,,,,,
CT0004693,GA0041,CLI006166,PAR006,loja,Auto,101200.0,72,0.1688,1670.92,2026-04-18,ativa,,,,,,
CT0008569,GC0044,CLI005834,PAR006,loja,Celular,8600.0,12,0.2272,893.83,2026-04-24,ativa,,,,,,
CT0001025,GS0009,CLI002966,PAR010,correspondente,Serviços,33200.0,48,0.1826,831.8,2024-04-06,cancelada,2024-07-06,CTP000111,GS0009,2024-06-06,sorteio,0.0
CT0000970,GS0018,CLI000343,PAR002,loja,Serviços,7900.0,24,0.2068,403.82,2024-02-09,quitada,,,,,,
CT0006436,GA0040,CLI002714,PAR004,telemarketing,automovel,80900.0,72,0.1702,1337.32,2024-11-18,cancelada,2026-01-18,CTP000675,GA0040,2025-12-18,sorteio,0.0
CT0007609,GC0055,CLI005301,PAR004,telemarketing,smartphone,6700.0,24,0.2261,347.87,2026-04-25,cancelada,2026-06-25,,,,,
CT0004446,GA0054,CLI006954,PAR002,loja,AUTO,123600.0,72,0.1657,2035.45,2026-02-24,ativa,,,,,,
CT0003324,GS0018,CLI003132,PAR005,bancario,Serviços,14400.0,24,0.2028,733.68,2026-06-01,ativa,,,,,,
CT0004972,GA0047,CLI003376,PAR001,digital,Automóvel,56000.0,60,0.1782,1118.32,2026-02-13,contemplada,,CTP000537,GA0047,2026-03-13,sorteio,0.0
CT0002894,GC0069,CLI004911,PAR001,digital,CELULAR,5200.0,24,0.2345,271.81,2023-10-31,cancelada,2023-12-31,,,,,
CT0005796,GC0012,CLI000424,PAR007,digital,smartphone,7200.0,15,0.2211,595.73,2024-09-22,cancelada,2024-12-22,,,,,
CT0001363,GC0003,CLI002491,PAR001,digital,celular,6100.0,12,0.2391,640.04,2024-06-01,quitada,,,,,,
CT0001188,GA0010,CLI000206,PAR005,bancario,AUTO,113100.0,72,0.1705,1870.08,2024-03-15,contemplada,,CTP000127,GA0010,2026-03-15,lance_fixo,28275.0
CT0008321,GC0008,CLI000733,PAR007,,Celular,2400.0,18,0.2522,169.63,2025-09-15,cancelada,2026-01-15,,,,,
CT0002794,GC0036,CLI001394,PAR001,digital,CELULAR,6600.0,24,0.2282,343.25,2023-11-07,quitada,,,,,,
CT0006934,GI0042,CLI002354,PAR001,digital,imoveis,208600.0,150,0.2061,1705.1,2023-04-28,cancelada,2023-07-28,,,,,
CT0007222,GI0000,CLI002653,PAR008,correspondente,imoveis,621200.0,150,0.1991,5048.7,2023-06-09,contemplada,,CTP000761,GI0000,2025-07-09,lance_livre,205833.01
CT0006385,GC0045,CLI005973,PAR004,telemarketing,celular,5300.0,18,0.2016,359.69,2024-02-05,cancelada,2024-07-05,,,,,
CT0000759,GC0021,CLI005509,PAR007,digital,Celular,6200.0,12,0.2399,650.95,2024-12-08,cancelada,2025-06-08,,,,,
CT0002482,GC0049,CLI002958,PAR004,telemarketing,CELULAR,3200.0,24,0.2205,165.4,2024-12-31,cancelada,2025-04-30,,,,,
CT0000987,GA0089,CLI004584,PAR002,loja,auto,96900.0,72,0.1639,1593.33,2024-10-17,ativa,,,,,,
CT0001185,GC0029,CLI004763,PAR005,bancario,smartphone,3400.0,24,0.2293,176.98,2026-02-04,ativa,,,,,,
CT0007182,GC0008,CLI005188,PAR007,digital,celular,9000.0,18,0.2117,615.85,2024-10-26,cancelada,2024-12-26,,,,,
CT0000403,GC0017,CLI003232,PAR006,loja,smartphone,3800.0,12,0.2247,394.15,2023-11-02,quitada,,,,,,
CT0007756,GC0024,CLI004674,PAR001,digital,celular,7000.0,12,0.2279,727.94,2025-12-30,ativa,,,,,,
CT0000687,GC0000,CLI003313,PAR002,loja,CELULAR,7300.0,18,0.2407,511.28,2025-06-30,ativa,,,,,,
CT0003925,GC0063,CLI000123,PAR009,digital,CELULAR,6600.0,15,0.2325,551.1,2024-08-25,quitada,,,,,,
CT0007953,GI0035,CLI004329,PAR003,correspondente,Imóveis,183600.0,150,0.1928,1484.47,2023-12-11,cancelada,2026-05-11,,,,,
CT0008181,GI0030,CLI003190,PAR005,bancario,Imovel,539400.0,200,0.1834,3245.57,2025-01-01,contemplada,,CTP000866,GI0030,2025-02-01,sorteio,0.0
CT0000826,GA0035,CLI001465,PAR003,correspondente,Automóvel,71600.0,80,0.1875,1080.71,2024-12-28,cancelada,2025-06-28,,,,,
CT0007997,GA0080,CLI003042,PAR099,loja,Automóvel,46300.0,60,0.1852,930.01,2023-10-20,ativa,,,,,,
CT0005101,GA0010,CLI006057,PAR003,correspondente,Automóvel,97900.0,72,0.1382,1574.83,2025-10-30,ativa,,,,,,
CT0008303,GI0016,CLI002803,PAR010,correspondente,imóvel,278600.0,200,0.1841,1677.31,2024-01-08,ativa,,,,,,
CT0004573,GA0068,CLI001437,PAR002,,auto,121700.0,72,0.1684,2008.73,2024-07-08,ativa,,,,,,
CT0007302,GS0030,CLI004144,PAR004,telemarketing,SERVICOS,29600.0,36,0.1794,986.17,2024-06-11,cancelada,2025-11-11,CTP000766,GS0030,2024-10-11,lance_livre,7139.98
CT0005193,GS0001,CLI004911,PAR004,telemarketing,Serviços,28300.0,24,0.2124,1453.2,2023-12-01,cancelada,2024-03-01,,,,,
CT0001203,GC0001,CLI005982,PAR007,digital,Celular,3100.0,24,0.2335,161.91,2025-01-30,cancelada,2025-02-28,,,,,
CT0006456,GI0022,CLI002363,PAR011,correspondente,Imóveis,258800.0,200,0.1968,1574.54,2023-11-16,ativa,,,,,,
CT0005432,GA0059,CLI001805,PAR004,telemarketing,automovel,122200.0,60,0.173,2429.74,2023-06-28,cancelada,2024-10-28,,,,,
CT0008457,GS0025,CLI001533,PAR012,interno,servicos,11800.0,48,0.2004,300.01,2025-03-02,ativa,,,,,,
CT0005842,GA0081,CLI004055,PAR002,,AUTO,105500.0,72,0.1643,1735.33,2025-04-02,ativa,,,,,,
CT0004106,GC0048,CLI003015,PAR009,digital,CELULAR,4400.0,18,0.2311,305.82,2025-08-14,cancelada,2025-10-14,,,,,
CT0001433,GA0005,CLI002113,PAR010,correspondente,Auto,122800.0,80,0.1765,1836.63,2023-09-20,cancelada,2024-07-20,CTP000159,GA0005,2024-07-20,lance_livre,23780.74
CT0005224,GI0025,CLI006246,PAR011,correspondente,Imovel,498500.0,150,0.2066,4076.4,2026-06-29,ativa,,,,,,
CT0001804,GC0052,CLI002295,PAR007,digital,Celular,6800.0,12,0.2312,709.01,2025-02-19,cancelada,2025-06-19,,,,,
CT0004335,GA0028,CLI000706,PAR004,telemarketing,Automóvel,107100.0,72,0.1566,1750.19,2025-11-20,cancelada,2025-12-20,,,,,
CT0004893,GI0001,CLI001359,PAR001,digital,IMOVEIS,241500.0,200,0.197,1469.53,2024-02-06,ativa,,,,,,
CT0001385,GA0071,CLI004819,PAR007,digital,Auto,116800.0,72,0.1635,1919.9,2024-06-28,ativa,,,,,,
CT0006250,GI0023,CLI006994,PAR002,loja,imóvel,479000.0,200,0.1972,2915.19,2025-09-18,ativa,,,,,,
CT0004901,GC0052,CLI006942,PAR012,interno,CELULAR,5100.0,12,0.2492,539.41,2026-01-13,ativa,,,,,,
CT0001087,GI0027,CLI006251,PAR001,,imoveis,279100.0,150,0.1997,2269.46,2025-01-31,ativa,,,,,,
CT0008516,GA0064,CLI002897,PAR005,bancario,auto,70400.0,72,0.1513,1145.27,2026-05-18,ativa,,,,,,
CT0006935,GC0025,CLI003890,PAR004,telemarketing,smartphone,2600.0,15,0.2304,216.74,2024-04-27,cancelada,2024-08-27,,,,,
CT0005868,GC0023,CLI002011,PAR007,digital,Celular,2900.0,18,0.2082,197.88,2024-10-24,cancelada,2026-03-24,,,,,
CT0003347,GC0039,CLI006057,PAR007,digital,smartphone,5000.0,12,0.2249,518.71,2024-11-21,quitada,,,,,,
CT0004423,GC0045,CLI005678,PAR004,,Celular,4400.0,18,0.2322,306.09,2023-02-15,cancelada,2023-04-15,,,,,
CT0005202,GC0034,CLI000521,PAR099,digital,smartphone,4200.0,12,0.245,442.75,2025-10-13,ativa,,,,,,
CT0008174,GI0034,CLI000374,PAR099,digital,IMOVEIS,637900.0,180,0.209,4355.44,2025-07-20,ativa,,,,,,
CT0002450,GS0005,CLI006637,PAR007,digital,serviço,23700.0,48,0.2048,604.75,2025-03-23,cancelada,2025-07-23,,,,,
CT0003190,GI0016,CLI004863,PAR007,digital,Imovel,551400.0,200,0.1931,3344.52,2024-07-22,cancelada,2025-06-22,CTP000343,GI0016,2025-05-22,sorteio,0.0
CT0006804,GI0024,CLI006451,PAR003,correspondente,IMOVEIS,479900.0,180,0.2184,3301.71,2023-10-03,ativa,,,,,,
CT0007337,GS0031,CLI002990,PAR007,digital,serviço,21100.0,36,0.2062,718.69,2025-10-04,cancelada,2025-12-04,,,,,
CT0001738,GA0025,CLI000406,PAR001,digital,Auto,90400.0,72,0.2075,1541.19,2024-12-04,cancelada,2025-01-04,,,,,
CT0006404,GA0007,CLI000863,PAR002,,Automóvel,88400.0,72,0.1722,1463.76,2026-01-06,contemplada,,CTP000671,GA0007,2026-03-06,sorteio,0.0
CT0006600,GA0055,CLI000833,PAR002,loja,AUTO,72000.0,80,0.1896,1088.64,2024-10-11,cancelada,2025-12-11,CTP000693,GA0055,2025-03-11,sorteio,0.0
CT0006675,GC0062,CLI000801,PAR004,telemarketing,celular,2800.0,24,0.2209,144.77,2023-10-30,cancelada,2025-02-28,,,,,
CT0004787,GA0074,CLI001346,PAR004,telemarketing,AUTO,116800.0,80,0.1835,1757.11,2024-11-11,ativa,,,,,,
CT0002348,GA0075,CLI005002,PAR001,digital,AUTO,77900.0,60,0.1828,1561.64,2024-12-25,ativa,,,,,,
CT0003700,GS0029,CLI002621,PAR004,telemarketing,Servicos,9100.0,24,0.2155,468.46,2026-06-22,ativa,,,,,,
CT0002851,GA0048,CLI003869,PAR012,interno,automovel,126000.0,80,0.1595,1857.71,2024-11-02,cancelada,2024-12-02,,,,,
CT0005829,GA0054,CLI006811,PAR001,digital,Automóvel,64200.0,72,0.1603,1052.43,2023-10-27,contemplada,,CTP000617,GA0054,2024-04-27,lance_livre,10676.85
CT0008146,GI0015,CLI004972,PAR099,digital,IMOVEIS,423800.0,180,0.2042,2882.31,2026-04-12,cancelada,2026-08-12,,,,,
CT0006710,GS0032,CLI005403,PAR009,digital,serviço,32300.0,36,0.1929,1088.24,2024-04-12,ativa,,,,,,
CT0006491,GA0049,CLI005774,PAR001,digital,AUTO,115600.0,60,0.1664,2285.8,2025-06-18,ativa,,,,,,
CT0000521,GA0020,CLI000801,PAR001,digital,Automóvel,115300.0,80,0.1582,1698.08,2025-05-23,ativa,,,,,,
CT0005799,GI0028,CLI003740,PAR006,loja,imóvel,371000.0,200,0.2062,2274.6,2023-08-20,cancelada,2025-06-20,,,,,
CT0001841,GA0022,CLI002670,PAR008,correspondente,automovel,57500.0,80,0.1699,855.24,2025-11-26,ativa,,,,,,
CT0002692,GS0018,CLI005767,PAR004,telemarketing,SERVICOS,15100.0,24,0.1928,763.05,2025-03-24,cancelada,2026-05-24,,,,,
CT0003746,GA0051,CLI004421,PAR008,correspondente,AUTO,46400.0,60,0.1954,939.91,2024-01-17,cancelada,2024-05-17,,,,,
CT0005815,GI0034,CLI003907,PAR005,bancario,imóvel,393700.0,180,0.2006,2669.72,2025-04-27,ativa,,,,,,
CT0003091,GS0016,CLI003889,PAR001,digital,servicos,19600.0,24,0.2047,1000.17,2026-03-29,cancelada,2026-04-29,,,,,
CT0007450,GC0019,CLI006542,PAR007,digital,smartphone,5000.0,18,0.2337,348.25,2025-05-21,cancelada,2026-01-21,,,,,
CT0005532,GI0001,CLI005259,PAR011,correspondente,imóvel,413300.0,200,0.1945,2509.76,2023-12-21,ativa,,,,,,
CT0008167,GA0022,CLI006990,PAR001,digital,automovel,87500.0,80,0.1868,1319.94,2025-07-13,cancelada,2025-11-13,,,,,
CT0003002,GA0000,CLI006814,PAR001,digital,auto,82500.0,60,0.1737,1641.34,2024-01-28,cancelada,2024-11-28,,,,,
CT0007586,GC0043,CLI005557,PAR009,digital,CELULAR,8700.0,18,0.2313,604.8,2025-01-05,cancelada,2026-02-05,,,,,
CT0007955,GC0015,CLI005156,PAR004,telemarketing,celular,3300.0,24,0.2305,171.94,2025-08-23,cancelada,2025-10-23,,,,,
CT0003768,GI0006,CLI004597,PAR004,telemarketing,imóvel,592500.0,180,0.204,4029.0,2025-10-27,ativa,,,,,,
CT0004358,GC0010,CLI004080,PAR009,digital,smartphone,4900.0,12,0.2289,509.97,2025-11-24,ativa,,,,,,
CT0007484,GI0033,CLI006730,PAR002,loja,imoveis,337100.0,200,0.2105,2074.01,2023-12-27,ativa,,,,,,
CT0000202,GS0000,CLI000715,PAR099,digital,Servicos,33900.0,36,0.2098,1158.06,2024-01-22,contemplada,,CTP000024,GS0000,2024-02-22,lance_fixo,8475.0
CT0007570,GS0030,CLI003682,PAR004,telemarketing,Servicos,31600.0,36,0.1792,1052.63,2023-04-01,cancelada,2023-08-01,,,,,
CT0005698,GI0033,CLI001190,PAR001,digital,imoveis,329300.0,200,0.2041,2015.48,2025-06-26,ativa,,,,,,
CT0005460,GA0048,CLI004544,PAR004,telemarketing,AUTO,119600.0,80,0.1709,1780.4,2024-11-26,contemplada,,CTP000581,GA0048,2025-07-26,lance_fixo,29900.0
CT0007951,GA0043,CLI003249,PAR099,loja,automovel,75700.0,72,0.1766,1258.09,2025-10-02,cancelada,2025-11-02,,,,,
CT0002534,GI0005,CLI006905,PAR003,correspondente,imóvel,545300.0,200,0.2177,3374.59,2026-06-24,ativa,,,,,,
CT0006894,GC0044,CLI003890,PAR001,digital,CELULAR,8600.0,12,0.2348,899.27,2025-01-21,quitada,,,,,,
CT0001060,GI0026,CLI005849,PAR010,correspondente,imoveis,321800.0,150,0.2049,2627.82,2026-02-21,ativa,,,,,,
CT0007113,GI0004,CLI004056,PAR005,,Imóveis,496000.0,200,0.1863,2991.62,2024-03-16,ativa,,,,,,
CT0006787,GA0056,CLI006328,PAR099,loja,AUTO,49700.0,72,0.1782,827.09,2025-11-24,ativa,,,,,,
CT0006797,GC0034,CLI001271,PAR007,digital,celular,4000.0,12,0.226,415.33,2024-12-08,quitada,,,,,,
CT0003844,GA0010,CLI004104,PAR005,bancario,auto,119000.0,72,0.1615,1952.76,2026-05-27,ativa,,,,,,
CT0006410,GI0016,CLI001650,PAR010,correspondente,IMOVEIS,622000.0,200,0.2146,3839.61,2025-06-04,ativa,,,,,,
CT0008255,GA0076,CLI005604,PAR010,correspondente,automovel,73100.0,72,0.1759,1214.17,2026-01-08,ativa,,,,,,
CT0008577,GA0070,CLI000335,PAR002,loja,AUTO,87400.0,60,0.1658,1727.32,2025-10-14,cancelada,2026-03-14,,,,,
CT0001202,GA0026,CLI001053,PAR008,correspondente,Automóvel,64600.0,72,0.1618,1060.34,2025-04-25,contemplada,,CTP000128,GA0026,2026-01-25,lance_livre,21320.04
CT0007373,GS0039,CLI003178,PAR001,digital,servicos,13600.0,48,0.1839,341.1,2026-03-06,cancelada,2026-05-06,,,,,
CT0006261,GC0068,CLI002102,PAR008,correspondente,smartphone,3900.0,24,0.2197,201.45,2025-01-30,cancelada,2025-02-28,,,,,
CT0008301,GC0031,CLI006160,PAR004,telemarketing,smartphone,7300.0,24,0.2256,378.87,2025-03-20,cancelada,2026-01-20,,,,,
CT0004692,GC0058,CLI001005,PAR007,digital,CELULAR,2000.0,12,0.2326,208.77,2025-04-17,cancelada,2025-05-17,,,,,
CT0003173,GA0063,CLI000937,PAR002,loja,Auto,116500.0,60,0.1744,2319.13,2025-04-12,ativa,,,,,,
CT0003443,GS0013,CLI002026,PAR010,correspondente,serviço,16900.0,36,0.1858,566.06,2024-02-23,cancelada,2024-03-23,,,,,
CT0002371,GC0051,CLI005231,PAR007,digital,Celular,2400.0,24,0.2057,122.57,2025-01-13,cancelada,2025-02-13,,,,,
CT0001207,GA0088,CLI005052,PAR002,loja,auto,90000.0,80,0.1652,1333.35,2025-04-26,ativa,,,,,,
CT0000288,GC0030,CLI006128,PAR004,telemarketing,Celular,8600.0,15,0.2335,718.67,2023-12-30,cancelada,2025-01-30,,,,,
CT0001647,GC0056,CLI004504,PAR009,digital,smartphone,4300.0,12,0.2379,450.75,2025-01-16,quitada,,,,,,
CT0001825,GA0086,CLI006151,PAR004,telemarketing,AUTO,47800.0,60,0.1839,959.11,2026-02-27,ativa,,,,,,
CT0007848,GS0036,CLI003867,PAR002,loja,Serviços,23800.0,24,0.1916,1201.5,2026-07-07,ativa,,,,,,
CT0007420,GA0026,CLI004748,PAR002,,Automóvel,81400.0,72,0.1733,1349.09,2024-03-09,ativa,,,,,,
CT0007934,GA0025,CLI005969,PAR005,bancario,automovel,108400.0,72,0.1715,1793.87,2023-09-03,ativa,,,,,,
CT0005851,GI0029,CLI001686,PAR001,digital,Imovel,524100.0,200,0.2034,3205.92,2024-05-17,ativa,,,,,,
CT0003371,GA0059,CLI005802,PAR005,bancario,Automóvel,53000.0,60,0.1829,1062.56,2025-09-04,contemplada,,CTP000363,GA0059,2025-11-04,sorteio,0.0
CT0000835,GI0034,CLI005709,PAR005,bancario,Imovel,555600.0,180,0.1966,3755.24,2025-12-28,ativa,,,,,,
CT0000578,GC0043,CLI006389,PAR009,digital,smartphone,8300.0,18,0.2568,588.75,2024-06-24,cancelada,2024-08-24,,,,,
CT0000400,GA0016,CLI003440,PAR010,,automovel,79700.0,80,0.1932,1208.65,2026-03-14,ativa,,,,,,
CT0003144,GC0049,CLI000541,PAR001,digital,CELULAR,4600.0,24,0.2192,237.51,2025-12-04,cancelada,2026-01-04,,,,,
CT0001079,GA0036,CLI000461,PAR010,correspondente,auto,62900.0,72,0.1926,1059.34,2024-10-06,ativa,,,,,,
CT0000067,GS0007,CLI005392,PAR009,digital,Serviços,21500.0,24,0.1897,1083.69,2026-03-17,ativa,,,,,,
CT0002502,GI0032,CLI006329,PAR005,bancario,Imóveis,397800.0,180,0.1951,2685.37,2023-08-15,contemplada,,CTP000271,GI0032,2024-09-15,lance_livre,202885.83
CT0001218,GA0020,CLI000804,PAR012,interno,auto,56900.0,80,0.1632,841.55,2025-12-03,ativa,,,,,,
CT0005685,GC0015,CLI003853,PAR009,digital,celular,2700.0,24,0.2419,141.96,2025-06-16,cancelada,2025-09-16,,,,,
CT0002229,GA0054,CLI000169,PAR005,bancario,automovel,121000.0,72,0.1644,1990.45,2024-10-16,ativa,,,,,,
CT0004063,GA0068,CLI000015,PAR002,loja,Auto,86100.0,72,0.1725,1426.03,2024-07-17,contemplada,,CTP000445,GA0068,2026-02-17,sorteio,0.0
CT0002779,GC0053,CLI000606,PAR004,telemarketing,smartphone,5100.0,24,0.2222,263.97,2024-03-08,cancelada,2024-05-08,,,,,
CT0006929,GA0002,CLI002669,PAR001,digital,Automóvel,124700.0,60,0.1877,2510.0,2025-01-24,ativa,,,,,,
CT0004953,GC0055,CLI006222,PAR012,interno,smartphone,6500.0,24,0.248,343.42,2025-11-11,ativa,,,,,,
CT0002896,GA0012,CLI007071,PAR002,loja,automovel,110900.0,80,0.1609,1637.02,2025-04-02,ativa,,,,,,
CT0006352,GI0039,CLI003210,PAR011,correspondente,imoveis,598900.0,200,0.2136,3694.02,2026-06-03,contemplada,,CTP000663,GI0039,2026-07-03,lance_livre,115463.44
CT0001910,GA0043,CLI005257,PAR007,digital,automovel,112500.0,72,0.1476,1824.38,2025-04-10,ativa,,,,,,
CT0002002,GA0058,CLI003342,PAR002,loja,auto,70100.0,80,0.1748,1046.94,2026-02-25,ativa,,,,,,
CT0007443,GA0083,CLI004952,PAR099,loja,automovel,85200.0,60,0.1638,1681.0,2026-06-11,ativa,,,,,,
CT0005912,GS0015,CLI001204,PAR005,bancario,servicos,6700.0,24,0.233,349.8,2025-07-27,ativa,,,,,,
CT0003307,GA0079,CLI003272,PAR002,loja,Automóvel,128800.0,72,0.156,2103.73,2025-06-12,ativa,,,,,,
CT0007255,GA0066,CLI003374,PAR009,digital,Automóvel,84200.0,72,0.1605,1380.53,2025-05-22,ativa,,,,,,
CT0002856,GC0069,CLI006905,PAR003,correspondente,CELULAR,6900.0,24,0.2242,357.71,2023-05-20,quitada,,,,,,
CT0003568,GC0038,CLI000496,PAR007,digital,smartphone,7200.0,18,0.2463,506.52,2025-11-21,ativa,,,,,,
CT0001743,GI0030,CLI002354,PAR001,digital,Imovel,405000.0,200,0.1977,2465.84,2024-02-24,ativa,,,,,,
CT0008116,GA0048,CLI006889,PAR001,digital,auto,119700.0,80,0.1872,1806.27,2024-01-09,contemplada,,CTP000859,GA0048,2026-05-09,sorteio,0.0
CT0004980,GI0017,CLI006082,PAR005,,imoveis,486800.0,150,0.2001,3959.63,2023-06-19,ativa,,,,,,
CT0005591,GC0060,CLI004776,PAR004,telemarketing,CELULAR,4700.0,24,0.2318,245.14,2025-06-25,cancelada,2025-07-25,,,,,
CT0002719,GC0008,CLI005449,PAR007,digital,CELULAR,2300.0,18,0.2226,158.78,2024-08-22,cancelada,2024-10-22,,,,,
CT0005415,GC0016,CLI003908,PAR007,digital,celular,4000.0,12,0.2363,418.77,2025-04-18,cancelada,2025-05-18,,,,,
CT0004830,GS0039,CLI005005,PAR012,interno,serviço,17200.0,48,0.2,437.17,2025-11-07,ativa,,,,,,
CT0007083,GC0021,CLI006441,PAR007,digital,smartphone,2500.0,12,0.2266,259.71,2025-10-02,cancelada,2026-08-02,,,,,
CT0001375,GI0003,CLI004639,PAR003,correspondente,imoveis,257900.0,150,0.196,2090.71,2024-11-19,contemplada,,CTP000152,GI0003,2025-01-19,sorteio,0.0
CT0008080,GC0031,CLI002882,PAR004,telemarketing,smartphone,3900.0,24,0.2452,205.6,2024-01-15,cancelada,2024-02-15,,,,,
CT0001536,GS0020,CLI006928,PAR001,digital,serviço,17100.0,48,0.196,433.2,2025-09-29,contemplada,,CTP000172,GS0020,2026-03-29,sorteio,0.0
CT0001197,GI0041,CLI001117,PAR003,correspondente,Imovel,258600.0,180,0.1813,1725.87,2025-10-16,ativa,,,,,,
CT0005409,GI0033,CLI002392,PAR003,correspondente,Imovel,250700.0,200,0.2096,1541.3,2025-04-23,ativa,,,,,,
CT0001768,GS0016,CLI004656,PAR008,correspondente,Servicos,22600.0,24,0.1975,1146.48,2024-11-09,cancelada,2025-12-09,,,,,
CT0000333,GC0068,CLI003639,PAR099,digital,Celular,4100.0,24,0.239,215.08,2025-06-16,cancelada,2026-06-16,,,,,
CT0004152,GA0026,CLI001854,PAR002,loja,Auto,126100.0,72,0.1677,2080.12,2025-12-26,ativa,,,,,,
CT0001848,GA0008,CLI005216,PAR008,correspondente,AUTO,104400.0,80,0.1816,1568.09,2024-09-26,ativa,,,,,,
CT0000825,GA0004,CLI003711,PAR002,loja,auto,93200.0,80,0.1751,1392.29,2025-07-02,ativa,,,,,,
CT0006737,GC0004,CLI000638,PAR007,digital,Celular,1900.0,12,0.2249,197.11,2024-12-15,cancelada,2025-05-15,,,,,
CT0004739,GA0050,CLI001944,PAR001,digital,Auto,53500.0,80,0.1659,793.07,2025-05-11,ativa,,,,,,
CT0006209,GC0054,CLI005351,PAR007,digital,smartphone,7600.0,12,0.2324,793.19,2025-07-01,cancelada,2026-05-01,,,,,
CT0005449,GA0050,CLI002495,PAR001,digital,AUTO,55600.0,80,0.1521,814.61,2026-02-27,ativa,,,,,,
CT0004550,GC0052,CLI001807,PAR004,,Celular,7600.0,12,0.2301,791.73,2024-07-30,cancelada,2024-12-30,,,,,
CT0005190,GA0028,CLI006102,PAR009,digital,Automóvel,60000.0,72,0.1644,987.0,2025-04-20,contemplada,,CTP000555,GA0028,2026-04-20,lance_livre,7244.8
CT0005686,GA0030,CLI001520,PAR012,interno,auto,48400.0,72,0.1591,792.62,2023-11-11,cancelada,2024-01-11,,,,,
CT0000220,GS0011,CLI001757,PAR007,digital,Servicos,7500.0,48,0.1906,189.16,2024-08-08,ativa,,,,,,
CT0001859,GA0035,CLI000299,PAR002,loja,AUTO,81400.0,80,0.1664,1207.16,2023-11-08,ativa,,,,,,
CT0006949,GA0023,CLI000497,PAR005,bancario,AUTO,109000.0,72,0.1725,1805.31,2025-12-12,ativa,,,,,,
CT0007298,GC0007,CLI000808,PAR009,digital,Celular,5200.0,24,0.2292,270.66,2023-10-31,cancelada,2023-12-31,,,,,
CT0003192,GS0014,CLI001190,PAR009,digital,SERVICOS,27200.0,36,0.2191,936.21,2025-02-28,cancelada,2025-06-28,,,,,
CT0004533,GA0089,CLI002011,PAR011,correspondente,AUTO,106100.0,72,0.1724,1757.13,2023-11-26,ativa,,,,,,
CT0004215,GC0016,CLI002300,PAR004,telemarketing,Celular,3100.0,12,0.2257,321.81,2025-09-08,ativa,,,,,,
CT0003640,GA0071,CLI004405,PAR007,digital,AUTO,67400.0,72,0.1578,1102.55,2025-04-09,cancelada,2025-07-09,,,,,
CT0000888,GI0041,CLI004870,PAR012,interno,Imóveis,611300.0,180,0.2112,4181.29,2023-05-12,ativa,,,,,,
CT0005604,GI0024,CLI004967,PAR001,digital,Imóveis,502800.0,180,0.2137,3446.14,2026-05-25,ativa,,,,,,
CT0008149,GS0025,CLI002816,PAR007,,SERVICOS,26800.0,48,0.2132,688.54,2025-01-14,ativa,,,,,,
CT0001017,GA0013,CLI003008,PAR005,bancario,auto,46500.0,72,0.1538,758.08,2026-02-08,ativa,,,,,,
CT0006548,GC0012,CLI004434,PAR004,telemarketing,smartphone,6100.0,15,0.2265,506.91,2024-07-07,cancelada,2024-10-07,,,,,
CT0003843,GA0083,CLI006979,PAR002,loja,Auto,86800.0,60,0.1487,1690.72,2025-08-22,contemplada,,CTP000414,GA0083,2026-08-22,sorteio,0.0
CT0004855,GC0065,CLI007001,PAR007,digital,Celular,8500.0,18,0.2323,591.36,2025-02-08,quitada,,,,,,
CT0002757,GA0040,CLI000611,PAR007,digital,auto,57000.0,72,0.1808,950.63,2025-02-28,cancelada,2026-01-28,,,,,
CT0005273,GI0026,CLI005522,PAR005,bancario,Imóveis,530800.0,150,0.1838,4259.85,2025-01-22,contemplada,,CTP000565,GI0026,2025-06-22,sorteio,0.0
CT0001556,GA0083,CLI002251,PAR012,interno,automovel,124000.0,60,0.171,2461.4,2024-11-30,ativa,,,,,,
CT0006936,GS0021,CLI001972,PAR004,telemarketing,serviço,10400.0,36,0.2,352.44,2024-06-18,cancelada,2025-05-18,,,,,
CT0008350,GC0020,CLI004976,PAR009,,celular,4500.0,24,0.2327,234.88,2026-07-19,ativa,,,,,,
CT0002722,GS0039,CLI000927,PAR099,interno,servicos,16400.0,48,0.1926,414.31,2025-08-03,ativa,,,,,,
CT0008163,GC0066,CLI002900,PAR006,loja,Celular,5300.0,12,0.2104,543.43,2025-08-03,quitada,,,,,,
CT0002239,GC0003,CLI006022,PAR007,digital,celular,5000.0,12,0.2447,526.96,2025-01-27,quitada,,,,,,
CT0000562,GC0004,CLI004832,PAR006,loja,celular,3800.0,12,0.215,391.08,2025-09-16,ativa,,,,,,
CT0000488,GA0087,CLI001957,PAR006,loja,AUTO,86300.0,60,0.1947,1747.14,2024-07-17,ativa,,,,,,
CT0003801,GI0040,CLI005968,PAR012,interno,imóvel,518300.0,200,0.2135,3196.62,2026-05-22,ativa,,,,,,
CT0001443,GA0019,CLI003067,PAR002,loja,AUTO,90800.0,60,0.1556,1779.07,2024-07-25,ativa,,,,,,
CT0007887,GS0020,CLI000140,PAR007,digital,SERVICOS,32900.0,48,0.1988,835.39,2024-10-25,cancelada,2024-11-25,,,,,
CT0001952,GS0032,CLI003863,PAR001,digital,servicos,6600.0,36,0.1902,221.87,2024-11-27,contemplada,,CTP000215,GS0032,2026-03-27,sorteio,0.0
CT0006396,GA0008,CLI006598,PAR002,loja,Auto,48400.0,80,0.1556,711.24,2026-01-18,ativa,,,,,,
CT0003474,GA0084,CLI005211,PAR010,correspondente,automovel,121300.0,60,0.1801,2426.2,2023-08-11,cancelada,2023-12-11,,,,,
CT0004598,GS0009,CLI001239,PAR004,telemarketing,SERVICOS,10900.0,48,0.1923,275.29,2023-11-09,cancelada,2025-05-09,,,,,
CT0003662,GA0057,CLI006238,PAR012,interno,Auto,123300.0,60,0.174,2453.67,2025-02-16,ativa,,,,,,
CT0001801,GI0037,CLI001615,PAR005,bancario,imoveis,488400.0,200,0.206,2993.89,2025-09-30,ativa,,,,,,
CT0003308,GA0004,CLI003131,PAR009,digital,auto,94300.0,80,0.1703,1403.07,2024-01-29,contemplada,,CTP000353,GA0004,2025-04-29,lance_livre,13258.36
CT0006507,GA0004,CLI000426,PAR007,digital,Auto,81800.0,80,0.1819,1228.94,2025-05-14,cancelada,2025-12-14,,,,,
CT0002597,GS0029,CLI001194,PAR010,correspondente,Servicos,34100.0,24,0.1965,1728.44,2023-07-06,quitada,,,,,,
CT0004557,GC0064,CLI004654,PAR004,telemarketing,smartphone,7500.0,24,0.222,388.12,2025-07-29,cancelada,2025-12-29,,,,,
CT0008016,GA0047,CLI005150,PAR099,loja,auto,55900.0,60,0.1511,1091.07,2024-08-11,contemplada,,CTP000848,GA0047,2026-04-11,lance_fixo,13975.0
CT0007389,GC0039,CLI003846,PAR008,correspondente,smartphone,4600.0,12,0.2257,477.52,2023-09-23,quitada,,,,,,
CT0002573,GC0008,CLI000308,PAR007,digital,smartphone,4300.0,18,0.2183,295.82,2025-08-10,cancelada,2025-12-10,,,,,
CT0006305,GC0054,CLI006907,PAR001,digital,CELULAR,7800.0,12,0.2448,822.12,2024-11-08,quitada,,,,,,
CT0004801,GI0029,CLI004338,PAR005,bancario,Imóveis,469600.0,200,0.2153,2900.48,2023-11-08,ativa,,,,,,
CT0006211,GA0067,CLI004048,PAR006,loja,Auto,86500.0,80,0.1967,1315.56,2026-06-30,ativa,,,,,,
CT0007330,GC0020,CLI006542,PAR004,telemarketing,celular,7100.0,24,0.2253,368.4,2023-04-18,cancelada,2024-05-18,,,,,
CT0004365,GS0007,CLI005098,PAR004,telemarketing,servicos,24000.0,24,0.1883,1208.3,2024-12-22,ativa,,,,,,
CT0002608,GC0022,CLI002483,PAR010,correspondente,celular,3800.0,24,0.2206,196.43,2025-11-28,ativa,,,,,,
CT0008583,GS0030,CLI007047,PAR006,loja,serviço,6700.0,36,0.1909,225.36,2025-02-20,cancelada,2026-01-20,,,,,
CT0001391,GA0080,CLI003559,PAR001,digital,AUTO,102300.0,60,0.1598,2011.56,2023-01-12,contemplada,,CTP000154,GA0080,2026-08-12,sorteio,0.0
CT0006139,GS0023,CLI002856,PAR006,loja,SERVICOS,28300.0,24,0.1984,1436.7,2024-06-19,cancelada,2024-12-19,,,,,
CT0007610,GS0020,CLI000531,PAR009,digital,SERVICOS,32300.0,48,0.1999,820.89,2026-01-11,cancelada,2026-06-11,,,,,
CT0008289,GI0024,CLI004388,PAR005,bancario,Imóveis,329600.0,180,0.2,2233.96,2025-06-03,ativa,,,,,,
CT0007297,GI0025,CLI006593,PAR005,bancario,Imóveis,227700.0,150,0.2129,1871.54,2025-09-04,ativa,,,,,,
CT0004040,GC0027,CLI005989,PAR007,digital,CELULAR,7900.0,15,0.23,658.33,2025-06-29,cancelada,2025-09-29,,,,,
CT0006755,GC0063,CLI006150,PAR007,digital,celular,7700.0,15,0.2498,651.83,2025-03-12,cancelada,2025-09-12,,,,,
CT0003314,GC0022,CLI001443,PAR001,digital,Celular,4100.0,24,0.2333,214.11,2025-04-26,cancelada,2025-10-26,,,,,
CT0004308,GI0031,CLI005904,PAR003,correspondente,imóvel,548600.0,200,0.1984,3342.07,2026-03-16,ativa,,,,,,
CT0002860,GA0068,CLI006217,PAR009,digital,Auto,48900.0,72,0.1668,806.04,2025-08-15,ativa,,,,,,
CT0002064,GS0031,CLI002421,PAR005,bancario,Serviços,6800.0,36,0.2157,233.41,2025-11-07,ativa,,,,,,
CT0005816,GA0052,CLI001250,PAR001,digital,auto,67200.0,60,0.1689,1331.57,2024-06-05,cancelada,2025-03-05,,,,,
CT0006237,GI0040,CLI003927,PAR005,bancario,Imovel,392900.0,200,0.2087,2413.78,2025-08-09,ativa,,,,,,
CT0005414,GA0021,CLI003781,PAR006,loja,auto,88900.0,80,0.1755,1328.5,2023-10-13,ativa,,,,,,
CT0006016,GC0038,CLI005563,PAR007,digital,Celular,3300.0,18,0.2428,231.51,2024-10-10,cancelada,2024-12-10,,,,,
CT0002292,GC0055,CLI005160,PAR012,interno,smartphone,7600.0,24,0.2138,390.7,2024-07-27,quitada,,,,,,
CT0002032,GI0044,CLI001980,PAR010,correspondente,Imóveis,391600.0,150,0.2083,3206.68,2025-11-28,ativa,,,,,,
CT0004181,GA0028,CLI002518,PAR005,bancario,auto,87700.0,72,0.1628,1440.72,2026-06-29,ativa,,,,,,
CT0004230,GA0051,CLI003944,PAR002,loja,automovel,71600.0,60,0.161,1409.33,2024-02-27,cancelada,2026-08-27,,,,,
CT0003569,GA0071,CLI004889,PAR009,,Auto,116900.0,72,0.1835,1954.02,2025-01-26,cancelada,2026-07-26,,,,,
CT0003266,GA0042,CLI004629,PAR010,correspondente,automovel,60800.0,60,0.1542,1189.86,2026-06-02,ativa,,,,,,
CT0002244,GC0048,CLI000729,PAR007,digital,Celular,4800.0,18,0.233,334.13,2025-06-08,cancelada,2025-09-08,,,,,
CT0003460,GC0015,CLI004110,PAR009,digital,Celular,7300.0,24,0.1991,370.81,2024-10-16,contemplada,,CTP000376,GC0015,2026-04-16,lance_livre,2204.48
CT0008287,GI0007,CLI001775,PAR003,correspondente,imóvel,380200.0,150,0.1957,3081.39,2025-05-11,ativa,,,,,,
CT0003215,GC0002,CLI005141,PAR007,digital,CELULAR,8900.0,12,0.2363,931.76,2024-09-08,cancelada,2024-10-08,,,,,
CT0000982,GA0004,CLI004524,PAR012,interno,auto,75500.0,80,0.1574,1111.17,2023-06-30,ativa,,,,,,
CT0004016,GA0035,CLI004043,PAR012,interno,auto,51800.0,80,0.1689,769.81,2023-05-01,ativa,,,,,,
CT0003996,GC0001,CLI000682,PAR001,digital,celular,2900.0,24,0.2146,149.18,2025-05-05,cancelada,2025-12-05,,,,,
CT0001797,GA0006,CLI002378,PAR001,digital,Automóvel,105000.0,80,0.184,1580.25,2023-10-30,ativa,,,,,,
CT0001346,GC0059,CLI003078,PAR007,digital,Celular,2000.0,12,0.2317,208.62,2024-12-28,cancelada,2025-02-28,,,,,
CT0004430,GC0038,CLI006851,PAR007,digital,Celular,2900.0,18,0.2176,199.39,2025-03-01,contemplada,,CTP000480,GC0038,2026-01-01,sorteio,0.0
CT0003017,GA0080,CLI005233,PAR005,bancario,Automóvel,56100.0,60,0.1689,1111.62,2026-01-12,cancelada,2026-06-12,,,,,
CT0004126,GI0010,CLI001169,PAR012,interno,Imóveis,297100.0,180,0.198,2010.38,2024-05-28,contemplada,,CTP000453,GI0010,2025-06-28,sorteio,0.0
CT0002245,GA0068,CLI004703,PAR008,correspondente,Auto,45500.0,72,0.1418,734.19,2024-08-15,cancelada,2025-12-15,,,,,
CT0000540,GS0002,CLI003457,PAR005,bancario,Servicos,12000.0,36,0.2051,408.37,2024-09-20,ativa,,,,,,
CT0003856,GI0040,CLI003753,PAR012,interno,Imovel,489300.0,200,0.2076,3003.32,2023-08-10,contemplada,,CTP000416,GI0040,2025-10-10,sorteio,0.0
CT0004139,GS0030,CLI002988,PAR007,digital,Servicos,27700.0,36,0.2058,943.19,2025-06-30,contemplada,,CTP000456,GS0030,2026-02-28,lance_livre,10246.19
CT0006931,GA0015,CLI005369,PAR001,digital,automovel,126500.0,80,0.1689,1879.95,2024-09-20,ativa,,,,,,
CT0004362,GA0056,CLI006815,PAR010,correspondente,AUTO,107500.0,72,0.1664,1771.36,2025-10-04,ativa,,,,,,
CT0005484,GA0032,CLI004008,PAR002,loja,Auto,51700.0,60,0.1929,1045.12,2025-11-19,ativa,,,,,,
CT0000974,GS0028,CLI005032,PAR001,digital,servicos,10100.0,24,0.1924,510.22,2024-09-13,ativa,,,,,,
CT0002040,GA0033,CLI005053,PAR099,telemarketing,auto,79700.0,60,0.174,1586.03,2025-07-29,contemplada,,CTP000224,GA0033,2026-03-29,sorteio,0.0
CT0003128,GC0022,CLI002812,PAR007,digital,CELULAR,8900.0,24,0.2492,470.66,2024-09-26,cancelada,2026-05-26,,,,,
CT0005218,GC0069,CLI006054,PAR001,digital,Celular,5000.0,24,0.2199,258.31,2025-07-03,ativa,,,,,,
CT0008191,GA0047,CLI003980,PAR011,correspondente,auto,69300.0,60,0.1744,1379.53,2026-04-14,ativa,,,,,,
CT0006208,GC0001,CLI000673,PAR009,digital,smartphone,2800.0,24,0.233,146.18,2026-01-14,ativa,,,,,,
CT0007532,GA0051,CLI006228,PAR011,correspondente,Auto,63100.0,60,0.1694,1250.85,2024-03-09,cancelada,2026-07-09,CTP000794,GA0051,2025-08-09,sorteio,0.0
CT0005498,GA0013,CLI000931,PAR008,correspondente,Auto,109100.0,72,0.1643,1794.54,2025-01-21,ativa,,,,,,
CT0002796,GI0041,CLI004435,PAR003,correspondente,imóvel,551000.0,180,0.1869,3694.45,2026-04-10,ativa,,,,,,
CT0006437,GS0005,CLI000514,PAR010,correspondente,Servicos,33500.0,48,0.2023,853.06,2024-02-11,ativa,,,,,,
CT0005936,GA0065,CLI003638,PAR002,loja,Auto,116700.0,60,0.1799,2333.81,2025-11-26,ativa,,,,,,
CT0005266,GA0079,CLI003855,PAR002,loja,AUTO,98800.0,72,0.1615,1621.28,2026-06-02,ativa,,,,,,
CT0007916,GC0033,CLI001639,PAR002,loja,Celular,3800.0,15,0.2347,317.86,2024-02-21,quitada,,,,,,
CT0005456,GC0053,CLI007051,PAR007,digital,CELULAR,8100.0,24,0.2206,418.7,2025-01-21,cancelada,2025-05-21,,,,,
CT0008512,GC0052,CLI007152,PAR007,digital,smartphone,8200.0,12,0.2157,844.39,2024-08-07,cancelada,2025-02-07,,,,,
CT0004884,GC0038,CLI001335,PAR007,digital,CELULAR,7900.0,18,0.2376,551.95,2025-09-03,cancelada,2026-01-03,,,,,
CT0006417,GA0047,CLI000690,PAR006,loja,Automóvel,91500.0,60,0.1449,1776.47,2024-06-11,cancelada,2025-08-11,,,,,
CT0002096,GC0065,CLI001788,PAR007,digital,CELULAR,5900.0,18,0.2248,408.02,2025-10-22,cancelada,2025-12-22,,,,,
CT0004232,GI0016,CLI002333,PAR099,correspondente,imoveis,281200.0,200,0.2002,1715.6,2024-05-12,ativa,,,,,,
CT0001205,GI0016,CLI004958,PAR008,correspondente,imoveis,452100.0,200,0.1948,2746.06,2026-05-09,ativa,,,,,,
CT0000878,GA0060,CLI003364,PAR002,loja,automovel,70800.0,80,0.1714,1054.39,2023-08-23,ativa,,,,,,
CT0007823,GA0088,CLI000717,PAR005,bancario,automovel,48400.0,80,0.1831,727.88,2025-01-14,ativa,,,,,,
CT0007979,GC0045,CLI002202,PAR003,,CELULAR,3200.0,18,0.2366,223.4,2024-05-19,quitada,,,,,,
CT0006111,GC0064,CLI007100,PAR007,digital,celular,7000.0,24,0.2316,365.05,2024-11-28,cancelada,2025-02-28,,,,,
CT0003148,GC0033,CLI003123,PAR006,loja,celular,2300.0,15,0.2336,192.22,2025-10-26,ativa,,,,,,
CT0004443,GC0067,CLI004060,PAR006,loja,Celular,5900.0,15,0.2426,496.62,2026-07-03,ativa,,,,,,
CT0004688,GI0036,CLI002276,PAR006,loja,IMOVEIS,264300.0,180,0.2175,1817.06,2024-01-20,cancelada,2024-03-20,,,,,
CT0005642,GA0040,CLI006584,PAR005,bancario,AUTO,105300.0,72,0.1859,1763.63,2024-05-11,ativa,,,,,,
CT0007725,GI0023,CLI005485,PAR003,correspondente,Imóveis,275900.0,200,0.2137,1701.89,2025-04-29,contemplada,,CTP000816,GI0023,2025-12-29,sorteio,0.0
CT0001123,GA0085,CLI001483,PAR001,digital,AUTO,74000.0,60,0.1848,1485.92,2025-02-22,contemplada,,CTP000119,GA0085,2026-08-22,lance_livre,11028.39
CT0007111,GA0065,CLI003182,PAR007,digital,Auto,127000.0,60,0.1874,2555.66,2025-01-15,cancelada,2025-11-15,,,,,
CT0006529,GA0070,CLI004945,PAR008,,Auto,93100.0,60,0.1728,1850.83,2023-10-31,ativa,,,,,,
CT0003185,GC0069,CLI003001,PAR007,digital,Celular,8000.0,24,0.2228,414.27,2024-11-02,cancelada,2025-01-02,,,,,
CT0004555,GA0012,CLI006660,PAR004,telemarketing,Auto,114700.0,80,0.1768,1715.91,2025-11-26,cancelada,2026-07-26,,,,,
CT0001362,GI0037,CLI006478,PAR002,loja,imoveis,472400.0,200,0.2081,2900.77,2024-07-19,contemplada,,CTP000151,GI0037,2026-06-19,lance_fixo,118100.0
CT0008056,GS0027,CLI000746,PAR012,interno,Servicos,14700.0,48,0.2004,373.75,2023-04-30,ativa,,,,,,
CT0008305,GA0068,CLI003062,PAR002,loja,Auto,55500.0,72,0.1715,918.45,2026-03-16,ativa,,,,,,
CT0008273,GA0023,CLI005688,PAR002,loja,Automóvel,45500.0,72,0.1852,761.62,2023-10-13,contemplada,,CTP000876,GA0023,2023-11-13,lance_fixo,11375.0
CT0003325,GS0031,CLI001050,PAR005,bancario,Serviços,26200.0,36,0.1998,887.74,2026-02-05,ativa,,,,,,
CT0007521,GI0019,CLI006174,PAR010,correspondente,IMOVEIS,594900.0,150,0.2124,4887.7,2024-12-04,cancelada,2025-01-04,,,,,
CT0005865,GS0021,CLI003596,PAR007,digital,Serviços,25000.0,36,0.1943,843.26,2025-06-18,cancelada,2025-08-18,,,,,
CT0006322,GA0001,CLI001381,PAR001,digital,automovel,66500.0,72,0.1736,1102.42,2026-02-01,ativa,,,,,,
CT0003124,GI0022,CLI002079,PAR002,loja,imóvel,206600.0,200,0.1976,1257.78,2025-08-21,ativa,,,,,,
CT0000466,GS0010,CLI002455,PAR011,correspondente,SERVICOS,18500.0,24,0.2029,942.65,2024-09-19,ativa,,,,,,
CT0003037,GA0038,CLI002839,PAR005,bancario,Automóvel,102700.0,72,0.1865,1720.94,2023-03-23,cancelada,2024-08-23,CTP000329,GA0038,2024-08-23,sorteio,0.0
CT0003778,GC0064,CLI005653,PAR001,digital,smartphone,4300.0,24,0.2183,221.86,2024-08-27,quitada,,,,,,
CT0002689,GI0032,CLI005091,PAR006,loja,Imóveis,341300.0,180,0.19,2294.29,2023-06-18,cancelada,2023-07-18,CTP000294,GI0032,2023-07-18,sorteio,0.0
CT0000536,GA0076,CLI002228,PAR001,digital,Automóvel,119700.0,72,0.1949,2019.77,2026-07-14,ativa,,,,,,
CT0000415,GC0007,CLI002211,PAR007,digital,celular,4100.0,24,0.2268,212.99,2025-07-30,cancelada,2025-08-30,,,,,
CT0000045,GC0001,CLI004354,PAR006,loja,smartphone,5700.0,24,0.2468,300.86,2024-12-18,cancelada,2025-03-18,,,,,
CT0002261,GS0003,CLI000052,PAR003,correspondente,SERVICOS,32000.0,36,0.2261,1107.64,2024-12-29,ativa,,,,,,
CT0007600,GA0064,CLI006053,PAR005,bancario,AUTO,55100.0,72,0.1431,890.09,2025-05-13,ativa,,,,,,
CT0005516,GA0037,CLI002520,PAR012,interno,AUTO,109200.0,80,0.182,1640.73,2026-07-08,ativa,,,,,,
CT0005021,GC0010,CLI000492,PAR007,digital,celular,4300.0,12,0.2199,444.3,2025-02-19,quitada,,,,,,
CT0006874,GA0027,CLI006433,PAR010,correspondente,automovel,125000.0,72,0.1777,2079.34,2023-11-09,ativa,,,,,,
CT0002485,GC0035,CLI007126,PAR007,digital,celular,5200.0,24,0.2363,272.2,2025-05-03,ativa,,,,,,
CT0006683,GS0020,CLI006509,PAR012,interno,Serviços,27700.0,48,0.1955,701.44,2024-06-11,cancelada,2025-03-11,,,,,
CT0003267,GC0039,CLI002107,PAR010,correspondente,CELULAR,8200.0,12,0.2473,865.99,2025-02-26,cancelada,2025-06-26,,,,,
CT0005778,GC0025,CLI006046,PAR009,digital,smartphone,4100.0,15,0.2201,338.96,2024-03-06,cancelada,2024-05-06,,,,,
CT0003680,GS0020,CLI002061,PAR007,digital,servicos,32900.0,48,0.199,835.52,2024-07-17,cancelada,2025-09-17,,,,,
CT0002522,GA0066,CLI003917,PAR002,loja,automovel,109700.0,72,0.1824,1831.99,2024-02-01,cancelada,2025-05-01,CTP000277,GA0066,2024-12-01,lance_livre,23917.94
CT0008404,GA0077,CLI001114,PAR006,loja,auto,122000.0,80,0.1625,1803.31,2024-07-27,cancelada,2024-10-27,,,,,
CT0008500,GA0050,CLI007092,PAR009,digital,Auto,83600.0,80,0.1723,1245.95,2024-03-24,ativa,,,,,,
CT0000845,GA0035,CLI005441,PAR004,telemarketing,Auto,78200.0,80,0.1479,1141.62,2023-10-28,cancelada,2023-12-28,,,,,
CT0001114,GA0014,CLI001275,PAR007,digital,Automóvel,115800.0,80,0.1708,1723.68,2025-01-07,cancelada,2026-01-07,,,,,
CT0005250,GA0029,CLI004745,PAR005,bancario,Automóvel,96000.0,60,0.1811,1921.76,2026-03-25,ativa,,,,,,
CT0005962,GI0032,CLI006631,PAR003,correspondente,imoveis,373500.0,180,0.2114,2555.16,2024-08-01,ativa,,,,,,
CT0001511,GI0039,CLI007062,PAR010,correspondente,Imovel,620700.0,200,0.2013,3790.3,2023-09-18,ativa,,,,,,
CT0005032,GA0063,CLI007152,PAR005,bancario,auto,81200.0,60,0.1714,1612.36,2025-11-16,ativa,,,,,,
CT0007026,GA0031,CLI002460,PAR099,telemarketing,AUTO,107000.0,72,0.1748,1775.61,2025-12-11,contemplada,,CTP000740,GA0031,2026-04-11,lance_livre,28773.22
CT0007015,GC0006,CLI000042,PAR009,digital,Celular,3000.0,18,0.2232,207.2,2026-05-22,contemplada,,CTP000739,GC0006,2026-08-22,sorteio,0.0
CT0007352,GC0035,CLI002513,PAR099,digital,CELULAR,6100.0,24,0.2209,315.4,2026-02-16,ativa,,,,,,
CT0005500,GC0010,CLI000017,PAR007,digital,celular,6000.0,12,0.2337,626.85,2024-09-09,quitada,,,,,,
CT0000954,GI0012,CLI001743,PAR010,correspondente,IMOVEIS,264700.0,150,0.2058,2163.13,2024-06-20,ativa,,,,,,
CT0008439,GA0068,CLI002269,PAR009,digital,AUTO,109300.0,72,0.1669,1801.78,2026-03-01,ativa,,,,,,
CT0008486,GC0038,CLI006714,PAR004,telemarketing,CELULAR,7600.0,18,0.2246,525.5,2024-04-07,quitada,,,,,,
CT0005256,GS0019,CLI004825,PAR004,telemarketing,Servicos,30800.0,36,0.1644,1013.32,2023-07-04,cancelada,2023-09-04,CTP000562,GS0019,2023-09-04,lance_fixo,7700.0
CT0001011,GA0070,CLI000888,PAR001,digital,AUTO,115400.0,60,0.1645,2278.19,2026-07-14,ativa,,,,,,
CT0008246,GS0019,CLI003633,PAR005,bancario,Servicos,13000.0,36,0.1785,432.79,2023-09-13,ativa,,,,,,
CT0000427,GA0086,CLI003591,PAR005,bancario,auto,93500.0,60,0.1747,1861.74,2024-07-26,ativa,,,,,,
CT0001862,GS0008,CLI004913,PAR008,correspondente,SERVICOS,18600.0,48,0.2187,480.0,2024-10-17,ativa,,,,,,
CT0000282,GA0032,CLI006139,PAR007,digital,AUTO,55100.0,60,0.1587,1082.44,2025-08-26,cancelada,2025-10-26,,,,,
CT0002146,GC0038,CLI006623,PAR007,digital,celular,7100.0,18,0.2434,498.34,2025-04-26,ativa,,,,,,
CT0007478,GA0049,CLI001326,PAR007,digital,Auto,76100.0,60,0.1254,1452.75,2024-09-18,cancelada,2024-11-18,,,,,
CT0004911,GI0010,CLI000674,PAR006,loja,Imóveis,360600.0,180,0.2036,2451.28,2024-11-06,ativa,,,,,,
CT0000583,GA0033,CLI001912,PAR006,loja,auto,122900.0,60,0.1689,2435.26,2024-06-01,cancelada,2025-12-01,,,,,
CT0008270,GI0031,CLI005198,PAR001,digital,imoveis,472400.0,200,0.1969,2874.32,2024-01-21,contemplada,,CTP000875,GI0031,2024-03-21,lance_livre,132800.45
CT0007541,GA0019,CLI002235,PAR004,telemarketing,Auto,113800.0,60,0.1786,2273.34,2024-06-02,cancelada,2025-05-02,,,,,
CT0004956,GC0004,CLI003599,PAR007,digital,celular,5000.0,12,0.2645,535.21,2024-12-28,cancelada,2025-01-28,,,,,
CT0003857,GI0026,CLI003765,PAR011,correspondente,IMOVEIS,186000.0,150,0.1984,1510.82,2025-03-23,ativa,,,,,,
CT0000650,GI0028,CLI002481,PAR012,interno,Imovel,484300.0,200,0.2094,2976.99,2025-06-12,ativa,,,,,,
CT0005374,GA0068,CLI006003,PAR001,,AUTO,46700.0,72,0.1897,784.62,2024-06-24,ativa,,,,,,
CT0002783,GA0032,CLI007104,PAR002,loja,Automóvel,52700.0,60,0.1705,1045.66,2026-02-08,ativa,,,,,,
CT0005768,GS0038,CLI000400,PAR001,digital,serviço,33200.0,36,0.1978,1123.08,2025-11-28,ativa,,,,,,
CT0005465,GI0013,CLI005635,PAR001,digital,Imovel,555000.0,150,0.205,4532.5,2024-07-08,cancelada,2025-06-08,,,,,
CT0006666,GA0066,CLI005612,PAR008,correspondente,Auto,76900.0,72,0.1811,1282.84,2025-03-16,cancelada,2025-06-16,,,,,
CT0003909,GS0023,CLI003601,PAR004,,Servicos,7700.0,24,0.2109,394.91,2023-02-05,cancelada,2023-12-05,,,,,
CT0008310,GA0080,CLI005262,PAR008,correspondente,auto,71800.0,60,0.1594,1411.35,2026-01-07,ativa,,,,,,
CT0003039,GS0024,CLI000869,PAR003,correspondente,serviço,20900.0,36,0.1902,702.59,2025-02-13,ativa,,,,,,
CT0006350,GA0012,CLI003104,PAR007,digital,auto,49500.0,80,0.1832,744.48,2025-02-26,cancelada,2025-03-26,,,,,
CT0000748,GS0013,CLI000895,PAR002,loja,serviço,23900.0,36,0.2012,810.74,2025-05-14,cancelada,2026-07-14,,,,,
CT0005632,GC0048,CLI006079,PAR004,telemarketing,smartphone,8100.0,18,0.247,570.15,2026-01-25,contemplada,,CTP000600,GC0048,2026-02-25,lance_livre,4061.64
CT0000700,GS0023,CLI004429,PAR001,digital,serviço,26400.0,24,0.2025,1344.75,2025-02-13,cancelada,2025-05-13,,,,,
CT0005666,GA0006,CLI000971,PAR001,digital,Auto,88400.0,80,0.1472,1289.76,2023-05-15,cancelada,2025-07-15,,,,,
CT0000083,GS0033,CLI006880,PAR004,telemarketing,servicos,10700.0,48,0.2036,272.76,2023-09-27,cancelada,2025-07-27,,,,,
CT0003097,GI0008,CLI004704,PAR003,correspondente,imoveis,457200.0,180,0.1956,3087.62,2023-06-27,ativa,,,,,,
CT0002304,GS0008,CLI004177,PAR004,telemarketing,SERVICOS,7900.0,48,0.193,199.64,2025-04-30,cancelada,2025-06-30,,,,,
CT0007268,GI0022,CLI004021,PAR003,correspondente,IMOVEIS,237000.0,200,0.1924,1436.69,2025-03-08,cancelada,2026-03-08,,,,,
CT0007793,GA0024,CLI000053,PAR004,telemarketing,automovel,82300.0,72,0.1657,1355.32,2026-05-04,ativa,,,,,,
CT0008398,GA0022,CLI004374,PAR002,loja,auto,109900.0,80,0.1754,1642.18,2023-03-08,cancelada,2023-11-08,,,,,
CT0002248,GA0052,CLI005507,PAR008,correspondente,AUTO,61200.0,60,0.1571,1200.64,2025-02-24,ativa,,,,,,
CT0008196,GC0041,CLI007149,PAR009,digital,CELULAR,7700.0,24,0.2309,401.33,2024-05-04,quitada,,,,,,
CT0004845,GS0028,CLI003633,PAR005,bancario,Servicos,9200.0,24,0.1837,461.42,2025-09-27,ativa,,,,,,
CT0005435,GA0011,CLI003177,PAR002,loja,Automóvel,49200.0,72,0.1831,822.12,2024-12-08,ativa,,,,,,
CT0004415,GS0026,CLI007084,PAR001,digital,Servicos,6000.0,48,0.1924,151.55,2025-03-15,ativa,,,,,,
CT0002309,GI0044,CLI006416,PAR003,correspondente,Imóveis,561600.0,150,0.1789,4488.68,2025-04-13,ativa,,,,,,
CT0004113,GC0017,CLI002041,PAR004,telemarketing,Celular,3000.0,12,0.2505,317.62,2023-04-07,quitada,,,,,,
CT0002289,GC0025,CLI000086,PAR004,telemarketing,smartphone,2100.0,15,0.2346,175.64,2025-06-26,cancelada,2026-08-26,CTP000249,GC0025,2025-12-26,lance_livre,983.44
CT0008471,GA0079,CLI005872,PAR004,telemarketing,automovel,46100.0,72,0.1907,775.18,2024-10-04,cancelada,2026-04-04,,,,,
CT0000631,GS0013,CLI006534,PAR007,digital,Servicos,33700.0,36,0.2018,1143.74,2025-01-13,cancelada,2025-11-13,,,,,
CT0003223,GI0037,CLI002358,PAR009,digital,IMOVEIS,284700.0,200,0.1789,1706.63,2026-02-02,ativa,,,,,,
CT0000813,GS0002,CLI002723,PAR004,telemarketing,SERVICOS,16300.0,36,0.1948,550.03,2025-10-06,ativa,,,,,,
CT0006924,GI0014,CLI006943,PAR004,telemarketing,Imovel,535100.0,150,0.1912,4320.75,2026-07-17,ativa,,,,,,
CT0005805,GS0014,CLI001746,PAR009,digital,Servicos,24500.0,36,0.1883,822.32,2024-08-30,cancelada,2025-02-28,,,,,
CT0005155,GC0037,CLI006224,PAR008,correspondente,celular,2200.0,24,0.207,112.48,2026-03-05,ativa,,,,,,
CT0005990,GS0030,CLI001278,PAR004,telemarketing,serviço,24100.0,36,0.1854,806.95,2025-01-02,cancelada,2026-01-02,,,,,
CT0004135,GS0017,CLI005881,PAR004,telemarketing,Servicos,14600.0,36,0.2183,502.2,2024-06-04,ativa,,,,,,
CT0007293,GS0017,CLI002857,PAR009,digital,SERVICOS,24800.0,36,0.1945,836.66,2023-12-17,cancelada,2025-01-17,,,,,
CT0000981,GI0040,CLI000381,PAR010,correspondente,IMOVEIS,329400.0,200,0.1763,1970.31,2023-08-07,ativa,,,,,,
CT0004349,GI0000,CLI001575,PAR001,digital,IMOVEIS,548500.0,150,0.1764,4374.84,2023-08-13,cancelada,2024-01-13,,,,,
CT0006555,GA0086,CLI005107,PAR008,correspondente,auto,116200.0,60,0.1706,2305.8,2026-02-18,ativa,,,,,,
CT0005368,GA0064,CLI005686,PAR006,loja,automovel,125300.0,72,0.1564,2047.26,2025-01-15,ativa,,,,,,
CT0007178,GI0000,CLI006680,PAR010,correspondente,Imóveis,194600.0,150,0.2085,1593.77,2023-11-28,ativa,,,,,,
CT0008185,GC0023,CLI005081,PAR001,digital,celular,5100.0,18,0.1932,343.74,2024-07-15,cancelada,2025-06-15,,,,,
CT0001084,GS0014,CLI001592,PAR001,digital,Servicos,18800.0,36,0.2263,650.85,2023-05-13,quitada,,CTP000114,GS0014,2024-09-13,sorteio,0.0
CT0001692,GC0036,CLI002599,PAR008,correspondente,celular,6500.0,24,0.2287,338.19,2024-10-02,ativa,,,,,,
CT0004624,GI0027,CLI003240,PAR003,correspondente,Imóveis,218500.0,150,0.1859,1756.59,2025-01-01,ativa,,,,,,
CT0001963,GI0019,CLI001043,PAR001,digital,Imóveis,242500.0,150,0.1986,1970.07,2025-10-01,ativa,,,,,,
CT0004679,GI0016,CLI002961,PAR001,digital,IMOVEIS,190200.0,200,0.2045,1164.5,2025-06-19,ativa,,,,,,
CT0008057,GI0038,CLI004187,PAR003,correspondente,Imóveis,442400.0,150,0.2063,3616.77,2024-03-04,ativa,,,,,,
CT0002151,GA0035,CLI005173,PAR009,digital,automovel,74100.0,80,0.1515,1085.1,2024-11-15,ativa,,,,,,
CT0006846,GA0048,CLI001264,PAR002,loja,Automóvel,60500.0,80,0.163,894.64,2023-08-20,ativa,,,,,,
CT0006513,GC0034,CLI005092,PAR004,telemarketing,celular,1800.0,12,0.2282,187.23,2023-10-19,cancelada,2024-05-19,,,,,
CT0000976,GA0084,CLI005647,PAR010,correspondente,automovel,93700.0,60,0.1909,1891.02,2023-05-21,cancelada,2026-07-21,,,,,
CT0004488,GA0047,CLI004391,PAR005,bancario,Automóvel,110600.0,60,0.1855,2222.14,2025-11-13,ativa,,,,,,
CT0005835,GA0061,CLI004771,PAR005,bancario,auto,106900.0,80,0.1682,1587.73,2024-06-23,ativa,,,,,,
CT0000444,GI0006,CLI002625,PAR003,correspondente,imoveis,637100.0,180,0.1876,4274.23,2024-04-14,ativa,,,,,,
CT0005447,GC0039,CLI005049,PAR006,loja,CELULAR,5200.0,12,0.2239,539.02,2026-05-31,cancelada,2026-06-30,,,,,
CT0002791,GC0047,CLI000870,PAR010,correspondente,celular,7900.0,15,0.2133,649.54,2025-03-04,cancelada,2025-05-04,,,,,
CT0006690,GI0003,CLI004039,PAR005,bancario,imóvel,215300.0,150,0.1886,1734.74,2024-03-22,ativa,,,,,,
CT0001420,GI0002,CLI006681,PAR003,correspondente,imoveis,472800.0,180,0.2134,3239.73,2024-05-23,ativa,,,,,,
CT0007620,GI0013,CLI002764,PAR005,bancario,Imovel,517600.0,150,0.1831,4151.5,2023-08-03,ativa,,,,,,
CT0001642,GA0080,CLI006203,PAR005,bancario,auto,112500.0,60,0.1594,2211.38,2024-05-18,ativa,,,,,,
CT0005380,GI0040,CLI001020,PAR006,loja,imoveis,236200.0,200,0.1889,1427.71,2024-09-20,ativa,,,,,,
CT0003118,GC0049,CLI005914,PAR004,telemarketing,CELULAR,4700.0,24,0.2223,243.28,2024-08-19,quitada,,,,,,
CT0002596,GS0029,CLI005359,PAR009,digital,servicos,25800.0,24,0.198,1309.35,2024-09-01,ativa,,,,,,
CT0006045,GA0056,CLI006490,PAR002,loja,Auto,106600.0,72,0.1554,1740.24,2024-08-22,cancelada,2025-02-22,,,,,
CT0001405,GC0052,CLI001487,PAR007,digital,CELULAR,8500.0,12,0.223,880.46,2025-05-16,quitada,,CTP000157,GC0052,2025-09-16,sorteio,0.0
CT0007624,GA0060,CLI003600,PAR002,loja,auto,112500.0,80,0.1679,1670.48,2023-03-03,ativa,,,,,,
CT0008428,GC0011,CLI000464,PAR007,digital,CELULAR,5200.0,12,0.233,542.97,2025-10-10,ativa,,,,,,
CT0008319,GC0033,CLI006701,PAR004,telemarketing,Celular,7600.0,15,0.2225,629.53,2023-10-26,cancelada,2023-12-26,,,,,
CT0001740,GA0046,CLI006753,PAR010,correspondente,AUTO,123100.0,72,0.1688,2032.52,2025-12-06,cancelada,2026-01-06,,,,,
CT0005474,GI0014,CLI002876,PAR006,loja,IMOVEIS,517500.0,150,0.1993,4206.59,2026-02-06,ativa,,,,,,
CT0003365,GI0017,CLI003826,PAR001,digital,IMOVEIS,586900.0,150,0.1856,4717.11,2026-03-25,ativa,,,,,,
CT0007806,GS0029,CLI006373,PAR007,digital,Serviços,7400.0,24,0.1986,375.73,2025-09-02,cancelada,2026-02-02,,,,,
CT0005149,GA0046,CLI002695,PAR002,loja,Auto,48500.0,72,0.1684,800.52,2026-02-13,ativa,,,,,,
CT0004167,GC0062,CLI004635,PAR006,loja,smartphone,3000.0,24,0.2479,158.49,2024-10-06,cancelada,2026-04-06,,,,,
CT0004703,GA0010,CLI003744,PAR006,loja,Auto,124400.0,72,0.1847,2081.45,2025-02-23,ativa,,,,,,
CT0002752,GC0010,CLI000413,PAR007,digital,celular,4300.0,12,0.2284,447.34,2025-08-05,quitada,,,,,,
CT0004431,GS0039,CLI002051,PAR001,digital,SERVICOS,6800.0,48,0.2137,174.77,2025-02-12,ativa,,,,,,
CT0006143,GI0014,CLI006373,PAR005,bancario,IMOVEIS,304600.0,150,0.1886,2454.26,2023-04-10,ativa,,,,,,
CT0008242,GC0045,CLI007087,PAR004,telemarketing,CELULAR,8400.0,18,0.244,589.87,2023-06-16,cancelada,2024-04-16,,,,,
CT0004728,GA0035,CLI004483,PAR009,digital,auto,121600.0,80,0.173,1813.36,2026-03-21,ativa,,,,,,
CT0007895,GI0020,CLI003126,PAR002,loja,IMOVEIS,373800.0,180,0.2101,2554.51,2024-11-26,ativa,,,,,,
CT0004660,GA0064,CLI000533,PAR002,loja,automovel,59500.0,72,0.1617,976.54,2025-01-01,ativa,,,,,,
CT0007206,GI0015,CLI001571,PAR011,correspondente,Imóveis,230000.0,180,0.1846,1539.21,2026-01-28,ativa,,,,,,
CT0004176,GA0011,CLI005951,PAR011,correspondente,auto,55500.0,72,0.1709,917.99,2025-11-07,ativa,,,,,,
CT0007654,GS0011,CLI003808,PAR001,digital,SERVICOS,25400.0,48,0.2227,657.6,2025-06-23,ativa,,,,,,
CT0005693,GC0062,CLI000445,PAR004,telemarketing,CELULAR,2900.0,24,0.2238,150.29,2025-03-05,cancelada,2026-08-05,,,,,
CT0006042,GC0044,CLI003198,PAR006,loja,celular,5600.0,12,0.2149,576.29,2024-10-16,quitada,,,,,,
CT0006941,GA0012,CLI001306,PAR012,interno,auto,112000.0,80,0.1808,1681.12,2025-04-13,ativa,,,,,,
CT0005918,GS0007,CLI003914,PAR001,digital,Serviços,10600.0,24,0.209,542.81,2026-06-18,ativa,,,,,,
CT0000058,GC0042,CLI001899,PAR009,digital,Celular,2400.0,12,0.2304,250.08,2026-02-25,ativa,,,,,,
CT0004807,GC0056,CLI006934,PAR007,digital,celular,7200.0,12,0.2242,746.52,2025-06-20,cancelada,2026-03-20,,,,,
CT0005673,GA0057,CLI000959,PAR008,correspondente,Auto,82300.0,60,0.1609,1619.8,2024-12-23,contemplada,,CTP000605,GA0057,2025-10-23,sorteio,0.0
CT0006612,GI0042,CLI004573,PAR003,correspondente,imóvel,225300.0,150,0.1942,1823.73,2024-08-20,cancelada,2026-03-20,CTP000696,GI0042,2024-12-20,sorteio,0.0
CT0006106,GI0010,CLI003080,PAR003,correspondente,Imóveis,338700.0,180,0.1941,2284.53,2026-03-18,ativa,,,,,,
CT0004596,GC0006,CLI006352,PAR007,digital,Celular,3900.0,18,0.212,266.93,2025-07-18,cancelada,2025-11-18,,,,,
CT0003666,GI0002,CLI004830,PAR012,interno,IMOVEIS,377200.0,180,0.1959,2547.99,2025-05-14,ativa,,,,,,
CT0001554,GC0061,CLI001032,PAR009,digital,smartphone,4800.0,24,0.2486,253.72,2025-05-06,contemplada,,CTP000173,GC0061,2026-02-06,lance_fixo,1200.0
CT0007696,GC0047,CLI001077,PAR009,digital,CELULAR,5700.0,15,0.2322,475.84,2025-04-10,cancelada,2025-10-10,,,,,
CT0002558,GC0053,CLI002001,PAR009,,Celular,5600.0,24,0.2251,290.52,2025-03-17,cancelada,2025-10-17,,,,,
CT0001706,GA0077,CLI000582,PAR002,loja,auto,82600.0,80,0.1708,1229.5,2023-06-03,ativa,,,,,,
CT0005770,GS0013,CLI006385,PAR007,digital,servicos,28400.0,36,0.2235,980.98,2025-08-15,ativa,,,,,,
CT0000216,GI0006,CLI002512,PAR002,loja,Imovel,396000.0,180,0.1908,2663.76,2023-07-01,cancelada,2025-01-01,,,,,
CT0005491,GC0032,CLI004103,PAR007,digital,smartphone,4700.0,18,0.2259,325.32,2025-09-19,ativa,,,,,,
CT0000828,GI0000,CLI006754,PAR008,correspondente,imóvel,350300.0,150,0.1979,2844.2,2023-05-09,ativa,,,,,,
CT0001803,GI0014,CLI000902,PAR005,bancario,IMOVEIS,608500.0,150,0.1833,4881.39,2026-04-23,ativa,,,,,,
CT0002443,GA0034,CLI006346,PAR001,digital,Auto,115800.0,80,0.1739,1728.17,2023-06-30,cancelada,2024-08-30,,,,,
CT0002392,GI0030,CLI000082,PAR001,digital,Imovel,338800.0,200,0.2164,2094.46,2024-02-05,ativa,,,,,,
CT0002836,GC0057,CLI001345,PAR004,telemarketing,celular,2000.0,24,0.221,103.42,2026-06-24,cancelada,2026-07-24,,,,,
CT0004968,GC0056,CLI006949,PAR004,telemarketing,CELULAR,7000.0,12,0.2282,728.12,2025-04-15,quitada,,,,,,
CT0004007,GI0015,CLI005681,PAR010,correspondente,Imóveis,498000.0,180,0.2165,3420.98,2024-07-12,ativa,,,,,,
CT0006457,GC0013,CLI003118,PAR007,digital,Celular,7200.0,18,0.2419,504.76,2025-08-09,ativa,,,,,,
CT0000419,GI0002,CLI002580,PAR003,correspondente,IMOVEIS,338200.0,180,0.2037,2299.2,2023-12-20,ativa,,,,,,
CT0005939,GA0072,CLI003317,PAR005,bancario,AUTO,100000.0,60,0.1637,1972.83,2024-01-20,ativa,,,,,,
CT0003796,GS0030,CLI003562,PAR001,,Servicos,17500.0,36,0.1755,581.15,2024-04-09,ativa,,,,,,
CT0008360,GI0009,CLI002144,PAR003,correspondente,Imovel,308600.0,180,0.1934,2080.31,2025-10-11,ativa,,,,,,
CT0002730,GC0009,CLI007103,PAR006,loja,CELULAR,2800.0,24,0.2147,144.05,2026-02-21,ativa,,,,,,
CT0007882,GS0014,CLI003640,PAR012,interno,SERVICOS,12600.0,36,0.1979,426.26,2025-04-15,ativa,,,,,,
CT0004166,GC0048,CLI004711,PAR007,digital,smartphone,2100.0,18,0.2259,145.35,2024-11-07,cancelada,2025-11-07,,,,,
CT0001695,GI0025,CLI004085,PAR003,correspondente,imoveis,289400.0,150,0.2245,2401.06,2026-04-25,ativa,,,,,,
CT0005048,GI0044,CLI001293,PAR005,bancario,IMOVEIS,467900.0,150,0.2012,3809.33,2025-06-29,ativa,,,,,,
CT0006041,GC0024,CLI002471,PAR009,digital,smartphone,3000.0,12,0.2298,312.45,2025-03-08,cancelada,2025-04-08,,,,,
CT0001704,GS0001,CLI007050,PAR001,digital,servicos,33700.0,24,0.1932,1703.54,2024-03-04,cancelada,2025-01-04,,,,,
CT0000758,GC0021,CLI006204,PAR006,loja,celular,5200.0,12,0.2273,540.5,2025-10-11,ativa,,,,,,
CT0002246,GA0047,CLI006382,PAR010,correspondente,Automóvel,77300.0,60,0.1492,1506.32,2025-02-01,cancelada,2025-07-01,,,,,
CT0006537,GC0016,CLI003022,PAR007,digital,smartphone,8100.0,12,0.2325,845.44,2025-08-09,cancelada,2025-12-09,,,,,
CT0000554,GC0022,CLI002995,PAR004,telemarketing,Celular,3800.0,24,0.2219,196.63,2024-08-13,cancelada,2024-09-13,,,,,
CT0003268,GC0003,CLI004118,PAR004,telemarketing,Celular,6800.0,12,0.2261,706.12,2025-02-21,cancelada,2025-05-21,,,,,
CT0000591,GA0074,CLI006613,PAR002,loja,automovel,118000.0,80,0.1732,1759.97,2024-04-25,ativa,,,,,,
CT0006321,GA0048,CLI000275,PAR001,digital,auto,62800.0,80,0.1859,946.63,2025-02-03,ativa,,,,,,
CT0005493,GA0037,CLI001281,PAR002,loja,AUTO,101400.0,80,0.1568,1491.59,2025-08-25,ativa,,,,,,
CT0005277,GA0086,CLI004875,PAR004,telemarketing,automovel,98800.0,60,0.1873,1988.02,2024-11-25,ativa,,,,,,
CT0006687,GC0020,CLI005454,PAR099,bancario,CELULAR,2900.0,24,0.2235,150.26,2025-05-07,cancelada,2026-01-07,,,,,
CT0003983,GC0001,CLI001318,PAR001,digital,Celular,4000.0,24,0.2285,208.08,2025-05-08,contemplada,,CTP000433,GC0001,2026-03-08,sorteio,0.0
CT0000279,GC0034,CLI006219,PAR003,correspondente,CELULAR,1900.0,12,0.2252,197.16,2024-02-22,quitada,,,,,,
CT0002545,GC0053,CLI002194,PAR009,digital,celular,5800.0,24,0.2219,300.13,2025-04-30,contemplada,,CTP000280,GC0053,2026-02-28,lance_fixo,1450.0
CT0007316,GI0014,CLI004919,PAR005,bancario,IMOVEIS,630800.0,150,0.1983,5123.36,2025-02-08,ativa,,,,,,
CT0001858,GS0027,CLI006478,PAR006,loja,Servicos,27600.0,48,0.2193,712.6,2023-10-22,cancelada,2025-03-22,,,,,
CT0007721,GI0010,CLI004528,PAR008,correspondente,IMOVEIS,467700.0,180,0.2231,3229.99,2024-01-25,contemplada,,CTP000814,GI0010,2024-07-25,lance_fixo,116925.0
CT0004655,GA0010,CLI005868,PAR003,,automovel,110200.0,72,0.1591,1804.68,2023-03-19,contemplada,,CTP000502,GA0010,2024-04-19,sorteio,0.0
CT0007198,GC0036,CLI001295,PAR004,telemarketing,celular,7700.0,24,0.2179,397.16,2025-03-18,cancelada,2026-02-18,,,,,
CT0006565,GS0011,CLI003463,PAR006,loja,SERVICOS,10000.0,48,0.2116,256.58,2025-05-21,ativa,,,,,,
CT0008129,GI0027,CLI001035,PAR003,correspondente,Imovel,417200.0,150,0.2026,3400.46,2026-05-07,ativa,,,,,,
CT0000606,GI0014,CLI000209,PAR099,digital,imoveis,184700.0,150,0.1848,1483.51,2025-04-04,ativa,,,,,,
CT0004451,GC0067,CLI003187,PAR006,loja,Celular,7000.0,15,0.2388,587.44,2024-11-06,cancelada,2025-12-06,,,,,
CT0002301,GS0033,CLI000184,PAR001,digital,Serviços,22800.0,48,0.2121,585.25,2025-03-05,cancelada,2025-08-05,,,,,
CT0003995,GC0043,CLI006858,PAR009,digital,smartphone,5600.0,18,0.2329,389.79,2024-06-20,quitada,,,,,,
CT0005226,GA0007,CLI003098,PAR012,interno,auto,59700.0,72,0.1631,980.99,2024-09-08,cancelada,2026-08-08,,,,,
CT0006061,GI0026,CLI004249,PAR005,bancario,Imóveis,270500.0,150,0.2039,2207.1,2023-07-30,cancelada,2025-10-30,,,,,
CT0005235,GI0040,CLI005113,PAR005,bancario,imóvel,314000.0,200,0.1956,1908.49,2026-02-05,ativa,,,,,,
CT0004842,GC0026,CLI001156,PAR009,digital,celular,7800.0,24,0.2299,406.22,2025-03-13,cancelada,2025-04-13,,,,,
CT0005850,GI0006,CLI002878,PAR010,,Imovel,533700.0,180,0.2057,3634.2,2025-04-05,cancelada,2026-04-05,,,,,
CT0004963,GC0057,CLI007180,PAR009,digital,Celular,6000.0,24,0.2243,311.07,2026-02-08,ativa,,,,,,
CT0002615,GI0015,CLI005814,PAR012,interno,imoveis,279900.0,180,0.18,1866.0,2024-10-06,ativa,,,,,,
CT0007146,GA0011,CLI003117,PAR004,telemarketing,Automóvel,56200.0,72,0.1834,939.32,2025-06-06,cancelada,2026-05-06,,,,,
CT0005254,GI0006,CLI000488,PAR010,correspondente,IMOVEIS,204800.0,180,0.1944,1381.72,2025-05-30,ativa,,,,,,
CT0002978,GC0021,CLI004911,PAR006,loja,CELULAR,4800.0,12,0.2231,497.24,2025-08-01,quitada,,,,,,
CT0006184,GS0035,CLI000360,PAR009,digital,servicos,15700.0,24,0.2144,807.5,2024-10-22,ativa,,,,,,
CT0004880,GA0024,CLI007167,PAR007,digital,auto,66900.0,72,0.1419,1079.6,2024-08-18,cancelada,2025-01-18,,,,,
CT0007271,GA0040,CLI000834,PAR006,loja,AUTO,86100.0,72,0.1401,1387.29,2024-06-01,ativa,,,,,,
CT0000673,GI0030,CLI004858,PAR008,correspondente,imóvel,293700.0,200,0.1923,1780.26,2025-04-27,contemplada,,CTP000088,GI0030,2025-11-27,sorteio,0.0
CT0001911,GC0020,CLI002850,PAR006,loja,smartphone,3000.0,24,0.2205,155.06,2025-12-26,ativa,,,,,,
CT0003500,GC0063,CLI003102,PAR007,digital,celular,2500.0,15,0.2443,210.72,2025-06-25,cancelada,2025-11-25,,,,,
CT0007578,GC0021,CLI000701,PAR009,digital,smartphone,5500.0,12,0.2414,578.14,2025-02-08,cancelada,2025-07-08,,,,,
CT0003955,GA0057,CLI005216,PAR010,correspondente,Auto,110300.0,60,0.1661,2180.45,2026-07-06,ativa,,,,,,
CT0003813,GI0004,CLI005749,PAR005,bancario,imoveis,605900.0,200,0.1981,3690.23,2024-05-31,ativa,,,,,,
CT0003242,GA0083,CLI003914,PAR001,digital,Automóvel,118100.0,60,0.1562,2315.15,2025-08-18,ativa,,,,,,
CT0006657,GC0007,CLI000119,PAR004,telemarketing,celular,6200.0,24,0.2292,322.71,2026-03-17,cancelada,2026-08-17,,,,,
CT0002311,GI0042,CLI002238,PAR099,correspondente,Imóveis,189100.0,150,0.1924,1528.43,2025-11-24,ativa,,,,,,
CT0002867,GA0013,CLI004579,PAR008,correspondente,AUTO,109000.0,72,0.1769,1811.97,2024-10-10,ativa,,,,,,
CT0002613,GC0039,CLI004210,PAR007,digital,celular,2600.0,12,0.2291,270.64,2025-10-29,ativa,,,,,,
CT0000804,GC0015,CLI007127,PAR012,interno,celular,4900.0,24,0.2357,256.37,2025-11-29,ativa,,,,,,
CT0002427,GI0012,CLI002587,PAR003,correspondente,IMOVEIS,633900.0,150,0.2149,5218.69,2024-07-17,contemplada,,CTP000266,GI0012,2024-12-17,sorteio,0.0
CT0007568,GI0012,CLI002033,PAR003,correspondente,imoveis,334800.0,150,0.2135,2753.17,2025-01-12,ativa,,,,,,
CT0007510,GA0048,CLI001526,PAR012,interno,Auto,92300.0,80,0.1721,1375.39,2025-07-07,contemplada,,CTP000790,GA0048,2025-08-07,sorteio,0.0
CT0000680,GC0062,CLI002478,PAR001,,Celular,5900.0,24,0.2283,306.87,2026-01-18,ativa,,,,,,
CT0006399,GC0027,CLI000880,PAR004,telemarketing,Celular,5700.0,15,0.2537,484.01,2025-10-12,cancelada,2026-03-12,,,,,
CT0003819,GI0026,CLI004396,PAR001,digital,Imóveis,520300.0,150,0.1977,4223.8,2026-02-27,ativa,,,,,,
CT0002817,GS0023,CLI004509,PAR001,digital,serviço,23100.0,24,0.1922,1166.74,2024-08-15,cancelada,2025-01-15,,,,,
CT0006685,GI0003,CLI006401,PAR009,digital,Imóveis,380500.0,150,0.1946,3081.04,2024-11-23,ativa,,,,,,
CT0000792,GC0016,CLI000098,PAR007,digital,CELULAR,4300.0,12,0.231,448.28,2025-08-04,quitada,,,,,,
CT0004744,GS0006,CLI000748,PAR006,loja,SERVICOS,32400.0,36,0.2055,1102.95,2026-02-26,ativa,,,,,,
CT0006603,GS0033,CLI001397,PAR001,digital,Servicos,24400.0,48,0.1865,613.3,2026-05-12,ativa,,,,,,
CT0008038,GA0004,CLI000759,PAR002,loja,AUTO,114900.0,80,0.1763,1718.19,2026-03-01,ativa,,,,,,
CT0004633,GC0026,CLI006793,PAR009,digital,celular,7400.0,24,0.1965,375.09,2024-09-09,cancelada,2025-01-09,,,,,
CT0000875,GC0067,CLI002430,PAR006,loja,Celular,5000.0,15,0.2285,416.17,2025-02-12,quitada,,,,,,
CT0005584,GC0027,CLI004308,PAR004,,celular,3400.0,15,0.2278,282.83,2025-09-15,ativa,,,,,,
CT0001491,GS0018,CLI002205,PAR012,interno,servicos,11300.0,24,0.2127,580.4,2024-04-15,quitada,,,,,,
CT0002920,GA0035,CLI001637,PAR001,digital,Auto,112400.0,80,0.1738,1677.29,2026-01-13,cancelada,2026-07-13,,,,,
CT0005177,GI0037,CLI004906,PAR009,digital,imoveis,468700.0,200,0.2001,2859.3,2024-12-18,cancelada,2025-04-18,,,,,
CT0002145,GA0040,CLI007131,PAR008,correspondente,Auto,61500.0,72,0.1663,1013.3,2025-03-23,ativa,,,,,,
CT0007995,GS0022,CLI004947,PAR002,loja,serviço,31600.0,24,0.2095,1618.84,2024-04-29,quitada,,,,,,
CT0000238,GC0067,CLI001107,PAR001,digital,smartphone,7500.0,15,0.255,637.5,2024-07-26,quitada,,,,,,
CT0007647,GI0039,CLI002604,PAR011,correspondente,Imóveis,530200.0,200,0.1965,3224.94,2025-07-15,ativa,,,,,,
CT0001070,GI0005,CLI001911,PAR003,correspondente,imoveis,222600.0,200,0.2106,1369.66,2023-04-04,ativa,,,,,,
CT0001964,GC0026,CLI005621,PAR002,loja,CELULAR,8600.0,24,0.2201,444.37,2024-02-20,quitada,,,,,,
CT0005315,GI0014,CLI002686,PAR005,bancario,Imóveis,593300.0,150,0.2163,4889.98,2026-03-28,ativa,,,,,,
CT0001633,GC0017,CLI004790,PAR004,telemarketing,Celular,6600.0,12,0.2332,689.26,2024-07-15,quitada,,,,,,
CT0004285,GA0006,CLI002025,PAR005,bancario,auto,65900.0,80,0.1898,996.57,2024-06-20,ativa,,,,,,
CT0002320,GA0008,CLI003273,PAR010,correspondente,Auto,78800.0,80,0.1583,1160.63,2023-03-28,cancelada,2023-07-28,,,,,
CT0004115,GA0006,CLI000651,PAR009,digital,AUTO,127200.0,80,0.1767,1902.75,2024-07-26,cancelada,2025-05-26,,,,,
CT0005707,GA0089,CLI004906,PAR002,loja,auto,91400.0,72,0.1697,1510.26,2024-06-18,ativa,,,,,,
CT0004008,GC0043,CLI005827,PAR007,digital,CELULAR,4900.0,18,0.2193,337.37,2025-06-01,cancelada,2025-12-01,,,,,
CT0005031,GI0037,CLI001973,PAR003,correspondente,imoveis,307300.0,200,0.2039,1880.52,2023-07-20,contemplada,,CTP000539,GI0037,2024-10-20,lance_livre,124487.08
CT0005859,GA0021,CLI002962,PAR010,correspondente,Automóvel,112800.0,80,0.1836,1697.08,2023-02-25,contemplada,,CTP000621,GA0021,2023-04-25,sorteio,0.0
CT0000727,GS0014,CLI003037,PAR001,digital,Serviços,27400.0,36,0.2086,935.1,2025-04-28,cancelada,2026-02-28,CTP000091,GS0014,2026-01-28,lance_fixo,6850.0
CT0001545,GS0012,CLI001084,PAR009,digital,Servicos,30800.0,36,0.1912,1036.25,2025-03-03,ativa,,,,,,
CT0006609,GC0042,CLI003057,PAR004,telemarketing,celular,8600.0,12,0.2211,889.46,2024-02-25,quitada,,CTP000694,GC0042,2025-02-25,lance_fixo,2150.0
CT0008154,GA0036,CLI001911,PAR099,digital,AUTO,103700.0,72,0.164,1705.29,2023-08-29,cancelada,2025-12-29,CTP000863,GA0036,2024-07-29,lance_livre,19353.81
CT0008024,GI0009,CLI002423,PAR003,correspondente,imoveis,421300.0,180,0.2029,2862.27,2025-09-12,ativa,,,,,,
CT0001969,GC0010,CLI004223,PAR007,digital,smartphone,8200.0,12,0.2382,859.77,2025-06-24,cancelada,2025-09-24,,,,,
CT0000509,GA0008,CLI002691,PAR002,loja,AUTO,53500.0,80,0.1748,799.02,2024-01-25,contemplada,,CTP000064,GA0008,2024-07-25,lance_livre,10940.58
CT0006602,GS0033,CLI000480,PAR005,bancario,SERVICOS,12000.0,48,0.2111,307.78,2025-01-05,ativa,,,,,,
CT0005115,GC0040,CLI001113,PAR007,digital,celular,7200.0,15,0.2361,602.93,2024-10-26,quitada,,,,,,
CT0001451,GI0030,CLI002030,PAR003,correspondente,imoveis,376400.0,200,0.191,2279.1,2023-12-29,ativa,,,,,,
CT0001728,GA0020,CLI003917,PAR001,digital,Auto,103100.0,80,0.1512,1509.38,2024-12-23,contemplada,,CTP000190,GA0020,2026-02-23,sorteio,0.0
CT0006730,GA0087,CLI005891,PAR010,correspondente,AUTO,97400.0,60,0.1691,1930.31,2024-01-07,contemplada,,CTP000707,GA0087,2025-08-07,sorteio,0.0
CT0004137,GI0027,CLI004455,PAR009,digital,Imovel,295000.0,150,0.2011,2401.5,2024-12-24,ativa,,,,,,
CT0000914,GA0015,CLI007133,PAR002,loja,Auto,121900.0,80,0.1566,1792.84,2026-04-16,ativa,,,,,,
CT0003493,GS0036,CLI006112,PAR010,correspondente,serviço,6400.0,24,0.2108,328.21,2024-08-10,quitada,,CTP000377,GS0036,2025-03-10,lance_livre,1077.03
CT0002768,GI0003,CLI000768,PAR005,bancario,Imovel,303100.0,150,0.1765,2417.73,2024-12-22,contemplada,,CTP000304,GI0003,2025-09-22,lance_livre,66503.4
CT0002703,GS0013,CLI004568,PAR010,correspondente,servicos,15600.0,36,0.193,525.63,2023-07-10,cancelada,2023-11-10,,,,,
CT0002979,GS0019,CLI005218,PAR007,digital,servicos,15200.0,36,0.2303,527.9,2025-06-19,ativa,,,,,,
CT0004093,GA0051,CLI002518,PAR001,digital,auto,109700.0,60,0.1718,2179.01,2025-02-24,cancelada,2026-02-24,,,,,
CT0005943,GA0061,CLI000087,PAR007,digital,Automóvel,129900.0,80,0.194,1971.23,2025-05-05,cancelada,2026-06-05,,,,,
CT0004922,GA0032,CLI006945,PAR001,digital,auto,94200.0,60,0.1779,1880.7,2023-08-04,cancelada,2023-11-04,,,,,
CT0006383,GS0030,CLI000178,PAR009,digital,servicos,31500.0,36,0.1908,1059.45,2024-05-04,cancelada,2026-02-04,,,,,
CT0006424,GA0058,CLI006802,PAR005,bancario,automovel,72300.0,80,0.1963,1099.23,2025-11-22,ativa,,,,,,
CT0008505,GI0043,CLI003929,PAR005,bancario,imoveis,184200.0,150,0.2127,1513.76,2026-01-17,ativa,,,,,,
CT0003225,GS0011,CLI002562,PAR005,bancario,serviço,28200.0,48,0.1998,716.63,2026-02-28,ativa,,,,,,
CT0008391,GC0031,CLI002159,PAR008,correspondente,smartphone,9000.0,24,0.2387,472.01,2024-09-01,cancelada,2025-01-01,,,,,
CT0003763,GC0029,CLI006958,PAR004,telemarketing,Celular,3900.0,24,0.2263,202.52,2023-07-21,cancelada,2023-12-21,,,,,
CT0002999,GC0031,CLI002882,PAR007,digital,Celular,7900.0,24,0.2373,413.86,2025-07-23,contemplada,,CTP000327,GC0031,2025-12-23,sorteio,0.0
CT0003527,GA0008,CLI005802,PAR008,correspondente,Automóvel,113400.0,80,0.158,1669.81,2024-09-21,cancelada,2026-03-21,,,,,
CT0005653,GA0046,CLI004454,PAR099,bancario,auto,96800.0,72,0.1522,1575.96,2025-10-06,ativa,,,,,,
CT0001275,GS0031,CLI004495,PAR001,digital,SERVICOS,32300.0,36,0.199,1093.71,2025-11-30,ativa,,,,,,
CT0006738,GA0044,CLI001340,PAR010,correspondente,Automóvel,119500.0,60,0.1632,2356.54,2024-07-09,ativa,,,,,,
CT0002176,GC0005,CLI007119,PAR006,loja,celular,4900.0,24,0.212,251.53,2025-07-05,ativa,,,,,,
CT0000344,GI0019,CLI005380,PAR008,,imoveis,419400.0,150,0.1892,3380.92,2024-06-26,cancelada,2026-07-26,,,,,
CT0002662,GS0028,CLI006420,PAR009,digital,serviço,9000.0,24,0.2126,462.23,2025-05-02,ativa,,,,,,
CT0000708,GI0034,CLI005544,PAR003,correspondente,IMOVEIS,210300.0,180,0.2051,1431.33,2025-04-25,ativa,,,,,,
CT0008330,GC0028,CLI006016,PAR007,digital,Celular,6800.0,18,0.2186,467.92,2024-11-09,cancelada,2024-12-09,,,,,
CT0004978,GI0035,CLI005278,PAR005,bancario,Imovel,277400.0,150,0.1964,2249.53,2024-07-13,ativa,,,,,,
CT0001745,GI0044,CLI004384,PAR011,correspondente,imoveis,574500.0,150,0.1993,4669.92,2023-04-05,ativa,,,,,,
CT0008013,GC0024,CLI004198,PAR001,digital,smartphone,2000.0,12,0.2352,209.2,2023-01-25,cancelada,2024-01-25,CTP000847,GC0024,2023-04-25,sorteio,0.0
CT0006472,GA0021,CLI006792,PAR004,telemarketing,Auto,58500.0,80,0.1586,861.85,2025-04-02,cancelada,2025-10-02,,,,,
CT0003616,GC0018,CLI003408,PAR007,digital,Celular,7900.0,12,0.22,816.33,2024-06-25,quitada,,,,,,
CT0004928,GS0001,CLI000735,PAR007,digital,servicos,9900.0,24,0.1995,503.04,2025-05-05,cancelada,2025-07-05,,,,,
CT0001310,GA0058,CLI006024,PAR001,digital,automovel,82000.0,80,0.1759,1225.8,2025-04-18,ativa,,,,,,
CT0003737,GI0032,CLI000097,PAR001,digital,imoveis,642400.0,180,0.1979,4346.55,2023-03-05,cancelada,2024-04-05,,,,,
CT0002611,GA0049,CLI004577,PAR099,loja,Auto,108600.0,60,0.174,2161.14,2024-03-09,cancelada,2024-11-09,,,,,
CT0002457,GC0024,CLI006931,PAR009,digital,celular,2800.0,12,0.2517,296.73,2026-01-30,ativa,,,,,,
CT0003117,GA0046,CLI001920,PAR004,telemarketing,automovel,66000.0,72,0.1409,1064.16,2025-10-20,cancelada,2025-12-20,,,,,
CT0005363,GA0024,CLI004078,PAR006,loja,AUTO,111900.0,72,0.1588,1832.05,2025-12-02,ativa,,,,,,
CT0001939,GC0067,CLI002670,PAR007,,smartphone,5100.0,15,0.2428,429.35,2024-10-16,quitada,,,,,,
CT0002530,GC0046,CLI006998,PAR007,digital,Celular,4300.0,12,0.2071,439.71,2025-07-28,cancelada,2026-06-28,,,,,
CT0002517,GA0014,CLI001673,PAR006,loja,auto,105600.0,80,0.1701,1570.93,2024-04-20,ativa,,,,,,
CT0006778,GI0034,CLI007068,PAR003,correspondente,imóvel,571400.0,180,0.231,3971.23,2026-06-08,ativa,,,,,,
CT0005984,GA0020,CLI005570,PAR008,,automovel,88600.0,80,0.1705,1318.48,2025-06-01,ativa,,,,,,
CT0001253,GS0004,CLI005093,PAR001,digital,servicos,28100.0,36,0.1699,928.78,2026-01-21,ativa,,,,,,
CT0006300,GC0021,CLI003574,PAR001,digital,CELULAR,8800.0,12,0.2187,908.38,2025-04-06,quitada,,,,,,
CT0000321,GS0020,CLI002080,PAR007,digital,Serviços,20100.0,48,0.2088,514.56,2024-12-12,cancelada,2025-03-12,,,,,
CT0005475,GA0084,CLI004870,PAR001,digital,auto,100800.0,60,0.1677,1995.34,2025-08-10,ativa,,,,,,
CT0005205,GC0057,CLI000197,PAR001,digital,celular,8900.0,24,0.2093,455.87,2025-01-13,ativa,,,,,,
CT0005771,GS0003,CLI005788,PAR004,telemarketing,Serviços,11600.0,36,0.211,396.66,2025-03-11,cancelada,2025-08-11,,,,,
CT0005716,GA0067,CLI002788,PAR008,correspondente,AUTO,109100.0,80,0.1868,1645.77,2024-04-18,cancelada,2024-06-18,,,,,
CT0005914,GS0006,CLI006687,PAR012,interno,Serviços,7900.0,36,0.1946,266.54,2023-10-22,cancelada,2026-01-22,,,,,
CT0002982,GA0037,CLI006901,PAR001,digital,AUTO,114400.0,80,0.1773,1712.14,2023-06-20,cancelada,2026-02-20,,,,,
CT0008232,GA0006,CLI001375,PAR001,digital,auto,68800.0,80,0.1703,1023.66,2026-01-29,cancelada,2026-06-29,,,,,
CT0005168,GI0023,CLI004099,PAR004,telemarketing,imoveis,397700.0,200,0.2037,2433.33,2024-11-07,ativa,,,,,,
CT0007398,GC0058,CLI005914,PAR006,loja,CELULAR,5800.0,12,0.2352,606.68,2025-05-15,quitada,,,,,,
CT0002677,GC0014,CLI001071,PAR004,telemarketing,celular,4200.0,24,0.2423,220.9,2023-09-26,cancelada,2023-11-26,CTP000293,GC0014,2023-11-26,lance_livre,1450.58
CT0006528,GC0063,CLI003707,PAR004,telemarketing,Celular,5700.0,15,0.2261,473.52,2025-07-01,cancelada,2025-08-01,,,,,
CT0008264,GI0021,CLI003576,PAR001,digital,imóvel,271200.0,200,0.2109,1669.1,2025-08-21,ativa,,,,,,
CT0004771,GC0026,CLI000320,PAR004,telemarketing,smartphone,2800.0,24,0.2434,147.4,2025-08-13,ativa,,,,,,
CT0006557,GC0028,CLI006419,PAR007,digital,Celular,7500.0,18,0.2564,531.83,2024-11-15,cancelada,2025-01-15,,,,,
CT0001746,GA0046,CLI007149,PAR007,digital,Automóvel,87700.0,72,0.1746,1455.09,2024-10-17,cancelada,2024-12-17,,,,,
CT0006976,GA0013,CLI001393,PAR002,loja,Auto,59200.0,72,0.1565,967.34,2024-02-28,ativa,,,,,,
CT0006077,GA0068,CLI004015,PAR010,correspondente,Auto,87200.0,72,0.153,1420.63,2026-07-04,ativa,,,,,,
CT0000567,GC0058,CLI001792,PAR006,,CELULAR,3600.0,12,0.2307,375.21,2025-10-22,ativa,,,,,,
CT0007012,GI0000,CLI005493,PAR003,correspondente,IMOVEIS,246600.0,150,0.2097,2021.63,2024-03-11,ativa,,,,,,
CT0005107,GA0029,CLI002111,PAR012,interno,Auto,124400.0,60,0.1532,2432.43,2023-11-15,ativa,,,,,,
CT0002067,GA0075,CLI000630,PAR005,bancario,AUTO,120400.0,60,0.1847,2417.43,2025-02-13,ativa,,,,,,
CT0005482,GC0047,CLI005792,PAR007,digital,smartphone,5600.0,15,0.2496,473.98,2025-11-04,cancelada,2026-03-04,,,,,
CT0001293,GA0009,CLI001748,PAR008,correspondente,auto,99500.0,80,0.15,1455.19,2025-11-29,ativa,,,,,,
CT0003066,GS0027,CLI004119,PAR009,digital,Servicos,34200.0,48,0.1731,850.08,2024-08-20,contemplada,,CTP000332,GS0027,2025-10-20,lance_livre,17978.83
CT0001546,GA0066,CLI002138,PAR001,digital,automovel,89200.0,72,0.1848,1492.61,2023-10-27,cancelada,2023-12-27,,,,,
CT0001538,GA0064,CLI005548,PAR004,telemarketing,Auto,75700.0,72,0.1607,1241.37,2024-09-02,cancelada,2024-12-02,,,,,
CT0001262,GI0014,CLI002793,PAR012,interno,imoveis,203500.0,150,0.2234,1686.88,2024-06-12,ativa,,,,,,
CT0001382,GS0031,CLI002047,PAR002,loja,serviço,18100.0,36,0.213,619.93,2024-07-21,ativa,,,,,,
CT0004775,GS0002,CLI000779,PAR008,correspondente,SERVICOS,7400.0,36,0.2073,252.28,2024-12-29,ativa,,,,,,
CT0003001,GS0037,CLI003161,PAR006,loja,SERVICOS,32000.0,48,0.2022,814.8,2024-12-28,ativa,,,,,,
CT0004403,GC0001,CLI001242,PAR007,digital,CELULAR,4700.0,24,0.2191,242.66,2025-09-07,cancelada,2026-03-07,,,,,
CT0000028,GA0089,CLI003100,PAR001,digital,Auto,129100.0,72,0.168,2130.15,2025-10-31,ativa,,,,,,
CT0001331,GC0047,CLI005823,PAR001,digital,Celular,5200.0,15,0.2142,427.86,2025-01-18,quitada,,CTP000147,GC0047,2025-09-18,lance_fixo,1300.0
CT0006429,GS0027,CLI006319,PAR008,correspondente,servicos,17200.0,48,0.1831,431.11,2025-04-25,ativa,,,,,,
CT0002159,GS0002,CLI006148,PAR009,digital,Servicos,31900.0,36,0.1763,1060.05,2024-05-25,cancelada,2025-12-25,,,,,
CT0001770,GC0029,CLI005416,PAR001,digital,celular,4600.0,24,0.2233,238.3,2026-06-18,ativa,,,,,,
CT0007219,GI0036,CLI004310,PAR001,digital,Imóveis,261900.0,180,0.1938,1766.08,2025-03-06,cancelada,2026-08-06,,,,,
CT0007470,GC0045,CLI003764,PAR007,digital,Celular,7100.0,18,0.2142,486.82,2025-10-24,cancelada,2026-06-24,CTP000785,GC0045,2026-03-24,sorteio,0.0
CT0004258,GA0064,CLI005267,PAR005,bancario,auto,89900.0,72,0.1657,1480.48,2024-09-18,ativa,,,,,,
CT0002506,GC0007,CLI000210,PAR007,digital,Celular,5800.0,24,0.2094,297.11,2025-04-07,cancelada,2025-08-07,,,,,
CT0008418,GC0042,CLI003221,PAR004,telemarketing,smartphone,2700.0,12,0.2045,275.51,2026-03-19,ativa,,,,,,
CT0004760,GA0015,CLI001204,PAR006,loja,Auto,69300.0,80,0.1702,1031.01,2026-05-31,cancelada,2026-06-30,,,,,
CT0000242,GS0014,CLI001417,PAR001,digital,serviço,24100.0,36,0.2122,824.89,2024-12-11,ativa,,,,,,
CT0000328,GC0055,CLI002577,PAR007,digital,Celular,4700.0,24,0.2493,248.57,2024-11-05,cancelada,2025-05-05,CTP000042,GC0055,2025-03-05,lance_livre,2418.26
CT0003372,GC0031,CLI001247,PAR007,digital,celular,6500.0,24,0.2356,340.06,2025-01-12,cancelada,2025-10-12,CTP000364,GC0031,2025-03-12,sorteio,0.0
CT0007845,GA0005,CLI005097,PAR010,correspondente,Automóvel,74600.0,80,0.143,1084.5,2024-09-11,contemplada,,CTP000829,GA0005,2025-05-11,sorteio,0.0
CT0001827,GA0022,CLI005080,PAR011,correspondente,AUTO,52300.0,80,0.1621,772.8,2025-02-05,cancelada,2025-11-05,,,,,
CT0004715,GA0072,CLI003451,PAR002,loja,auto,87800.0,60,0.1631,1731.27,2026-05-25,ativa,,,,,,
CT0001402,GA0014,CLI004033,PAR005,bancario,auto,62400.0,80,0.1551,916.58,2025-05-16,cancelada,2025-11-16,,,,,
CT0002212,GI0015,CLI002072,PAR003,correspondente,Imóveis,385600.0,180,0.205,2624.22,2026-03-10,ativa,,,,,,
CT0006563,GA0035,CLI003923,PAR001,digital,automovel,57700.0,80,0.1598,850.93,2026-02-08,ativa,,,,,,
CT0000000,GI0006,CLI002951,PAR003,correspondente,IMOVEIS,540700.0,180,0.2011,3668.05,2026-06-28,ativa,,,,,,
CT0006606,GI0002,CLI002976,PAR001,,imóvel,260600.0,180,0.2053,1773.96,2024-12-15,ativa,,,,,,
CT0000136,GA0088,CLI003324,PAR002,loja,Auto,89000.0,80,0.1858,1341.45,2026-01-07,ativa,,,,,,
CT0002130,GC0058,CLI003540,PAR012,interno,smartphone,5000.0,12,0.2537,530.71,2024-04-03,quitada,,,,,,
CT0008110,GI0038,CLI003287,PAR003,correspondente,imoveis,536400.0,150,0.198,4355.57,2024-06-22,ativa,,,,,,
CT0008226,GA0086,CLI004844,PAR002,loja,Auto,129300.0,60,0.1581,2538.81,2026-04-06,ativa,,,,,,
CT0007040,GA0039,CLI006625,PAR007,digital,automovel,78300.0,60,0.1577,1536.9,2025-04-15,cancelada,2025-07-15,CTP000742,GA0039,2025-05-15,sorteio,0.0
CT0004827,GC0016,CLI003382,PAR007,digital,Celular,7900.0,12,0.2324,824.5,2024-11-29,cancelada,2024-12-29,,,,,
CT0003009,GI0039,CLI004230,PAR005,bancario,Imovel,370900.0,200,0.1982,2259.15,2026-01-19,ativa,,,,,,
CT0004011,GA0074,CLI002743,PAR007,digital,AUTO,90600.0,80,0.1794,1358.32,2024-07-14,cancelada,2025-12-14,,,,,
CT0002589,GI0039,CLI000605,PAR003,correspondente,imóvel,617400.0,200,0.2211,3831.28,2024-04-25,contemplada,,CTP000285,GI0039,2026-05-25,lance_livre,105523.87
CT0000003,GC0024,CLI000420,PAR005,bancario,celular,3500.0,12,0.2386,367.09,2024-11-03,cancelada,2025-01-03,,,,,
CT0000365,GS0039,CLI003951,PAR006,loja,serviço,6400.0,48,0.2317,166.89,2023-09-27,cancelada,2023-12-27,,,,,
CT0003859,GS0028,CLI004038,PAR004,telemarketing,SERVICOS,19700.0,24,0.2022,1003.22,2024-05-16,cancelada,2024-09-16,,,,,
CT0000909,GI0044,CLI002632,PAR002,loja,Imóveis,431200.0,150,0.2056,3523.19,2025-10-08,contemplada,,CTP000103,GI0044,2026-03-08,sorteio,0.0
CT0001172,GS0009,CLI001899,PAR007,digital,serviço,34500.0,48,0.2041,879.82,2025-10-10,cancelada,2026-08-10,,,,,
CT0007926,GI0001,CLI003646,PAR011,correspondente,imóvel,270400.0,200,0.2035,1654.17,2025-09-24,ativa,,,,,,
CT0003691,GA0013,CLI001036,PAR009,digital,AUTO,94600.0,72,0.1849,1583.1,2023-10-10,ativa,,,,,,
CT0006154,GA0049,CLI004923,PAR004,,Automóvel,109300.0,60,0.1869,2198.57,2026-01-09,ativa,,,,,,
CT0006053,GA0079,CLI005742,PAR001,,AUTO,118500.0,72,0.1739,1964.96,2024-12-03,cancelada,2026-03-03,,,,,
CT0001539,GS0019,CLI003447,PAR010,correspondente,serviço,12000.0,36,0.2049,408.3,2025-09-23,ativa,,,,,,
CT0003885,GI0037,CLI002993,PAR008,correspondente,imoveis,389000.0,200,0.2013,2375.43,2023-02-02,ativa,,,,,,
CT0008329,GI0003,CLI007078,PAR001,digital,imóvel,346400.0,150,0.212,2845.1,2026-01-26,cancelada,2026-07-26,,,,,
CT0001570,GA0033,CLI003519,PAR010,correspondente,automovel,123200.0,60,0.1696,2442.65,2025-07-15,ativa,,,,,,
CT0005034,GC0031,CLI003102,PAR099,telemarketing,smartphone,4000.0,24,0.2347,209.12,2025-06-05,ativa,,,,,,
CT0005485,GA0077,CLI002547,PAR012,interno,AUTO,100300.0,80,0.1886,1515.28,2024-11-27,ativa,,,,,,
CT0001640,GS0038,CLI004468,PAR007,digital,servicos,16300.0,36,0.2077,555.88,2025-04-06,contemplada,,CTP000181,GS0038,2026-01-06,lance_livre,4806.16
CT0003293,GA0045,CLI004544,PAR012,interno,auto,75300.0,60,0.1736,1497.97,2025-08-31,ativa,,,,,,
CT0001278,GS0034,CLI002092,PAR007,digital,Serviços,8000.0,36,0.2073,272.73,2024-11-09,cancelada,2025-06-09,,,,,
CT0002080,GA0049,CLI002164,PAR002,loja,AUTO,78100.0,60,0.1762,1557.05,2023-09-08,cancelada,2023-12-08,,,,,
CT0006084,GC0022,CLI004598,PAR007,digital,Celular,7200.0,24,0.2453,379.59,2024-09-17,cancelada,2024-12-17,,,,,
CT0004476,GA0054,CLI002996,PAR001,digital,automovel,51500.0,72,0.156,841.17,2024-10-17,ativa,,,,,,
CT0000941,GS0025,CLI006913,PAR006,loja,Servicos,28900.0,48,0.2051,737.61,2026-04-09,ativa,,,,,,
CT0007413,GA0015,CLI001663,PAR001,digital,Automóvel,128400.0,80,0.1582,1891.01,2024-06-28,cancelada,2024-07-28,,,,,
CT0007212,GC0037,CLI000320,PAR007,digital,celular,2700.0,24,0.2425,142.03,2025-05-17,cancelada,2026-07-17,,,,,
CT0002650,GS0038,CLI000732,PAR007,digital,Serviços,15100.0,36,0.1922,508.45,2024-10-16,cancelada,2026-05-16,,,,,
CT0004298,GA0061,CLI002671,PAR006,loja,auto,119800.0,80,0.1671,1777.68,2026-03-07,ativa,,,,,,
CT0000544,GI0012,CLI002329,PAR012,interno,imoveis,320700.0,150,0.2106,2631.02,2025-10-09,contemplada,,CTP000072,GI0012,2026-07-09,lance_fixo,80175.0
CT0000395,GC0004,CLI006704,PAR004,telemarketing,smartphone,8200.0,12,0.2316,855.26,2024-12-27,cancelada,2025-10-27,,,,,
CT0007039,GA0063,CLI000579,PAR012,interno,AUTO,64400.0,60,0.136,1240.77,2025-02-06,ativa,,,,,,
CT0003574,GA0001,CLI003152,PAR001,digital,automovel,47200.0,72,0.1781,785.42,2025-02-09,ativa,,,,,,
CT0005328,GC0032,CLI001390,PAR007,digital,celular,8400.0,18,0.2353,585.81,2025-05-03,cancelada,2025-06-03,,,,,
CT0000832,GA0036,CLI002909,PAR009,digital,automovel,94000.0,72,0.1655,1547.74,2026-05-30,contemplada,,CTP000095,GA0036,2026-07-30,sorteio,0.0
CT0007019,GI0012,CLI003960,PAR005,bancario,IMOVEIS,465000.0,150,0.2025,3789.75,2025-05-22,ativa,,,,,,
CT0002491,GA0031,CLI007165,PAR012,interno,automovel,107400.0,72,0.1725,1778.81,2024-10-21,ativa,,,,,,
CT0007407,GI0041,CLI003293,PAR002,loja,IMOVEIS,386800.0,180,0.2135,2650.65,2026-03-21,ativa,,,,,,
CT0004933,GC0000,CLI004104,PAR001,digital,celular,7200.0,18,0.2208,496.32,2023-09-17,quitada,,,,,,
CT0000044,GS0022,CLI004915,PAR007,digital,SERVICOS,27300.0,24,0.2053,1393.78,2024-11-03,cancelada,2025-12-03,CTP000003,GS0022,2025-06-03,sorteio,0.0
CT0001541,GC0066,CLI000005,PAR004,telemarketing,smartphone,7500.0,12,0.2414,788.38,2024-10-19,cancelada,2025-09-19,,,,,
CT0003459,GA0087,CLI003609,PAR099,correspondente,auto,66500.0,60,0.1793,1329.22,2025-11-19,ativa,,,,,,
CT0006842,GA0034,CLI004694,PAR002,loja,auto,96800.0,80,0.1916,1466.04,2024-08-09,ativa,,,,,,
CT0001976,GS0028,CLI000532,PAR005,bancario,SERVICOS,16900.0,24,0.1951,855.63,2023-10-28,quitada,,,,,,
CT0008338,GC0058,CLI005293,PAR006,loja,CELULAR,2400.0,12,0.2252,249.04,2025-09-16,cancelada,2026-01-16,,,,,
CT0006480,GC0012,CLI005867,PAR004,telemarketing,smartphone,6300.0,15,0.2496,533.23,2023-04-09,cancelada,2023-07-09,,,,,
CT0006242,GC0062,CLI003360,PAR007,digital,CELULAR,6400.0,24,0.2168,329.81,2024-06-28,cancelada,2024-08-28,,,,,
CT0003924,GA0085,CLI002123,PAR002,loja,auto,80200.0,60,0.1814,1605.87,2025-01-30,cancelada,2025-06-30,,,,,
CT0005794,GC0017,CLI001440,PAR004,telemarketing,CELULAR,8900.0,12,0.2394,934.05,2025-12-06,cancelada,2026-01-06,,,,,
CT0004337,GS0003,CLI007049,PAR003,correspondente,servicos,6700.0,36,0.1832,223.93,2024-05-17,ativa,,,,,,
CT0008437,GC0009,CLI001961,PAR009,digital,smartphone,4500.0,24,0.2157,231.69,2024-06-10,cancelada,2025-10-10,,,,,
CT0001891,GI0008,CLI002912,PAR003,correspondente,IMOVEIS,560300.0,180,0.1827,3743.74,2025-07-11,ativa,,,,,,
CT0006644,GA0008,CLI005692,PAR005,bancario,Auto,84000.0,80,0.1749,1254.64,2025-10-17,ativa,,,,,,
CT0002035,GS0011,CLI004053,PAR006,loja,servicos,10400.0,48,0.2063,265.7,2023-07-25,ativa,,,,,,
CT0004642,GS0009,CLI002366,PAR010,correspondente,servicos,7100.0,48,0.2028,180.87,2026-03-21,ativa,,,,,,
CT0000038,GC0007,CLI006391,PAR007,,smartphone,3200.0,24,0.2239,165.85,2025-06-04,ativa,,,,,,
CT0000189,GA0057,CLI004949,PAR004,telemarketing,automovel,75500.0,60,0.1695,1496.79,2024-05-13,ativa,,,,,,
CT0006927,GC0011,CLI000865,PAR003,correspondente,celular,3000.0,12,0.2041,306.02,2026-03-08,ativa,,,,,,
CT0003765,GA0046,CLI003094,PAR004,telemarketing,AUTO,59800.0,72,0.1673,986.12,2023-09-19,cancelada,2024-06-19,,,,,
CT0006401,GI0043,CLI003298,PAR005,bancario,imoveis,495300.0,150,0.1863,3983.2,2024-12-16,ativa,,,,,,
CT0003069,GA0075,CLI004253,PAR002,loja,AUTO,110600.0,60,0.1656,2185.46,2024-07-14,ativa,,,,,,
CT0003471,GC0025,CLI006969,PAR009,digital,smartphone,2000.0,15,0.2348,167.31,2024-02-29,quitada,,,,,,
CT0000798,GC0031,CLI005381,PAR009,,celular,4600.0,24,0.2364,240.81,2026-02-18,cancelada,2026-05-18,,,,,
CT0000624,GA0036,CLI003615,PAR009,digital,auto,69800.0,72,0.1775,1160.91,2024-07-28,cancelada,2025-01-28,,,,,
CT0000135,GI0015,CLI002890,PAR003,correspondente,imóvel,480300.0,180,0.1947,3241.22,2026-05-24,cancelada,2026-06-24,,,,,
CT0003322,GS0010,CLI006359,PAR007,digital,SERVICOS,18800.0,24,0.1919,949.32,2025-08-07,cancelada,2026-02-07,,,,,
CT0007399,GC0015,CLI006570,PAR009,digital,celular,5100.0,24,0.2278,265.16,2026-06-24,cancelada,2026-08-24,,,,,
CT0002194,GC0024,CLI001385,PAR007,digital,CELULAR,7200.0,12,0.2387,755.22,2025-11-09,ativa,,,,,,
CT0003212,GS0002,CLI004073,PAR012,interno,serviço,34700.0,36,0.1797,1156.38,2024-06-23,cancelada,2024-07-23,,,,,
CT0004966,GC0026,CLI002509,PAR007,digital,CELULAR,2600.0,24,0.2419,136.71,2025-03-06,cancelada,2025-08-06,,,,,
CT0005443,GI0009,CLI006553,PAR003,correspondente,IMOVEIS,439800.0,180,0.2034,2989.17,2023-05-30,ativa,,,,,,
CT0006473,GI0021,CLI002220,PAR005,bancario,IMOVEIS,254600.0,200,0.1893,1539.44,2024-01-21,ativa,,,,,,
CT0008236,GC0050,CLI006961,PAR007,digital,celular,3800.0,18,0.2289,263.66,2025-06-16,cancelada,2025-08-16,,,,,
CT0007899,GI0019,CLI004548,PAR011,correspondente,imoveis,412600.0,150,0.2173,3403.4,2026-07-09,ativa,,,,,,
CT0007554,GA0008,CLI006021,PAR011,correspondente,AUTO,99100.0,80,0.1747,1479.93,2025-06-22,ativa,,,,,,
CT0006202,GA0086,CLI003175,PAR002,loja,Auto,70900.0,60,0.1547,1388.1,2025-02-28,ativa,,,,,,
CT0004783,GA0030,CLI005433,PAR002,,automovel,71300.0,72,0.1791,1187.44,2025-08-19,ativa,,,,,,
CT0002853,GC0044,CLI001580,PAR007,digital,smartphone,6800.0,12,0.2378,712.75,2025-07-05,cancelada,2025-08-05,,,,,
CT0002478,GA0029,CLI001271,PAR008,correspondente,AUTO,99500.0,60,0.1473,1935.77,2025-11-09,ativa,,,,,,
CT0004010,GS0022,CLI001051,PAR002,loja,Serviços,20300.0,24,0.1776,1012.97,2024-05-07,quitada,,,,,,
CT0007115,GI0016,CLI004202,PAR005,bancario,Imóveis,183000.0,200,0.2038,1119.78,2025-06-18,ativa,,,,,,
CT0004794,GC0005,CLI006848,PAR007,digital,celular,1800.0,24,0.2281,93.61,2025-04-26,cancelada,2025-12-26,,,,,
CT0003270,GA0031,CLI004190,PAR007,digital,automovel,97500.0,72,0.1635,1602.66,2025-02-10,ativa,,,,,,
CT0000222,GA0076,CLI001020,PAR005,bancario,Automóvel,115100.0,72,0.1627,1890.68,2025-09-22,ativa,,,,,,
CT0003760,GS0001,CLI000591,PAR007,digital,Serviços,9000.0,24,0.2146,462.97,2025-05-15,ativa,,,,,,
CT0008426,GA0058,CLI006500,PAR001,digital,automovel,68000.0,80,0.1718,1013.03,2024-04-26,cancelada,2024-12-26,,,,,
CT0005740,GC0006,CLI004749,PAR099,telemarketing,celular,7700.0,18,0.2289,534.25,2024-06-09,cancelada,2024-08-09,,,,,
CT0005544,GS0022,CLI003980,PAR010,correspondente,Servicos,22800.0,24,0.1745,1134.78,2024-03-10,cancelada,2025-02-10,,,,,
CT0003642,GA0024,CLI003964,PAR001,digital,AUTO,83800.0,72,0.1825,1399.58,2023-09-17,ativa,,,,,,
CT0001719,GA0052,CLI001061,PAR003,correspondente,Auto,109000.0,60,0.162,2147.3,2025-08-19,ativa,,,,,,
CT0001882,GA0017,CLI006174,PAR002,loja,Automóvel,65100.0,60,0.1554,1275.31,2024-03-25,cancelada,2026-02-25,CTP000207,GA0017,2025-10-25,sorteio,0.0
CT0000497,GI0022,CLI001149,PAR001,digital,Imovel,633900.0,200,0.2067,3888.03,2023-12-28,cancelada,2025-12-28,,,,,
CT0001187,GS0001,CLI001344,PAR001,digital,Serviços,15900.0,24,0.1885,800.63,2026-06-17,ativa,,,,,,
CT0007907,GS0032,CLI004472,PAR007,,SERVICOS,23300.0,36,0.1942,785.86,2025-09-05,cancelada,2025-11-05,,,,,
CT0002326,GA0023,CLI001567,PAR004,telemarketing,Auto,129900.0,72,0.1731,2152.55,2025-07-13,cancelada,2025-11-13,,,,,
CT0002253,GC0036,CLI004582,PAR007,digital,smartphone,7100.0,24,0.2206,367.01,2025-06-15,cancelada,2026-08-15,CTP000244,GC0036,2025-10-15,sorteio,0.0
CT0007744,GC0044,CLI005944,PAR007,digital,celular,4700.0,12,0.2125,482.73,2025-02-08,quitada,,,,,,
CT0002174,GC0042,CLI000452,PAR007,digital,smartphone,4200.0,12,0.2238,435.33,2025-02-15,cancelada,2025-07-15,,,,,
CT0008417,GC0050,CLI000829,PAR004,telemarketing,Celular,6000.0,18,0.2582,426.07,2025-02-01,cancelada,2025-03-01,,,,,
CT0001898,GI0008,CLI002823,PAR005,bancario,Imóveis,494400.0,180,0.1911,3326.49,2025-04-21,ativa,,,,,,
CT0005347,GI0017,CLI002836,PAR010,correspondente,Imovel,492500.0,150,0.2033,4016.5,2025-04-29,ativa,,,,,,
CT0008323,GC0063,CLI001057,PAR007,digital,CELULAR,2000.0,15,0.2397,167.96,2024-12-14,cancelada,2025-04-14,,,,,
CT0004255,GC0008,CLI001701,PAR009,digital,Celular,2000.0,18,0.2216,137.96,2024-06-10,cancelada,2024-11-10,,,,,
CT0006133,GC0054,CLI006026,PAR004,telemarketing,smartphone,4400.0,12,0.2197,454.56,2023-06-17,quitada,,,,,,
CT0002697,GA0023,CLI003303,PAR007,digital,Auto,50800.0,72,0.1681,838.27,2025-10-04,cancelada,2026-03-04,,,,,
CT0001994,GI0021,CLI005292,PAR001,digital,Imóveis,568100.0,200,0.1931,3445.81,2026-07-19,ativa,,,,,,
CT0001322,GA0017,CLI001337,PAR008,correspondente,AUTO,62400.0,60,0.1832,1251.33,2024-11-02,cancelada,2024-12-02,,,,,
CT0004353,GA0033,CLI002329,PAR010,correspondente,AUTO,102700.0,60,0.1734,2042.7,2025-06-26,ativa,,,,,,
CT0006960,GC0068,CLI005704,PAR001,digital,Celular,3700.0,24,0.2194,191.07,2024-09-06,cancelada,2026-01-06,,,,,
CT0000672,GC0004,CLI004405,PAR007,digital,Celular,3500.0,12,0.2336,365.63,2024-12-25,cancelada,2025-02-25,,,,,
CT0002504,GA0045,CLI004458,PAR002,loja,Automóvel,97200.0,60,0.1603,1912.09,2025-09-30,cancelada,2026-02-28,,,,,
CT0008151,GA0070,CLI004923,PAR002,loja,auto,98500.0,60,0.1807,1971.15,2024-03-27,cancelada,2025-07-27,,,,,
CT0004924,GA0051,CLI002663,PAR005,bancario,automovel,66600.0,60,0.1426,1290.49,2025-12-23,ativa,,,,,,
CT0000729,GI0034,CLI004630,PAR003,correspondente,IMOVEIS,368400.0,180,0.1875,2471.35,2026-04-18,ativa,,,,,,
CT0005634,GS0022,CLI000282,PAR004,telemarketing,Serviços,27400.0,24,0.1943,1386.33,2026-05-17,ativa,,,,,,
CT0004906,GI0025,CLI001806,PAR005,bancario,Imovel,244500.0,150,0.1959,1981.92,2026-02-17,ativa,,,,,,
CT0000611,GC0036,CLI007114,PAR004,telemarketing,Celular,3100.0,24,0.2339,161.96,2024-04-19,cancelada,2024-06-19,,,,,
CT0007202,GS0016,CLI005675,PAR006,loja,serviço,12600.0,24,0.2066,643.96,2024-06-16,quitada,,,,,,
CT0006282,GS0021,CLI002215,PAR001,digital,servicos,13900.0,36,0.2183,478.12,2025-08-14,cancelada,2025-11-14,,,,,
CT0006692,GC0001,CLI003998,PAR012,interno,CELULAR,6800.0,24,0.2304,354.28,2024-08-27,cancelada,2025-01-27,,,,,
CT0006980,GC0043,CLI003514,PAR004,telemarketing,CELULAR,2200.0,18,0.221,151.68,2025-08-22,cancelada,2025-09-22,,,,,
CT0004617,GA0066,CLI002653,PAR002,loja,Auto,115600.0,72,0.17,1910.61,2025-09-09,ativa,,,,,,
CT0002831,GI0029,CLI001591,PAR005,,IMOVEIS,500800.0,200,0.1977,3049.12,2025-01-20,ativa,,,,,,
CT0007004,GI0010,CLI004064,PAR002,loja,imóvel,358300.0,180,0.2135,2455.35,2025-12-12,ativa,,,,,,
CT0007977,GA0001,CLI004561,PAR006,loja,automovel,48300.0,72,0.1768,802.85,2023-06-28,cancelada,2024-04-28,,,,,
CT0000347,GI0038,CLI000185,PAR006,loja,IMOVEIS,612900.0,150,0.2126,5036.4,2023-09-04,cancelada,2025-05-04,,,,,
CT0006231,GA0072,CLI002863,PAR006,loja,Automóvel,85200.0,60,0.2017,1734.81,2024-08-26,ativa,,,,,,
CT0003969,GS0022,CLI005124,PAR012,interno,Servicos,14200.0,24,0.2027,723.43,2026-04-22,ativa,,,,,,
CT0001122,GS0015,CLI001230,PAR010,correspondente,SERVICOS,20800.0,24,0.1958,1053.69,2024-11-18,cancelada,2025-05-18,,,,,
CT0003093,GS0023,CLI004873,PAR006,loja,Serviços,11500.0,24,0.1973,583.29,2025-06-21,ativa,,,,,,
CT0006768,GA0001,CLI006236,PAR002,loja,AUTO,58900.0,72,0.1621,967.02,2024-01-29,ativa,,,,,,
CT0001480,GI0040,CLI002555,PAR003,correspondente,imóvel,406400.0,200,0.2096,2498.55,2026-03-02,ativa,,,,,,
CT0005616,GC0053,CLI002013,PAR004,,celular,3100.0,24,0.226,160.94,2025-10-07,cancelada,2025-11-07,,,,,
CT0006596,GS0033,CLI003621,PAR007,digital,serviço,23100.0,48,0.1966,585.49,2025-01-28,ativa,,,,,,
CT0006214,GS0019,CLI004709,PAR004,telemarketing,servicos,13200.0,36,0.1888,443.23,2024-01-30,cancelada,2024-05-30,CTP000647,GS0019,2024-02-29,sorteio,0.0
CT0008142,GS0018,CLI004821,PAR099,interno,servicos,19900.0,24,0.1883,1001.88,2026-07-04,ativa,,,,,,
CT0008152,GA0075,CLI000049,PAR002,loja,auto,63300.0,60,0.1745,1260.2,2024-10-29,ativa,,,,,,
CT0003392,GC0039,CLI000693,PAR012,interno,celular,7400.0,12,0.216,762.2,2024-11-07,quitada,,,,,,
CT0001756,GI0006,CLI000391,PAR003,correspondente,Imóveis,296900.0,180,0.1955,2004.9,2025-08-09,ativa,,,,,,
CT0002748,GA0019,CLI001383,PAR004,telemarketing,auto,111200.0,60,0.1597,2186.38,2024-12-13,contemplada,,CTP000299,GA0019,2026-04-13,sorteio,0.0
CT0006883,GI0029,CLI003132,PAR006,loja,Imóveis,626100.0,200,0.2073,3842.06,2026-04-29,ativa,,,,,,
CT0003810,GA0074,CLI003439,PAR010,correspondente,AUTO,128900.0,80,0.1856,1942.52,2024-11-15,cancelada,2026-05-15,,,,,
CT0007414,GA0058,CLI002726,PAR002,loja,automovel,112000.0,80,0.161,1653.4,2025-04-01,contemplada,,CTP000780,GA0058,2026-05-01,sorteio,0.0
CT0006887,GA0022,CLI004779,PAR002,,AUTO,94100.0,80,0.1607,1388.8,2024-02-23,contemplada,,CTP000728,GA0022,2024-06-23,sorteio,0.0
CT0006761,GC0069,CLI003391,PAR007,digital,smartphone,5000.0,24,0.2552,265.67,2025-06-08,ativa,,,,,,
CT0000950,GA0062,CLI007036,PAR006,loja,AUTO,110800.0,60,0.1598,2178.7,2024-11-24,cancelada,2025-02-24,,,,,
CT0000500,GI0040,CLI000831,PAR011,correspondente,IMOVEIS,391800.0,200,0.1943,2378.81,2023-04-27,cancelada,2025-01-27,,,,,
CT0003328,GI0019,CLI001367,PAR002,loja,Imóveis,253400.0,150,0.2084,2075.18,2024-12-13,cancelada,2025-02-13,,,,,
CT0001675,GA0066,CLI006366,PAR006,loja,Automóvel,102800.0,72,0.1815,1715.47,2024-02-24,cancelada,2024-04-24,,,,,
CT0006036,GA0027,CLI005408,PAR009,digital,Automóvel,48900.0,72,0.1798,814.86,2024-09-23,ativa,,,,,,
CT0004314,GI0029,CLI000206,PAR005,bancario,Imóveis,505100.0,200,0.1965,3072.27,2023-07-29,cancelada,2026-01-29,,,,,
CT0001290,GI0026,CLI005638,PAR002,loja,Imovel,263500.0,150,0.2199,2178.09,2025-10-05,ativa,,,,,,
CT0002084,GC0031,CLI006459,PAR001,digital,smartphone,5000.0,24,0.244,263.33,2025-10-17,cancelada,2026-06-17,,,,,
CT0005251,GI0039,CLI006061,PAR003,correspondente,IMOVEIS,308100.0,200,0.1945,1870.94,2025-10-04,ativa,,,,,,
CT0001148,GC0031,CLI002791,PAR006,loja,celular,7300.0,24,0.2075,373.36,2025-01-21,ativa,,,,,,
CT0001325,GA0052,CLI006646,PAR001,,AUTO,114800.0,60,0.1715,2279.74,2024-04-05,cancelada,2026-01-05,CTP000146,GA0052,2024-10-05,lance_livre,21305.26
CT0007577,GA0052,CLI004338,PAR012,interno,Automóvel,129900.0,60,0.1702,2576.78,2026-04-26,cancelada,2026-07-26,,,,,
CT0000640,GC0027,CLI006211,PAR001,,celular,5800.0,15,0.2409,487.55,2025-03-22,quitada,,CTP000084,GC0027,2025-08-22,sorteio,0.0
CT0002316,GA0074,CLI005075,PAR006,loja,Auto,82000.0,80,0.1696,1219.34,2024-08-03,cancelada,2026-05-03,,,,,
CT0002397,GC0010,CLI006856,PAR004,telemarketing,Celular,4800.0,12,0.221,496.4,2025-11-30,cancelada,2025-12-30,,,,,
CT0007292,GA0053,CLI006151,PAR008,correspondente,auto,95000.0,80,0.1669,1409.44,2024-07-29,ativa,,,,,,
CT0004762,GA0057,CLI004553,PAR002,loja,AUTO,129800.0,60,0.1792,2594.27,2025-06-04,ativa,,,,,,
CT0005150,GA0055,CLI002130,PAR012,interno,auto,101400.0,80,0.1424,1473.34,2026-06-02,ativa,,,,,,
CT0001972,GC0039,CLI007025,PAR004,telemarketing,Celular,5400.0,12,0.2453,569.39,2025-12-06,cancelada,2026-06-06,,,,,
CT0002170,GI0022,CLI004164,PAR003,correspondente,Imóveis,188100.0,200,0.1771,1125.87,2024-09-14,ativa,,,,,,
CT0001676,GC0065,CLI004371,PAR007,digital,Celular,8900.0,18,0.2365,621.27,2025-03-21,ativa,,,,,,
CT0003694,GA0087,CLI006709,PAR008,correspondente,Automóvel,92900.0,60,0.1817,1860.63,2025-01-18,ativa,,,,,,
CT0000066,GA0029,CLI000889,PAR099,digital,auto,58400.0,60,0.1714,1159.63,2026-06-28,cancelada,2026-08-28,,,,,
CT0002441,GA0050,CLI000100,PAR006,,Automóvel,105900.0,80,0.1715,1577.25,2025-09-25,cancelada,2025-12-25,,,,,
CT0008412,GC0046,CLI000256,PAR007,digital,CELULAR,2100.0,12,0.2367,219.92,2025-06-29,cancelada,2025-12-29,,,,,
CT0005087,GI0033,CLI003957,PAR011,correspondente,IMOVEIS,599200.0,200,0.2158,3702.46,2024-12-20,cancelada,2025-01-20,,,,,
CT0002116,GA0009,CLI000922,PAR008,correspondente,Auto,110100.0,80,0.1539,1615.58,2024-01-19,cancelada,2026-04-19,,,,,
CT0002900,GA0036,CLI006064,PAR005,,auto,63700.0,72,0.1661,1049.37,2024-12-01,contemplada,,CTP000317,GA0036,2026-08-01,sorteio,0.0
CT0003054,GA0053,CLI002055,PAR002,,Automóvel,59400.0,80,0.146,865.75,2025-09-23,ativa,,,,,,
CT0007641,GA0047,CLI004394,PAR002,loja,auto,116600.0,60,0.1846,2340.94,2024-01-10,contemplada,,CTP000803,GA0047,2026-08-10,sorteio,0.0
CT0007576,GI0017,CLI006407,PAR003,correspondente,imoveis,251100.0,150,0.1743,1999.26,2024-04-24,cancelada,2025-03-24,,,,,
CT0001558,GA0050,CLI006449,PAR006,loja,automovel,101800.0,80,0.1755,1521.27,2025-12-02,ativa,,,,,,
CT0008335,GC0040,CLI004925,PAR004,telemarketing,CELULAR,3900.0,15,0.2343,326.12,2023-02-05,cancelada,2023-03-05,,,,,
CT0007290,GC0050,CLI002610,PAR007,digital,Celular,6300.0,18,0.2121,431.23,2025-03-18,cancelada,2025-07-18,,,,,
CT0006230,GS0030,CLI006771,PAR008,correspondente,serviço,26900.0,36,0.1906,904.59,2025-06-09,cancelada,2026-02-09,CTP000648,GS0030,2025-09-09,lance_livre,14752.4
CT0005173,GA0045,CLI003781,PAR010,correspondente,AUTO,89100.0,60,0.1745,1773.83,2025-06-04,ativa,,,,,,
CT0003227,GA0075,CLI001252,PAR002,loja,Automóvel,83200.0,60,0.1578,1633.22,2025-11-19,ativa,,,,,,
CT0005583,GS0033,CLI006129,PAR007,digital,servicos,10100.0,48,0.2061,257.99,2025-05-11,ativa,,,,,,
CT0003962,GA0031,CLI001383,PAR004,telemarketing,automovel,111100.0,72,0.1627,1824.97,2024-06-04,cancelada,2026-01-04,,,,,
CT0008435,GI0026,CLI001685,PAR005,bancario,imóvel,523500.0,150,0.1995,4256.06,2024-06-15,contemplada,,CTP000892,GI0026,2026-03-15,lance_fixo,130875.0
CT0000316,GC0037,CLI004937,PAR007,,smartphone,3300.0,24,0.2312,172.04,2024-12-19,cancelada,2025-01-19,,,,,
CT0001775,GI0029,CLI000932,PAR003,correspondente,imóvel,527000.0,200,0.2182,3262.66,2024-10-04,ativa,,,,,,
CT0004750,GA0009,CLI001657,PAR001,digital,auto,114700.0,80,0.1654,1699.57,2024-07-02,cancelada,2024-11-02,,,,,
CT0003883,GS0023,CLI000025,PAR011,correspondente,SERVICOS,27600.0,24,0.2018,1405.07,2025-02-26,cancelada,2025-08-26,,,,,
CT0002265,GA0068,CLI003511,PAR005,bancario,Auto,96200.0,72,0.1809,1604.54,2025-12-19,ativa,,,,,,
CT0005781,GC0040,CLI006171,PAR002,loja,CELULAR,3200.0,15,0.2382,268.42,2025-08-11,ativa,,,,,,
CT0004244,GI0008,CLI000321,PAR010,correspondente,imóvel,222000.0,180,0.2021,1507.26,2025-02-14,ativa,,,,,,
CT0001912,GC0032,CLI001723,PAR007,digital,CELULAR,2800.0,18,0.2276,194.07,2025-04-21,cancelada,2026-01-21,,,,,
CT0003138,GI0022,CLI004764,PAR012,interno,Imóveis,649600.0,200,0.2084,3989.84,2025-10-31,ativa,,,,,,
CT0008179,GA0057,CLI003877,PAR008,correspondente,auto,94200.0,60,0.1719,1871.28,2024-04-01,ativa,,,,,,
CT0008233,GI0030,CLI006927,PAR005,bancario,Imóveis,571600.0,200,0.2133,3524.77,2025-03-03,contemplada,,CTP000870,GI0030,2025-09-03,lance_livre,242275.71
CT0006235,GS0014,CLI003456,PAR004,telemarketing,servicos,17400.0,36,0.1981,588.75,2026-01-13,cancelada,2026-03-13,,,,,
CT0004846,GA0061,CLI002212,PAR005,bancario,Automóvel,50500.0,80,0.1621,746.2,2025-04-22,ativa,,,,,,
CT0005403,GC0061,CLI000484,PAR007,digital,celular,6000.0,24,0.246,316.5,2024-08-26,cancelada,2024-09-26,,,,,
CT0005242,GA0019,CLI003672,PAR002,loja,Automóvel,123400.0,60,0.1764,2460.6,2025-06-13,ativa,,,,,,
CT0007168,GS0012,CLI006817,PAR005,bancario,servicos,9500.0,36,0.1879,318.75,2023-09-22,ativa,,,,,,
CT0005784,GC0000,CLI000228,PAR006,loja,smartphone,2800.0,18,0.2203,192.94,2024-05-09,cancelada,2024-09-09,,,,,
CT0007631,GA0003,CLI003236,PAR007,digital,Auto,59300.0,60,0.1799,1185.9,2025-02-14,cancelada,2026-02-14,,,,,
CT0002389,GS0026,CLI002654,PAR010,correspondente,Servicos,30700.0,48,0.2245,795.96,2025-01-16,cancelada,2025-06-16,,,,,
CT0008090,GI0039,CLI001315,PAR003,correspondente,Imóveis,595400.0,200,0.2231,3700.71,2026-05-09,ativa,,,,,,
CT0004384,GI0009,CLI007160,PAR001,digital,IMOVEIS,477100.0,180,0.2071,3252.5,2026-02-24,ativa,,,,,,
CT0005619,GA0002,CLI001211,PAR008,correspondente,automovel,64800.0,60,0.1807,1296.76,2025-06-28,ativa,,,,,,
CT0003209,GA0015,CLI007013,PAR005,bancario,automovel,66300.0,80,0.1864,999.8,2025-11-29,ativa,,,,,,
CT0007454,GC0036,CLI005056,PAR012,interno,CELULAR,7900.0,24,0.2281,410.83,2025-01-16,contemplada,,CTP000784,GC0036,2025-09-16,sorteio,0.0
CT0004082,GI0004,CLI005748,PAR001,digital,imóvel,374000.0,200,0.2054,2291.5,2024-08-28,ativa,,,,,,
CT0001176,GI0009,CLI001693,PAR003,correspondente,IMOVEIS,290000.0,180,0.1992,1964.27,2023-06-16,ativa,,,,,,
CT0001274,GA0013,CLI002870,PAR002,loja,auto,86100.0,72,0.1694,1422.32,2025-05-20,ativa,,,,,,
CT0004090,GC0017,CLI001084,PAR004,telemarketing,CELULAR,3500.0,12,0.2318,365.11,2026-03-24,cancelada,2026-07-24,,,,,
CT0008111,GA0007,CLI002961,PAR001,digital,automovel,52100.0,72,0.1414,840.4,2023-12-21,contemplada,,CTP000858,GA0007,2024-04-21,lance_livre,8650.75
CT0002448,GA0060,CLI003803,PAR001,digital,Auto,78000.0,80,0.1408,1131.78,2025-09-19,ativa,,,,,,
CT0005553,GA0003,CLI002720,PAR010,correspondente,automovel,53700.0,60,0.1637,1059.41,2024-01-04,ativa,,,,,,
CT0000190,GC0063,CLI005920,PAR007,,CELULAR,8200.0,15,0.2353,686.23,2025-07-08,cancelada,2025-12-08,,,,,
CT0002394,GS0028,CLI003736,PAR001,digital,Servicos,15000.0,24,0.2002,762.62,2026-05-02,ativa,,,,,,
CT0001907,GI0012,CLI005449,PAR003,correspondente,IMOVEIS,471700.0,150,0.2017,3841.84,2023-07-22,ativa,,,,,,
CT0000151,GI0022,CLI000113,PAR011,correspondente,Imóveis,294100.0,200,0.1935,1784.45,2025-05-03,contemplada,,CTP000017,GI0022,2026-01-03,lance_livre,62460.86
CT0006005,GA0061,CLI003058,PAR003,correspondente,Auto,58500.0,80,0.1698,870.04,2025-11-01,ativa,,,,,,
CT0001931,GA0054,CLI003529,PAR002,loja,automovel,106600.0,72,0.1781,1773.85,2026-06-13,ativa,,,,,,
CT0001588,GA0035,CLI005736,PAR004,telemarketing,automovel,112900.0,80,0.1436,1642.13,2023-11-17,ativa,,,,,,
CT0007865,GI0008,CLI005100,PAR012,interno,Imóveis,601400.0,180,0.196,4062.79,2025-01-14,ativa,,,,,,
CT0004607,GA0042,CLI000123,PAR002,loja,AUTO,115200.0,60,0.185,2313.6,2024-10-16,contemplada,,CTP000496,GA0042,2025-10-16,sorteio,0.0
CT0002120,GC0005,CLI007004,PAR007,digital,Celular,4200.0,24,0.215,216.12,2025-03-24,ativa,,,,,,
CT0006019,GA0024,CLI000350,PAR004,telemarketing,auto,123700.0,72,0.1711,2046.38,2025-11-30,ativa,,,,,,
CT0007508,GS0033,CLI001540,PAR001,digital,serviço,25800.0,48,0.1967,653.98,2024-01-22,ativa,,,,,,
CT0007096,GI0034,CLI006316,PAR006,loja,IMOVEIS,444000.0,180,0.2146,3045.35,2024-01-29,contemplada,,CTP000747,GI0034,2026-06-29,lance_fixo,111000.0
CT0006989,GI0025,CLI005519,PAR004,telemarketing,imoveis,186600.0,150,0.1957,1512.33,2024-11-23,cancelada,2025-05-23,,,,,
CT0001004,GC0044,CLI001664,PAR007,digital,celular,9000.0,12,0.2548,956.1,2025-08-24,cancelada,2025-09-24,,,,,
CT0000100,GS0010,CLI002144,PAR099,telemarketing,Servicos,28100.0,24,0.1791,1403.95,2024-07-23,cancelada,2024-11-23,,,,,
CT0007957,GA0012,CLI004597,PAR002,loja,automovel,75100.0,80,0.1749,1121.71,2025-09-16,ativa,,,,,,
CT0008328,GI0041,CLI000295,PAR010,correspondente,Imovel,616700.0,180,0.183,4121.61,2026-03-02,ativa,,,,,,
CT0004333,GI0017,CLI006363,PAR005,bancario,imoveis,456300.0,150,0.2059,3729.19,2026-07-15,ativa,,,,,,
CT0007540,GC0018,CLI004528,PAR007,digital,smartphone,8100.0,12,0.2109,830.86,2025-06-17,cancelada,2025-10-17,,,,,
CT0004560,GC0064,CLI000094,PAR007,digital,smartphone,6000.0,24,0.2407,315.18,2024-11-03,cancelada,2025-02-03,,,,,
CT0004551,GA0017,CLI006059,PAR004,telemarketing,auto,54700.0,60,0.1601,1075.86,2025-11-10,ativa,,,,,,
CT0007221,GS0010,CLI002671,PAR002,loja,SERVICOS,6100.0,24,0.194,308.56,2025-10-08,ativa,,,,,,
CT0005818,GC0004,CLI006449,PAR012,interno,celular,4800.0,12,0.2371,502.84,2023-12-06,quitada,,,,,,
CT0001702,GA0060,CLI005475,PAR010,correspondente,auto,60500.0,80,0.1749,903.64,2025-06-16,contemplada,,CTP000188,GA0060,2026-01-16,lance_livre,14274.18
CT0000779,GA0035,CLI005276,PAR002,,auto,113100.0,80,0.1434,1644.76,2026-02-26,ativa,,,,,,
CT0005422,GI0027,CLI001708,PAR003,correspondente,Imovel,548100.0,150,0.2107,4496.98,2025-08-29,ativa,,,,,,
CT0001200,GI0016,CLI006305,PAR012,interno,imóvel,495600.0,200,0.1917,3002.59,2025-12-04,ativa,,,,,,
CT0005834,GC0041,CLI003029,PAR004,telemarketing,smartphone,4400.0,24,0.2329,229.7,2025-11-26,ativa,,,,,,
CT0004459,GI0035,CLI007111,PAR007,digital,imoveis,426300.0,150,0.2086,3491.68,2025-01-26,cancelada,2026-08-26,,,,,
CT0007965,GI0044,CLI006842,PAR012,interno,imoveis,255300.0,150,0.1996,2075.76,2024-08-16,ativa,,,,,,
CT0003305,GA0017,CLI006951,PAR002,loja,automovel,101000.0,60,0.1714,2005.52,2024-08-23,ativa,,,,,,
CT0000355,GI0020,CLI005150,PAR003,correspondente,Imóveis,236800.0,180,0.2092,1617.08,2024-12-26,ativa,,,,,,
CT0007100,GC0019,CLI001415,PAR007,digital,CELULAR,7200.0,18,0.2178,495.12,2024-12-11,cancelada,2025-02-11,,,,,
CT0003897,GC0018,CLI003946,PAR006,loja,celular,3900.0,12,0.2277,405.5,2024-03-29,quitada,,,,,,
CT0005089,GC0014,CLI003237,PAR007,,CELULAR,3800.0,24,0.2332,198.42,2025-06-11,cancelada,2025-10-11,,,,,
CT0002943,GA0075,CLI000354,PAR005,bancario,automovel,93700.0,60,0.1627,1846.98,2025-04-09,ativa,,,,,,
CT0004185,GS0029,CLI002492,PAR005,bancario,serviço,18400.0,24,0.2039,938.32,2024-02-19,quitada,,,,,,
CT0007261,GA0026,CLI003018,PAR004,telemarketing,auto,93800.0,72,0.1872,1572.71,2026-07-04,ativa,,,,,,
CT0000037,GI0022,CLI003033,PAR012,interno,IMOVEIS,453200.0,200,0.2089,2784.69,2024-07-04,contemplada,,CTP000002,GI0022,2025-03-04,lance_fixo,113300.0
CT0001208,GA0034,CLI003173,PAR002,loja,Automóvel,51100.0,80,0.1555,750.85,2026-02-22,contemplada,,CTP000129,GA0034,2026-04-22,lance_livre,20703.97
CT0003851,GC0010,CLI003931,PAR010,correspondente,celular,2900.0,12,0.2308,302.28,2025-12-01,cancelada,2026-01-01,,,,,
CT0002363,GS0017,CLI001647,PAR006,,Servicos,12700.0,36,0.2097,433.81,2024-05-14,ativa,,,,,,
CT0001328,GA0043,CLI003357,PAR001,digital,auto,57100.0,72,0.1647,939.53,2026-01-01,ativa,,,,,,
CT0000412,GI0020,CLI000958,PAR003,correspondente,Imovel,546400.0,180,0.1959,3690.93,2026-03-23,ativa,,,,,,
CT0002299,GA0031,CLI001739,PAR009,digital,Automóvel,110500.0,72,0.1685,1824.02,2026-03-05,ativa,,,,,,
CT0006039,GS0000,CLI006291,PAR004,telemarketing,SERVICOS,14600.0,36,0.196,493.16,2025-02-15,cancelada,2025-05-15,,,,,
CT0005691,GA0015,CLI006852,PAR002,loja,auto,99000.0,80,0.1718,1474.85,2024-03-25,cancelada,2025-12-25,,,,,
CT0006617,GC0022,CLI006507,PAR007,digital,celular,5200.0,24,0.216,267.8,2025-06-15,cancelada,2026-05-15,,,,,
CT0000761,GC0008,CLI005118,PAR008,correspondente,CELULAR,8000.0,18,0.2297,555.42,2025-12-21,ativa,,,,,,
CT0003216,GI0027,CLI005818,PAR008,correspondente,IMOVEIS,613600.0,150,0.2028,5002.07,2024-06-13,ativa,,,,,,
CT0007283,GS0001,CLI007081,PAR009,digital,serviço,29300.0,24,0.2068,1497.72,2023-11-13,cancelada,2024-03-13,,,,,
CT0002168,GI0031,CLI001924,PAR008,correspondente,imoveis,447800.0,200,0.1934,2716.8,2024-01-26,contemplada,,CTP000238,GI0031,2024-07-26,lance_livre,201702.01
CT0004072,GI0035,CLI003352,PAR012,interno,imóvel,320900.0,150,0.2106,2632.66,2023-11-08,ativa,,,,,,
CT0003206,GA0012,CLI000538,PAR002,loja,automovel,79100.0,80,0.137,1143.98,2024-11-08,contemplada,,CTP000344,GA0012,2024-12-08,lance_livre,19244.42
CT0007558,GA0040,CLI000668,PAR009,digital,Automóvel,106300.0,72,0.1527,1731.36,2025-07-15,ativa,,,,,,
CT0006520,GS0009,CLI001676,PAR007,digital,Servicos,13400.0,48,0.1924,338.46,2025-10-02,ativa,,,,,,
CT0004049,GA0017,CLI005192,PAR010,correspondente,Automóvel,49800.0,60,0.1652,983.72,2026-03-26,ativa,,,,,,
CT0005269,GI0037,CLI001907,PAR005,bancario,imoveis,382800.0,200,0.1939,2323.4,2024-01-29,cancelada,2024-08-29,,,,,
CT0004792,GI0015,CLI001267,PAR003,correspondente,imoveis,205000.0,180,0.2059,1396.16,2024-09-25,ativa,,,,,,
CT0003908,GC0002,CLI002202,PAR009,digital,CELULAR,6500.0,12,0.2416,683.37,2024-07-09,quitada,,,,,,
CT0004567,GC0059,CLI002116,PAR007,digital,celular,7300.0,12,0.2398,766.38,2025-07-02,cancelada,2025-12-02,,,,,
CT0003000,GA0046,CLI002453,PAR001,digital,automovel,49400.0,72,0.1782,822.1,2023-06-30,cancelada,2025-01-30,,,,,
CT0000268,GS0012,CLI005251,PAR009,digital,servicos,8700.0,36,0.2132,298.02,2024-06-16,cancelada,2025-02-16,,,,,
CT0008286,GS0025,CLI002717,PAR012,interno,servicos,6800.0,48,0.1975,172.48,2024-12-12,ativa,,,,,,
CT0004350,GA0022,CLI004977,PAR002,loja,AUTO,72300.0,80,0.1834,1087.57,2025-09-20,ativa,,,,,,
CT0004310,GI0034,CLI001599,PAR005,bancario,Imovel,312900.0,180,0.1928,2108.25,2024-05-29,ativa,,,,,,
CT0003041,GC0026,CLI005671,PAR008,correspondente,celular,4200.0,24,0.219,216.83,2023-05-10,quitada,,,,,,
CT0003869,GA0085,CLI004608,PAR004,telemarketing,Automóvel,82500.0,60,0.1551,1615.76,2025-08-21,cancelada,2025-11-21,,,,,
CT0004991,GS0020,CLI005861,PAR004,,servicos,18000.0,48,0.1777,449.14,2026-02-10,ativa,,,,,,
CT0007284,GI0030,CLI004223,PAR002,loja,IMOVEIS,365200.0,200,0.2108,2247.44,2026-05-19,cancelada,2026-06-19,,,,,
CT0006939,GC0019,CLI003536,PAR007,digital,Celular,8400.0,18,0.2533,594.21,2025-10-05,ativa,,,,,,
CT0002749,GI0007,CLI005190,PAR010,correspondente,Imovel,569700.0,150,0.1964,4619.89,2023-12-16,cancelada,2025-09-16,,,,,
CT0000323,GS0039,CLI004773,PAR010,correspondente,Serviços,10500.0,48,0.2094,268.93,2024-04-30,ativa,,,,,,
CT0006311,GI0031,CLI004667,PAR012,interno,Imóveis,550100.0,200,0.1932,3336.91,2024-05-22,ativa,,,,,,
CT0005046,GS0009,CLI000444,PAR007,digital,Serviços,17900.0,48,0.1822,448.32,2025-09-02,ativa,,,,,,
CT0000749,GI0008,CLI006883,PAR003,correspondente,Imóveis,186600.0,180,0.1709,1234.57,2023-09-22,ativa,,,,,,
CT0005336,GC0062,CLI003689,PAR004,telemarketing,celular,1800.0,24,0.2212,93.09,2023-05-07,cancelada,2023-06-07,,,,,
CT0003947,GC0037,CLI004874,PAR004,telemarketing,smartphone,6500.0,24,0.2322,339.14,2023-09-25,cancelada,2023-11-25,,,,,
CT0000843,GC0004,CLI003241,PAR007,,CELULAR,5700.0,12,0.2268,592.23,2025-01-23,cancelada,2025-08-23,,,,,
CT0006870,GA0036,CLI000414,PAR005,bancario,Automóvel,103900.0,72,0.1589,1701.22,2024-09-10,ativa,,,,,,
CT0007196,GA0017,CLI006790,PAR001,digital,Automóvel,108900.0,60,0.1875,2191.61,2024-08-31,cancelada,2024-09-30,,,,,
CT0002475,GC0066,CLI002405,PAR001,digital,Celular,7000.0,12,0.2365,732.96,2026-01-06,ativa,,,,,,
CT0005699,GA0003,CLI000317,PAR099,loja,automovel,124800.0,60,0.1751,2485.81,2023-08-19,ativa,,,,,,
CT0007017,GS0024,CLI004035,PAR004,telemarketing,SERVICOS,8100.0,36,0.2049,275.6,2025-08-23,ativa,,,,,,
CT0003579,GC0007,CLI002372,PAR007,digital,CELULAR,7000.0,24,0.215,360.21,2025-06-07,cancelada,2025-07-07,,,,,
CT0007472,GC0048,CLI001793,PAR007,digital,celular,4600.0,18,0.2259,318.4,2025-07-19,cancelada,2025-10-19,,,,,
CT0005732,GA0004,CLI004671,PAR004,telemarketing,AUTO,126200.0,80,0.157,1856.72,2025-04-28,cancelada,2026-07-28,,,,,
CT0006175,GC0063,CLI000526,PAR008,correspondente,Celular,4000.0,15,0.2206,330.83,2023-08-12,cancelada,2023-10-12,,,,,
CT0003997,GC0049,CLI003023,PAR010,correspondente,Celular,3400.0,24,0.2294,177.0,2024-01-25,cancelada,2024-04-25,,,,,
CT0006751,GA0061,CLI004022,PAR001,digital,auto,79100.0,80,0.1586,1165.34,2026-04-27,ativa,,,,,,
CT0005049,GC0015,CLI006199,PAR009,digital,celular,3700.0,24,0.2443,194.91,2023-09-18,quitada,,,,,,
CT0002078,GA0012,CLI000391,PAR001,digital,AUTO,129600.0,80,0.1634,1917.11,2026-06-11,ativa,,,,,,
CT0001372,GA0027,CLI005627,PAR011,correspondente,AUTO,91500.0,72,0.1865,1533.26,2026-06-21,ativa,,,,,,
CT0001418,GA0033,CLI002836,PAR002,loja,AUTO,55900.0,60,0.1377,1078.59,2024-03-17,ativa,,,,,,
CT0001828,GC0034,CLI006943,PAR008,correspondente,celular,8500.0,12,0.2268,883.15,2024-08-07,quitada,,,,,,
CT0006743,GA0061,CLI000190,PAR001,digital,auto,117400.0,80,0.1862,1770.1,2025-09-26,ativa,,,,,,
CT0003971,GI0034,CLI002633,PAR003,correspondente,IMOVEIS,468500.0,180,0.2061,3191.27,2024-07-23,ativa,,,,,,
CT0002528,GC0060,CLI005543,PAR007,digital,Celular,2000.0,24,0.2293,104.11,2025-02-12,cancelada,2025-03-12,,,,,
CT0006216,GC0014,CLI006806,PAR007,digital,smartphone,7500.0,24,0.243,394.69,2025-01-17,ativa,,,,,,
CT0001169,GI0024,CLI005002,PAR008,correspondente,imoveis,192300.0,180,0.1982,1301.44,2024-05-30,ativa,,,,,,
CT0003557,GA0022,CLI004254,PAR002,loja,Auto,51300.0,80,0.1583,755.58,2025-07-29,cancelada,2025-08-29,,,,,
CT0004784,GA0063,CLI006823,PAR099,telemarketing,AUTO,119500.0,60,0.1654,2360.92,2024-09-26,ativa,,,,,,
CT0008005,GA0007,CLI005625,PAR008,correspondente,Automóvel,67300.0,72,0.171,1113.25,2026-06-08,ativa,,,,,,
CT0004753,GA0050,CLI004415,PAR002,,Automóvel,101300.0,80,0.1569,1490.25,2025-01-30,ativa,,,,,,
CT0002690,GA0073,CLI005213,PAR005,bancario,Automóvel,114900.0,80,0.1808,1724.65,2023-09-19,ativa,,,,,,
CT0007613,GC0063,CLI007128,PAR008,correspondente,Celular,9000.0,15,0.2526,763.56,2024-10-02,quitada,,,,,,
CT0001838,GA0064,CLI004116,PAR002,loja,auto,102000.0,72,0.1686,1683.85,2025-04-13,ativa,,,,,,
CT0002691,GC0036,CLI001279,PAR006,loja,CELULAR,3600.0,24,0.2334,188.01,2025-05-20,ativa,,,,,,
CT0000999,GI0031,CLI001826,PAR005,bancario,Imovel,587700.0,200,0.2011,3588.2,2026-03-14,contemplada,,CTP000108,GI0031,2026-07-14,sorteio,0.0
CT0003787,GC0052,CLI007128,PAR011,correspondente,celular,2000.0,12,0.235,209.17,2026-01-07,cancelada,2026-06-07,,,,,
CT0004970,GA0048,CLI005167,PAR002,loja,auto,55700.0,80,0.1733,830.84,2023-05-19,ativa,,,,,,
CT0007773,GS0019,CLI004276,PAR001,digital,servicos,16600.0,36,0.2119,568.04,2026-01-09,ativa,,,,,,
CT0002228,GA0078,CLI005897,PAR009,digital,automovel,81000.0,72,0.1901,1361.36,2024-10-28,ativa,,,,,,
CT0008527,GA0063,CLI005434,PAR004,telemarketing,AUTO,75000.0,60,0.1583,1472.88,2024-08-26,cancelada,2025-01-26,,,,,
CT0001426,GI0021,CLI003195,PAR005,bancario,imóvel,325600.0,200,0.2353,2043.63,2025-06-13,ativa,,,,,,
CT0001906,GA0000,CLI000663,PAR008,correspondente,automovel,57500.0,60,0.1523,1123.45,2023-10-30,ativa,,,,,,
CT0003169,GC0017,CLI000145,PAR005,bancario,Celular,4900.0,12,0.2204,506.5,2025-01-13,cancelada,2025-10-13,,,,,
CT0005213,GS0022,CLI004185,PAR008,correspondente,servicos,17900.0,24,0.1842,898.13,2024-10-08,ativa,,,,,,
CT0004628,GI0025,CLI005692,PAR012,interno,Imóveis,389200.0,150,0.1899,3139.29,2024-07-23,contemplada,,CTP000499,GI0025,2026-07-23,lance_fixo,97300.0
CT0007941,GS0015,CLI003195,PAR012,interno,SERVICOS,26400.0,24,0.2141,1357.51,2024-05-16,cancelada,2025-03-16,,,,,
CT0000053,GA0002,CLI004027,PAR001,digital,AUTO,57700.0,60,0.1678,1142.27,2024-01-14,cancelada,2024-05-14,,,,,
CT0004793,GC0061,CLI006624,PAR009,,Celular,5900.0,24,0.2304,307.39,2025-04-20,cancelada,2025-10-20,,,,,
CT0000130,GA0024,CLI004130,PAR004,telemarketing,automovel,71800.0,72,0.17,1186.69,2025-06-08,ativa,,,,,,
CT0003533,GI0021,CLI005681,PAR099,bancario,Imóveis,380700.0,200,0.2214,2363.0,2025-12-18,ativa,,,,,,
CT0005322,GC0066,CLI007199,PAR007,digital,CELULAR,3600.0,12,0.2584,383.52,2024-09-13,cancelada,2025-04-13,,,,,
CT0008184,GC0049,CLI004460,PAR007,digital,Celular,5300.0,24,0.2057,270.68,2025-09-06,cancelada,2025-12-06,,,,,
CT0000464,GS0012,CLI004225,PAR001,digital,Servicos,19900.0,36,0.2212,686.11,2023-03-16,cancelada,2023-09-16,,,,,
CT0001921,GC0031,CLI000121,PAR006,loja,smartphone,5900.0,24,0.2421,310.27,2025-03-28,cancelada,2025-05-28,,,,,
CT0008208,GI0008,CLI007104,PAR005,bancario,Imóveis,519100.0,180,0.1956,3505.66,2025-06-08,ativa,,,,,,
CT0006029,GA0028,CLI001323,PAR009,digital,Automóvel,66400.0,72,0.1623,1090.34,2024-03-20,cancelada,2026-07-20,CTP000635,GA0028,2025-01-20,sorteio,0.0
CT0003741,GA0066,CLI003777,PAR010,correspondente,Auto,128800.0,72,0.2005,2183.34,2024-02-10,cancelada,2024-10-10,,,,,
CT0000648,GA0065,CLI006685,PAR012,interno,automovel,120500.0,60,0.1783,2406.59,2025-03-27,cancelada,2026-07-27,CTP000085,GA0065,2026-06-27,sorteio,0.0
CT0005252,GA0056,CLI004535,PAR008,correspondente,Automóvel,110800.0,72,0.1775,1842.82,2026-03-25,ativa,,,,,,
CT0007640,GC0009,CLI005081,PAR001,digital,celular,7700.0,24,0.2264,399.89,2025-09-16,cancelada,2026-02-16,,,,,
CT0004061,GA0013,CLI002004,PAR002,loja,Automóvel,88700.0,72,0.1591,1452.59,2025-12-31,ativa,,,,,,
CT0005463,GC0006,CLI003643,PAR007,digital,celular,6900.0,18,0.2221,476.14,2024-10-14,cancelada,2025-01-14,,,,,
CT0007394,GS0002,CLI004919,PAR009,digital,servicos,18600.0,36,0.195,627.75,2023-08-30,quitada,,CTP000778,GS0002,2025-07-30,sorteio,0.0
CT0001736,GA0032,CLI004546,PAR001,digital,AUTO,112000.0,60,0.1826,2244.85,2026-05-22,ativa,,,,,,
CT0001113,GA0007,CLI000624,PAR008,correspondente,automovel,51400.0,72,0.1468,832.97,2024-11-29,cancelada,2025-07-29,,,,,
CT0006448,GA0062,CLI006142,PAR001,,auto,74800.0,60,0.1702,1483.78,2024-11-19,ativa,,,,,,
CT0005469,GA0031,CLI005293,PAR010,correspondente,AUTO,53900.0,72,0.1713,891.82,2024-08-08,ativa,,,,,,
CT0002884,GI0007,CLI005973,PAR006,loja,imoveis,238600.0,150,0.2046,1947.93,2023-08-18,contemplada,,CTP000314,GI0007,2024-07-18,lance_fixo,59650.0
CT0006083,GI0018,CLI000968,PAR009,digital,imóvel,533300.0,200,0.195,3239.8,2024-12-08,contemplada,,CTP000637,GI0018,2025-02-08,sorteio,0.0
CT0004905,GA0056,CLI005496,PAR012,interno,AUTO,119600.0,72,0.161,1961.77,2025-07-20,ativa,,,,,,
CT0001419,GC0041,CLI004899,PAR001,digital,Celular,2800.0,24,0.2283,145.63,2025-03-10,ativa,,,,,,
CT0004233,GC0007,CLI004373,PAR007,digital,celular,5000.0,24,0.2374,261.96,2025-08-31,ativa,,,,,,
CT0003589,GS0005,CLI004106,PAR004,telemarketing,Servicos,28500.0,48,0.1875,716.95,2026-01-29,ativa,,,,,,
CT0006373,GI0013,CLI001481,PAR001,digital,Imovel,318200.0,150,0.2122,2613.91,2023-11-06,ativa,,,,,,
CT0006051,GI0041,CLI006041,PAR005,bancario,Imovel,301800.0,180,0.1859,2021.89,2023-02-02,ativa,,,,,,
CT0002171,GI0024,CLI001384,PAR003,,Imovel,278000.0,180,0.209,1898.12,2025-05-19,ativa,,,,,,
CT0001241,GA0076,CLI007172,PAR002,loja,Auto,105100.0,72,0.1728,1741.16,2023-05-09,cancelada,2023-07-09,,,,,
CT0004998,GS0002,CLI006674,PAR007,digital,Serviços,22400.0,36,0.1842,749.28,2025-08-26,ativa,,,,,,
CT0007285,GS0022,CLI001761,PAR005,bancario,Serviços,9100.0,24,0.1839,456.48,2026-05-25,ativa,,,,,,
CT0003984,GA0008,CLI005674,PAR005,bancario,Automóvel,105000.0,80,0.1583,1546.52,2024-08-19,contemplada,,CTP000434,GA0008,2026-04-19,lance_livre,24529.88
CT0002114,GA0017,CLI005583,PAR002,loja,Automóvel,79000.0,60,0.1756,1574.21,2024-04-13,cancelada,2024-06-13,,,,,
CT0003781,GI0029,CLI004843,PAR012,interno,IMOVEIS,619500.0,200,0.1931,3757.58,2024-04-09,ativa,,,,,,
CT0003914,GC0067,CLI003366,PAR006,loja,CELULAR,7100.0,15,0.2159,584.99,2024-02-26,cancelada,2024-08-26,,,,,
CT0003584,GI0002,CLI004512,PAR005,bancario,Imovel,639400.0,180,0.1973,4324.12,2025-04-03,ativa,,,,,,
CT0001170,GA0059,CLI003470,PAR004,telemarketing,AUTO,78400.0,60,0.1775,1564.73,2025-05-17,cancelada,2026-04-17,,,,,
CT0000318,GS0038,CLI003909,PAR007,digital,servicos,18200.0,36,0.2057,619.66,2025-08-06,cancelada,2026-06-06,,,,,
CT0001434,GS0020,CLI006325,PAR001,digital,serviço,26700.0,48,0.197,676.96,2025-05-04,cancelada,2025-07-04,,,,,
CT0000283,GA0021,CLI004853,PAR006,loja,automovel,82700.0,80,0.1673,1227.37,2025-02-05,cancelada,2026-05-05,CTP000035,GA0021,2026-01-05,sorteio,0.0
CT0005481,GC0031,CLI001487,PAR008,correspondente,celular,6400.0,24,0.2276,332.69,2026-01-09,ativa,,,,,,
CT0003475,GC0060,CLI001828,PAR006,loja,celular,6000.0,24,0.2346,313.65,2025-07-26,cancelada,2025-10-26,,,,,
CT0003081,GI0028,CLI000794,PAR005,bancario,IMOVEIS,263600.0,200,0.212,1623.78,2025-02-24,ativa,,,,,,
CT0003390,GA0038,CLI002909,PAR002,,AUTO,60300.0,72,0.1736,999.64,2026-07-09,ativa,,,,,,
CT0003714,GS0013,CLI006501,PAR001,digital,serviço,33400.0,36,0.2246,1154.71,2024-10-27,cancelada,2025-01-27,,,,,
CT0006910,GC0028,CLI000863,PAR009,digital,celular,8400.0,18,0.2248,580.91,2025-06-06,ativa,,,,,,
CT0008031,GI0040,CLI004090,PAR005,bancario,imóvel,585900.0,200,0.2128,3611.49,2025-06-29,ativa,,,,,,
CT0008213,GS0033,CLI003733,PAR002,,servicos,17800.0,48,0.193,449.82,2023-08-07,contemplada,,CTP000867,GS0033,2024-05-07,sorteio,0.0
CT0004648,GC0066,CLI002729,PAR008,correspondente,CELULAR,5300.0,12,0.2229,548.95,2024-03-10,cancelada,2024-12-10,,,,,
CT0005174,GC0021,CLI002550,PAR007,digital,CELULAR,7000.0,12,0.2254,726.48,2025-10-28,cancelada,2026-07-28,,,,,
CT0001386,GA0018,CLI002891,PAR004,telemarketing,auto,82900.0,72,0.179,1380.52,2025-03-28,cancelada,2025-06-28,CTP000153,GA0018,2025-06-28,lance_livre,10040.09
CT0007504,GC0037,CLI001359,PAR004,telemarketing,Celular,6800.0,24,0.2168,350.43,2025-06-23,cancelada,2025-09-23,,,,,
CT0006327,GA0016,CLI005064,PAR001,digital,Auto,128200.0,80,0.1511,1876.69,2026-01-26,ativa,,,,,,
CT0001409,GI0012,CLI000557,PAR005,bancario,imoveis,572900.0,150,0.2006,4661.88,2023-10-16,ativa,,,,,,
CT0000141,GA0067,CLI001399,PAR004,telemarketing,AUTO,52400.0,80,0.1638,775.39,2024-02-28,cancelada,2025-06-28,,,,,
CT0005955,GC0014,CLI005151,PAR007,digital,CELULAR,5100.0,24,0.2348,266.64,2025-10-09,cancelada,2026-01-09,,,,,
CT0001788,GI0027,CLI006111,PAR011,correspondente,imóvel,202900.0,150,0.211,1665.13,2024-12-31,ativa,,,,,,
CT0006741,GI0037,CLI002185,PAR001,digital,IMOVEIS,597400.0,200,0.1949,3628.91,2025-02-13,contemplada,,CTP000709,GI0037,2025-06-13,lance_livre,93864.68
CT0002098,GS0016,CLI006975,PAR004,telemarketing,Serviços,16400.0,24,0.177,817.95,2024-02-13,cancelada,2025-11-13,,,,,
CT0000703,GA0027,CLI003153,PAR099,correspondente,automovel,72600.0,72,0.1869,1216.96,2025-07-17,cancelada,2026-01-17,,,,,
CT0007765,GA0037,CLI000230,PAR001,digital,Automóvel,125100.0,80,0.1458,1823.02,2024-04-06,cancelada,2024-08-06,,,,,
CT0001255,GC0021,CLI002205,PAR007,digital,CELULAR,8200.0,12,0.2404,861.27,2024-06-26,quitada,,,,,,
CT0004278,GC0048,CLI002198,PAR001,digital,celular,3100.0,18,0.2275,214.85,2026-03-02,cancelada,2026-07-02,,,,,
CT0006187,GA0009,CLI001901,PAR005,,AUTO,73600.0,80,0.161,1086.52,2023-02-18,cancelada,2025-12-18,,,,,
CT0004191,GA0036,CLI003002,PAR004,telemarketing,Auto,97700.0,72,0.1602,1601.47,2025-01-17,cancelada,2025-10-17,,,,,
CT0004058,GI0014,CLI000273,PAR003,correspondente,imoveis,437700.0,150,0.2101,3589.43,2025-02-12,ativa,,,,,,
CT0006314,GC0023,CLI006453,PAR004,,smartphone,4700.0,18,0.2075,320.51,2026-03-21,cancelada,2026-05-21,,,,,
CT0001609,GA0017,CLI006712,PAR001,,AUTO,59600.0,60,0.1624,1174.52,2025-08-04,ativa,,,,,,
CT0002141,GA0065,CLI006909,PAR012,interno,automovel,53900.0,60,0.1563,1056.71,2023-05-13,contemplada,,CTP000235,GA0065,2024-11-13,sorteio,0.0
CT0002383,GS0001,CLI005974,PAR006,loja,serviço,7300.0,24,0.1959,369.84,2025-03-03,cancelada,2025-07-03,,,,,
CT0002082,GA0061,CLI002355,PAR005,bancario,Auto,120100.0,80,0.1682,1783.79,2024-05-20,cancelada,2024-10-20,,,,,
CT0000587,GI0044,CLI006518,PAR010,correspondente,imoveis,390100.0,150,0.2001,3173.07,2026-05-03,ativa,,,,,,
CT0006843,GC0001,CLI002260,PAR007,digital,smartphone,3200.0,24,0.2351,167.35,2025-11-03,cancelada,2026-04-03,,,,,
CT0008001,GA0083,CLI003958,PAR099,,auto,89800.0,60,0.1701,1781.18,2024-07-21,ativa,,,,,,
CT0003414,GS0036,CLI001482,PAR007,digital,serviço,13100.0,24,0.2001,665.97,2025-05-15,cancelada,2025-09-15,,,,,
CT0003850,GI0002,CLI000594,PAR003,correspondente,imoveis,333200.0,180,0.2044,2266.5,2025-09-13,ativa,,,,,,
CT0004437,GC0012,CLI006680,PAR006,loja,smartphone,7900.0,15,0.2269,656.7,2024-09-19,quitada,,CTP000481,GC0012,2025-09-19,lance_livre,2914.93
CT0000032,GC0022,CLI003133,PAR007,digital,CELULAR,8300.0,24,0.2382,435.13,2025-04-10,cancelada,2025-06-10,,,,,
CT0003394,GC0050,CLI003799,PAR004,telemarketing,celular,8200.0,18,0.2356,572.0,2024-10-06,cancelada,2025-05-06,,,,,
CT0007150,GS0038,CLI006042,PAR006,loja,servicos,24500.0,36,0.2008,830.82,2023-11-18,cancelada,2025-05-18,,,,,
CT0003403,GS0016,CLI000758,PAR004,telemarketing,SERVICOS,34100.0,24,0.2108,1748.76,2025-02-07,cancelada,2025-12-07,,,,,
CT0007397,GA0079,CLI000328,PAR002,loja,automovel,79700.0,72,0.1811,1329.55,2025-08-07,ativa,,,,,,
CT0002223,GI0014,CLI004648,PAR003,correspondente,IMOVEIS,288200.0,150,0.1983,2340.76,2026-01-27,cancelada,2026-07-27,,,,,
CT0007390,GA0006,CLI002958,PAR002,loja,Auto,86900.0,80,0.1786,1301.98,2024-06-29,ativa,,,,,,
CT0002053,GI0009,CLI002674,PAR004,telemarketing,IMOVEIS,461100.0,180,0.1815,3077.84,2023-08-29,ativa,,,,,,
CT0008018,GA0074,CLI003105,PAR010,correspondente,auto,81900.0,80,0.1646,1212.73,2026-04-16,ativa,,,,,,
CT0003130,GA0072,CLI001430,PAR002,loja,automovel,80800.0,60,0.1711,1604.01,2025-11-21,ativa,,,,,,
CT0007548,GA0034,CLI001436,PAR010,correspondente,Automóvel,81500.0,80,0.1681,1210.38,2026-01-10,cancelada,2026-03-10,,,,,
CT0001470,GC0015,CLI000425,PAR001,digital,CELULAR,6100.0,24,0.2071,311.89,2025-01-12,ativa,,,,,,
CT0005705,GA0026,CLI004837,PAR008,correspondente,auto,53400.0,72,0.1557,871.98,2023-05-27,ativa,,,,,,
CT0004790,GC0029,CLI007140,PAR004,telemarketing,CELULAR,5000.0,24,0.2246,259.29,2023-12-27,cancelada,2024-01-27,,,,,
CT0002620,GC0041,CLI004115,PAR001,digital,Celular,6100.0,24,0.2272,317.0,2026-01-09,ativa,,,,,,
CT0001865,GA0064,CLI006592,PAR002,loja,automovel,123700.0,72,0.1584,2024.56,2025-08-18,ativa,,,,,,
CT0003481,GS0011,CLI004261,PAR001,digital,servicos,28300.0,48,0.1913,714.16,2026-04-19,ativa,,,,,,
CT0004078,GS0010,CLI002289,PAR012,interno,serviço,22100.0,24,0.1844,1109.05,2023-08-27,quitada,,,,,,
CT0000698,GS0000,CLI002041,PAR007,digital,serviço,31800.0,36,0.2043,1081.46,2025-02-09,cancelada,2025-07-09,CTP000089,GS0000,2025-06-09,sorteio,0.0
CT0001618,GA0027,CLI006263,PAR007,digital,Automóvel,123800.0,72,0.1801,2063.51,2025-01-22,ativa,,,,,,
CT0007966,GS0032,CLI002714,PAR004,telemarketing,servicos,20400.0,36,0.2014,692.13,2025-09-03,cancelada,2026-08-03,,,,,
CT0006763,GI0026,CLI005392,PAR011,correspondente,Imovel,258000.0,150,0.1988,2096.34,2026-02-23,ativa,,,,,,
CT0000195,GA0069,CLI006836,PAR007,digital,AUTO,78100.0,80,0.1551,1147.19,2025-04-03,cancelada,2025-05-03,,,,,
CT0001450,GI0042,CLI006224,PAR002,loja,imóvel,312200.0,150,0.1875,2513.21,2026-04-24,ativa,,,,,,
CT0005704,GA0073,CLI004011,PAR012,interno,Auto,70000.0,80,0.1516,1025.15,2024-01-16,contemplada,,CTP000609,GA0073,2024-07-16,sorteio,0.0
CT0006297,GI0008,CLI001739,PAR005,bancario,imoveis,379600.0,180,0.192,2555.97,2026-07-12,ativa,,,,,,
CT0007384,GI0028,CLI006562,PAR012,interno,imoveis,389000.0,200,0.2102,2392.74,2023-12-27,ativa,,,,,,
CT0006233,GI0025,CLI005552,PAR003,correspondente,Imóveis,403000.0,150,0.2038,3287.94,2025-01-26,ativa,,,,,,
CT0008453,GA0018,CLI002134,PAR012,interno,AUTO,98400.0,72,0.1644,1618.68,2023-09-23,cancelada,2025-01-23,,,,,
CT0000642,GC0024,CLI004998,PAR009,digital,smartphone,2100.0,12,0.2508,222.39,2025-10-04,ativa,,,,,,
CT0005762,GA0023,CLI002633,PAR002,loja,AUTO,108500.0,72,0.1574,1774.28,2025-05-07,ativa,,,,,,
CT0003943,GC0042,CLI006066,PAR007,digital,Celular,1800.0,12,0.2318,187.77,2024-09-16,quitada,,,,,,
CT0003689,GC0051,CLI000619,PAR004,telemarketing,CELULAR,8600.0,24,0.2223,445.16,2023-03-09,cancelada,2023-08-09,,,,,
CT0002092,GA0050,CLI000017,PAR005,bancario,AUTO,72900.0,80,0.1562,1071.81,2023-04-12,contemplada,,CTP000229,GA0050,2023-06-12,lance_livre,38570.8
CT0003758,GA0054,CLI000751,PAR002,loja,AUTO,73800.0,72,0.1676,1217.29,2025-08-06,ativa,,,,,,
CT0005528,GA0039,CLI004301,PAR008,correspondente,auto,58900.0,60,0.1664,1164.65,2025-08-21,ativa,,,,,,
CT0007318,GA0083,CLI007185,PAR008,correspondente,auto,67600.0,60,0.1731,1344.23,2025-05-11,ativa,,,,,,
CT0005457,GA0082,CLI002256,PAR012,interno,AUTO,67100.0,80,0.1718,999.62,2025-02-16,ativa,,,,,,
CT0001814,GC0033,CLI000128,PAR007,digital,Celular,6300.0,15,0.2108,516.94,2025-08-27,cancelada,2025-09-27,,,,,
CT0002963,GC0035,CLI005979,PAR007,digital,CELULAR,1900.0,24,0.2383,99.62,2025-03-14,cancelada,2025-04-14,,,,,
CT0000894,GC0037,CLI000852,PAR001,digital,smartphone,4300.0,24,0.2157,221.4,2025-12-09,ativa,,,,,,
CT0001336,GA0049,CLI001517,PAR006,loja,AUTO,60800.0,60,0.1766,1212.55,2023-09-21,cancelada,2026-05-21,,,,,
CT0002584,GS0036,CLI006948,PAR004,telemarketing,SERVICOS,29700.0,24,0.2091,1521.01,2024-06-15,cancelada,2024-08-15,,,,,
CT0002638,GS0033,CLI005848,PAR006,loja,Servicos,25000.0,48,0.2152,643.33,2025-01-23,cancelada,2025-06-23,,,,,
CT0001930,GC0061,CLI002099,PAR004,telemarketing,Celular,5400.0,24,0.2267,280.51,2024-12-05,cancelada,2025-06-05,,,,,
CT0008194,GC0037,CLI001530,PAR007,digital,Celular,5700.0,24,0.2162,293.6,2025-02-02,cancelada,2025-03-02,,,,,
CT0001103,GA0018,CLI001672,PAR001,digital,automovel,128700.0,72,0.1685,2124.44,2024-06-30,ativa,,,,,,
CT0001399,GA0029,CLI006375,PAR001,,Auto,117100.0,60,0.1972,2375.57,2024-07-28,ativa,,,,,,
CT0002990,GA0067,CLI000592,PAR004,telemarketing,Auto,65600.0,80,0.1715,977.03,2025-07-27,cancelada,2026-08-27,CTP000325,GA0067,2025-09-27,sorteio,0.0
CT0007386,GC0002,CLI004706,PAR006,loja,celular,4100.0,12,0.2096,420.11,2024-02-10,cancelada,2024-04-10,CTP000776,GC0002,2024-04-10,lance_fixo,1025.0
CT0002055,GA0033,CLI005799,PAR012,interno,Auto,89600.0,60,0.16,1762.13,2023-08-27,ativa,,,,,,
CT0007563,GI0027,CLI006284,PAR003,correspondente,Imóveis,337700.0,150,0.2042,2756.08,2024-02-02,ativa,,,,,,
CT0003174,GC0024,CLI005860,PAR004,telemarketing,smartphone,3000.0,12,0.2128,308.2,2025-03-14,cancelada,2025-12-14,,,,,
CT0004954,GC0013,CLI003410,PAR001,digital,smartphone,6200.0,18,0.2379,433.28,2026-05-06,ativa,,,,,,
CT0004537,GS0010,CLI000836,PAR012,interno,Servicos,7800.0,24,0.211,400.08,2026-04-15,ativa,,,,,,
CT0006142,GA0007,CLI000486,PAR004,telemarketing,Automóvel,70100.0,72,0.1733,1161.81,2026-02-16,cancelada,2026-05-16,,,,,
CT0000160,GI0034,CLI003150,PAR003,correspondente,imóvel,337300.0,180,0.1955,2277.71,2025-03-04,ativa,,,,,,
CT0002315,GS0026,CLI006578,PAR099,digital,servicos,7700.0,48,0.1866,193.56,2025-11-07,ativa,,,,,,
CT0000470,GA0026,CLI004455,PAR010,correspondente,auto,108400.0,72,0.1713,1793.57,2025-09-18,cancelada,2025-11-18,,,,,
CT0000056,GS0026,CLI002402,PAR001,digital,Serviços,26500.0,48,0.1995,673.27,2026-06-21,contemplada,,CTP000004,GS0026,2026-08-21,lance_livre,7797.45
CT0002729,GC0019,CLI005368,PAR006,loja,smartphone,2400.0,18,0.2369,167.59,2024-02-07,quitada,,,,,,
CT0003125,GI0025,CLI000772,PAR010,correspondente,Imovel,467200.0,150,0.1805,3739.16,2025-01-29,ativa,,,,,,
CT0002514,GC0020,CLI005484,PAR001,digital,smartphone,5900.0,24,0.2195,304.71,2025-09-04,cancelada,2026-01-04,,,,,
CT0001678,GI0004,CLI001881,PAR003,correspondente,Imovel,536600.0,200,0.184,3230.33,2026-01-21,ativa,,,,,,
CT0002449,GC0031,CLI003028,PAR004,telemarketing,smartphone,2900.0,24,0.2264,150.61,2026-05-01,cancelada,2026-06-01,,,,,
CT0001356,GC0050,CLI006144,PAR009,digital,CELULAR,3600.0,18,0.24,252.0,2024-06-26,quitada,,,,,,
CT0002251,GC0056,CLI000285,PAR001,digital,celular,2300.0,12,0.2344,240.43,2025-05-01,quitada,,,,,,
CT0007556,GA0000,CLI003578,PAR007,digital,Automóvel,87900.0,60,0.1604,1729.29,2025-01-31,cancelada,2025-02-28,,,,,
CT0007611,GA0072,CLI000401,PAR005,bancario,Auto,127400.0,60,0.1598,2505.11,2026-02-17,ativa,,,,,,
CT0007987,GC0062,CLI003742,PAR011,correspondente,Celular,2800.0,24,0.2345,146.36,2025-09-03,cancelada,2026-01-03,,,,,
CT0004201,GA0009,CLI005985,PAR002,loja,auto,46000.0,80,0.1726,685.75,2024-05-07,ativa,,,,,,
CT0004712,GC0041,CLI005893,PAR004,telemarketing,celular,7200.0,24,0.2317,375.51,2026-07-16,ativa,,,,,,
CT0003256,GI0027,CLI005377,PAR003,correspondente,imoveis,459100.0,150,0.2197,3794.31,2024-10-29,ativa,,,,,,
CT0005689,GC0008,CLI004185,PAR007,digital,smartphone,8500.0,18,0.2197,585.41,2025-10-27,cancelada,2026-04-27,,,,,
CT0004822,GI0012,CLI006222,PAR005,bancario,IMOVEIS,500600.0,150,0.2032,4082.23,2026-02-27,ativa,,,,,,
CT0004805,GI0006,CLI003418,PAR003,correspondente,Imóveis,381400.0,180,0.2089,2603.9,2026-07-18,ativa,,,,,,
CT0006091,GI0024,CLI003435,PAR001,digital,imóvel,371200.0,180,0.1855,2486.01,2025-10-24,ativa,,,,,,
CT0007804,GI0005,CLI006611,PAR012,interno,imóvel,364400.0,200,0.191,2206.44,2026-01-14,ativa,,,,,,
CT0002338,GC0043,CLI007044,PAR004,telemarketing,CELULAR,4800.0,18,0.2301,333.36,2024-02-08,cancelada,2025-07-08,CTP000253,GC0043,2025-07-08,sorteio,0.0
CT0006906,GS0024,CLI002662,PAR008,correspondente,SERVICOS,20800.0,36,0.1829,695.01,2024-04-09,cancelada,2024-05-09,,,,,
CT0006614,GA0025,CLI001907,PAR008,correspondente,auto,45700.0,72,0.1776,760.14,2025-06-10,ativa,,,,,,
CT0000277,GI0020,CLI003035,PAR003,correspondente,imóvel,248000.0,180,0.2134,1699.35,2023-05-01,ativa,,,,,,
CT0002903,GA0048,CLI006033,PAR006,loja,AUTO,122300.0,80,0.1737,1824.87,2025-11-20,ativa,,,,,,
CT0003027,GC0003,CLI006671,PAR001,digital,smartphone,4100.0,12,0.2391,430.19,2023-08-16,cancelada,2024-01-16,,,,,
CT0004123,GC0029,CLI001386,PAR004,telemarketing,CELULAR,7800.0,24,0.222,403.65,2024-04-10,cancelada,2025-01-10,,,,,
CT0006970,GI0004,CLI000906,PAR005,bancario,Imovel,371300.0,200,0.1944,2254.53,2024-07-16,ativa,,,,,,
CT0003578,GA0054,CLI005305,PAR001,digital,Auto,99600.0,72,0.1841,1665.67,2026-05-13,ativa,,,,,,
CT0006469,GI0038,CLI002442,PAR004,telemarketing,Imóveis,497900.0,150,0.2125,4091.08,2024-06-03,ativa,,,,,,
CT0001840,GA0046,CLI002584,PAR007,digital,Auto,82700.0,72,0.2005,1401.88,2024-11-06,cancelada,2025-01-06,,,,,
CT0003058,GS0036,CLI002014,PAR006,,Serviços,7400.0,24,0.1974,375.37,2023-07-07,quitada,,,,,,
CT0002767,GI0040,CLI003390,PAR005,bancario,imóvel,534700.0,200,0.2008,3263.81,2023-03-01,cancelada,2025-01-01,CTP000303,GI0040,2024-01-01,lance_livre,246724.76
CT0001940,GI0017,CLI007032,PAR001,digital,IMOVEIS,213400.0,150,0.2027,1739.49,2024-01-02,ativa,,,,,,
CT0001410,GA0011,CLI002248,PAR004,telemarketing,Automóvel,53200.0,72,0.1515,865.61,2026-06-20,ativa,,,,,,
CT0000338,GA0043,CLI003197,PAR012,interno,Automóvel,114800.0,72,0.1431,1854.5,2023-10-26,ativa,,,,,,
CT0005492,GA0069,CLI003816,PAR007,digital,AUTO,88400.0,80,0.1522,1295.28,2025-03-24,ativa,,,,,,
CT0006770,GI0022,CLI004182,PAR005,bancario,Imovel,440800.0,200,0.1957,2679.4,2023-02-21,contemplada,,CTP000715,GI0022,2026-05-21,lance_fixo,110200.0
CT0004001,GC0042,CLI006084,PAR007,digital,Celular,7700.0,12,0.2278,800.67,2024-09-26,cancelada,2024-12-26,CTP000437,GC0042,2024-12-26,sorteio,0.0
CT0001941,GS0025,CLI000325,PAR008,correspondente,SERVICOS,28400.0,48,0.1915,716.8,2025-05-01,cancelada,2025-06-01,,,,,
CT0000123,GC0037,CLI000818,PAR006,loja,celular,5000.0,24,0.2157,257.44,2024-11-17,cancelada,2025-02-17,,,,,
CT0000668,GC0000,CLI001548,PAR007,digital,celular,6400.0,18,0.2181,440.21,2025-06-28,contemplada,,CTP000087,GC0000,2025-08-28,sorteio,0.0
CT0000091,GC0022,CLI000176,PAR006,loja,CELULAR,3800.0,24,0.2163,195.75,2024-01-02,quitada,,,,,,
CT0001350,GI0014,CLI002791,PAR005,bancario,Imovel,452300.0,150,0.1856,3635.29,2025-02-23,ativa,,,,,,
CT0000773,GS0022,CLI002988,PAR008,correspondente,servicos,22500.0,24,0.186,1130.62,2024-05-08,quitada,,,,,,
CT0001532,GC0056,CLI001975,PAR005,bancario,celular,2800.0,12,0.2443,295.0,2025-02-09,cancelada,2025-12-09,,,,,
CT0005471,GS0032,CLI004616,PAR012,interno,Serviços,18400.0,36,0.1865,616.66,2025-07-17,ativa,,,,,,
CT0000463,GI0020,CLI006250,PAR003,correspondente,imoveis,632700.0,180,0.2047,4304.82,2026-01-20,ativa,,,,,,
CT0001379,GI0004,CLI001196,PAR008,correspondente,IMOVEIS,575000.0,200,0.202,3513.25,2024-09-23,cancelada,2026-03-23,,,,,
CT0006785,GC0011,CLI002673,PAR001,digital,smartphone,4400.0,12,0.2464,464.35,2026-02-08,ativa,,,,,,
CT0001945,GS0006,CLI004264,PAR008,correspondente,serviço,13400.0,36,0.1941,451.91,2025-04-08,ativa,,,,,,
CT0005473,GS0015,CLI001829,PAR007,digital,serviço,9000.0,24,0.2161,463.54,2025-11-01,cancelada,2026-02-01,,,,,
CT0000893,GC0016,CLI003177,PAR099,digital,smartphone,9000.0,12,0.2397,944.78,2025-03-29,cancelada,2025-09-29,,,,,
CT0005687,GA0022,CLI002055,PAR002,loja,auto,49400.0,80,0.1426,717.91,2025-07-25,ativa,,,,,,
CT0007596,GI0037,CLI005395,PAR011,correspondente,imóvel,643900.0,200,0.1791,3860.5,2025-05-10,ativa,,,,,,
CT0000530,GA0044,CLI003780,PAR004,telemarketing,AUTO,87000.0,60,0.1697,1725.06,2026-04-02,cancelada,2026-05-02,,,,,
CT0005148,GA0033,CLI006683,PAR010,correspondente,Automóvel,124800.0,60,0.1881,2512.85,2025-08-29,ativa,,,,,,
CT0006957,GC0005,CLI004155,PAR007,digital,Celular,6000.0,24,0.2097,307.43,2024-11-04,cancelada,2025-05-04,,,,,
CT0004699,GS0011,CLI001442,PAR008,correspondente,servicos,29100.0,48,0.2307,758.24,2025-10-04,ativa,,,,,,
CT0007220,GA0078,CLI006557,PAR002,loja,Auto,48400.0,72,0.1697,799.74,2025-11-07,ativa,,,,,,
CT0001435,GA0051,CLI002924,PAR005,bancario,AUTO,101600.0,60,0.1836,2038.1,2024-11-29,ativa,,,,,,
CT0003641,GA0084,CLI000153,PAR009,digital,AUTO,96900.0,60,0.1643,1912.64,2025-06-25,ativa,,,,,,
CT0004601,GS0019,CLI006708,PAR007,digital,Servicos,26600.0,36,0.1803,886.89,2025-10-06,cancelada,2026-06-06,,,,,
CT0005118,GI0032,CLI003522,PAR003,correspondente,imoveis,236600.0,180,0.1841,1582.72,2024-07-28,cancelada,2026-06-28,,,,,
CT0000783,GS0034,CLI005947,PAR008,correspondente,serviço,16400.0,36,0.2133,561.84,2023-11-07,ativa,,,,,,
CT0005575,GC0000,CLI001138,PAR007,digital,smartphone,2100.0,18,0.2472,147.84,2025-02-01,cancelada,2025-04-01,,,,,
CT0004925,GA0033,CLI002504,PAR006,loja,auto,54000.0,60,0.1749,1075.41,2024-02-24,ativa,,,,,,
CT0001312,GI0010,CLI001450,PAR012,interno,Imovel,401300.0,180,0.195,2708.78,2025-07-23,contemplada,,CTP000143,GI0010,2026-07-23,lance_fixo,100325.0
CT0002778,GS0037,CLI003577,PAR011,correspondente,Servicos,21700.0,48,0.1965,549.96,2026-05-03,ativa,,,,,,
CT0001381,GS0011,CLI006349,PAR007,digital,SERVICOS,32900.0,48,0.2039,838.88,2025-03-13,cancelada,2025-05-13,,,,,
CT0001194,GI0002,CLI003418,PAR001,digital,Imovel,201400.0,180,0.1866,1350.05,2025-02-22,ativa,,,,,,
CT0004399,GA0075,CLI004576,PAR002,loja,auto,82000.0,60,0.1725,1629.75,2023-10-14,ativa,,,,,,
CT0004467,GI0032,CLI001676,PAR003,correspondente,imoveis,447600.0,180,0.211,3061.09,2025-12-28,ativa,,,,,,
CT0003111,GC0062,CLI001725,PAR001,digital,celular,6400.0,24,0.2355,334.8,2025-12-03,ativa,,,,,,
CT0006987,GS0039,CLI003145,PAR012,interno,serviço,9800.0,48,0.2123,251.59,2023-05-26,cancelada,2023-10-26,,,,,
CT0000879,GA0020,CLI000480,PAR001,digital,Auto,103600.0,80,0.1612,1529.65,2024-10-01,cancelada,2026-08-01,CTP000101,GA0020,2026-02-01,sorteio,0.0
CT0006461,GC0057,CLI000333,PAR004,telemarketing,CELULAR,8400.0,24,0.2344,439.04,2024-12-23,cancelada,2025-01-23,,,,,
CT0006505,GI0033,CLI001980,PAR009,digital,IMOVEIS,505900.0,200,0.1926,3067.27,2023-09-21,ativa,,,,,,
CT0000812,GA0009,CLI006476,PAR005,bancario,Automóvel,95100.0,80,0.1595,1402.13,2025-09-01,ativa,,,,,,
CT0001428,GA0072,CLI002579,PAR008,correspondente,automovel,102000.0,60,0.191,2058.7,2025-05-28,ativa,,,,,,
CT0004218,GA0004,CLI006415,PAR002,loja,Automóvel,121900.0,80,0.1588,1796.2,2025-07-03,ativa,,,,,,
CT0006416,GC0024,CLI000750,PAR007,digital,Celular,3000.0,12,0.2252,311.3,2025-02-12,cancelada,2025-12-12,CTP000672,GC0024,2025-04-12,sorteio,0.0
CT0002556,GC0047,CLI001319,PAR009,digital,Celular,7000.0,15,0.244,589.87,2025-03-11,cancelada,2025-05-11,,,,,
CT0008148,GC0026,CLI002518,PAR007,digital,Celular,5900.0,24,0.226,306.31,2025-09-14,ativa,,,,,,
CT0008546,GA0039,CLI004151,PAR003,correspondente,AUTO,71000.0,60,0.163,1399.88,2024-06-24,ativa,,,,,,
CT0005398,GA0051,CLI002683,PAR011,correspondente,automovel,101800.0,60,0.1509,1986.63,2024-11-12,ativa,,,,,,
CT0002313,GA0068,CLI007176,PAR002,loja,Auto,51300.0,72,0.1653,844.53,2026-02-24,ativa,,,,,,
CT0006694,GS0033,CLI001181,PAR012,interno,Serviços,31500.0,48,0.1858,791.31,2026-01-12,ativa,,,,,,
CT0005750,GS0010,CLI006075,PAR003,correspondente,Serviços,22100.0,24,0.188,1112.37,2023-02-21,quitada,,,,,,
CT0007084,GI0029,CLI002487,PAR012,,IMOVEIS,477000.0,200,0.1999,2909.46,2025-09-16,ativa,,,,,,
CT0007345,GI0034,CLI005563,PAR006,loja,IMOVEIS,231700.0,180,0.2043,1575.95,2025-08-29,ativa,,,,,,
CT0005872,GA0017,CLI001845,PAR003,correspondente,auto,85300.0,60,0.1548,1670.17,2026-03-22,ativa,,,,,,
CT0007798,GI0038,CLI000312,PAR005,bancario,IMOVEIS,447700.0,150,0.192,3617.42,2026-07-09,ativa,,,,,,
CT0005966,GC0008,CLI001802,PAR007,digital,Celular,2200.0,18,0.2049,149.71,2025-06-02,contemplada,,CTP000630,GC0008,2025-08-02,sorteio,0.0
CT0004773,GI0041,CLI005433,PAR007,digital,imóvel,353500.0,180,0.2017,2399.28,2025-09-05,ativa,,,,,,
CT0000029,GC0040,CLI003221,PAR004,telemarketing,celular,4500.0,15,0.2231,372.93,2026-07-01,ativa,,,,,,
CT0003045,GI0026,CLI003326,PAR001,digital,Imóveis,435300.0,150,0.2036,3550.89,2024-09-10,ativa,,,,,,
CT0002472,GA0032,CLI006396,PAR001,digital,AUTO,105600.0,60,0.1694,2093.34,2024-01-10,ativa,,,,,,
CT0003559,GA0013,CLI000949,PAR010,correspondente,automovel,52300.0,72,0.1723,866.07,2026-01-30,ativa,,,,,,
CT0005066,GC0009,CLI000506,PAR001,digital,Celular,8500.0,24,0.2321,443.45,2025-06-11,ativa,,,,,,
CT0007362,GA0060,CLI001590,PAR006,loja,Automóvel,58300.0,80,0.1852,878.29,2026-04-16,cancelada,2026-08-16,,,,,
CT0001847,GA0061,CLI006162,PAR003,,auto,47100.0,80,0.1696,700.38,2026-01-25,ativa,,,,,,
CT0005605,GC0053,CLI005536,PAR009,digital,smartphone,2600.0,24,0.2357,136.03,2025-02-15,ativa,,,,,,
CT0001250,GA0074,CLI000262,PAR004,,AUTO,57800.0,80,0.145,841.71,2023-10-17,cancelada,2024-04-17,,,,,
CT0008117,GS0012,CLI005617,PAR009,digital,SERVICOS,14700.0,36,0.2131,503.52,2025-02-06,cancelada,2025-04-06,,,,,
CT0004749,GC0041,CLI000507,PAR009,digital,CELULAR,4700.0,24,0.2265,244.11,2025-04-27,cancelada,2026-06-27,,,,,
CT0007723,GS0037,CLI004725,PAR005,bancario,serviço,10900.0,48,0.2182,281.17,2024-10-10,contemplada,,CTP000815,GS0037,2024-12-10,sorteio,0.0
CT0007514,GA0011,CLI004495,PAR004,telemarketing,auto,91900.0,72,0.1886,1542.64,2025-04-04,ativa,,,,,,
CT0007207,GS0029,CLI005575,PAR009,digital,serviço,17800.0,24,0.208,910.77,2025-07-20,ativa,,,,,,
CT0001988,GC0003,CLI005371,PAR006,loja,CELULAR,6700.0,12,0.2377,702.22,2024-09-12,cancelada,2025-02-12,,,,,
CT0008093,GI0006,CLI005994,PAR002,loja,imóvel,626400.0,180,0.2007,4248.04,2025-03-14,ativa,,,,,,
CT0002191,GC0031,CLI003637,PAR004,telemarketing,Celular,5700.0,24,0.2305,296.99,2026-04-17,ativa,,,,,,
CT0006780,GA0058,CLI001284,PAR002,loja,auto,69100.0,80,0.1638,1022.51,2024-06-29,ativa,,,,,,
CT0000674,GC0008,CLI003058,PAR004,telemarketing,celular,8700.0,18,0.2472,612.48,2026-07-16,cancelada,2026-08-16,,,,,
CT0005714,GC0003,CLI001222,PAR012,interno,smartphone,3400.0,12,0.2248,352.69,2026-06-11,ativa,,,,,,
CT0002937,GS0025,CLI001873,PAR005,bancario,serviço,13100.0,48,0.1933,331.13,2024-08-05,cancelada,2026-04-05,,,,,
CT0005293,GA0049,CLI000689,PAR001,digital,AUTO,66400.0,60,0.1843,1332.76,2025-07-28,cancelada,2025-08-28,,,,,
CT0008496,GI0000,CLI001081,PAR003,correspondente,IMOVEIS,260200.0,150,0.2178,2147.17,2025-09-04,ativa,,,,,,
CT0000496,GA0047,CLI000578,PAR005,bancario,Auto,78000.0,60,0.1713,1548.69,2024-04-16,ativa,,,,,,
CT0001227,GS0031,CLI004296,PAR001,digital,Serviços,33700.0,36,0.1945,1136.91,2025-12-18,cancelada,2026-03-18,,,,,
CT0002660,GA0030,CLI003099,PAR002,loja,Automóvel,64900.0,72,0.1795,1081.22,2025-04-02,ativa,,,,,,
CT0004129,GC0011,CLI004972,PAR004,telemarketing,smartphone,8500.0,12,0.2333,887.75,2026-05-03,ativa,,,,,,
CT0001277,GI0035,CLI000514,PAR006,loja,Imovel,593000.0,150,0.2041,4839.28,2025-12-02,cancelada,2026-02-02,,,,,
CT0002435,GA0059,CLI001107,PAR001,digital,Auto,63500.0,60,0.1739,1263.54,2024-08-31,ativa,,,,,,
CT0007307,GI0020,CLI000970,PAR003,correspondente,imoveis,430300.0,180,0.2043,2926.76,2025-11-29,ativa,,,,,,
CT0005986,GC0026,CLI000861,PAR007,digital,Celular,6200.0,24,0.2249,321.6,2024-12-03,cancelada,2025-06-03,,,,,
CT0001751,GC0065,CLI005001,PAR004,telemarketing,smartphone,1800.0,18,0.242,126.2,2025-02-05,cancelada,2025-11-05,,,,,
CT0003524,GS0027,CLI005661,PAR007,digital,SERVICOS,10600.0,48,0.1916,267.56,2025-01-14,cancelada,2025-04-14,,,,,
CT0000487,GA0044,CLI007082,PAR007,digital,Auto,107100.0,60,0.188,2156.28,2025-08-11,cancelada,2026-06-11,CTP000062,GA0044,2025-09-11,sorteio,0.0
CT0002927,GS0016,CLI003290,PAR012,interno,servicos,17400.0,24,0.1994,884.07,2025-01-19,ativa,,,,,,
CT0003422,GA0089,CLI002903,PAR001,digital,Auto,125000.0,72,0.1803,2083.85,2024-12-10,ativa,,,,,,
CT0000384,GS0021,CLI001803,PAR001,digital,servicos,11600.0,36,0.1971,392.18,2024-12-15,ativa,,,,,,
CT0000989,GA0013,CLI004201,PAR010,correspondente,Auto,97900.0,72,0.1817,1633.98,2026-03-10,ativa,,,,,,
CT0008309,GC0040,CLI000296,PAR007,digital,celular,4200.0,15,0.2199,347.17,2025-03-19,cancelada,2026-02-19,,,,,
CT0000307,GA0016,CLI002836,PAR005,bancario,AUTO,85800.0,80,0.1788,1285.71,2026-04-10,ativa,,,,,,
CT0002715,GI0016,CLI001159,PAR007,digital,imoveis,479900.0,200,0.2124,2957.14,2025-05-14,ativa,,,,,,
CT0003043,GA0004,CLI006661,PAR004,telemarketing,automovel,78400.0,80,0.1891,1184.92,2025-01-15,cancelada,2025-09-15,,,,,
CT0008119,GC0021,CLI001175,PAR009,digital,Celular,5700.0,12,0.2313,594.37,2025-08-28,cancelada,2025-12-28,,,,,
CT0007186,GS0029,CLI005635,PAR006,,SERVICOS,32900.0,24,0.1911,1660.22,2023-01-16,quitada,,,,,,
CT0008331,GC0048,CLI003227,PAR007,digital,celular,3500.0,18,0.2432,245.62,2025-06-05,cancelada,2026-02-05,,,,,
CT0000962,GA0080,CLI002986,PAR008,,auto,100200.0,60,0.176,1997.32,2026-01-16,cancelada,2026-02-16,,,,,
CT0004758,GC0049,CLI001959,PAR012,interno,celular,8300.0,24,0.2221,429.56,2024-08-19,quitada,,,,,,
CT0002155,GC0067,CLI006819,PAR008,correspondente,Celular,8100.0,15,0.2168,667.87,2025-02-05,quitada,,,,,,
CT0000926,GI0044,CLI006753,PAR006,loja,Imóveis,557500.0,150,0.2002,4535.08,2026-01-08,ativa,,,,,,
CT0002753,GI0035,CLI001975,PAR001,digital,imóvel,303600.0,150,0.2041,2477.58,2025-10-14,ativa,,,,,,
CT0004038,GC0022,CLI003524,PAR004,telemarketing,smartphone,3800.0,24,0.2288,197.73,2024-10-09,cancelada,2024-12-09,,,,,
CT0005523,GA0022,CLI005090,PAR002,loja,automovel,128200.0,80,0.1729,1911.62,2026-04-18,ativa,,,,,,
CT0002758,GA0053,CLI000825,PAR002,loja,automovel,112700.0,80,0.1589,1660.78,2023-03-02,ativa,,,,,,
CT0005556,GC0003,CLI000384,PAR007,digital,smartphone,4900.0,12,0.2118,502.98,2025-07-17,quitada,,,,,,
CT0003349,GI0013,CLI000665,PAR006,loja,imóvel,557900.0,150,0.1957,4521.59,2024-12-30,cancelada,2025-11-30,,,,,
CT0003812,GA0059,CLI004732,PAR001,digital,auto,48500.0,60,0.1403,937.91,2024-04-29,ativa,,,,,,
CT0005637,GA0018,CLI005709,PAR006,loja,AUTO,101100.0,72,0.1707,1671.94,2025-03-03,cancelada,2026-05-03,,,,,
CT0001018,GS0023,CLI004858,PAR012,interno,serviço,24500.0,24,0.1935,1238.78,2026-07-15,ativa,,,,,,
CT0001361,GA0073,CLI002062,PAR005,bancario,AUTO,120500.0,80,0.1692,1791.23,2024-12-05,cancelada,2025-02-05,,,,,
CT0003369,GC0027,CLI004158,PAR009,digital,smartphone,3000.0,15,0.2157,247.14,2025-07-19,cancelada,2026-02-19,,,,,
CT0001280,GS0002,CLI006873,PAR007,digital,serviço,22400.0,36,0.2068,763.34,2025-06-12,ativa,,,,,,
CT0008124,GA0018,CLI002861,PAR002,loja,Auto,83900.0,72,0.1588,1373.63,2023-11-07,ativa,,,,,,
CT0004472,GA0010,CLI005011,PAR011,correspondente,auto,97500.0,72,0.1679,1608.61,2025-02-08,ativa,,,,,,
CT0002590,GI0027,CLI002661,PAR005,bancario,Imóveis,315800.0,150,0.2211,2612.93,2024-08-15,ativa,,,,,,
CT0002322,GI0004,CLI004766,PAR003,correspondente,Imovel,618500.0,200,0.1942,3754.91,2026-02-08,ativa,,,,,,
CT0007211,GI0032,CLI004793,PAR006,loja,Imovel,538000.0,180,0.2156,3693.07,2025-09-13,contemplada,,CTP000760,GI0032,2026-06-13,sorteio,0.0
CT0005308,GI0017,CLI000699,PAR003,correspondente,Imovel,557900.0,150,0.1949,4518.62,2026-06-08,ativa,,,,,,
CT0002462,GC0045,CLI000697,PAR004,telemarketing,celular,5300.0,18,0.2067,361.19,2024-09-27,cancelada,2024-10-27,,,,,
CT0004128,GC0065,CLI000474,PAR009,digital,celular,8800.0,18,0.231,611.6,2025-06-25,ativa,,,,,,
CT0001217,GC0015,CLI002429,PAR007,digital,CELULAR,5900.0,24,0.2205,304.96,2024-09-12,ativa,,,,,,
CT0000052,GC0052,CLI003371,PAR005,bancario,smartphone,1800.0,12,0.22,186.0,2026-07-24,ativa,,,,,,
CT0001608,GA0063,CLI006770,PAR005,bancario,Automóvel,46400.0,60,0.1956,940.06,2025-12-25,ativa,,,,,,
CT0005199,GI0024,CLI001030,PAR012,interno,Imovel,544200.0,180,0.2289,3775.84,2025-12-20,ativa,,,,,,
CT0004575,GA0019,CLI005247,PAR099,bancario,automovel,103500.0,60,0.174,2059.65,2024-12-13,ativa,,,,,,
CT0002936,GI0004,CLI001102,PAR099,correspondente,imóvel,381000.0,200,0.1905,2306.0,2023-09-17,cancelada,2026-07-17,,,,,
CT0000416,GA0018,CLI003216,PAR002,loja,Automóvel,114500.0,72,0.1732,1897.52,2026-07-11,ativa,,,,,,
CT0002295,GS0009,CLI001790,PAR001,digital,SERVICOS,11400.0,48,0.1868,286.62,2025-06-26,ativa,,,,,,
CT0004734,GA0039,CLI005290,PAR002,loja,Automóvel,51200.0,60,0.1894,1032.02,2023-03-29,contemplada,,CTP000509,GA0039,2025-07-29,sorteio,0.0
CT0007253,GC0003,CLI000646,PAR099,digital,smartphone,7000.0,12,0.2396,734.77,2025-10-23,cancelada,2025-12-23,,,,,
CT0007973,GC0053,CLI000160,PAR004,telemarketing,CELULAR,2300.0,24,0.243,121.04,2024-08-23,cancelada,2024-12-23,,,,,
CT0003556,GA0079,CLI002198,PAR002,loja,Auto,121200.0,72,0.1931,2042.05,2024-10-27,ativa,,,,,,
CT0005906,GS0026,CLI001874,PAR003,correspondente,Serviços,27200.0,48,0.2215,703.52,2024-09-22,ativa,,,,,,
CT0008260,GS0024,CLI004603,PAR008,correspondente,SERVICOS,28400.0,36,0.2076,968.44,2024-12-01,ativa,,,,,,
CT0003715,GA0006,CLI004697,PAR007,digital,automovel,101900.0,80,0.1975,1550.79,2025-06-08,cancelada,2026-07-08,CTP000397,GA0006,2025-07-08,lance_fixo,25475.0
CT0001786,GA0012,CLI000234,PAR012,interno,automovel,92300.0,80,0.1666,1369.04,2024-11-22,ativa,,,,,,
CT0000604,GA0064,CLI002316,PAR006,loja,automovel,52000.0,72,0.1554,848.9,2024-05-01,cancelada,2024-10-01,,,,,
CT0008490,GC0043,CLI003397,PAR006,loja,celular,7600.0,18,0.2388,531.49,2026-03-31,cancelada,2026-07-31,,,,,
CT0002513,GI0005,CLI003979,PAR010,correspondente,Imóveis,646600.0,200,0.2011,3947.82,2024-10-12,contemplada,,CTP000274,GI0005,2026-02-12,lance_livre,254621.91
CT0002683,GI0026,CLI001094,PAR003,correspondente,IMOVEIS,598700.0,150,0.2017,4876.21,2024-04-14,ativa,,,,,,
CT0003836,GI0043,CLI004909,PAR003,correspondente,Imovel,224400.0,150,0.1923,1813.6,2023-07-16,cancelada,2025-11-16,,,,,
CT0002717,GC0000,CLI003677,PAR008,correspondente,celular,6600.0,18,0.2338,459.73,2025-02-13,cancelada,2025-04-13,,,,,
CT0000453,GA0072,CLI004316,PAR001,,Automóvel,51200.0,60,0.1562,1003.69,2024-11-29,ativa,,,,,,
CT0001683,GA0023,CLI006927,PAR005,,Automóvel,100900.0,72,0.1739,1673.12,2025-07-16,contemplada,,CTP000186,GA0023,2026-05-16,sorteio,0.0
CT0004959,GI0039,CLI003378,PAR011,correspondente,Imóveis,473800.0,200,0.1993,2888.52,2025-05-27,ativa,,,,,,
CT0002910,GI0004,CLI004216,PAR003,correspondente,Imovel,392700.0,200,0.193,2381.73,2023-06-05,contemplada,,CTP000318,GI0004,2024-03-05,sorteio,0.0
CT0000921,GA0056,CLI000479,PAR001,digital,auto,90600.0,72,0.1615,1486.72,2026-04-01,ativa,,,,,,
CT0003707,GA0049,CLI001674,PAR001,digital,Auto,77900.0,60,0.1769,1553.98,2024-10-13,ativa,,,,,,
CT0001057,GI0009,CLI001520,PAR012,interno,IMOVEIS,199100.0,180,0.1874,1335.52,2026-04-15,ativa,,,,,,
CT0001264,GI0035,CLI002858,PAR003,correspondente,Imovel,268500.0,150,0.1953,2175.39,2023-11-05,cancelada,2023-12-05,,,,,
CT0006729,GA0021,CLI007112,PAR006,loja,Automóvel,90900.0,80,0.1735,1356.11,2025-08-08,cancelada,2026-01-08,,,,,
CT0001332,GI0026,CLI001788,PAR003,correspondente,imoveis,433600.0,150,0.1894,3495.97,2024-01-10,ativa,,,,,,
CT0000394,GC0067,CLI006580,PAR007,digital,celular,6300.0,15,0.2242,522.56,2025-07-02,cancelada,2026-03-02,,,,,
CT0003454,GS0034,CLI004875,PAR003,correspondente,servicos,30600.0,36,0.1982,1035.47,2023-06-09,cancelada,2024-07-09,,,,,
CT0001924,GA0026,CLI005624,PAR006,loja,Automóvel,49500.0,72,0.1834,827.34,2025-11-30,ativa,,,,,,
CT0007914,GC0012,CLI001127,PAR007,digital,Celular,6400.0,15,0.2371,536.36,2024-10-09,quitada,,,,,,
CT0008245,GA0079,CLI003612,PAR011,correspondente,Automóvel,86400.0,72,0.1513,1405.56,2024-07-17,contemplada,,CTP000872,GA0079,2025-03-17,sorteio,0.0
CT0003777,GS0014,CLI003731,PAR001,digital,Servicos,26300.0,36,0.2136,901.21,2024-05-10,ativa,,,,,,
CT0001631,GI0014,CLI002391,PAR003,correspondente,IMOVEIS,498500.0,150,0.2053,4072.08,2024-05-15,ativa,,,,,,
CT0000538,GA0062,CLI001258,PAR006,loja,Automóvel,116300.0,60,0.1577,2282.78,2025-04-15,ativa,,,,,,
CT0005904,GI0022,CLI005144,PAR011,correspondente,Imóveis,497300.0,200,0.2196,3082.27,2024-12-04,cancelada,2025-11-04,,,,,
CT0005285,GC0026,CLI005009,PAR004,telemarketing,celular,6400.0,24,0.2224,331.31,2026-01-23,cancelada,2026-06-23,,,,,
CT0001073,GI0024,CLI005147,PAR008,correspondente,Imovel,433200.0,180,0.1936,2920.73,2025-05-24,ativa,,,,,,
CT0007860,GC0009,CLI000404,PAR004,telemarketing,CELULAR,5100.0,24,0.2331,266.28,2024-10-05,cancelada,2025-02-05,,,,,
CT0001431,GI0036,CLI003023,PAR003,correspondente,IMOVEIS,340800.0,180,0.1957,2301.73,2024-01-21,contemplada,,CTP000158,GI0036,2025-04-21,lance_fixo,85200.0
CT0006403,GI0038,CLI001865,PAR003,correspondente,Imovel,411400.0,150,0.2049,3359.49,2023-10-21,contemplada,,CTP000670,GI0038,2025-10-21,sorteio,0.0
CT0004932,GA0087,CLI003430,PAR005,bancario,AUTO,80500.0,60,0.1791,1608.79,2023-07-04,ativa,,,,,,
CT0002034,GC0006,CLI006502,PAR006,loja,smartphone,7200.0,18,0.238,503.2,2024-11-10,quitada,,,,,,
CT0003178,GA0072,CLI005865,PAR002,loja,automovel,59400.0,60,0.1758,1183.84,2023-11-23,cancelada,2024-05-23,,,,,
CT0004798,GI0020,CLI002806,PAR003,correspondente,Imóveis,600300.0,180,0.2067,4091.04,2025-05-23,contemplada,,CTP000515,GI0020,2026-03-23,lance_livre,155223.7
CT0002391,GA0021,CLI005988,PAR001,digital,auto,69800.0,80,0.1733,1041.15,2025-10-28,contemplada,,CTP000260,GA0021,2026-08-28,sorteio,0.0
CT0005187,GA0087,CLI004217,PAR002,loja,AUTO,88600.0,60,0.1791,1770.67,2024-12-05,ativa,,,,,,
CT0005915,GC0057,CLI004140,PAR007,digital,Celular,8200.0,24,0.2319,427.73,2025-05-01,ativa,,,,,,
CT0001474,GI0044,CLI002052,PAR003,correspondente,imoveis,481600.0,150,0.2193,3978.98,2024-09-13,ativa,,,,,,
CT0007601,GI0043,CLI000459,PAR005,bancario,Imovel,188000.0,150,0.2146,1547.37,2025-11-07,ativa,,,,,,
CT0006765,GA0007,CLI007022,PAR004,telemarketing,automovel,89300.0,72,0.172,1478.41,2025-12-20,cancelada,2026-02-20,,,,,
CT0003030,GC0050,CLI006533,PAR006,loja,Celular,8100.0,18,0.2384,566.28,2024-03-21,quitada,,,,,,
CT0000174,GA0071,CLI000636,PAR009,digital,Auto,105500.0,72,0.164,1734.89,2026-03-20,ativa,,,,,,
CT0002635,GS0019,CLI000362,PAR010,correspondente,Servicos,14200.0,36,0.2005,481.42,2023-10-28,ativa,,,,,,
CT0003006,GA0028,CLI004024,PAR001,digital,Auto,49600.0,72,0.1748,823.08,2025-08-11,contemplada,,CTP000328,GA0028,2025-09-11,sorteio,0.0
CT0000368,GA0064,CLI002200,PAR099,loja,automovel,80000.0,72,0.1684,1320.44,2025-09-14,cancelada,2025-10-14,,,,,
CT0003444,GA0040,CLI005161,PAR012,interno,automovel,68500.0,72,0.1888,1150.04,2025-01-15,ativa,,,,,,
CT0008489,GA0003,CLI004219,PAR008,correspondente,Automóvel,83500.0,60,0.1621,1645.09,2025-07-02,ativa,,,,,,
CT0000014,GA0073,CLI000369,PAR002,loja,auto,100600.0,80,0.1828,1512.52,2023-05-07,ativa,,,,,,
CT0004100,GC0023,CLI004528,PAR007,digital,CELULAR,2800.0,18,0.2299,194.43,2025-01-14,cancelada,2025-06-14,,,,,
CT0008456,GS0009,CLI000954,PAR007,digital,Serviços,33900.0,48,0.1998,861.48,2024-10-10,cancelada,2025-04-10,,,,,
CT0005424,GC0050,CLI005648,PAR004,,smartphone,4500.0,18,0.2291,312.28,2024-11-24,cancelada,2025-05-24,,,,,
CT0000009,GS0018,CLI006874,PAR009,digital,SERVICOS,17800.0,24,0.2011,905.65,2024-03-18,quitada,,,,,,
CT0002409,GA0041,CLI005776,PAR001,digital,AUTO,71500.0,72,0.1821,1193.75,2024-02-29,cancelada,2026-01-29,,,,,
CT0001495,GI0025,CLI004227,PAR003,correspondente,Imóveis,348100.0,150,0.208,2849.78,2025-07-18,ativa,,,,,,
CT0002079,GI0018,CLI001926,PAR010,correspondente,IMOVEIS,361100.0,200,0.2144,2228.71,2024-07-02,cancelada,2024-10-02,,,,,
CT0000695,GC0015,CLI001551,PAR006,loja,CELULAR,6300.0,24,0.2281,327.63,2026-05-07,cancelada,2026-08-07,,,,,
CT0004474,GI0038,CLI003311,PAR003,correspondente,IMOVEIS,611900.0,150,0.1933,4949.46,2025-04-04,contemplada,,CTP000485,GI0038,2026-04-04,sorteio,0.0
CT0005903,GC0018,CLI000221,PAR012,interno,celular,6400.0,12,0.2275,665.33,2023-06-13,cancelada,2023-09-13,,,,,
CT0004578,GS0014,CLI005030,PAR005,bancario,servicos,34000.0,36,0.1972,1149.58,2025-06-16,ativa,,,,,,
CT0003976,GI0002,CLI006234,PAR001,digital,IMOVEIS,507700.0,180,0.188,3407.23,2023-01-12,ativa,,,,,,
CT0001628,GA0082,CLI000934,PAR010,correspondente,auto,110100.0,80,0.1653,1631.27,2024-03-14,cancelada,2024-04-14,,,,,
CT0007272,GA0007,CLI002874,PAR003,,automovel,87400.0,72,0.1661,1439.79,2024-07-07,ativa,,,,,,
CT0003802,GI0002,CLI004658,PAR005,bancario,Imovel,219500.0,180,0.2189,1510.77,2023-10-27,ativa,,,,,,
CT0003907,GA0030,CLI001888,PAR002,loja,Auto,52900.0,72,0.1754,878.29,2026-03-30,ativa,,,,,,
CT0007363,GA0065,CLI006483,PAR001,digital,Auto,100600.0,60,0.2012,2047.55,2025-01-16,ativa,,,,,,
CT0003099,GI0010,CLI001806,PAR005,bancario,Imóveis,534200.0,180,0.2011,3623.95,2023-05-13,ativa,,,,,,
CT0006157,GA0000,CLI004313,PAR006,loja,automovel,54200.0,60,0.1684,1073.52,2024-10-05,cancelada,2024-12-05,,,,,
CT0007034,GA0056,CLI001483,PAR002,loja,AUTO,99200.0,72,0.1712,1641.21,2025-04-16,contemplada,,CTP000741,GA0056,2025-10-16,sorteio,0.0
CT0000171,GC0054,CLI006789,PAR004,telemarketing,smartphone,6200.0,12,0.2269,644.23,2025-11-16,contemplada,,CTP000022,GC0054,2026-04-16,sorteio,0.0
CT0005067,GC0045,CLI004007,PAR007,digital,Celular,3700.0,18,0.2288,256.7,2024-12-05,cancelada,2025-01-05,,,,,
CT0007359,GS0034,CLI003695,PAR008,correspondente,Servicos,19100.0,36,0.1922,643.14,2024-08-01,cancelada,2025-09-01,CTP000773,GS0034,2025-06-01,lance_fixo,4775.0
CT0005184,GA0051,CLI003682,PAR006,loja,Auto,77000.0,60,0.1707,1528.07,2023-12-01,cancelada,2024-11-01,,,,,
CT0001893,GS0010,CLI004834,PAR010,correspondente,Servicos,24800.0,24,0.2196,1280.92,2025-12-07,ativa,,,,,,
CT0005382,GA0042,CLI003371,PAR001,digital,Automóvel,104800.0,60,0.1711,2080.45,2026-03-15,ativa,,,,,,
CT0003542,GC0024,CLI005799,PAR004,telemarketing,Celular,8000.0,12,0.2269,831.27,2023-07-14,cancelada,2023-10-14,,,,,
CT0003444,GA0040,CLI005161,PAR012,interno,automovel,68500.0,72,0.1888,1150.04,2025-01-15,ativa,,,,,,
CT0004109,GI0008,CLI000776,PAR010,correspondente,Imóveis,605500.0,180,0.1849,4053.15,2023-09-05,cancelada,2024-01-05,,,,,
CT0001534,GC0011,CLI000579,PAR009,digital,celular,2200.0,12,0.2291,229.0,2024-07-17,cancelada,2024-08-17,,,,,
CT0002952,GA0087,CLI005974,PAR099,loja,Auto,90100.0,60,0.1508,1758.15,2025-11-02,ativa,,,,,,
CT0006708,GA0037,CLI003300,PAR007,digital,Automóvel,105200.0,80,0.1743,1570.5,2024-10-26,cancelada,2026-05-26,,,,,
CT0001092,GA0049,CLI006624,PAR002,loja,auto,85000.0,60,0.1642,1677.62,2025-02-08,cancelada,2025-06-08,,,,,
CT0008105,GS0025,CLI003914,PAR009,digital,Servicos,14200.0,48,0.1888,357.6,2025-12-03,ativa,,,,,,
CT0005681,GA0083,CLI005161,PAR001,digital,Auto,67700.0,60,0.17,1342.72,2024-12-14,cancelada,2025-02-14,,,,,
CT0003684,GS0017,CLI003100,PAR099,interno,SERVICOS,14800.0,36,0.2087,505.13,2026-04-18,ativa,,,,,,
CT0006065,GA0044,CLI002574,PAR002,loja,auto,102100.0,60,0.1829,2046.93,2023-05-22,ativa,,,,,,
CT0002357,GC0052,CLI000128,PAR008,correspondente,smartphone,2900.0,12,0.2462,306.0,2026-05-04,ativa,,,,,,
CT0003964,GA0085,CLI007015,PAR001,digital,automovel,118100.0,60,0.1779,2357.87,2024-03-03,contemplada,,CTP000430,GA0085,2026-03-03,sorteio,0.0
CT0002786,GA0059,CLI005967,PAR004,telemarketing,AUTO,45600.0,60,0.1656,901.06,2025-12-23,ativa,,,,,,
CT0008115,GI0021,CLI001113,PAR003,correspondente,imóvel,320100.0,200,0.1895,1935.8,2025-03-11,ativa,,,,,,
CT0004535,GS0017,CLI004869,PAR002,loja,Servicos,34800.0,36,0.1815,1161.45,2023-11-20,ativa,,,,,,
CT0008382,GA0087,CLI001140,PAR002,loja,Automóvel,99800.0,60,0.1572,1958.08,2026-04-25,ativa,,,,,,
CT0006815,GA0069,CLI000450,PAR006,loja,auto,104300.0,80,0.1668,1547.29,2024-11-16,ativa,,,,,,
CT0000406,GA0058,CLI003921,PAR009,digital,Auto,114900.0,80,0.1924,1741.31,2024-03-08,ativa,,,,,,
CT0006018,GC0004,CLI001174,PAR007,digital,CELULAR,6500.0,12,0.2139,668.36,2025-11-13,cancelada,2026-01-13,,,,,
CT0007364,GC0045,CLI003857,PAR009,digital,CELULAR,2900.0,18,0.2184,199.52,2023-12-15,cancelada,2025-06-15,,,,,
CT0003681,GS0027,CLI002332,PAR007,digital,Serviços,17000.0,48,0.1922,429.32,2025-05-15,cancelada,2025-12-15,,,,,
CT0000312,GA0038,CLI003901,PAR001,digital,Auto,90900.0,72,0.1599,1489.62,2025-06-16,ativa,,,,,,
CT0004080,GI0016,CLI002697,PAR005,bancario,IMOVEIS,613400.0,200,0.2102,3773.02,2024-02-12,ativa,,,,,,
CT0004301,GC0054,CLI002616,PAR007,digital,celular,8900.0,12,0.2197,919.44,2025-07-19,cancelada,2025-12-19,,,,,
CT0005995,GC0018,CLI003371,PAR004,telemarketing,Celular,5800.0,12,0.2269,602.67,2025-06-22,cancelada,2025-07-22,,,,,
CT0005129,GA0034,CLI004395,PAR002,loja,Automóvel,65300.0,80,0.1844,983.09,2025-03-17,ativa,,,,,,
CT0001223,GS0023,CLI005518,PAR005,bancario,serviço,22900.0,24,0.19,1154.54,2024-05-11,quitada,,CTP000130,GS0023,2026-04-11,sorteio,0.0
CT0006621,GA0019,CLI003950,PAR003,correspondente,auto,59200.0,60,0.1752,1179.26,2023-08-27,cancelada,2024-06-27,,,,,
CT0001733,GA0010,CLI005005,PAR008,correspondente,automovel,48900.0,72,0.1482,793.4,2025-03-02,contemplada,,CTP000191,GA0010,2026-08-02,sorteio,0.0
CT0006450,GI0018,CLI001100,PAR011,correspondente,Imovel,268800.0,200,0.2029,1643.58,2023-07-18,ativa,,,,,,
CT0002186,GA0015,CLI003703,PAR002,loja,AUTO,105600.0,80,0.1715,1572.78,2024-05-17,ativa,,,,,,
CT0006841,GA0078,CLI004321,PAR002,loja,Auto,58400.0,72,0.1547,952.81,2023-12-24,ativa,,,,,,
CT0004122,GA0057,CLI006042,PAR002,loja,Auto,72700.0,60,0.1774,1450.85,2025-09-02,ativa,,,,,,
CT0005985,GC0062,CLI000240,PAR007,digital,Celular,4300.0,24,0.2236,222.81,2025-05-17,cancelada,2026-05-17,,,,,
CT0003886,GI0008,CLI001823,PAR005,bancario,Imóveis,341500.0,180,0.2045,2323.15,2025-03-16,ativa,,,,,,
CT0006581,GS0023,CLI001005,PAR005,bancario,servicos,30100.0,24,0.21,1542.62,2026-05-09,ativa,,,,,,
CT0005388,GS0031,CLI000961,PAR012,interno,servicos,17800.0,36,0.2081,607.23,2026-02-08,ativa,,,,,,
CT0004672,GC0007,CLI004420,PAR012,interno,CELULAR,5800.0,24,0.2272,301.41,2025-11-26,ativa,,,,,,
CT0006574,GI0023,CLI004576,PAR006,loja,imoveis,528100.0,200,0.2091,3245.44,2024-06-09,cancelada,2024-11-09,,,,,
CT0003667,GS0028,CLI004691,PAR001,digital,servicos,18900.0,24,0.1833,947.6,2024-12-25,cancelada,2025-09-25,,,,,
CT0006794,GC0007,CLI006671,PAR007,digital,celular,6100.0,24,0.2411,320.53,2025-05-25,cancelada,2026-01-25,,,,,
CT0002548,GC0012,CLI005132,PAR004,telemarketing,CELULAR,3300.0,15,0.2434,277.95,2026-01-04,cancelada,2026-04-04,,,,,
CT0007035,GA0066,CLI004283,PAR007,digital,Automóvel,58000.0,72,0.1473,940.32,2025-04-28,cancelada,2025-12-28,,,,,
CT0005356,GA0032,CLI006907,PAR002,loja,AUTO,45600.0,60,0.182,913.52,2026-01-23,ativa,,,,,,
CT0001120,GC0018,CLI003764,PAR007,digital,CELULAR,4000.0,12,0.239,419.67,2025-05-14,cancelada,2025-07-14,,,,,
CT0002734,GI0019,CLI000241,PAR010,correspondente,Imovel,547000.0,150,0.1995,4447.11,2025-09-10,ativa,,,,,,
CT0007982,GC0021,CLI005689,PAR009,digital,CELULAR,3500.0,12,0.2218,362.19,2026-01-28,ativa,,,,,,
CT0002486,GA0073,CLI001325,PAR001,digital,Auto,101200.0,80,0.1787,1516.36,2024-07-20,contemplada,,CTP000270,GA0073,2025-10-20,lance_livre,19385.95
CT0000814,GI0012,CLI007028,PAR011,correspondente,imóvel,251600.0,150,0.1893,2028.4,2025-07-17,ativa,,,,,,
CT0006940,GI0027,CLI003672,PAR003,correspondente,Imóveis,450000.0,150,0.2125,3697.5,2025-11-19,ativa,,,,,,
CT0001041,GC0062,CLI004096,PAR007,digital,celular,5800.0,24,0.2189,299.4,2024-10-05,ativa,,,,,,
CT0006543,GA0008,CLI002486,PAR002,loja,AUTO,120800.0,80,0.1528,1770.93,2025-08-29,cancelada,2025-10-29,,,,,
CT0007697,GS0001,CLI002864,PAR004,telemarketing,Serviços,18700.0,24,0.1869,940.38,2025-04-18,cancelada,2025-05-18,,,,,
CT0003241,GA0006,CLI004902,PAR008,correspondente,Automóvel,51100.0,80,0.1608,754.24,2023-12-01,ativa,,,,,,
CT0005301,GA0060,CLI000271,PAR012,interno,Auto,82600.0,80,0.1867,1245.92,2025-05-05,cancelada,2025-09-05,,,,,
CT0007234,GC0026,CLI006344,PAR004,telemarketing,celular,3400.0,24,0.2234,176.15,2024-10-08,cancelada,2024-11-08,,,,,
CT0006553,GC0068,CLI000978,PAR006,loja,Celular,5500.0,24,0.2241,285.11,2023-03-21,quitada,,CTP000687,GC0068,2024-07-21,sorteio,0.0
CT0002658,GC0018,CLI006489,PAR004,telemarketing,CELULAR,6400.0,12,0.2303,666.83,2024-04-16,quitada,,,,,,
CT0003440,GC0054,CLI006934,PAR005,bancario,CELULAR,3100.0,12,0.2269,322.12,2025-12-09,ativa,,,,,,
CT0008372,GA0018,CLI003411,PAR002,loja,Auto,125400.0,72,0.1706,2073.63,2025-02-22,ativa,,,,,,
CT0005351,GI0005,CLI001410,PAR003,correspondente,imoveis,469500.0,200,0.1959,2854.33,2026-05-02,ativa,,,,,,
CT0001748,GA0046,CLI001954,PAR010,correspondente,auto,120200.0,72,0.171,1988.31,2025-04-05,cancelada,2025-05-05,,,,,
CT0007336,GI0013,CLI001883,PAR001,digital,IMOVEIS,557700.0,150,0.1918,4505.47,2025-05-28,ativa,,,,,,
CT0000903,GA0086,CLI004164,PAR009,digital,AUTO,66000.0,60,0.173,1312.3,2024-12-11,ativa,,,,,,
CT0004640,GS0034,CLI000631,PAR007,digital,SERVICOS,14500.0,36,0.196,489.78,2025-03-24,cancelada,2025-06-24,,,,,
CT0004187,GI0026,CLI004383,PAR003,correspondente,imoveis,276300.0,150,0.1927,2233.79,2026-03-01,ativa,,,,,,
CT0005633,GA0062,CLI002749,PAR007,,Automóvel,117300.0,60,0.1715,2329.38,2025-05-13,cancelada,2025-07-13,,,,,
CT0005588,GI0019,CLI001627,PAR005,bancario,Imóveis,328600.0,150,0.2104,2695.4,2024-05-05,ativa,,,,,,
CT0006801,GA0079,CLI007069,PAR007,digital,AUTO,125800.0,72,0.166,2072.21,2025-03-25,cancelada,2025-12-25,,,,,
CT0005499,GS0020,CLI002755,PAR004,telemarketing,SERVICOS,25400.0,48,0.2135,652.73,2025-10-25,cancelada,2026-03-25,,,,,
CT0006263,GI0022,CLI005877,PAR012,interno,Imóveis,195900.0,200,0.1823,1177.65,2025-08-14,ativa,,,,,,
CT0000142,GA0023,CLI002529,PAR006,loja,AUTO,68300.0,72,0.1697,1128.56,2023-04-28,contemplada,,CTP000014,GA0023,2024-09-28,sorteio,0.0
CT0005344,GA0042,CLI004729,PAR002,,Auto,123700.0,60,0.1799,2473.79,2025-06-03,ativa,,,,,,
CT0001330,GA0035,CLI005011,PAR005,bancario,automovel,107700.0,80,0.1734,1606.61,2024-04-13,ativa,,,,,,
CT0001518,GI0011,CLI000040,PAR009,digital,imóvel,324400.0,200,0.2175,2007.22,2024-01-24,contemplada,,CTP000170,GI0011,2026-01-24,sorteio,0.0
CT0006030,GI0013,CLI000490,PAR011,,Imovel,188000.0,150,0.1864,1512.02,2026-07-05,ativa,,,,,,
CT0002567,GI0026,CLI004209,PAR009,digital,Imovel,330100.0,150,0.2176,2723.55,2024-11-21,ativa,,,,,,
CT0001744,GA0001,CLI001275,PAR005,bancario,automovel,93000.0,72,0.1903,1563.3,2025-02-23,cancelada,2025-07-23,,,,,
CT0005898,GC0064,CLI003160,PAR009,digital,smartphone,3500.0,24,0.2277,181.96,2025-09-18,cancelada,2026-05-18,,,,,
CT0000147,GA0038,CLI002167,PAR005,bancario,AUTO,106200.0,72,0.1413,1712.92,2025-05-23,contemplada,,CTP000016,GA0038,2025-10-23,lance_livre,36290.43
CT0003446,GI0041,CLI004342,PAR005,,imoveis,463100.0,180,0.1855,3101.48,2025-06-29,ativa,,,,,,
CT0006788,GC0065,CLI002973,PAR004,telemarketing,smartphone,5100.0,18,0.2454,358.53,2023-09-15,cancelada,2023-11-15,,,,,
CT0006197,GA0043,CLI004534,PAR001,,Auto,47600.0,72,0.1474,771.78,2025-12-03,ativa,,,,,,
CT0002144,GC0044,CLI002829,PAR005,bancario,CELULAR,7600.0,12,0.2237,787.68,2025-01-06,cancelada,2025-12-06,,,,,
CT0004701,GA0006,CLI005907,PAR010,correspondente,auto,125900.0,80,0.1742,1879.37,2025-06-16,ativa,,,,,,
CT0003318,GI0011,CLI002991,PAR003,correspondente,Imovel,454600.0,200,0.1984,2769.42,2025-10-08,ativa,,,,,,
CT0005656,GC0064,CLI005127,PAR004,,CELULAR,4400.0,24,0.238,230.63,2025-01-25,cancelada,2025-09-25,,,,,
CT0003880,GA0011,CLI003872,PAR002,loja,automovel,109300.0,72,0.157,1786.75,2025-03-31,ativa,,,,,,
CT0005039,GA0005,CLI004134,PAR006,loja,AUTO,97400.0,80,0.1612,1438.11,2025-08-04,ativa,,,,,,
CT0005316,GA0079,CLI006550,PAR002,loja,automovel,116500.0,72,0.1691,1924.03,2024-06-12,ativa,,,,,,
CT0004077,GA0086,CLI006957,PAR006,loja,Automóvel,45300.0,60,0.1688,897.54,2023-10-01,cancelada,2026-06-01,,,,,
CT0004796,GC0062,CLI004521,PAR004,telemarketing,CELULAR,6500.0,24,0.236,340.17,2025-02-28,cancelada,2025-05-28,,,,,
CT0002440,GA0078,CLI004604,PAR010,correspondente,automovel,116000.0,72,0.1557,1894.18,2026-01-17,ativa,,,,,,
CT0007561,GI0020,CLI001252,PAR003,correspondente,Imóveis,500800.0,180,0.1973,3386.8,2025-04-07,ativa,,,,,,
CT0005733,GA0019,CLI001194,PAR002,loja,Automóvel,101000.0,60,0.1624,1990.37,2025-01-06,cancelada,2025-04-06,,,,,
CT0001946,GI0044,CLI003383,PAR012,interno,IMOVEIS,571600.0,150,0.1876,4601.76,2024-05-09,contemplada,,CTP000213,GI0044,2025-11-09,sorteio,0.0
CT0007902,GS0037,CLI006782,PAR003,correspondente,serviço,25500.0,48,0.1862,640.79,2023-12-19,ativa,,,,,,
CT0004565,GA0034,CLI002445,PAR002,loja,automovel,115700.0,80,0.1784,1733.19,2024-07-26,ativa,,,,,,
CT0000113,GA0019,CLI002558,PAR008,correspondente,automovel,96100.0,60,0.1469,1868.98,2024-07-09,ativa,,,,,,
CT0000275,GC0018,CLI001463,PAR012,interno,smartphone,3300.0,12,0.2333,344.66,2023-10-23,quitada,,,,,,
CT0008481,GC0056,CLI000971,PAR007,digital,celular,6900.0,12,0.2337,720.88,2025-04-24,quitada,,,,,,
CT0007030,GC0024,CLI003784,PAR007,digital,smartphone,8800.0,12,0.2201,909.41,2025-04-28,cancelada,2025-05-28,,,,,
CT0005924,GA0061,CLI006490,PAR002,loja,Automóvel,45500.0,80,0.1518,666.46,2025-06-06,ativa,,,,,,
CT0008598,GI0035,CLI000826,PAR003,correspondente,imóvel,544600.0,150,0.2116,4471.53,2023-07-18,ativa,,,,,,
CT0005841,GA0062,CLI001137,PAR001,digital,auto,49400.0,60,0.1644,975.16,2026-06-30,ativa,,,,,,
CT0001805,GS0031,CLI000174,PAR010,correspondente,servicos,17000.0,36,0.2051,578.52,2025-12-31,cancelada,2026-01-31,,,,,
CT0005917,GA0048,CLI000572,PAR001,digital,Auto,91500.0,80,0.1835,1376.5,2025-03-02,cancelada,2025-08-02,,,,,
CT0004323,GC0003,CLI004705,PAR006,loja,Celular,8700.0,12,0.2683,934.02,2024-05-29,quitada,,,,,,
CT0007051,GA0004,CLI000409,PAR001,digital,AUTO,93900.0,80,0.1612,1386.43,2024-12-23,ativa,,,,,,
CT0003673,GA0031,CLI003432,PAR001,digital,auto,104800.0,72,0.1549,1710.13,2026-02-14,cancelada,2026-03-14,,,,,
CT0008192,GI0027,CLI006475,PAR012,interno,imoveis,604700.0,150,0.1821,4846.07,2025-04-21,ativa,,,,,,
CT0004202,GC0014,CLI006843,PAR004,telemarketing,Celular,6400.0,24,0.2302,333.39,2024-03-20,cancelada,2024-09-20,,,,,
CT0002814,GI0030,CLI005872,PAR003,correspondente,Imovel,277000.0,200,0.2079,1700.64,2024-01-11,cancelada,2025-04-11,,,,,
CT0000354,GC0056,CLI003888,PAR004,telemarketing,celular,8900.0,12,0.2257,923.89,2024-09-19,cancelada,2024-12-19,,,,,
CT0008475,GC0055,CLI004789,PAR007,digital,celular,7700.0,24,0.2259,399.73,2025-03-16,contemplada,,CTP000900,GC0055,2025-10-16,sorteio,0.0
CT0008432,GS0027,CLI001273,PAR004,telemarketing,SERVICOS,12100.0,48,0.2042,308.6,2024-04-30,cancelada,2025-01-30,,,,,
CT0005120,GS0021,CLI004271,PAR008,correspondente,Serviços,7000.0,36,0.1899,235.26,2025-08-21,contemplada,,CTP000545,GS0021,2025-12-21,sorteio,0.0
CT0007366,GA0077,CLI001777,PAR008,correspondente,automovel,71000.0,80,0.1836,1068.2,2024-12-28,ativa,,,,,,
CT0006200,GS0021,CLI003307,PAR001,digital,Serviços,17300.0,36,0.1843,578.73,2024-01-06,cancelada,2026-01-06,,,,,
CT0003302,GA0012,CLI000850,PAR002,loja,automovel,116300.0,80,0.1915,1761.22,2026-04-26,ativa,,,,,,
CT0000041,GA0086,CLI005022,PAR006,loja,Automóvel,78800.0,60,0.169,1561.55,2025-07-22,ativa,,,,,,
CT0003877,GA0060,CLI004120,PAR007,digital,automovel,55000.0,80,0.1558,808.36,2024-10-08,ativa,,,,,,
CT0008413,GC0068,CLI003257,PAR001,digital,celular,4100.0,24,0.2254,212.76,2025-12-16,ativa,,,,,,
CT0007988,GA0074,CLI005032,PAR010,correspondente,AUTO,120800.0,80,0.1697,1796.45,2023-03-12,cancelada,2023-11-12,,,,,
CT0002761,GA0080,CLI005808,PAR002,loja,auto,117600.0,60,0.1896,2370.82,2024-06-25,ativa,,,,,,
CT0005123,GC0049,CLI001877,PAR009,digital,smartphone,4500.0,24,0.2173,231.99,2024-11-23,cancelada,2026-05-23,,,,,
CT0002846,GA0085,CLI005687,PAR009,digital,Auto,61800.0,60,0.1679,1223.54,2025-09-20,ativa,,,,,,
CT0008452,GS0027,CLI005770,PAR009,digital,servicos,15100.0,48,0.187,379.7,2024-10-14,ativa,,,,,,
CT0007813,GA0080,CLI007008,PAR005,bancario,AUTO,106600.0,60,0.1477,2074.61,2024-03-16,contemplada,,CTP000827,GA0080,2024-06-16,sorteio,0.0
CT0000871,GC0037,CLI006907,PAR006,loja,smartphone,6100.0,24,0.2271,316.97,2024-01-29,quitada,,,,,,
CT0007374,GC0001,CLI000379,PAR004,telemarketing,celular,7100.0,24,0.2491,375.44,2026-01-29,cancelada,2026-02-28,,,,,
CT0004841,GA0063,CLI004760,PAR001,digital,AUTO,96700.0,60,0.1821,1937.38,2024-06-16,ativa,,,,,,
CT0003299,GA0015,CLI003511,PAR010,correspondente,auto,116700.0,80,0.1514,1708.78,2025-05-01,ativa,,,,,,
CT0006664,GA0038,CLI003730,PAR007,digital,Automóvel,99100.0,72,0.1727,1641.62,2025-11-25,ativa,,,,,,
CT0001726,GS0004,CLI001655,PAR007,,servicos,12500.0,36,0.1944,421.67,2025-11-29,cancelada,2026-03-29,,,,,
CT0007194,GC0064,CLI002669,PAR004,telemarketing,CELULAR,4000.0,24,0.2426,210.43,2025-07-03,cancelada,2026-06-03,,,,,
CT0003987,GI0034,CLI002521,PAR002,loja,Imóveis,272100.0,180,0.1989,1842.57,2025-09-01,ativa,,,,,,
CT0004119,GA0010,CLI000218,PAR005,bancario,Automóvel,58500.0,72,0.1613,959.81,2026-01-04,ativa,,,,,,
CT0007358,GA0041,CLI001441,PAR008,correspondente,auto,99400.0,72,0.1739,1648.25,2026-04-18,ativa,,,,,,
CT0008035,GC0028,CLI000260,PAR006,loja,CELULAR,3300.0,18,0.2415,231.27,2024-07-12,cancelada,2024-12-12,,,,,
CT0001782,GA0005,CLI003877,PAR011,correspondente,Auto,123100.0,80,0.1903,1862.35,2024-03-05,ativa,,,,,,
CT0007430,GI0040,CLI002145,PAR001,digital,Imovel,583400.0,200,0.2141,3599.87,2025-09-18,ativa,,,,,,
CT0008021,GS0038,CLI004241,PAR007,digital,servicos,12700.0,36,0.1969,429.3,2025-03-28,ativa,,,,,,
CT0003830,GA0012,CLI000019,PAR007,digital,auto,119400.0,80,0.1691,1774.73,2025-06-30,cancelada,2026-05-30,,,,,
CT0003453,GC0016,CLI003663,PAR004,telemarketing,Celular,5600.0,12,0.2472,591.36,2023-12-31,cancelada,2024-12-31,,,,,
CT0004503,GA0069,CLI000511,PAR004,telemarketing,Auto,52300.0,80,0.1726,779.66,2025-12-05,cancelada,2026-06-05,,,,,
CT0005811,GC0040,CLI004806,PAR007,digital,smartphone,4700.0,15,0.2236,389.66,2024-08-25,cancelada,2024-12-25,CTP000615,GC0040,2024-10-25,sorteio,0.0
CT0004649,GA0032,CLI006553,PAR007,digital,Automóvel,94100.0,60,0.1727,1870.55,2025-08-02,ativa,,,,,,
CT0000839,GA0038,CLI003904,PAR002,loja,auto,117000.0,72,0.1661,1927.41,2024-09-19,ativa,,,,,,
CT0006454,GC0038,CLI003789,PAR007,digital,CELULAR,3400.0,18,0.2378,237.58,2025-04-02,cancelada,2026-07-02,,,,,
CT0006645,GA0007,CLI001705,PAR012,interno,Automóvel,61900.0,72,0.1576,1012.41,2025-05-18,ativa,,,,,,
CT0004527,GI0005,CLI001585,PAR009,digital,IMOVEIS,297600.0,200,0.2112,1832.03,2025-10-08,ativa,,,,,,
CT0003230,GC0044,CLI002167,PAR010,correspondente,celular,6100.0,12,0.2281,634.45,2026-01-02,ativa,,,,,,
CT0000075,GS0014,CLI000936,PAR007,digital,Servicos,15500.0,36,0.1852,518.91,2025-07-18,cancelada,2026-04-18,,,,,
CT0003510,GC0033,CLI001051,PAR007,digital,Celular,6900.0,15,0.2251,572.75,2025-07-23,cancelada,2025-09-23,,,,,
CT0004336,GA0004,CLI004045,PAR002,loja,Automóvel,84300.0,80,0.1675,1251.33,2026-02-14,cancelada,2026-06-14,,,,,
CT0003044,GA0040,CLI002214,PAR002,loja,Automóvel,114600.0,72,0.1868,1920.82,2024-05-23,ativa,,,,,,
CT0002676,GC0024,CLI005033,PAR007,digital,smartphone,1800.0,12,0.2426,189.39,2025-08-11,cancelada,2025-11-11,,,,,
CT0001884,GI0010,CLI005885,PAR002,loja,imóvel,544900.0,180,0.1922,3669.6,2026-02-07,ativa,,,,,,
CT0006839,GI0035,CLI006962,PAR003,correspondente,imoveis,210000.0,150,0.1884,1691.76,2025-04-11,ativa,,,,,,
CT0008182,GA0060,CLI003172,PAR002,loja,auto,111600.0,80,0.1564,1641.08,2026-02-21,ativa,,,,,,
CT0004017,GC0033,CLI001572,PAR001,digital,celular,5800.0,15,0.2284,482.71,2023-08-13,quitada,,,,,,
CT0006886,GI0001,CLI003898,PAR001,digital,imóvel,637800.0,200,0.1953,3875.59,2023-12-31,ativa,,,,,,
CT0000977,GA0034,CLI000517,PAR005,bancario,AUTO,79000.0,80,0.1781,1183.12,2026-02-14,ativa,,,,,,
CT0001699,GA0033,CLI004720,PAR001,digital,Auto,116100.0,60,0.1835,2328.77,2025-05-25,ativa,,,,,,
CT0003775,GC0013,CLI006679,PAR011,correspondente,Celular,6200.0,18,0.2101,423.7,2026-04-04,ativa,,,,,,
CT0001889,GA0077,CLI001190,PAR002,loja,AUTO,71900.0,80,0.1626,1062.86,2025-09-28,cancelada,2026-06-28,,,,,
CT0003431,GA0015,CLI003211,PAR009,digital,AUTO,99700.0,80,0.1589,1469.2,2025-09-06,ativa,,,,,,
CT0000712,GA0073,CLI007154,PAR001,digital,AUTO,54400.0,80,0.157,800.36,2024-11-17,ativa,,,,,,
CT0006333,GA0057,CLI000588,PAR005,bancario,Automóvel,50800.0,60,0.1577,997.12,2025-07-06,ativa,,,,,,
CT0001099,GA0050,CLI000412,PAR010,correspondente,Automóvel,95900.0,80,0.1575,1411.53,2024-10-11,cancelada,2024-12-11,,,,,
CT0007101,GI0003,CLI004949,PAR011,correspondente,imóvel,186800.0,150,0.2157,1538.86,2024-02-12,ativa,,,,,,
CT0005441,GI0025,CLI004289,PAR009,digital,Imóveis,225700.0,150,0.2086,1848.63,2023-08-11,ativa,,,,,,
CT0001577,GI0019,CLI003333,PAR003,correspondente,imóvel,213700.0,150,0.1892,1722.71,2025-10-31,contemplada,,CTP000176,GI0019,2026-07-31,lance_livre,28442.05
CT0002341,GC0041,CLI007153,PAR007,digital,Celular,6100.0,24,0.2184,314.76,2025-09-09,cancelada,2026-01-09,,,,,
CT0008113,GI0043,CLI001148,PAR011,correspondente,Imóveis,300600.0,150,0.1812,2407.2,2025-12-17,ativa,,,,,,
CT0000787,GC0012,CLI003881,PAR001,digital,smartphone,2600.0,15,0.2366,217.81,2025-11-28,cancelada,2026-04-28,,,,,
CT0001265,GA0031,CLI001830,PAR003,correspondente,Auto,97100.0,72,0.1568,1587.05,2026-03-13,ativa,,,,,,
CT0002150,GA0004,CLI006107,PAR002,loja,Auto,120700.0,80,0.1726,1799.34,2025-03-11,ativa,,,,,,
CT0002361,GA0030,CLI006370,PAR001,digital,automovel,125200.0,72,0.1549,2043.02,2026-03-13,ativa,,,,,,
CT0005131,GI0033,CLI004048,PAR003,correspondente,Imovel,320800.0,200,0.1809,1926.24,2026-02-02,ativa,,,,,,
CT0003419,GA0019,CLI004275,PAR004,telemarketing,automovel,70600.0,60,0.179,1410.82,2024-07-19,cancelada,2025-01-19,CTP000371,GA0019,2024-08-19,lance_fixo,17650.0
CT0000716,GA0014,CLI005636,PAR002,loja,Automóvel,72600.0,80,0.1309,1044.44,2025-02-07,ativa,,,,,,
CT0007921,GC0012,CLI000870,PAR008,correspondente,smartphone,3300.0,15,0.2258,274.08,2024-03-09,cancelada,2024-05-09,,,,,
CT0007148,GC0004,CLI002570,PAR009,digital,smartphone,8900.0,12,0.2348,930.64,2024-05-16,quitada,,,,,,
CT0000227,GA0008,CLI005056,PAR002,,Auto,56600.0,80,0.1828,850.98,2024-02-17,cancelada,2026-08-17,,,,,
CT0000152,GC0031,CLI005558,PAR001,digital,smartphone,5900.0,24,0.2335,308.15,2025-03-11,contemplada,,CTP000018,GC0031,2026-01-11,sorteio,0.0
CT0005284,GA0041,CLI000189,PAR010,correspondente,automovel,111100.0,72,0.1868,1862.16,2025-10-08,ativa,,,,,,
CT0005738,GI0013,CLI002993,PAR005,bancario,imoveis,361000.0,150,0.2043,2946.48,2024-06-26,ativa,,,,,,
CT0006400,GS0034,CLI002529,PAR010,correspondente,serviço,15600.0,36,0.1984,527.97,2024-05-17,ativa,,,,,,
CT0007942,GC0035,CLI002967,PAR007,digital,smartphone,2500.0,24,0.224,129.58,2025-02-15,cancelada,2026-05-15,,,,,
CT0007533,GA0051,CLI007106,PAR002,loja,AUTO,106200.0,60,0.1829,2129.13,2025-06-14,ativa,,,,,,
CT0002500,GC0063,CLI005294,PAR009,digital,Celular,6800.0,15,0.2332,568.12,2024-12-11,cancelada,2025-01-11,,,,,
CT0003878,GI0011,CLI001683,PAR012,interno,Imóveis,631300.0,200,0.1871,3810.21,2023-12-07,ativa,,,,,,
CT0005265,GI0041,CLI003975,PAR001,digital,Imovel,559000.0,180,0.2031,3798.41,2024-10-26,ativa,,,,,,
CT0005399,GS0025,CLI000751,PAR007,,Servicos,9500.0,48,0.2135,244.13,2025-06-15,ativa,,,,,,
CT0000247,GI0006,CLI006224,PAR006,loja,imóvel,409700.0,180,0.1756,2721.32,2024-06-14,ativa,,,,,,
CT0004427,GA0088,CLI005958,PAR010,correspondente,Automóvel,72000.0,80,0.1776,1077.84,2025-01-31,ativa,,,,,,
CT0003933,GA0077,CLI006586,PAR002,loja,Automóvel,59800.0,80,0.1575,880.18,2025-03-21,cancelada,2025-09-21,,,,,
CT0007968,GA0065,CLI006538,PAR011,correspondente,AUTO,81000.0,60,0.1772,1616.22,2025-09-07,ativa,,,,,,
CT0001349,GA0029,CLI006366,PAR005,bancario,automovel,100200.0,60,0.166,1980.62,2024-03-24,ativa,,,,,,
CT0003083,GS0023,CLI006113,PAR006,loja,Serviços,14100.0,24,0.1947,713.64,2025-01-11,cancelada,2025-11-11,,,,,
CT0004315,GA0013,CLI000486,PAR001,digital,automovel,64800.0,72,0.1576,1059.84,2024-09-22,cancelada,2025-04-22,,,,,
CT0005797,GS0005,CLI003272,PAR008,correspondente,serviço,21000.0,48,0.1793,524.69,2025-10-08,ativa,,,,,,
CT0004665,GC0049,CLI004594,PAR007,digital,CELULAR,7000.0,24,0.2364,366.45,2025-06-20,cancelada,2026-08-20,,,,,
CT0002381,GA0084,CLI003971,PAR007,digital,Auto,129800.0,60,0.1635,2560.3,2024-12-18,ativa,,,,,,
CT0002984,GA0037,CLI006488,PAR004,telemarketing,Automóvel,91200.0,80,0.1759,1363.33,2025-12-26,cancelada,2026-06-26,,,,,
CT0002509,GA0045,CLI004402,PAR002,loja,Auto,70400.0,60,0.1559,1379.72,2023-12-16,contemplada,,CTP000273,GA0045,2025-02-16,lance_fixo,17600.0
CT0002845,GI0012,CLI002441,PAR005,bancario,Imóveis,405800.0,150,0.2224,3361.11,2026-02-05,ativa,,,,,,
CT0006168,GI0031,CLI006314,PAR005,bancario,Imóveis,594500.0,200,0.1954,3612.78,2025-08-12,ativa,,,,,,
CT0007717,GA0014,CLI007186,PAR002,loja,automovel,116800.0,80,0.1735,1742.51,2024-10-22,contemplada,,CTP000813,GA0014,2025-03-22,sorteio,0.0
CT0000963,GS0012,CLI005976,PAR003,correspondente,SERVICOS,8300.0,36,0.1903,279.04,2025-08-07,ativa,,,,,,
CT0004388,GA0043,CLI006337,PAR004,telemarketing,AUTO,101500.0,72,0.1846,1698.15,2023-03-09,cancelada,2023-05-09,,,,,
CT0002399,GC0042,CLI000979,PAR004,telemarketing,smartphone,4400.0,12,0.2333,459.54,2026-02-01,ativa,,,,,,
CT0007931,GA0003,CLI006229,PAR005,bancario,AUTO,112500.0,60,0.1742,2239.12,2025-12-07,ativa,,,,,,
CT0003139,GC0060,CLI006546,PAR004,telemarketing,smartphone,5900.0,24,0.2325,307.91,2025-07-14,cancelada,2025-08-14,,,,,
CT0005126,GC0062,CLI000115,PAR009,digital,Celular,7200.0,24,0.2263,373.89,2025-06-09,ativa,,,,,,
CT0004458,GA0021,CLI002009,PAR006,loja,automovel,58700.0,80,0.1545,861.79,2026-01-06,ativa,,,,,,
CT0007486,GA0048,CLI000183,PAR001,digital,AUTO,77900.0,80,0.1909,1179.11,2025-06-25,ativa,,,,,,
CT0006252,GC0035,CLI000176,PAR009,digital,Celular,2000.0,24,0.2511,105.93,2025-05-22,ativa,,,,,,
CT0006591,GI0015,CLI005040,PAR010,correspondente,imoveis,336800.0,180,0.1862,2256.93,2024-05-15,ativa,,,,,,
CT0002505,GA0034,CLI000104,PAR010,correspondente,auto,50200.0,80,0.1574,738.82,2024-07-27,ativa,,,,,,
CT0003070,GI0042,CLI003675,PAR001,digital,Imovel,629300.0,150,0.1984,5111.59,2025-09-16,ativa,,,,,,
CT0002233,GA0022,CLI005512,PAR004,telemarketing,Automóvel,112600.0,80,0.1633,1665.49,2025-01-04,ativa,,,,,,
CT0006711,GI0032,CLI006591,PAR005,bancario,Imóveis,308900.0,180,0.21,2110.82,2024-03-02,cancelada,2025-10-02,,,,,
CT0003701,GI0037,CLI005590,PAR010,correspondente,IMOVEIS,587000.0,200,0.2006,3582.46,2024-09-29,cancelada,2025-06-29,,,,,
CT0006203,GS0016,CLI006332,PAR001,digital,Servicos,18000.0,24,0.206,919.5,2025-09-27,ativa,,,,,,
CT0001050,GC0014,CLI004226,PAR007,digital,CELULAR,6900.0,24,0.2227,357.28,2025-04-21,cancelada,2025-12-21,,,,,
CT0007712,GA0025,CLI006394,PAR002,loja,AUTO,68400.0,72,0.1776,1137.72,2023-12-17,ativa,,,,,,
CT0004916,GI0006,CLI006902,PAR012,interno,imóvel,532500.0,180,0.2068,3629.28,2026-07-05,ativa,,,,,,
CT0004261,GA0030,CLI002346,PAR009,digital,Automóvel,84900.0,72,0.1747,1408.75,2024-12-04,ativa,,,,,,
CT0000917,GC0043,CLI000016,PAR006,loja,smartphone,3800.0,18,0.2569,269.57,2024-02-22,quitada,,,,,,
CT0004195,GC0040,CLI000246,PAR004,,smartphone,8500.0,15,0.2028,692.92,2025-07-01,cancelada,2025-08-01,,,,,
CT0003354,GA0083,CLI003721,PAR002,loja,Auto,91400.0,60,0.154,1788.39,2025-12-14,ativa,,,,,,
CT0007503,GC0008,CLI003267,PAR004,telemarketing,smartphone,6600.0,18,0.2272,457.31,2026-01-13,cancelada,2026-02-13,,,,,
CT0004272,GA0015,CLI005719,PAR002,loja,Auto,51700.0,80,0.1502,756.24,2023-06-21,ativa,,,,,,
CT0000778,GC0067,CLI003148,PAR002,loja,CELULAR,5900.0,15,0.2067,482.5,2024-03-08,cancelada,2024-05-08,,,,,
CT0001355,GA0067,CLI005222,PAR006,loja,AUTO,85800.0,80,0.1833,1290.54,2024-08-03,cancelada,2026-07-03,CTP000149,GA0067,2024-12-03,sorteio,0.0
CT0008441,GA0080,CLI003988,PAR006,loja,Automóvel,54600.0,60,0.1922,1103.1,2024-09-22,ativa,,,,,,
CT0001553,GI0025,CLI000387,PAR010,correspondente,IMOVEIS,595400.0,150,0.1987,4837.43,2025-02-03,ativa,,,,,,
CT0004926,GC0008,CLI006488,PAR007,digital,Celular,5200.0,18,0.2201,358.25,2024-10-21,cancelada,2025-12-21,,,,,
CT0007771,GA0064,CLI006548,PAR001,digital,auto,53800.0,72,0.1694,888.75,2026-04-05,ativa,,,,,,
CT0001715,GA0086,CLI000557,PAR001,digital,Automóvel,65200.0,60,0.1739,1297.37,2025-04-30,contemplada,,CTP000189,GA0086,2025-07-30,lance_livre,19714.52
CT0008044,GI0015,CLI006712,PAR011,correspondente,Imóveis,635700.0,180,0.1775,4229.17,2024-08-05,ativa,,,,,,
CT0006274,GC0049,CLI003244,PAR009,,CELULAR,8600.0,24,0.2278,447.13,2024-08-24,cancelada,2025-02-24,,,,,
CT0003713,GI0009,CLI001178,PAR005,bancario,imóvel,581600.0,180,0.194,3922.57,2026-07-28,ativa,,,,,,
CT0003155,GC0063,CLI005123,PAR007,digital,Celular,5700.0,15,0.25,482.6,2025-08-14,cancelada,2025-11-14,,,,,
CT0000743,GC0021,CLI004829,PAR004,telemarketing,celular,3700.0,12,0.235,386.96,2025-09-18,cancelada,2025-12-18,,,,,
CT0000939,GC0056,CLI006947,PAR007,digital,celular,2400.0,12,0.2307,250.14,2025-09-14,ativa,,,,,,
CT0003580,GC0019,CLI000628,PAR009,digital,Celular,4500.0,18,0.2368,314.2,2026-07-02,ativa,,,,,,
CT0007062,GA0056,CLI002780,PAR002,loja,automovel,87600.0,72,0.1845,1465.47,2023-06-02,ativa,,,,,,
CT0001414,GA0022,CLI006582,PAR001,digital,Automóvel,66800.0,80,0.1697,993.4,2024-05-07,ativa,,,,,,
CT0002333,GC0054,CLI004033,PAR007,,smartphone,5600.0,12,0.2382,587.16,2025-03-15,cancelada,2025-12-15,,,,,
CT0008482,GA0011,CLI004760,PAR006,loja,Automóvel,121400.0,72,0.1677,2002.59,2025-12-03,ativa,,,,,,
CT0003552,GI0018,CLI006382,PAR005,bancario,imoveis,624100.0,200,0.2029,3816.06,2026-05-31,ativa,,,,,,
CT0008308,GA0075,CLI000055,PAR001,digital,auto,75100.0,60,0.1787,1500.37,2023-09-06,cancelada,2026-03-06,,,,,
CT0007846,GS0023,CLI004452,PAR012,interno,servicos,32100.0,24,0.1901,1618.51,2023-04-29,quitada,,CTP000830,GS0023,2024-06-29,lance_livre,10277.25
CT0005194,GS0038,CLI002101,PAR012,interno,Servicos,33700.0,36,0.2061,1147.77,2023-03-02,cancelada,2025-07-02,,,,,
CT0000060,GI0034,CLI003314,PAR009,digital,IMOVEIS,421900.0,180,0.1845,2823.21,2023-07-26,ativa,,,,,,
CT0004695,GA0047,CLI005018,PAR009,digital,auto,77100.0,60,0.1527,1506.92,2026-03-23,ativa,,,,,,
CT0004101,GC0016,CLI001542,PAR006,loja,CELULAR,8700.0,12,0.2277,904.58,2024-01-31,quitada,,,,,,
CT0001962,GC0051,CLI005055,PAR007,digital,smartphone,6400.0,24,0.213,328.8,2025-07-17,ativa,,,,,,
CT0007700,GA0083,CLI000229,PAR006,loja,AUTO,98000.0,60,0.1684,1941.05,2023-08-20,cancelada,2024-03-20,,,,,
CT0006171,GA0009,CLI002502,PAR099,digital,automovel,93900.0,80,0.1564,1380.8,2025-03-18,cancelada,2026-01-18,,,,,
CT0000873,GC0037,CLI005297,PAR099,digital,celular,5700.0,24,0.2273,296.23,2025-02-28,cancelada,2025-07-28,,,,,
CT0003473,GA0016,CLI001547,PAR005,bancario,automovel,106100.0,80,0.1792,1590.44,2025-05-08,ativa,,,,,,
CT0003711,GA0025,CLI002197,PAR004,telemarketing,auto,70700.0,72,0.1744,1172.83,2026-07-22,ativa,,,,,,
CT0003665,GS0006,CLI000570,PAR008,correspondente,Serviços,29600.0,36,0.2053,1007.47,2024-02-09,ativa,,,,,,
CT0004209,GC0020,CLI003802,PAR002,loja,CELULAR,8200.0,24,0.2165,422.47,2024-12-31,ativa,,,,,,
CT0005539,GI0028,CLI000087,PAR003,correspondente,imoveis,424300.0,200,0.1932,2573.8,2025-03-10,ativa,,,,,,
CT0003007,GA0063,CLI001730,PAR002,loja,automovel,85500.0,60,0.1805,1710.71,2024-07-28,ativa,,,,,,
CT0006812,GA0016,CLI003266,PAR005,bancario,Automóvel,99200.0,80,0.1532,1454.77,2023-03-03,ativa,,,,,,
CT0005663,GS0017,CLI003983,PAR007,digital,Servicos,24200.0,36,0.177,804.65,2025-07-02,ativa,,,,,,
CT0000367,GI0032,CLI002205,PAR004,telemarketing,Imovel,275300.0,180,0.198,1862.86,2025-03-16,ativa,,,,,,
CT0002600,GA0017,CLI002196,PAR008,correspondente,AUTO,75400.0,60,0.1588,1481.36,2026-03-03,ativa,,,,,,
CT0000276,GI0036,CLI004310,PAR012,interno,imoveis,554300.0,180,0.1984,3752.0,2024-07-19,contemplada,,CTP000034,GI0036,2025-12-19,lance_fixo,138575.0
CT0000848,GA0053,CLI005321,PAR007,digital,auto,49500.0,80,0.1635,732.29,2025-09-11,contemplada,,CTP000097,GA0053,2026-07-11,lance_livre,8229.7
CT0005812,GI0030,CLI005726,PAR003,correspondente,imoveis,310400.0,200,0.2203,1924.95,2024-03-25,ativa,,,,,,
CT0007007,GC0038,CLI000340,PAR006,,CELULAR,8900.0,18,0.2364,621.22,2025-07-03,ativa,,,,,,
CT0004568,GA0057,CLI000704,PAR004,telemarketing,Auto,93100.0,60,0.1832,1866.97,2023-02-14,contemplada,,CTP000492,GA0057,2024-07-14,lance_fixo,23275.0
CT0002447,GA0011,CLI002847,PAR012,interno,automovel,65200.0,72,0.1503,1059.77,2025-04-06,ativa,,,,,,
CT0002421,GC0009,CLI006745,PAR004,telemarketing,smartphone,6300.0,24,0.2405,330.88,2026-04-20,cancelada,2026-05-20,,,,,
CT0003119,GA0049,CLI001272,PAR002,loja,AUTO,78700.0,60,0.1754,1567.97,2025-12-05,ativa,,,,,,
CT0001999,GA0012,CLI006248,PAR006,loja,automovel,111600.0,80,0.1829,1678.05,2023-11-11,cancelada,2025-03-11,,,,,
CT0005958,GS0004,CLI003474,PAR007,digital,Serviços,32300.0,36,0.2035,1097.75,2025-06-28,cancelada,2025-07-28,,,,,
CT0002914,GS0009,CLI002577,PAR003,correspondente,SERVICOS,30800.0,48,0.2085,788.29,2024-07-11,cancelada,2024-11-11,,,,,
CT0003238,GI0037,CLI007137,PAR005,bancario,IMOVEIS,281000.0,200,0.2072,1724.22,2024-06-29,ativa,,,,,,
CT0008588,GA0029,CLI000525,PAR004,telemarketing,Auto,120500.0,60,0.1808,2411.61,2023-03-09,cancelada,2024-01-09,,,,,
CT0005884,GS0002,CLI002321,PAR007,digital,Serviços,26400.0,36,0.1951,891.07,2025-11-28,cancelada,2026-01-28,,,,,
CT0007144,GC0046,CLI001984,PAR004,telemarketing,celular,2000.0,12,0.2139,205.65,2026-04-22,cancelada,2026-06-22,,,,,
CT0005801,GA0087,CLI004876,PAR001,digital,automovel,111500.0,60,0.1576,2188.37,2025-04-24,ativa,,,,,,
CT0006616,GA0045,CLI001287,PAR001,,auto,47000.0,60,0.1885,946.66,2024-09-20,contemplada,,CTP000698,GA0045,2026-07-20,sorteio,0.0
CT0000256,GA0063,CLI006339,PAR002,loja,Auto,117100.0,60,0.1809,2343.76,2024-08-30,cancelada,2025-01-30,,,,,
CT0007050,GA0031,CLI002678,PAR012,interno,Automóvel,56200.0,72,0.1757,933.31,2025-02-26,ativa,,,,,,
CT0004226,GI0024,CLI001110,PAR003,correspondente,Imovel,501200.0,180,0.2041,3408.44,2024-02-25,ativa,,,,,,
CT0005526,GA0063,CLI001980,PAR006,loja,automovel,54500.0,60,0.1576,1069.65,2025-06-26,ativa,,,,,,
CT0001506,GA0055,CLI002018,PAR002,loja,Automóvel,79600.0,80,0.1737,1187.73,2025-10-27,ativa,,,,,,
CT0000510,GC0036,CLI004087,PAR006,loja,celular,7900.0,24,0.2262,410.21,2024-03-22,cancelada,2025-05-22,,,,,
CT0005095,GA0079,CLI002012,PAR002,loja,Auto,97900.0,72,0.1608,1605.56,2024-10-26,cancelada,2025-01-26,,,,,
CT0005508,GS0019,CLI006754,PAR003,correspondente,serviço,12100.0,36,0.1956,408.58,2025-08-14,cancelada,2025-10-14,,,,,
CT0006819,GS0003,CLI001697,PAR006,loja,Servicos,31000.0,36,0.216,1064.33,2023-12-25,cancelada,2024-09-25,,,,,
CT0000431,GA0032,CLI001486,PAR001,digital,AUTO,109800.0,60,0.1794,2194.9,2026-07-12,ativa,,,,,,
CT0004414,GC0008,CLI001692,PAR004,telemarketing,smartphone,3600.0,18,0.2273,249.46,2025-10-15,cancelada,2026-03-15,,,,,
CT0003685,GA0028,CLI006289,PAR012,interno,AUTO,98800.0,72,0.2099,1687.7,2023-11-19,ativa,,,,,,
CT0006691,GC0048,CLI001073,PAR007,digital,smartphone,6300.0,18,0.2321,438.23,2025-06-28,ativa,,,,,,
CT0007637,GA0055,CLI001551,PAR005,bancario,automovel,83500.0,80,0.1551,1226.51,2025-02-07,ativa,,,,,,
CT0000296,GI0028,CLI001243,PAR003,correspondente,Imovel,524700.0,200,0.1827,3155.28,2026-02-13,ativa,,,,,,
CT0002321,GI0043,CLI001623,PAR003,correspondente,Imóveis,278100.0,150,0.1955,2253.54,2025-11-30,ativa,,,,,,
CT0006182,GI0015,CLI006953,PAR001,digital,Imóveis,478200.0,180,0.2063,3257.87,2025-06-23,ativa,,,,,,
CT0001949,GC0012,CLI004402,PAR008,correspondente,CELULAR,8900.0,15,0.2195,735.44,2023-11-24,quitada,,,,,,
CT0004582,GA0051,CLI002770,PAR001,digital,Automóvel,96300.0,60,0.1534,1883.31,2023-07-12,ativa,,,,,,
CT0007615,GI0011,CLI004749,PAR003,correspondente,IMOVEIS,272700.0,200,0.1821,1639.06,2025-06-18,contemplada,,CTP000800,GI0011,2025-10-18,sorteio,0.0
CT0007602,GS0037,CLI005469,PAR003,correspondente,serviço,31300.0,48,0.2052,798.93,2025-11-27,ativa,,,,,,
CT0006859,GI0010,CLI004384,PAR001,digital,imóvel,342700.0,180,0.1915,2306.56,2025-09-25,cancelada,2026-04-25,,,,,
CT0006348,GI0020,CLI004545,PAR011,correspondente,imoveis,445600.0,180,0.1954,3008.79,2026-01-20,ativa,,,,,,
CT0003780,GC0016,CLI000475,PAR006,loja,CELULAR,2100.0,12,0.2275,218.31,2024-08-20,quitada,,,,,,
CT0007693,GC0012,CLI006089,PAR012,interno,smartphone,1800.0,15,0.238,150.96,2023-06-28,quitada,,,,,,
CT0007126,GC0053,CLI004706,PAR006,loja,CELULAR,7100.0,24,0.2363,371.66,2023-05-11,cancelada,2025-05-11,,,,,
CT0002417,GS0029,CLI001247,PAR008,correspondente,Servicos,34000.0,24,0.187,1709.92,2025-04-25,ativa,,,,,,
CT0002444,GA0055,CLI001699,PAR010,correspondente,Automóvel,97700.0,80,0.1794,1464.77,2023-11-22,ativa,,,,,,
CT0004146,GS0032,CLI001820,PAR009,,SERVICOS,22300.0,36,0.2112,762.66,2024-02-29,cancelada,2024-07-29,,,,,
CT0008514,GA0056,CLI006812,PAR010,correspondente,automovel,70500.0,72,0.1718,1166.97,2024-01-29,cancelada,2025-11-29,,,,,
CT0000122,GA0014,CLI003167,PAR001,digital,Auto,47000.0,80,0.1737,701.3,2026-04-21,ativa,,,,,,
CT0006978,GA0001,CLI001253,PAR001,digital,automovel,86200.0,72,0.1829,1440.14,2025-02-26,ativa,,,,,,
CT0003658,GC0016,CLI005143,PAR009,digital,celular,6600.0,12,0.2201,682.05,2023-12-04,cancelada,2024-02-04,,,,,
CT0007800,GI0013,CLI000307,PAR002,loja,Imóveis,562700.0,150,0.2062,4599.88,2025-04-11,ativa,,,,,,
CT0000847,GI0041,CLI003375,PAR003,correspondente,Imovel,584800.0,180,0.2109,3999.06,2025-10-29,ativa,,,,,,
CT0008534,GC0046,CLI000259,PAR007,digital,smartphone,7700.0,12,0.2305,802.4,2024-12-25,quitada,,CTP000907,GC0046,2025-02-25,lance_fixo,1925.0
CT0003602,GA0074,CLI004011,PAR001,digital,Automóvel,80200.0,80,0.1833,1206.31,2025-04-25,ativa,,,,,,
CT0005509,GC0034,CLI005887,PAR004,telemarketing,CELULAR,5700.0,12,0.2571,606.62,2024-04-13,cancelada,2024-11-13,,,,,
CT0000042,GA0077,CLI007178,PAR012,interno,Auto,128500.0,80,0.1734,1916.9,2025-10-23,cancelada,2026-04-23,,,,,
CT0006998,GA0030,CLI006399,PAR003,correspondente,Auto,98000.0,72,0.1644,1612.1,2025-06-02,ativa,,,,,,
CT0000270,GC0010,CLI001368,PAR004,telemarketing,Celular,7900.0,12,0.2471,834.17,2026-01-09,cancelada,2026-02-09,,,,,
CT0000842,GA0065,CLI001581,PAR002,loja,auto,55800.0,60,0.1652,1102.24,2026-07-22,ativa,,,,,,
CT0008183,GC0056,CLI003076,PAR009,digital,Celular,6100.0,12,0.2308,635.82,2026-06-24,ativa,,,,,,
CT0005911,GA0046,CLI003138,PAR007,digital,automovel,59400.0,72,0.1678,979.93,2025-08-04,ativa,,,,,,
CT0003657,GA0023,CLI006115,PAR002,loja,automovel,50000.0,72,0.1809,833.96,2024-12-25,ativa,,,,,,
CT0006822,GS0006,CLI006174,PAR012,interno,Serviços,28000.0,36,0.2083,955.34,2025-02-16,ativa,,,,,,
CT0006310,GA0055,CLI005248,PAR003,correspondente,auto,86000.0,80,0.1752,1284.84,2025-12-25,cancelada,2026-05-25,,,,,
CT0007782,GA0042,CLI004443,PAR002,loja,Automóvel,103900.0,60,0.1807,2079.21,2025-09-20,ativa,,,,,,
CT0005191,GA0087,CLI004527,PAR006,loja,Auto,58400.0,60,0.1662,1154.57,2025-07-18,cancelada,2025-12-18,,,,,
CT0001052,GA0080,CLI005857,PAR008,,Auto,114300.0,60,0.1641,2255.71,2025-06-30,contemplada,,CTP000112,GA0080,2025-11-30,sorteio,0.0
CT0000422,GA0010,CLI001663,PAR012,interno,Automóvel,63100.0,72,0.1692,1042.2,2024-12-20,ativa,,,,,,
CT0003570,GI0009,CLI003024,PAR005,bancario,Imovel,501100.0,180,0.2096,3423.07,2026-01-19,ativa,,,,,,
CT0005105,GS0008,CLI006546,PAR001,digital,servicos,17500.0,48,0.1962,443.41,2023-03-02,ativa,,,,,,
CT0007125,GS0018,CLI001065,PAR008,correspondente,servicos,32800.0,24,0.2109,1682.23,2026-04-13,cancelada,2026-08-13,,,,,
CT0007476,GC0010,CLI005433,PAR007,digital,Celular,5200.0,12,0.2122,533.95,2025-10-07,cancelada,2025-12-07,,,,,
CT0005164,GI0024,CLI005452,PAR010,correspondente,imoveis,521600.0,180,0.203,3543.98,2023-11-24,ativa,,,,,,
CT0006916,GA0089,CLI005030,PAR001,digital,automovel,46500.0,72,0.1689,767.83,2025-09-05,ativa,,,,,,
CT0004004,GA0021,CLI005745,PAR006,loja,auto,72400.0,80,0.1279,1038.85,2026-03-24,ativa,,,,,,
CT0003534,GS0002,CLI004565,PAR007,digital,SERVICOS,31800.0,36,0.2,1077.67,2025-07-09,cancelada,2025-12-09,,,,,
CT0005741,GA0018,CLI004074,PAR012,interno,AUTO,95500.0,72,0.1838,1596.71,2026-01-31,ativa,,,,,,
CT0008103,GA0047,CLI001342,PAR012,,automovel,116500.0,60,0.1657,2302.23,2023-08-12,contemplada,,CTP000857,GA0047,2024-01-12,lance_fixo,29125.0
CT0004825,GA0025,CLI002382,PAR002,loja,Automóvel,64400.0,72,0.1656,1060.45,2024-11-22,ativa,,,,,,
CT0008049,GA0086,CLI005844,PAR004,telemarketing,automovel,65100.0,60,0.158,1278.13,2024-06-29,ativa,,,,,,
CT0008339,GC0027,CLI002883,PAR007,,CELULAR,6800.0,15,0.242,572.11,2024-09-18,cancelada,2024-10-18,,,,,
CT0000353,GA0057,CLI003903,PAR010,correspondente,automovel,101900.0,60,0.1902,2055.32,2025-03-12,ativa,,,,,,
CT0008258,GI0016,CLI002777,PAR012,interno,Imóveis,268000.0,200,0.2001,1634.93,2024-11-10,ativa,,,,,,
CT0006547,GI0021,CLI005539,PAR008,correspondente,imóvel,454400.0,200,0.2073,2788.43,2025-07-12,ativa,,,,,,
CT0006425,GA0080,CLI003793,PAR001,,Auto,52000.0,60,0.1786,1038.79,2025-12-03,ativa,,,,,,
CT0002184,GC0018,CLI004076,PAR004,,smartphone,6000.0,12,0.2097,614.85,2025-06-22,quitada,,,,,,
CT0005644,GI0004,CLI005454,PAR008,correspondente,imóvel,596800.0,200,0.1985,3636.0,2026-02-01,ativa,,,,,,
CT0003374,GA0028,CLI003516,PAR002,loja,automovel,90100.0,72,0.1634,1480.89,2025-02-07,contemplada,,CTP000365,GA0028,2026-06-07,lance_fixo,22525.0
CT0002220,GA0009,CLI001500,PAR005,bancario,Auto,75800.0,80,0.1605,1118.52,2025-01-07,ativa,,,,,,
CT0002310,GC0028,CLI006789,PAR007,digital,smartphone,4900.0,18,0.2259,339.16,2025-02-26,cancelada,2025-04-26,,,,,
CT0005521,GS0027,CLI001040,PAR007,digital,serviço,17000.0,48,0.2073,434.67,2025-09-29,cancelada,2025-10-29,,,,,
CT0000269,GA0054,CLI004028,PAR012,interno,automovel,63200.0,72,0.1745,1048.51,2024-02-15,contemplada,,CTP000032,GA0054,2024-03-15,sorteio,0.0
CT0001594,GI0026,CLI000779,PAR011,correspondente,Imóveis,392400.0,150,0.2153,3231.54,2026-03-10,ativa,,,,,,
CT0003461,GA0035,CLI004015,PAR001,digital,automovel,72500.0,80,0.1615,1070.73,2025-02-23,ativa,,,,,,
CT0006718,GA0056,CLI004202,PAR006,loja,automovel,51200.0,72,0.1645,842.31,2023-11-16,cancelada,2025-05-16,,,,,
CT0004912,GC0031,CLI001460,PAR004,telemarketing,celular,5500.0,24,0.2546,292.1,2026-03-06,cancelada,2026-08-06,CTP000532,GC0031,2026-05-06,lance_livre,762.92
CT0001344,GC0022,CLI003470,PAR004,telemarketing,celular,5900.0,24,0.2299,307.27,2026-03-03,cancelada,2026-07-03,,,,,
CT0002034,GC0006,CLI006502,PAR006,loja,smartphone,7200.0,18,0.238,503.2,2024-11-10,quitada,,,,,,
CT0005671,GC0059,CLI005888,PAR007,digital,CELULAR,3300.0,12,0.2311,344.05,2024-07-16,cancelada,2025-07-16,,,,,
CT0000585,GC0062,CLI005971,PAR004,telemarketing,celular,5200.0,24,0.238,272.57,2025-03-08,cancelada,2026-06-08,,,,,
CT0007351,GS0019,CLI000140,PAR006,loja,servicos,23000.0,36,0.2124,787.37,2025-12-01,ativa,,,,,,
CT0006481,GA0081,CLI003185,PAR004,telemarketing,auto,110500.0,72,0.1657,1819.72,2025-07-11,cancelada,2025-09-11,,,,,
CT0005385,GS0018,CLI000630,PAR001,digital,Servicos,6600.0,24,0.2006,335.67,2023-10-18,cancelada,2023-11-18,,,,,
CT0007819,GC0005,CLI005580,PAR004,telemarketing,celular,6400.0,24,0.2282,332.85,2024-06-22,cancelada,2024-10-22,,,,,
CT0006064,GI0029,CLI006791,PAR005,bancario,Imóveis,461100.0,200,0.1952,2801.64,2025-08-18,ativa,,,,,,
CT0003736,GI0035,CLI005688,PAR005,bancario,Imóveis,379100.0,150,0.1875,3051.76,2026-05-08,ativa,,,,,,
CT0000074,GA0078,CLI005618,PAR001,digital,Auto,120900.0,72,0.1729,2003.08,2026-04-01,ativa,,,,,,
CT0002637,GC0036,CLI004733,PAR007,digital,celular,6500.0,24,0.2185,335.43,2024-12-07,cancelada,2025-09-07,,,,,
CT0005929,GA0042,CLI003710,PAR012,,Auto,78500.0,60,0.1556,1538.08,2024-03-18,ativa,,,,,,
CT0003065,GC0028,CLI000551,PAR009,digital,CELULAR,7100.0,18,0.241,497.39,2024-11-19,quitada,,CTP000331,GC0028,2025-09-19,sorteio,0.0
CT0005185,GS0027,CLI000215,PAR001,digital,servicos,13800.0,48,0.1986,350.35,2025-02-13,contemplada,,CTP000554,GS0027,2026-04-13,sorteio,0.0
CT0007075,GC0054,CLI006157,PAR009,digital,smartphone,6700.0,12,0.1968,679.38,2025-02-24,quitada,,,,,,
CT0001551,GC0031,CLI005730,PAR007,digital,smartphone,7600.0,24,0.2177,391.94,2024-10-09,cancelada,2025-01-09,,,,,
CT0001724,GA0036,CLI003676,PAR001,digital,Auto,83400.0,72,0.1695,1377.84,2024-10-01,cancelada,2026-02-01,,,,,
CT0004892,GA0003,CLI003170,PAR099,bancario,auto,48400.0,60,0.1755,964.37,2025-05-05,ativa,,,,,,
CT0002904,GA0045,CLI007096,PAR002,loja,Automóvel,64700.0,60,0.1705,1283.76,2023-07-24,cancelada,2024-03-24,,,,,
CT0005665,GA0013,CLI006774,PAR011,correspondente,auto,65800.0,72,0.186,1102.15,2025-12-21,ativa,,,,,,
CT0007667,GI0016,CLI004353,PAR003,correspondente,Imóveis,539200.0,200,0.218,3337.65,2025-10-07,ativa,,,,,,
CT0003021,GA0081,CLI003899,PAR005,bancario,Automóvel,116600.0,72,0.1489,1892.97,2026-01-06,ativa,,,,,,
CT0002021,GI0013,CLI002083,PAR003,correspondente,imóvel,507300.0,150,0.1968,4115.22,2025-04-18,ativa,,,,,,
CT0005512,GI0034,CLI004790,PAR010,correspondente,Imovel,282300.0,180,0.2087,1927.01,2025-02-16,ativa,,,,,,
CT0001370,GI0021,CLI002004,PAR004,telemarketing,imoveis,422700.0,200,0.1947,2567.27,2025-06-13,ativa,,,,,,
CT0000072,GC0024,CLI002293,PAR004,telemarketing,Celular,2100.0,12,0.2182,216.68,2025-04-21,cancelada,2025-06-21,,,,,
CT0006938,GS0011,CLI000155,PAR001,digital,servicos,9500.0,48,0.2018,241.81,2024-08-11,cancelada,2024-09-11,,,,,
CT0003362,GC0053,CLI002852,PAR007,digital,CELULAR,5200.0,24,0.2287,270.55,2025-06-01,cancelada,2025-07-01,,,,,
CT0005626,GI0020,CLI001850,PAR012,interno,imoveis,255500.0,180,0.1951,1724.77,2024-06-12,ativa,,,,,,
CT0001030,GA0069,CLI003104,PAR004,telemarketing,Auto,54100.0,80,0.172,806.09,2026-03-02,ativa,,,,,,
CT0003244,GC0002,CLI002609,PAR009,digital,CELULAR,3400.0,12,0.2288,353.83,2023-10-14,cancelada,2023-12-14,,,,,
CT0008054,GI0025,CLI007001,PAR001,digital,imóvel,182600.0,150,0.2011,1486.49,2024-10-15,cancelada,2025-02-15,,,,,
CT0006689,GS0009,CLI006223,PAR005,bancario,servicos,18800.0,48,0.2171,484.53,2026-02-06,ativa,,,,,,
CT0002857,GA0064,CLI000647,PAR005,bancario,automovel,78000.0,72,0.1467,1263.93,2024-09-02,ativa,,,,,,
CT0002488,GA0041,CLI005348,PAR002,loja,auto,95600.0,72,0.1766,1588.82,2023-02-25,ativa,,,,,,
CT0001629,GS0018,CLI006146,PAR007,,SERVICOS,14600.0,24,0.227,758.59,2025-01-09,cancelada,2025-12-09,,,,,
CT0000281,GA0047,CLI005649,PAR002,loja,auto,93500.0,60,0.1896,1884.96,2025-06-01,ativa,,,,,,
CT0000752,GC0031,CLI006604,PAR009,digital,Celular,7600.0,24,0.2217,393.2,2026-05-30,ativa,,,,,,
CT0000078,GS0003,CLI000372,PAR099,correspondente,servicos,34200.0,36,0.1853,1145.04,2024-01-08,cancelada,2024-04-08,,,,,
CT0000877,GC0020,CLI005684,PAR007,digital,celular,4500.0,24,0.246,237.38,2024-07-25,cancelada,2025-01-25,,,,,
CT0006451,GA0002,CLI001159,PAR002,,AUTO,52500.0,60,0.1905,1059.19,2025-01-14,contemplada,,CTP000677,GA0002,2025-02-14,lance_livre,21998.75
CT0002118,GS0005,CLI004400,PAR099,digital,servicos,7200.0,48,0.1985,182.78,2025-07-08,ativa,,,,,,
CT0003056,GA0008,CLI001714,PAR010,correspondente,Automóvel,90400.0,80,0.1797,1355.66,2025-01-18,ativa,,,,,,
CT0000683,GI0031,CLI003631,PAR001,digital,Imóveis,627600.0,200,0.1933,3807.34,2024-09-26,cancelada,2026-03-26,,,,,
CT0007350,GA0048,CLI004536,PAR002,loja,Automóvel,64300.0,80,0.1685,955.26,2024-05-22,contemplada,,CTP000772,GA0048,2024-10-22,sorteio,0.0
CT0000575,GA0002,CLI000491,PAR007,digital,automovel,106000.0,60,0.1661,2095.44,2025-02-02,cancelada,2025-06-02,,,,,
CT0001140,GA0003,CLI004791,PAR012,interno,automovel,125500.0,60,0.1732,2495.78,2023-03-10,ativa,,,,,,
CT0008201,GI0014,CLI005206,PAR008,correspondente,imoveis,474300.0,150,0.1788,3790.61,2025-01-31,ativa,,,,,,
CT0001284,GA0047,CLI005689,PAR002,loja,Automóvel,73200.0,60,0.1715,1453.63,2024-03-14,cancelada,2024-05-14,,,,,
CT0005483,GS0008,CLI000758,PAR004,telemarketing,servicos,30800.0,48,0.22,795.67,2023-09-05,ativa,,,,,,
CT0008592,GA0020,CLI002884,PAR099,loja,Automóvel,52300.0,80,0.1591,770.84,2026-07-24,ativa,,,,,,
CT0002375,GI0032,CLI006381,PAR002,loja,Imóveis,188300.0,180,0.1819,1257.32,2023-11-24,cancelada,2025-01-24,,,,,
CT0002678,GC0002,CLI000177,PAR004,telemarketing,smartphone,3600.0,12,0.2218,372.54,2025-06-16,cancelada,2025-09-16,,,,,
CT0007795,GC0063,CLI000224,PAR007,digital,smartphone,5100.0,15,0.2206,421.8,2025-06-18,cancelada,2026-08-18,,,,,
CT0003817,GI0015,CLI007065,PAR003,correspondente,Imóveis,494400.0,180,0.2013,3354.5,2025-10-31,ativa,,,,,,
CT0007094,GC0043,CLI002276,PAR007,digital,smartphone,8500.0,18,0.2383,594.2,2025-04-11,cancelada,2025-07-11,,,,,
CT0007357,GA0077,CLI002222,PAR012,interno,automovel,74100.0,80,0.1759,1107.7,2026-03-28,ativa,,,,,,
CT0007187,GS0029,CLI006462,PAR009,digital,SERVICOS,32800.0,24,0.2157,1688.79,2025-07-25,cancelada,2026-03-25,,,,,
CT0007516,GI0012,CLI006284,PAR002,loja,imoveis,301700.0,150,0.1986,2451.01,2025-09-07,ativa,,,,,,
CT0004513,GI0040,CLI003554,PAR005,bancario,imoveis,365400.0,200,0.2192,2264.02,2025-12-10,cancelada,2026-01-10,,,,,
CT0002178,GA0062,CLI002631,PAR002,loja,Auto,94900.0,60,0.1672,1877.75,2025-01-15,ativa,,,,,,
CT0000850,GC0028,CLI001416,PAR001,digital,celular,5700.0,18,0.2381,398.4,2025-10-11,ativa,,,,,,
CT0005772,GI0040,CLI006377,PAR005,bancario,Imóveis,334200.0,200,0.2197,2071.54,2023-05-26,ativa,,,,,,
CT0003486,GS0031,CLI005464,PAR007,digital,Servicos,28700.0,36,0.2194,988.08,2025-11-10,cancelada,2026-07-10,,,,,
CT0001818,GC0069,CLI000201,PAR007,,smartphone,2100.0,24,0.225,108.94,2025-02-20,cancelada,2025-06-20,,,,,
CT0007675,GC0015,CLI001502,PAR007,digital,Celular,5500.0,24,0.2396,288.66,2025-04-28,ativa,,,,,,
CT0007466,GC0021,CLI006467,PAR004,telemarketing,smartphone,5200.0,12,0.22,537.33,2024-10-25,quitada,,,,,,
CT0003252,GA0026,CLI003493,PAR001,digital,Auto,59900.0,72,0.1889,1005.74,2025-05-12,cancelada,2026-01-12,,,,,
CT0004751,GS0034,CLI003719,PAR001,digital,servicos,33000.0,36,0.1877,1107.06,2025-11-18,ativa,,,,,,
CT0004188,GA0034,CLI004125,PAR012,interno,AUTO,87700.0,80,0.1752,1310.24,2024-05-08,ativa,,,,,,
CT0000457,GC0020,CLI006402,PAR004,telemarketing,Celular,5800.0,24,0.2312,302.37,2024-04-21,cancelada,2024-07-21,,,,,
CT0000020,GI0007,CLI005752,PAR010,correspondente,Imovel,543800.0,150,0.1986,4417.83,2024-09-04,ativa,,,,,,
CT0002219,GI0019,CLI000071,PAR008,,Imóveis,354200.0,150,0.1997,2880.12,2026-04-17,ativa,,,,,,
CT0006901,GC0041,CLI006068,PAR004,telemarketing,Celular,8600.0,24,0.2165,443.08,2025-01-06,cancelada,2025-02-06,,,,,
CT0001995,GS0023,CLI006757,PAR001,,servicos,22300.0,24,0.195,1128.94,2026-03-04,ativa,,,,,,
CT0001669,GA0055,CLI000045,PAR012,interno,AUTO,48200.0,80,0.1616,711.91,2025-09-05,ativa,,,,,,
CT0004138,GI0019,CLI004412,PAR003,correspondente,imoveis,190500.0,150,0.1875,1533.53,2025-03-08,ativa,,,,,,
CT0000106,GA0087,CLI003626,PAR010,correspondente,automovel,121900.0,60,0.1879,2454.05,2024-02-05,cancelada,2024-05-05,,,,,
CT0000476,GA0060,CLI000014,PAR002,loja,AUTO,53200.0,80,0.1807,798.47,2025-08-17,cancelada,2025-12-17,,,,,
CT0001503,GC0068,CLI002319,PAR007,digital,smartphone,6900.0,24,0.2305,359.52,2025-03-05,cancelada,2025-04-05,,,,,
CT0002827,GI0034,CLI006956,PAR003,correspondente,IMOVEIS,296500.0,180,0.2081,2022.95,2025-01-31,ativa,,,,,,
CT0001826,GA0053,CLI002978,PAR006,loja,automovel,103100.0,80,0.1645,1526.52,2026-05-13,ativa,,,,,,
CT0001481,GC0016,CLI006488,PAR004,telemarketing,celular,6300.0,12,0.2413,662.18,2025-03-22,quitada,,,,,,
CT0000366,GA0079,CLI003325,PAR006,loja,Auto,108900.0,72,0.1651,1792.46,2024-01-14,contemplada,,CTP000046,GA0079,2026-06-14,sorteio,0.0
CT0000153,GS0025,CLI002274,PAR007,digital,Servicos,6600.0,48,0.184,165.55,2025-04-27,ativa,,,,,,
CT0005072,GI0018,CLI001057,PAR005,bancario,imoveis,323600.0,200,0.1934,1963.28,2024-07-12,contemplada,,CTP000540,GI0018,2025-12-12,sorteio,0.0
CT0006860,GA0047,CLI003867,PAR004,telemarketing,Automóvel,75200.0,60,0.1759,1498.86,2023-08-14,ativa,,,,,,
CT0001035,GC0019,CLI007068,PAR001,digital,Celular,8400.0,18,0.2316,584.08,2025-05-05,cancelada,2026-05-05,,,,,
CT0008147,GI0011,CLI006470,PAR008,correspondente,IMOVEIS,546300.0,200,0.1998,3331.88,2023-01-08,ativa,,,,,,
CT0008045,GA0010,CLI001986,PAR011,correspondente,auto,76200.0,72,0.1834,1273.6,2025-08-24,ativa,,,,,,
CT0004769,GC0056,CLI004376,PAR006,loja,celular,8700.0,12,0.2168,896.68,2025-12-20,ativa,,,,,,
CT0006441,GS0006,CLI003314,PAR009,digital,Serviços,13800.0,36,0.1908,464.14,2025-06-12,cancelada,2026-04-12,,,,,
CT0001476,GS0036,CLI005510,PAR001,digital,Serviços,9400.0,24,0.187,472.74,2024-07-07,cancelada,2024-09-07,,,,,
CT0004470,GA0076,CLI007088,PAR001,digital,auto,75400.0,72,0.1648,1240.75,2025-01-08,cancelada,2025-07-08,,,,,
CT0008176,GA0035,CLI003469,PAR001,digital,auto,84400.0,80,0.1848,1271.06,2026-06-24,cancelada,2026-07-24,,,,,
CT0005748,GA0077,CLI001784,PAR005,bancario,Auto,96800.0,80,0.1767,1448.01,2026-07-08,ativa,,,,,,
CT0006539,GC0059,CLI001106,PAR007,digital,Celular,8300.0,12,0.22,857.67,2025-05-24,cancelada,2026-03-24,,,,,
CT0004670,GA0000,CLI006723,PAR012,interno,AUTO,58100.0,60,0.1719,1154.16,2026-01-19,ativa,,,,,,
CT0006395,GC0051,CLI000221,PAR009,digital,Celular,7800.0,24,0.2226,403.84,2024-09-25,cancelada,2025-06-25,,,,,
CT0004687,GC0060,CLI002952,PAR007,digital,Celular,6100.0,24,0.2447,321.44,2025-11-07,ativa,,,,,,
CT0007727,GS0036,CLI006713,PAR008,correspondente,SERVICOS,10200.0,24,0.1911,514.72,2024-08-06,quitada,,,,,,
CT0002200,GI0021,CLI006735,PAR006,,Imovel,394200.0,200,0.1881,2381.17,2024-08-30,cancelada,2025-10-30,,,,,
CT0000895,GC0051,CLI005414,PAR004,,celular,7800.0,24,0.2321,406.93,2024-09-02,cancelada,2025-01-02,,,,,
CT0007131,GI0044,CLI000317,PAR006,loja,imóvel,206700.0,150,0.1842,1659.39,2023-07-24,ativa,,,,,,
CT0000615,GS0002,CLI005496,PAR011,correspondente,Servicos,18300.0,36,0.1753,607.61,2023-10-25,cancelada,2024-04-25,,,,,
CT0007599,GA0061,CLI003156,PAR005,bancario,AUTO,47300.0,80,0.1716,704.53,2025-01-18,ativa,,,,,,
CT0006521,GC0053,CLI001967,PAR012,interno,CELULAR,8400.0,24,0.2283,436.9,2025-01-06,contemplada,,CTP000684,GC0053,2025-04-06,sorteio,0.0
CT0004888,GS0010,CLI000127,PAR001,digital,Serviços,33100.0,24,0.1972,1678.72,2023-02-06,cancelada,2025-02-06,,,,,
CT0000157,GC0047,CLI006571,PAR009,digital,CELULAR,3200.0,15,0.1957,259.35,2024-11-26,cancelada,2025-02-26,CTP000020,GC0047,2025-02-26,lance_livre,1146.89
CT0004276,GS0035,CLI001369,PAR005,bancario,servicos,6800.0,24,0.1909,343.09,2023-07-26,cancelada,2024-12-26,,,,,
CT0000156,GA0080,CLI000148,PAR004,telemarketing,AUTO,69300.0,60,0.1514,1352.97,2026-06-16,ativa,,,,,,
CT0001022,GC0029,CLI003284,PAR009,digital,celular,6700.0,24,0.2371,350.94,2025-04-04,cancelada,2025-10-04,,,,,
CT0000356,GI0022,CLI003070,PAR003,correspondente,IMOVEIS,377500.0,200,0.211,2323.51,2023-04-30,ativa,,,,,,
CT0004896,GA0023,CLI001374,PAR002,loja,Auto,123400.0,72,0.1489,2003.36,2025-11-17,ativa,,,,,,
CT0000025,GI0037,CLI002092,PAR005,bancario,IMOVEIS,258100.0,200,0.1938,1566.41,2024-08-31,ativa,,,,,,
CT0007673,GA0040,CLI002111,PAR002,loja,automovel,87500.0,72,0.1661,1441.44,2024-06-05,ativa,,,,,,
CT0001100,GA0073,CLI001676,PAR001,digital,auto,89400.0,80,0.1569,1315.19,2023-10-26,ativa,,,,,,
CT0006026,GC0021,CLI002385,PAR009,digital,CELULAR,4500.0,12,0.2394,472.28,2026-01-03,cancelada,2026-05-03,,,,,
CT0003455,GC0054,CLI001322,PAR007,digital,smartphone,4700.0,12,0.2243,487.35,2025-04-27,cancelada,2026-01-27,,,,,
CT0003460,GC0015,CLI004110,PAR009,digital,Celular,7300.0,24,0.1991,370.81,2024-10-16,contemplada,,CTP000376,GC0015,2026-04-16,lance_livre,2204.48
CT0004334,GI0038,CLI004345,PAR001,digital,Imóveis,437900.0,150,0.1974,3554.0,2025-05-10,ativa,,,,,,
CT0006123,GI0031,CLI002432,PAR005,bancario,IMOVEIS,294000.0,200,0.2106,1808.98,2025-04-08,ativa,,,,,,
CT0003022,GA0052,CLI005878,PAR009,digital,Automóvel,91600.0,60,0.1904,1847.88,2026-02-05,ativa,,,,,,
CT0002093,GC0051,CLI005488,PAR005,bancario,smartphone,8700.0,24,0.2245,451.13,2024-04-28,quitada,,,,,,
CT0003391,GS0011,CLI002514,PAR012,interno,Serviços,32800.0,48,0.2061,837.84,2023-12-17,ativa,,,,,,
CT0001789,GC0003,CLI002226,PAR008,,smartphone,8200.0,12,0.2261,851.5,2024-01-25,quitada,,,,,,
CT0000382,GA0049,CLI005278,PAR005,bancario,AUTO,61100.0,60,0.1698,1211.61,2024-05-23,contemplada,,CTP000048,GA0049,2025-03-23,sorteio,0.0
CT0006158,GC0044,CLI001241,PAR004,telemarketing,smartphone,2600.0,12,0.2489,274.93,2025-12-27,ativa,,,,,,
CT0007788,GI0022,CLI004208,PAR011,correspondente,imóvel,337100.0,200,0.2214,2092.38,2025-03-24,ativa,,,,,,
CT0005519,GI0020,CLI006398,PAR012,interno,Imovel,365200.0,180,0.1881,2451.1,2026-02-20,ativa,,,,,,
CT0008558,GS0028,CLI001921,PAR002,loja,Serviços,32500.0,24,0.1991,1650.86,2025-06-17,contemplada,,CTP000909,GS0028,2026-07-17,sorteio,0.0
CT0004545,GI0032,CLI006567,PAR009,digital,imóvel,623000.0,180,0.1961,4209.06,2026-04-11,ativa,,,,,,
CT0004401,GI0041,CLI004114,PAR012,interno,Imovel,589700.0,180,0.1929,3973.6,2026-05-10,ativa,,,,,,
CT0000523,GC0018,CLI003557,PAR007,digital,CELULAR,4200.0,12,0.2184,433.44,2025-07-29,quitada,,,,,,
CT0001063,GC0021,CLI003789,PAR007,digital,celular,5900.0,12,0.2122,605.83,2025-08-26,quitada,,,,,,
CT0003539,GC0051,CLI000197,PAR004,telemarketing,CELULAR,5700.0,24,0.2139,293.05,2025-10-08,cancelada,2026-01-08,,,,,
CT0007724,GI0005,CLI001136,PAR008,correspondente,IMOVEIS,329000.0,200,0.1983,2004.1,2026-01-16,ativa,,,,,,
CT0003214,GA0089,CLI005635,PAR099,bancario,automovel,109900.0,72,0.1932,1851.81,2025-09-17,ativa,,,,,,
CT0003798,GS0037,CLI001172,PAR004,telemarketing,serviço,25800.0,48,0.2085,660.32,2024-04-17,cancelada,2025-01-17,CTP000407,GS0037,2024-12-17,sorteio,0.0
CT0001165,GC0053,CLI004445,PAR006,loja,Celular,7000.0,24,0.2298,364.53,2024-11-09,ativa,,,,,,
CT0002908,GC0012,CLI003601,PAR007,digital,Celular,8300.0,15,0.2391,696.7,2025-01-05,cancelada,2025-12-05,,,,,
CT0007743,GS0035,CLI005579,PAR012,interno,Servicos,23400.0,24,0.203,1192.42,2024-08-17,quitada,,,,,,
CT0007467,GC0064,CLI003511,PAR007,digital,Celular,5600.0,24,0.2329,292.34,2024-11-04,cancelada,2025-05-04,,,,,
CT0001354,GA0034,CLI003782,PAR009,digital,Automóvel,60900.0,80,0.1742,909.08,2023-10-07,cancelada,2023-12-07,,,,,
CT0006147,GA0030,CLI001240,PAR002,loja,Automóvel,54600.0,72,0.1673,900.37,2024-03-25,ativa,,,,,,
CT0006070,GS0028,CLI001002,PAR009,digital,SERVICOS,18200.0,24,0.2003,925.39,2023-09-17,cancelada,2025-09-17,,,,,
CT0005114,GC0025,CLI000122,PAR007,digital,celular,4700.0,15,0.2222,389.22,2025-02-27,cancelada,2025-06-27,,,,,
CT0005408,GA0068,CLI000004,PAR002,loja,Auto,120800.0,72,0.1468,1957.63,2025-05-02,ativa,,,,,,
CT0002217,GS0019,CLI000337,PAR001,digital,servicos,18700.0,36,0.2066,637.15,2023-05-26,cancelada,2023-12-26,,,,,
CT0004262,GA0019,CLI006908,PAR002,loja,auto,58200.0,60,0.1859,1169.72,2026-01-20,ativa,,,,,,
CT0007808,GA0063,CLI006576,PAR006,loja,Automóvel,85300.0,60,0.1695,1691.07,2025-05-09,cancelada,2025-10-09,,,,,
CT0003731,GS0003,CLI006062,PAR001,digital,Serviços,16400.0,36,0.2016,556.51,2023-09-03,ativa,,,,,,
CT0005125,GA0010,CLI001541,PAR005,bancario,AUTO,123600.0,72,0.1637,2032.02,2024-05-11,ativa,,,,,,
CT0004411,GA0039,CLI001495,PAR002,loja,Automóvel,123600.0,60,0.1669,2445.01,2025-02-10,ativa,,,,,,
CT0007032,GC0002,CLI002289,PAR003,correspondente,celular,7300.0,12,0.2245,757.07,2024-10-16,quitada,,,,,,
CT0000128,GA0023,CLI005051,PAR001,digital,AUTO,118100.0,72,0.1786,1966.04,2025-08-30,ativa,,,,,,
CT0005552,GA0058,CLI004355,PAR002,loja,Automóvel,84600.0,80,0.1905,1280.1,2025-11-09,ativa,,,,,,
CT0003875,GA0008,CLI002510,PAR002,loja,Automóvel,79700.0,80,0.1687,1184.24,2024-12-30,ativa,,,,,,
CT0005178,GS0023,CLI006611,PAR003,correspondente,servicos,10100.0,24,0.2066,516.19,2026-05-28,contemplada,,CTP000553,GS0023,2026-07-28,lance_livre,5028.73
CT0006128,GI0020,CLI003298,PAR003,correspondente,Imovel,396300.0,180,0.2034,2693.52,2024-10-26,ativa,,,,,,
CT0006375,GA0033,CLI004076,PAR006,loja,Auto,123600.0,60,0.1679,2447.07,2026-03-30,ativa,,,,,,
CT0003532,GS0001,CLI003749,PAR004,telemarketing,SERVICOS,9800.0,24,0.2031,499.43,2023-10-01,cancelada,2023-12-01,,,,,
CT0005757,GA0075,CLI004511,PAR002,loja,Automóvel,91300.0,60,0.1713,1812.76,2023-01-23,ativa,,,,,,
CT0003975,GA0067,CLI003398,PAR002,loja,auto,111000.0,80,0.1622,1640.3,2024-08-10,ativa,,,,,,
CT0006753,GA0012,CLI000008,PAR004,telemarketing,auto,79000.0,80,0.1576,1162.88,2023-05-02,cancelada,2025-12-02,CTP000712,GA0012,2023-08-02,sorteio,0.0
CT0004361,GC0025,CLI005607,PAR009,digital,Celular,5000.0,15,0.2145,411.5,2024-06-12,quitada,,,,,,
CT0005119,GS0007,CLI004853,PAR006,loja,Serviços,13400.0,24,0.179,669.44,2024-09-22,ativa,,,,,,
CT0007849,GS0020,CLI004107,PAR001,digital,serviço,24100.0,48,0.1915,608.27,2026-01-09,ativa,,,,,,
CT0006864,GS0036,CLI006356,PAR012,interno,servicos,28000.0,24,0.1958,1418.43,2023-08-17,cancelada,2023-09-17,,,,,
CT0003709,GI0013,CLI004394,PAR012,interno,imóvel,227200.0,150,0.2051,1855.62,2025-02-15,cancelada,2026-06-15,,,,,
CT0001133,GI0036,CLI005004,PAR010,correspondente,Imovel,242700.0,180,0.2092,1657.37,2024-09-23,ativa,,,,,,
CT0000910,GC0067,CLI001520,PAR004,telemarketing,CELULAR,3700.0,15,0.2509,313.49,2024-09-18,cancelada,2024-10-18,,,,,
CT0005727,GI0003,CLI001818,PAR003,correspondente,IMOVEIS,383900.0,150,0.2217,3177.92,2023-07-14,ativa,,,,,,
CT0004616,GA0060,CLI002169,PAR004,telemarketing,Automóvel,88800.0,80,0.1665,1317.02,2026-02-26,ativa,,,,,,
CT0004857,GA0083,CLI001928,PAR008,correspondente,AUTO,120300.0,60,0.1765,2398.98,2024-08-29,ativa,,,,,,
CT0007442,GC0024,CLI001260,PAR004,telemarketing,CELULAR,2600.0,12,0.2333,271.55,2025-05-25,quitada,,,,,,
CT0004589,GI0033,CLI004673,PAR001,digital,IMOVEIS,479400.0,200,0.1888,2897.49,2023-05-22,ativa,,,,,,
CT0002754,GA0037,CLI000279,PAR005,bancario,AUTO,75300.0,80,0.1597,1110.39,2026-04-01,ativa,,,,,,
CT0006118,GS0023,CLI004292,PAR001,digital,servicos,12100.0,24,0.1998,614.98,2024-12-19,cancelada,2025-06-19,,,,,
CT0001735,GA0006,CLI006150,PAR002,,Automóvel,118300.0,80,0.1829,1778.79,2024-07-23,ativa,,,,,,
CT0006964,GC0020,CLI000455,PAR006,loja,smartphone,5100.0,24,0.2129,261.99,2025-09-04,ativa,,,,,,
CT0006389,GI0027,CLI006869,PAR002,loja,Imovel,259200.0,150,0.2013,2110.41,2025-12-06,ativa,,,,,,
CT0001971,GA0006,CLI003491,PAR008,correspondente,automovel,117600.0,80,0.174,1755.18,2024-07-16,ativa,,,,,,
CT0004778,GS0015,CLI006508,PAR009,digital,SERVICOS,20200.0,24,0.2051,1031.13,2025-08-03,ativa,,,,,,
CT0002945,GA0039,CLI006461,PAR002,loja,Auto,45400.0,60,0.1804,908.3,2025-06-11,cancelada,2025-08-11,,,,,
CT0004843,GA0032,CLI005669,PAR005,bancario,AUTO,86100.0,60,0.1728,1711.67,2026-01-05,ativa,,,,,,
CT0003749,GS0030,CLI002723,PAR010,correspondente,Servicos,21000.0,36,0.2084,716.57,2026-02-22,ativa,,,,,,
CT0003797,GA0065,CLI004310,PAR007,digital,Auto,105800.0,60,0.1967,2145.45,2024-07-27,cancelada,2025-01-27,,,,,
CT0006705,GI0002,CLI005574,PAR001,digital,imóvel,251500.0,180,0.2036,1709.64,2025-09-29,ativa,,,,,,
CT0006196,GI0014,CLI004596,PAR005,bancario,imóvel,308800.0,150,0.2055,2522.9,2025-08-12,ativa,,,,,,
CT0000913,GI0002,CLI004182,PAR010,correspondente,imoveis,303600.0,180,0.2095,2073.76,2024-12-04,contemplada,,CTP000104,GI0002,2026-06-04,sorteio,0.0
CT0006830,GA0071,CLI006432,PAR009,digital,Auto,128400.0,72,0.1793,2138.75,2023-07-17,ativa,,,,,,
CT0001508,GI0022,CLI006502,PAR003,correspondente,Imovel,322600.0,200,0.1879,1948.34,2026-04-11,ativa,,,,,,
CT0005720,GC0017,CLI005202,PAR001,digital,CELULAR,7500.0,12,0.2349,784.31,2026-06-22,cancelada,2026-08-22,,,,,
CT0003341,GS0000,CLI003996,PAR006,loja,Serviços,22800.0,36,0.205,775.83,2026-04-16,ativa,,,,,,
CT0003300,GI0008,CLI004212,PAR006,loja,Imovel,381800.0,180,0.2051,2598.57,2025-11-17,ativa,,,,,,
CT0002617,GC0037,CLI000122,PAR004,telemarketing,CELULAR,6500.0,24,0.2042,331.55,2025-05-30,ativa,,,,,,
CT0005901,GC0026,CLI004655,PAR007,digital,CELULAR,8100.0,24,0.23,421.88,2025-03-02,cancelada,2026-04-02,CTP000625,GC0026,2025-12-02,sorteio,0.0
CT0008371,GC0031,CLI000299,PAR009,digital,Celular,7800.0,24,0.2428,410.41,2025-09-19,ativa,,,,,,
CT0008086,GI0041,CLI000331,PAR005,bancario,Imóveis,292000.0,180,0.2056,1988.2,2026-03-18,ativa,,,,,,
CT0003970,GS0018,CLI005829,PAR008,correspondente,Servicos,26200.0,24,0.2049,1337.18,2023-05-26,quitada,,,,,,
CT0001039,GI0043,CLI003181,PAR003,,imoveis,181700.0,150,0.1903,1466.08,2026-05-25,ativa,,,,,,
CT0003213,GA0061,CLI001514,PAR002,loja,auto,50100.0,80,0.1684,744.24,2025-07-02,ativa,,,,,,
CT0001763,GI0002,CLI000414,PAR006,loja,Imovel,546500.0,180,0.2091,3731.68,2023-11-22,contemplada,,CTP000197,GI0002,2025-11-22,sorteio,0.0
CT0006337,GA0075,CLI002461,PAR010,correspondente,auto,81400.0,60,0.1696,1613.89,2025-06-08,ativa,,,,,,
CT0000632,GA0030,CLI005797,PAR002,loja,Automóvel,124900.0,72,0.1778,2077.85,2024-11-06,ativa,,,,,,
CT0007027,GS0033,CLI007095,PAR010,correspondente,servicos,15500.0,48,0.1907,390.96,2025-04-16,cancelada,2025-07-16,,,,,
CT0005389,GA0013,CLI003672,PAR009,digital,AUTO,122100.0,72,0.1702,2018.38,2026-05-07,ativa,,,,,,
CT0007002,GC0026,CLI000555,PAR007,digital,Celular,8500.0,24,0.2148,437.32,2024-12-16,cancelada,2026-01-16,,,,,
CT0002024,GA0050,CLI004957,PAR005,bancario,automovel,87600.0,80,0.1522,1283.56,2025-09-22,ativa,,,,,,
CT0000089,GS0001,CLI001411,PAR001,digital,Servicos,32800.0,24,0.1987,1665.56,2024-01-25,cancelada,2024-02-25,,,,,
CT0005674,GS0039,CLI001969,PAR001,digital,serviço,27400.0,48,0.2033,698.3,2025-09-30,ativa,,,,,,
CT0000724,GI0025,CLI001795,PAR010,correspondente,IMOVEIS,371500.0,150,0.1806,2973.49,2025-07-03,ativa,,,,,,
CT0005623,GA0054,CLI000216,PAR005,bancario,automovel,123700.0,72,0.1605,2028.16,2025-05-06,cancelada,2026-06-06,CTP000599,GA0054,2026-01-06,sorteio,0.0
CT0007710,GA0071,CLI003109,PAR007,,Automóvel,46500.0,72,0.1528,757.43,2025-06-08,ativa,,,,,,
CT0004064,GI0000,CLI000941,PAR002,loja,IMOVEIS,348100.0,150,0.1871,2801.28,2025-05-21,ativa,,,,,,
CT0004207,GI0005,CLI005575,PAR003,correspondente,imóvel,632900.0,200,0.2073,3883.79,2024-05-09,ativa,,,,,,
CT0008097,GA0069,CLI004794,PAR002,loja,Automóvel,69700.0,80,0.1439,1014.05,2026-05-09,ativa,,,,,,
CT0001204,GC0067,CLI001591,PAR012,interno,smartphone,2200.0,15,0.2216,182.1,2024-06-28,quitada,,,,,,
CT0008421,GI0011,CLI005176,PAR005,bancario,Imóveis,189100.0,200,0.2156,1168.26,2025-12-27,ativa,,,,,,
CT0002925,GA0089,CLI000010,PAR002,loja,auto,51100.0,72,0.1731,846.77,2024-02-16,ativa,,,,,,
CT0005298,GA0087,CLI001083,PAR001,digital,Auto,84000.0,60,0.1677,1662.78,2025-07-22,cancelada,2025-12-22,,,,,
CT0003432,GA0036,CLI000624,PAR099,interno,automovel,119700.0,72,0.1846,2002.65,2023-12-24,contemplada,,CTP000372,GA0036,2024-12-24,sorteio,0.0
CT0006607,GA0055,CLI001674,PAR004,telemarketing,AUTO,82300.0,80,0.172,1226.27,2025-03-29,cancelada,2026-07-29,,,,,
CT0007821,GI0027,CLI001144,PAR011,correspondente,Imovel,247400.0,150,0.2112,2030.66,2023-02-06,cancelada,2024-10-06,,,,,
CT0006775,GA0075,CLI003880,PAR008,,automovel,55300.0,60,0.1736,1100.1,2026-04-01,cancelada,2026-08-01,,,,,
CT0006281,GA0029,CLI005628,PAR009,digital,Automóvel,80900.0,60,0.1705,1605.19,2025-08-27,cancelada,2026-01-27,,,,,
CT0007898,GA0035,CLI003248,PAR009,digital,automovel,58600.0,80,0.1787,878.05,2026-03-30,ativa,,,,,,
CT0003338,GC0009,CLI002182,PAR004,telemarketing,celular,2500.0,24,0.2237,129.55,2025-06-01,cancelada,2025-09-01,,,,,
CT0004600,GA0063,CLI001428,PAR012,interno,automovel,45900.0,60,0.179,917.24,2024-07-28,cancelada,2026-04-28,,,,,
CT0007733,GA0050,CLI000614,PAR002,loja,automovel,104600.0,80,0.1771,1565.21,2025-10-13,ativa,,,,,,
CT0006275,GI0017,CLI002238,PAR003,correspondente,Imovel,493200.0,150,0.2108,4046.87,2024-10-06,ativa,,,,,,
CT0007509,GC0065,CLI000166,PAR007,digital,CELULAR,7100.0,18,0.2339,494.59,2024-12-04,cancelada,2025-02-04,,,,,
CT0007494,GA0066,CLI005573,PAR005,bancario,AUTO,115300.0,72,0.1681,1902.61,2023-09-20,contemplada,,CTP000788,GA0066,2024-02-20,sorteio,0.0
CT0001261,GA0034,CLI004804,PAR001,digital,AUTO,96000.0,80,0.1696,1427.52,2024-09-20,cancelada,2024-12-20,,,,,
CT0003753,GA0015,CLI006776,PAR008,correspondente,Auto,48400.0,80,0.1596,713.66,2024-03-08,ativa,,,,,,
CT0007923,GC0060,CLI000499,PAR004,telemarketing,CELULAR,6300.0,24,0.2346,329.33,2025-05-21,cancelada,2025-07-21,,,,,
CT0006409,GC0011,CLI001033,PAR006,loja,celular,8600.0,12,0.2111,882.29,2024-04-23,quitada,,,,,,
CT0000319,GA0086,CLI001909,PAR002,loja,Auto,120400.0,60,0.1796,2407.2,2026-03-08,ativa,,,,,,
CT0005307,GS0017,CLI006907,PAR007,digital,SERVICOS,12300.0,36,0.1916,413.96,2024-12-12,ativa,,,,,,
CT0003545,GC0044,CLI001266,PAR007,digital,smartphone,4500.0,12,0.2327,469.76,2024-12-24,quitada,,,,,,
CT0000392,GC0051,CLI006374,PAR004,telemarketing,CELULAR,6400.0,24,0.2233,331.55,2026-03-26,ativa,,,,,,
CT0005297,GI0043,CLI001679,PAR011,correspondente,Imóveis,588500.0,150,0.1931,4759.4,2025-04-24,ativa,,,,,,
CT0005631,GA0048,CLI000581,PAR009,digital,Automóvel,63700.0,80,0.173,949.93,2024-03-14,cancelada,2024-06-14,,,,,
CT0001462,GI0014,CLI005010,PAR007,digital,Imóveis,629900.0,150,0.2089,5160.56,2024-11-28,cancelada,2025-05-28,,,,,
CT0002516,GA0078,CLI004087,PAR002,loja,Auto,121500.0,72,0.1697,2007.62,2024-01-04,contemplada,,CTP000275,GA0078,2024-10-04,lance_fixo,30375.0
CT0004287,GC0019,CLI001142,PAR007,digital,smartphone,8000.0,18,0.2362,558.31,2025-04-28,ativa,,,,,,
CT0002469,GC0006,CLI003860,PAR004,telemarketing,smartphone,3800.0,18,0.2289,263.66,2023-12-22,cancelada,2024-05-22,,,,,
CT0003340,GA0025,CLI005325,PAR012,,Auto,51900.0,72,0.1709,858.44,2024-02-28,contemplada,,CTP000357,GA0025,2024-09-28,lance_livre,21279.57
CT0008543,GS0023,CLI003333,PAR004,telemarketing,servicos,23600.0,24,0.1988,1198.49,2024-10-25,cancelada,2026-01-25,,,,,
CT0004385,GA0084,CLI006545,PAR001,digital,Auto,126800.0,60,0.1706,2516.13,2026-01-26,ativa,,,,,,
CT0006784,GA0045,CLI002595,PAR005,bancario,auto,80500.0,60,0.1714,1598.46,2025-06-22,ativa,,,,,,
CT0006027,GC0050,CLI000229,PAR001,digital,celular,6200.0,18,0.2214,427.59,2024-06-05,cancelada,2025-03-05,,,,,
CT0005954,GA0048,CLI003452,PAR005,bancario,auto,129100.0,80,0.1843,1943.44,2025-05-11,ativa,,,,,,
CT0004022,GI0033,CLI004320,PAR001,digital,imóvel,504400.0,200,0.2131,3109.88,2025-01-07,ativa,,,,,,
CT0000073,GI0013,CLI004339,PAR003,correspondente,Imovel,501200.0,150,0.204,4089.79,2025-08-07,ativa,,,,,,
CT0006306,GC0024,CLI005154,PAR008,correspondente,celular,2600.0,12,0.2265,270.07,2025-04-09,quitada,,,,,,
CT0005920,GC0042,CLI004782,PAR007,digital,celular,6700.0,12,0.2358,701.16,2025-03-01,cancelada,2025-11-01,,,,,
CT0003693,GA0072,CLI003355,PAR004,telemarketing,Automóvel,128200.0,60,0.1823,2568.91,2026-04-13,ativa,,,,,,
CT0004786,GC0033,CLI005233,PAR004,telemarketing,CELULAR,2300.0,15,0.2322,192.0,2026-03-04,ativa,,,,,,
CT0004159,GA0084,CLI004458,PAR001,digital,auto,54200.0,60,0.1918,1094.66,2026-01-28,ativa,,,,,,
CT0003704,GC0038,CLI000897,PAR007,digital,smartphone,7800.0,18,0.2208,537.68,2025-09-03,ativa,,,,,,
CT0007369,GI0006,CLI005524,PAR005,bancario,imóvel,434800.0,180,0.1999,2946.74,2025-06-17,ativa,,,,,,
CT0007948,GC0016,CLI004728,PAR004,telemarketing,CELULAR,2200.0,12,0.2334,229.79,2026-01-30,ativa,,,,,,
CT0005439,GC0030,CLI007104,PAR012,,CELULAR,8800.0,15,0.2339,735.62,2025-02-27,quitada,,,,,,
CT0007852,GA0012,CLI003504,PAR005,bancario,auto,47100.0,80,0.1615,695.61,2024-11-22,ativa,,,,,,
CT0005038,GI0035,CLI001294,PAR007,digital,imóvel,473300.0,150,0.2051,3865.6,2025-01-20,ativa,,,,,,
CT0004330,GA0017,CLI001549,PAR002,loja,auto,106400.0,60,0.1527,2079.59,2026-04-26,ativa,,,,,,
CT0003378,GA0066,CLI001351,PAR099,correspondente,Auto,118100.0,72,0.1799,1968.17,2023-06-08,contemplada,,CTP000367,GA0066,2023-11-08,sorteio,0.0
CT0004767,GA0064,CLI003089,PAR001,digital,AUTO,128800.0,72,0.1773,2141.84,2025-01-03,ativa,,,,,,
CT0002852,GA0042,CLI002804,PAR002,loja,automovel,68100.0,60,0.1687,1349.17,2025-01-10,cancelada,2025-11-10,,,,,
CT0000494,GS0022,CLI000276,PAR012,interno,SERVICOS,14800.0,24,0.2112,759.24,2024-12-03,cancelada,2025-01-03,,,,,
CT0001824,GC0062,CLI004924,PAR004,telemarketing,Celular,4900.0,24,0.2403,257.31,2025-01-14,cancelada,2025-10-14,,,,,
CT0003153,GC0058,CLI001678,PAR007,digital,Celular,7300.0,12,0.2249,757.31,2024-09-13,cancelada,2024-12-13,CTP000338,GC0058,2024-12-13,sorteio,0.0
CT0001324,GI0029,CLI002575,PAR099,interno,imoveis,580400.0,200,0.2134,3579.33,2024-11-17,ativa,,,,,,
CT0005015,GA0029,CLI000168,PAR002,loja,auto,101200.0,60,0.1491,1971.88,2023-03-13,ativa,,,,,,
CT0002879,GA0032,CLI000407,PAR001,digital,auto,129600.0,60,0.165,2559.6,2025-10-10,ativa,,,,,,
CT0002694,GS0011,CLI004454,PAR007,digital,Servicos,24100.0,48,0.1947,609.88,2025-06-14,ativa,,,,,,
CT0000918,GS0016,CLI007184,PAR010,correspondente,Servicos,6800.0,24,0.1879,342.24,2025-05-24,cancelada,2026-06-24,,,,,
CT0000086,GC0031,CLI005857,PAR009,digital,CELULAR,3600.0,24,0.2443,189.64,2024-07-08,cancelada,2025-06-08,,,,,
CT0008540,GC0006,CLI006188,PAR012,interno,smartphone,8200.0,18,0.2248,567.08,2025-12-11,ativa,,,,,,
CT0001427,GA0074,CLI004443,PAR012,interno,Auto,84600.0,80,0.1597,1247.53,2024-02-15,ativa,,,,,,
CT0005863,GA0064,CLI005307,PAR001,digital,automovel,62700.0,72,0.1756,1041.17,2025-08-01,ativa,,,,,,
CT0002057,GC0021,CLI002744,PAR002,loja,Celular,8800.0,12,0.2238,912.12,2024-03-31,quitada,,,,,,
CT0002018,GC0023,CLI003928,PAR099,digital,Celular,3700.0,18,0.2386,258.71,2024-10-03,cancelada,2025-06-03,,,,,
CT0003085,GS0038,CLI004885,PAR011,,Serviços,17600.0,36,0.2275,609.89,2026-05-18,ativa,,,,,,
CT0006861,GC0030,CLI001764,PAR001,digital,smartphone,7000.0,15,0.2522,593.69,2025-02-23,quitada,,,,,,
CT0007642,GI0038,CLI005823,PAR008,correspondente,Imovel,234600.0,150,0.1889,1890.72,2026-03-10,contemplada,,CTP000804,GI0038,2026-06-10,lance_livre,87579.88
CT0003258,GA0085,CLI005725,PAR005,bancario,auto,87400.0,60,0.1738,1738.97,2023-12-02,ativa,,,,,,
CT0005536,GA0014,CLI001649,PAR010,correspondente,Auto,87000.0,80,0.1893,1315.11,2026-06-27,ativa,,,,,,
CT0000036,GC0025,CLI006896,PAR004,,CELULAR,6200.0,15,0.2249,514.56,2023-05-30,cancelada,2023-10-30,,,,,
CT0002420,GI0014,CLI002828,PAR003,,IMOVEIS,646200.0,150,0.1825,5180.37,2025-12-11,ativa,,,,,,
CT0003826,GC0001,CLI002351,PAR001,digital,Celular,5800.0,24,0.2253,300.95,2024-08-14,cancelada,2024-12-14,,,,,
CT0008572,GA0079,CLI007026,PAR004,telemarketing,Auto,60300.0,72,0.1761,1001.73,2026-01-12,ativa,,,,,,
CT0005899,GC0017,CLI005240,PAR007,digital,Celular,4100.0,12,0.2402,430.57,2024-10-12,cancelada,2025-03-12,,,,,
CT0004874,GI0004,CLI005810,PAR003,correspondente,imoveis,472800.0,200,0.2058,2897.79,2026-07-03,ativa,,,,,,
CT0003205,GC0026,CLI005044,PAR012,interno,Celular,5300.0,24,0.2226,274.41,2024-07-16,cancelada,2024-12-16,,,,,
CT0007719,GC0042,CLI005008,PAR004,telemarketing,smartphone,7500.0,12,0.2225,776.56,2025-09-22,ativa,,,,,,
CT0002651,GA0053,CLI002109,PAR002,loja,AUTO,119000.0,80,0.1704,1770.72,2026-03-03,ativa,,,,,,
CT0007523,GC0060,CLI006755,PAR007,digital,CELULAR,5700.0,24,0.2078,291.6,2025-06-28,cancelada,2025-08-28,,,,,
CT0006867,GS0030,CLI004633,PAR001,digital,Serviços,33600.0,36,0.1985,1137.27,2023-09-27,cancelada,2023-10-27,,,,,
CT0006951,GA0086,CLI004217,PAR007,digital,automovel,92300.0,60,0.1626,1819.23,2025-02-14,cancelada,2025-09-14,,,,,
CT0006585,GC0029,CLI006286,PAR004,telemarketing,celular,5000.0,24,0.2436,263.25,2023-08-12,cancelada,2023-10-12,,,,,
CT0000501,GI0037,CLI006165,PAR005,bancario,Imóveis,424000.0,200,0.2023,2591.28,2026-03-03,ativa,,,,,,
CT0008429,GC0039,CLI005598,PAR007,digital,CELULAR,1900.0,12,0.2316,198.17,2025-02-07,cancelada,2025-07-07,,,,,
CT0002467,GC0019,CLI003699,PAR004,telemarketing,CELULAR,4000.0,18,0.2321,278.24,2024-09-01,cancelada,2025-03-01,,,,,
CT0007474,GI0044,CLI000967,PAR011,correspondente,imoveis,456400.0,150,0.1979,3705.66,2024-04-08,cancelada,2026-06-08,,,,,
CT0004579,GA0040,CLI002815,PAR006,loja,auto,52100.0,72,0.1592,853.28,2026-04-17,ativa,,,,,,
CT0004756,GC0053,CLI000000,PAR008,correspondente,CELULAR,2300.0,24,0.2139,118.25,2024-09-17,cancelada,2024-10-17,,,,,
CT0006985,GC0010,CLI004202,PAR006,loja,celular,1800.0,12,0.2303,187.54,2024-09-03,quitada,,CTP000736,GC0010,2024-12-03,lance_fixo,450.0
CT0001168,GC0060,CLI000816,PAR007,,CELULAR,2300.0,24,0.2237,119.19,2024-10-03,ativa,,,,,,
CT0006620,GA0076,CLI001076,PAR008,correspondente,automovel,79200.0,72,0.1683,1307.13,2026-06-05,ativa,,,,,,
CT0000398,GA0062,CLI000522,PAR002,loja,Automóvel,64000.0,60,0.1722,1271.68,2026-03-09,contemplada,,CTP000051,GA0062,2026-05-09,sorteio,0.0
CT0000988,GC0052,CLI002102,PAR007,digital,CELULAR,4200.0,12,0.2257,436.0,2025-07-05,cancelada,2025-11-05,,,,,
CT0003274,GS0003,CLI005985,PAR001,digital,serviço,28800.0,36,0.2048,979.84,2023-10-30,cancelada,2025-07-30,,,,,
CT0000146,GA0054,CLI003235,PAR004,telemarketing,Auto,69100.0,72,0.1792,1150.9,2025-04-25,contemplada,,CTP000015,GA0054,2026-05-25,sorteio,0.0
CT0000524,GC0034,CLI003293,PAR012,interno,celular,3800.0,12,0.2347,397.32,2025-02-11,quitada,,,,,,
CT0005960,GS0034,CLI006786,PAR003,correspondente,Servicos,8800.0,36,0.1773,292.67,2026-04-30,ativa,,,,,,
CT0007553,GC0052,CLI004174,PAR007,digital,celular,8600.0,12,0.2517,911.39,2025-01-17,cancelada,2025-02-17,,,,,
CT0000740,GA0074,CLI003723,PAR002,loja,Automóvel,58400.0,80,0.1662,865.93,2023-06-14,cancelada,2024-08-14,,,,,
CT0007063,GA0027,CLI005606,PAR001,digital,AUTO,50000.0,72,0.1676,824.72,2025-02-21,ativa,,,,,,
CT0001772,GS0002,CLI005994,PAR011,correspondente,Servicos,8700.0,36,0.202,295.32,2025-10-25,ativa,,,,,,
CT0007451,GC0007,CLI006741,PAR007,digital,Celular,8000.0,24,0.2441,421.37,2024-10-31,cancelada,2024-11-30,,,,,
CT0000728,GA0078,CLI002922,PAR002,,Automóvel,95600.0,72,0.1631,1570.89,2025-12-27,ativa,,,,,,
CT0003719,GI0042,CLI002764,PAR005,bancario,IMOVEIS,306300.0,150,0.1993,2489.81,2024-05-13,cancelada,2024-08-13,,,,,
CT0004927,GS0017,CLI003246,PAR008,correspondente,Serviços,21000.0,36,0.2029,713.36,2025-08-02,ativa,,,,,,
CT0003988,GC0014,CLI002628,PAR007,digital,CELULAR,3200.0,24,0.2313,166.84,2025-06-15,cancelada,2025-12-15,,,,,
CT0002915,GA0052,CLI007151,PAR002,loja,AUTO,129800.0,60,0.165,2563.55,2025-07-22,ativa,,,,,,
CT0006032,GC0044,CLI006036,PAR007,digital,smartphone,5300.0,12,0.2366,555.0,2025-04-26,cancelada,2025-09-26,,,,,
CT0000535,GS0021,CLI004351,PAR009,digital,SERVICOS,22800.0,36,0.1888,765.57,2023-08-22,quitada,,,,,,
CT0004145,GC0031,CLI001497,PAR006,loja,Celular,8700.0,24,0.2295,452.94,2025-02-22,cancelada,2025-07-22,CTP000458,GC0031,2025-03-22,sorteio,0.0
CT0005795,GS0036,CLI005173,PAR007,digital,SERVICOS,25000.0,24,0.1849,1255.1,2024-09-28,contemplada,,CTP000614,GS0036,2026-07-28,lance_livre,11889.79
CT0000371,GA0019,CLI000384,PAR010,correspondente,AUTO,69000.0,60,0.1697,1368.15,2024-11-04,ativa,,,,,,
CT0001019,GS0037,CLI002290,PAR012,interno,Servicos,8400.0,48,0.211,215.43,2025-04-24,contemplada,,CTP000110,GS0037,2026-07-24,sorteio,0.0
CT0005257,GC0007,CLI001649,PAR009,digital,CELULAR,3400.0,24,0.2587,181.15,2025-09-22,cancelada,2026-03-22,,,,,
CT0003547,GI0024,CLI006463,PAR010,correspondente,imoveis,429200.0,180,0.1922,2890.42,2025-05-29,ativa,,,,,,
CT0000326,GC0048,CLI006144,PAR005,bancario,Celular,5100.0,18,0.2226,352.07,2023-10-23,quitada,,,,,,
CT0004697,GI0029,CLI005035,PAR003,correspondente,imoveis,208600.0,200,0.2012,1273.71,2023-10-10,ativa,,,,,,
CT0006519,GA0079,CLI007184,PAR006,loja,automovel,70100.0,72,0.1619,1150.71,2024-10-07,contemplada,,CTP000683,GA0079,2025-10-07,lance_livre,35288.2
CT0000630,GC0068,CLI004557,PAR007,digital,celular,4200.0,24,0.2323,219.15,2025-08-17,cancelada,2026-05-17,,,,,
CT0004346,GA0004,CLI000798,PAR007,digital,Automóvel,72200.0,80,0.1812,1084.08,2024-10-09,cancelada,2025-01-09,,,,,
CT0001374,GC0026,CLI007143,PAR002,loja,CELULAR,7900.0,24,0.2112,405.27,2025-10-05,ativa,,,,,,
CT0006857,GC0053,CLI007111,PAR009,digital,Celular,6800.0,24,0.2391,356.75,2026-06-10,ativa,,,,,,
CT0002743,GC0009,CLI006439,PAR004,telemarketing,CELULAR,7500.0,24,0.2445,395.16,2024-01-21,cancelada,2025-04-21,,,,,
CT0002234,GA0024,CLI000465,PAR010,correspondente,auto,104500.0,72,0.1748,1734.12,2024-09-02,ativa,,,,,,
CT0001020,GC0009,CLI000051,PAR002,loja,celular,6100.0,24,0.2474,322.13,2024-06-30,cancelada,2024-10-30,,,,,
CT0004083,GI0017,CLI003585,PAR001,digital,imoveis,612000.0,150,0.2057,5000.86,2025-05-01,ativa,,,,,,
CT0004327,GA0053,CLI005669,PAR002,loja,auto,99800.0,80,0.1609,1473.17,2024-12-29,ativa,,,,,,
CT0001445,GA0048,CLI004644,PAR001,digital,auto,91600.0,80,0.1706,1363.24,2023-10-06,cancelada,2025-11-06,,,,,
CT0001855,GA0029,CLI005831,PAR008,correspondente,auto,46100.0,60,0.1739,917.31,2024-10-06,ativa,,,,,,
CT0007459,GI0039,CLI005641,PAR005,bancario,imoveis,256700.0,200,0.2245,1597.32,2025-05-26,ativa,,,,,,
CT0007760,GS0019,CLI006821,PAR006,loja,servicos,32300.0,36,0.1973,1092.19,2024-09-01,cancelada,2024-12-01,,,,,
CT0000068,GC0054,CLI005162,PAR002,loja,CELULAR,2600.0,12,0.2406,273.13,2024-04-06,cancelada,2025-03-06,,,,,
CT0001069,GA0036,CLI005688,PAR002,loja,Automóvel,85900.0,72,0.1756,1426.42,2025-04-08,ativa,,,,,,
CT0003743,GC0069,CLI002124,PAR007,digital,celular,4400.0,24,0.2184,227.04,2024-11-06,cancelada,2025-02-06,,,,,
CT0001266,GA0053,CLI006686,PAR002,loja,Automóvel,74200.0,80,0.1503,1085.45,2026-03-19,ativa,,,,,,
CT0006098,GI0031,CLI004489,PAR005,bancario,imóvel,237900.0,200,0.1898,1439.06,2025-04-28,ativa,,,,,,
CT0008127,GA0033,CLI006453,PAR010,correspondente,Auto,94300.0,60,0.1585,1852.21,2026-07-08,ativa,,,,,,
CT0005260,GA0024,CLI005186,PAR002,loja,AUTO,82400.0,72,0.1688,1360.52,2023-02-10,ativa,,,,,,
CT0007227,GI0029,CLI001832,PAR012,interno,Imovel,314100.0,200,0.2021,1919.31,2026-02-18,ativa,,,,,,
CT0000251,GS0007,CLI000798,PAR006,loja,Servicos,8400.0,24,0.1921,424.23,2026-07-03,ativa,,,,,,
CT0001167,GA0051,CLI002714,PAR008,correspondente,auto,69000.0,60,0.2013,1404.49,2026-03-04,ativa,,,,,,
CT0007560,GI0033,CLI001292,PAR008,correspondente,Imóveis,268500.0,200,0.203,1641.88,2023-08-16,cancelada,2026-02-16,,,,,
CT0004913,GC0000,CLI002400,PAR007,digital,Celular,2600.0,18,0.2192,179.0,2025-04-16,contemplada,,CTP000533,GC0000,2025-08-16,lance_livre,772.54
CT0002888,GA0020,CLI003671,PAR002,loja,Auto,88600.0,80,0.1706,1318.59,2023-01-20,cancelada,2024-07-20,,,,,
CT0008593,GA0073,CLI007178,PAR001,digital,Automóvel,83200.0,80,0.182,1250.08,2026-04-03,ativa,,,,,,
CT0002382,GC0002,CLI004374,PAR012,interno,Celular,2000.0,12,0.2346,209.1,2024-08-05,quitada,,,,,,
CT0005002,GC0018,CLI000196,PAR007,digital,Celular,4500.0,12,0.2489,475.84,2025-06-30,cancelada,2025-12-30,,,,,
CT0003279,GC0064,CLI006680,PAR007,digital,smartphone,3600.0,24,0.2169,185.53,2025-07-04,cancelada,2025-10-04,,,,,
CT0005287,GA0042,CLI002256,PAR007,digital,Automóvel,89900.0,60,0.1591,1766.68,2024-11-26,ativa,,,,,,
CT0000586,GS0038,CLI000318,PAR001,digital,SERVICOS,14200.0,36,0.1866,475.94,2023-12-05,cancelada,2024-04-05,,,,,
CT0004250,GC0019,CLI004246,PAR004,telemarketing,Celular,4300.0,18,0.2214,296.56,2025-11-08,cancelada,2025-12-08,,,,,
CT0003032,GA0072,CLI005445,PAR001,digital,Auto,95500.0,60,0.1616,1880.71,2025-03-06,ativa,,,,,,
CT0008068,GI0038,CLI001414,PAR010,correspondente,imóvel,412300.0,150,0.189,3323.14,2024-02-01,contemplada,,CTP000854,GI0038,2025-06-01,lance_livre,137247.27
CT0007658,GA0042,CLI006437,PAR012,,AUTO,85600.0,60,0.1756,1705.72,2026-05-29,ativa,,,,,,
CT0004939,GC0066,CLI004226,PAR007,digital,smartphone,4700.0,12,0.2416,494.13,2025-02-23,cancelada,2025-03-23,,,,,
CT0005820,GI0029,CLI002276,PAR009,digital,IMOVEIS,211600.0,200,0.1915,1281.77,2025-11-23,ativa,,,,,,
CT0003134,GC0034,CLI001751,PAR006,loja,Celular,3600.0,12,0.2382,377.46,2024-11-25,quitada,,,,,,
CT0007838,GA0076,CLI003285,PAR002,loja,Automóvel,52200.0,72,0.1688,861.88,2025-12-22,ativa,,,,,,
CT0004691,GS0022,CLI005730,PAR006,loja,servicos,6200.0,24,0.2141,318.81,2024-07-25,quitada,,,,,,
CT0004422,GC0032,CLI006156,PAR004,telemarketing,Celular,3100.0,18,0.242,217.34,2025-05-19,ativa,,,,,,
CT0002550,GS0004,CLI004127,PAR001,digital,SERVICOS,23300.0,36,0.1793,776.21,2023-11-13,contemplada,,CTP000281,GS0004,2024-06-13,sorteio,0.0
CT0003023,GC0010,CLI003652,PAR007,digital,Celular,6400.0,12,0.2352,669.44,2025-05-16,cancelada,2025-06-16,,,,,
CT0002826,GS0002,CLI004031,PAR002,loja,Servicos,12500.0,36,0.1876,419.31,2024-07-28,ativa,,,,,,
CT0002859,GA0061,CLI000721,PAR006,loja,Automóvel,72800.0,80,0.169,1081.99,2025-12-13,ativa,,,,,,
CT0002893,GC0022,CLI000138,PAR006,loja,Celular,6700.0,24,0.2284,348.51,2025-06-19,cancelada,2025-12-19,,,,,
CT0003321,GC0012,CLI002319,PAR009,digital,CELULAR,2700.0,15,0.2158,222.44,2025-01-07,quitada,,,,,,
CT0002235,GA0042,CLI007018,PAR005,bancario,automovel,72500.0,60,0.155,1419.79,2023-03-15,contemplada,,CTP000243,GA0042,2025-01-15,lance_livre,25824.84
CT0004270,GI0005,CLI005376,PAR011,correspondente,IMOVEIS,537400.0,200,0.2069,3296.68,2025-10-27,ativa,,,,,,
CT0007590,GA0033,CLI004258,PAR005,bancario,auto,125900.0,60,0.1594,2474.77,2023-12-20,ativa,,,,,,
CT0000125,GA0008,CLI003510,PAR099,correspondente,auto,128200.0,80,0.1591,1889.51,2026-05-21,ativa,,,,,,
CT0003668,GS0031,CLI006995,PAR009,digital,Servicos,8500.0,36,0.1832,284.09,2023-06-03,cancelada,2023-08-03,,,,,
CT0007892,GA0010,CLI004265,PAR099,telemarketing,Automóvel,84400.0,72,0.1525,1374.43,2026-04-29,ativa,,,,,,
CT0001915,GS0012,CLI004225,PAR004,telemarketing,Servicos,6500.0,36,0.1804,216.74,2023-09-12,cancelada,2024-01-12,,,,,
CT0004524,GI0034,CLI003041,PAR010,correspondente,imóvel,248200.0,180,0.2012,1683.9,2024-10-26,ativa,,,,,,
CT0002624,GA0017,CLI004683,PAR004,telemarketing,Auto,127800.0,60,0.188,2573.04,2025-08-25,cancelada,2026-04-25,,,,,
CT0004492,GA0028,CLI003659,PAR006,loja,auto,65700.0,72,0.1762,1091.53,2025-11-25,ativa,,,,,,
CT0004002,GS0029,CLI006002,PAR005,bancario,Servicos,26300.0,24,0.2004,1337.35,2023-04-17,quitada,,,,,,
CT0008398,GA0022,CLI004374,PAR002,loja,auto,109900.0,80,0.1754,1642.18,2023-03-08,cancelada,2023-11-08,,,,,
CT0005892,GA0044,CLI006167,PAR002,loja,automovel,63500.0,60,0.1488,1236.98,2025-06-21,ativa,,,,,,
CT0008530,GA0024,CLI002233,PAR002,loja,Automóvel,76700.0,72,0.157,1253.83,2025-04-27,cancelada,2026-01-27,,,,,
CT0006022,GC0045,CLI002972,PAR004,telemarketing,CELULAR,6400.0,18,0.2395,447.82,2025-08-05,cancelada,2025-09-05,,,,,
CT0007269,GI0012,CLI004599,PAR008,correspondente,Imovel,630700.0,150,0.1815,5051.91,2025-07-16,ativa,,,,,,
CT0005819,GS0011,CLI001490,PAR008,correspondente,Serviços,32200.0,48,0.2146,828.21,2025-03-19,ativa,,,,,,
CT0008291,GC0031,CLI007037,PAR004,,CELULAR,8900.0,24,0.2295,463.36,2024-06-13,cancelada,2024-10-13,,,,,
CT0008408,GI0023,CLI001520,PAR004,,Imovel,349600.0,200,0.2117,2153.01,2024-10-07,ativa,,,,,,
CT0002496,GA0086,CLI005339,PAR011,correspondente,Automóvel,116500.0,60,0.1675,2305.73,2025-06-20,ativa,,,,,,
CT0001213,GA0003,CLI005770,PAR009,digital,auto,57400.0,60,0.1564,1125.42,2024-07-20,cancelada,2024-10-20,,,,,
CT0006378,GA0057,CLI006409,PAR001,digital,Automóvel,64400.0,60,0.1613,1267.93,2024-01-31,ativa,,,,,,
CT0001662,GA0038,CLI001362,PAR012,interno,automovel,50900.0,72,0.175,844.8,2025-05-31,ativa,,,,,,
CT0001097,GI0018,CLI006911,PAR007,digital,IMOVEIS,506800.0,200,0.1947,3078.05,2025-05-13,cancelada,2025-07-13,,,,,
CT0002907,GC0069,CLI007033,PAR007,digital,CELULAR,6800.0,24,0.2328,354.96,2025-05-11,ativa,,,,,,
CT0004721,GS0010,CLI002433,PAR005,bancario,serviço,17000.0,24,0.2056,868.13,2025-01-01,cancelada,2025-07-01,,,,,
CT0005279,GA0012,CLI004303,PAR007,,AUTO,106900.0,80,0.1807,1604.44,2025-07-19,ativa,,,,,,
CT0003025,GI0025,CLI002315,PAR010,correspondente,Imóveis,386200.0,150,0.21,3166.84,2024-12-13,cancelada,2025-09-13,,,,,
CT0002921,GI0037,CLI000024,PAR010,correspondente,IMOVEIS,453600.0,200,0.1884,2740.65,2025-04-27,ativa,,,,,,
CT0000664,GA0071,CLI003994,PAR002,loja,Auto,55000.0,72,0.1537,896.58,2023-06-18,ativa,,,,,,
CT0007664,GC0013,CLI005589,PAR004,telemarketing,CELULAR,6100.0,18,0.2076,416.02,2025-10-28,cancelada,2025-11-28,,,,,
CT0000193,GA0014,CLI004934,PAR099,correspondente,Auto,95000.0,80,0.1539,1394.01,2023-09-23,ativa,,,,,,
CT0000209,GC0043,CLI000985,PAR007,digital,Celular,2900.0,18,0.2232,200.29,2024-09-02,cancelada,2024-12-02,,,,,
CT0004419,GC0059,CLI006631,PAR006,loja,Celular,2400.0,12,0.2238,248.76,2024-05-23,quitada,,,,,,
CT0008217,GC0043,CLI006704,PAR006,loja,celular,3000.0,18,0.2455,210.92,2023-01-25,quitada,,,,,,
CT0003353,GI0009,CLI001080,PAR001,digital,imoveis,314400.0,180,0.1954,2122.9,2026-06-02,ativa,,,,,,
CT0005678,GC0044,CLI004658,PAR004,telemarketing,CELULAR,6600.0,12,0.2252,684.86,2025-04-23,cancelada,2025-06-23,,,,,
CT0001605,GA0056,CLI004549,PAR008,correspondente,auto,94600.0,72,0.1945,1595.72,2025-03-13,ativa,,,,,,
CT0000345,GI0024,CLI000771,PAR004,telemarketing,Imóveis,633400.0,180,0.1887,4253.28,2024-08-29,contemplada,,CTP000043,GI0024,2026-01-29,lance_livre,267429.68
CT0000223,GI0036,CLI003680,PAR001,digital,IMOVEIS,297500.0,180,0.2079,2029.45,2024-02-19,cancelada,2024-07-19,,,,,
CT0007595,GC0025,CLI005484,PAR008,correspondente,Celular,4700.0,15,0.2162,387.34,2025-11-06,ativa,,,,,,
CT0008403,GC0022,CLI003727,PAR007,digital,celular,3100.0,24,0.2373,162.4,2024-12-22,cancelada,2025-12-22,,,,,
CT0007379,GA0017,CLI004207,PAR008,correspondente,AUTO,115700.0,60,0.1643,2283.73,2024-06-12,ativa,,,,,,
CT0001149,GS0024,CLI000080,PAR001,digital,Serviços,12500.0,36,0.1888,419.72,2024-05-22,cancelada,2025-01-22,CTP000122,GS0024,2024-07-22,lance_fixo,3125.0
CT0004297,GI0003,CLI001128,PAR008,correspondente,IMOVEIS,191300.0,150,0.2163,1576.69,2024-10-29,ativa,,,,,,
CT0006243,GA0080,CLI005309,PAR006,loja,automovel,111900.0,60,0.1778,2233.9,2023-09-10,ativa,,,,,,
CT0000351,GA0017,CLI005011,PAR006,loja,Automóvel,65700.0,60,0.1747,1308.2,2024-09-20,ativa,,,,,,
CT0006567,GC0043,CLI004126,PAR008,correspondente,CELULAR,3000.0,18,0.2256,207.6,2023-07-01,cancelada,2024-06-01,,,,,
CT0000765,GI0015,CLI000941,PAR011,correspondente,imóvel,471800.0,180,0.192,3176.79,2023-05-21,cancelada,2025-01-21,,,,,
CT0003350,GC0030,CLI004475,PAR004,telemarketing,CELULAR,7700.0,15,0.2038,628.22,2025-08-12,cancelada,2026-03-12,,,,,
CT0000389,GI0042,CLI003896,PAR099,correspondente,IMOVEIS,339100.0,150,0.2122,2785.59,2025-12-22,ativa,,,,,,
CT0003617,GS0018,CLI004579,PAR008,correspondente,Serviços,16700.0,24,0.1969,846.76,2025-07-17,ativa,,,,,,
CT0002696,GC0011,CLI006603,PAR012,interno,smartphone,7300.0,12,0.2354,763.7,2026-03-20,ativa,,,,,,
CT0002366,GS0026,CLI003256,PAR001,,Servicos,11900.0,48,0.2092,304.74,2024-01-08,ativa,,,,,,
CT0007825,GC0030,CLI006975,PAR009,digital,smartphone,8900.0,15,0.2426,749.14,2026-03-30,ativa,,,,,,
CT0003076,GA0050,CLI002274,PAR009,digital,automovel,95800.0,80,0.1801,1437.12,2024-08-10,ativa,,,,,,
CT0005167,GS0034,CLI001313,PAR009,,SERVICOS,6800.0,36,0.2171,233.67,2025-09-14,cancelada,2026-01-14,,,,,
CT0003876,GS0002,CLI004107,PAR009,digital,Serviços,11300.0,36,0.208,385.46,2025-04-24,ativa,,,,,,
CT0006715,GC0059,CLI001669,PAR006,loja,CELULAR,2400.0,12,0.2202,248.04,2023-05-28,quitada,,,,,,
CT0003410,GC0051,CLI003126,PAR007,digital,CELULAR,5700.0,24,0.2268,296.11,2025-04-11,cancelada,2026-05-11,,,,,
CT0002759,GI0017,CLI007128,PAR099,bancario,imoveis,513500.0,150,0.1892,4139.49,2024-08-19,ativa,,,,,,
CT0006492,GC0065,CLI004203,PAR009,digital,CELULAR,7300.0,18,0.2299,506.9,2026-02-03,ativa,,,,,,
CT0000139,GS0023,CLI001155,PAR008,correspondente,serviço,34500.0,24,0.1877,1736.07,2024-12-11,ativa,,,,,,
CT0002106,GC0022,CLI001358,PAR004,telemarketing,Celular,2400.0,24,0.2308,125.08,2024-11-03,cancelada,2025-07-03,,,,,
CT0001846,GA0059,CLI001379,PAR010,correspondente,AUTO,92400.0,60,0.1684,1830.14,2026-06-28,ativa,,,,,,
CT0007589,GC0066,CLI002751,PAR007,digital,celular,4400.0,12,0.2139,452.43,2025-07-18,cancelada,2025-12-18,,,,,
CT0006875,GI0015,CLI006158,PAR005,bancario,imóvel,495800.0,180,0.2102,3388.52,2026-05-08,ativa,,,,,,
CT0001709,GC0007,CLI000366,PAR007,digital,celular,5400.0,24,0.2294,281.12,2025-03-30,cancelada,2025-05-30,,,,,
CT0003562,GI0014,CLI002733,PAR011,correspondente,Imóveis,601700.0,150,0.1982,4886.61,2024-11-22,ativa,,,,,,
CT0003055,GI0027,CLI002591,PAR001,digital,Imovel,221900.0,150,0.1731,1764.99,2025-07-08,ativa,,,,,,
CT0002038,GA0063,CLI006279,PAR009,digital,auto,67700.0,60,0.1617,1333.35,2025-03-05,cancelada,2026-07-05,,,,,
CT0000342,GI0003,CLI002932,PAR003,correspondente,Imóveis,406600.0,150,0.1855,3267.71,2025-06-28,ativa,,,,,,
CT0000613,GI0032,CLI001252,PAR004,,Imóveis,457100.0,180,0.1883,3068.41,2023-07-09,ativa,,,,,,
CT0005141,GA0088,CLI000080,PAR009,digital,Auto,121800.0,80,0.1869,1837.51,2024-05-28,ativa,,,,,,
CT0006148,GI0007,CLI002939,PAR010,correspondente,Imóveis,195600.0,150,0.2106,1604.7,2023-12-12,cancelada,2025-10-12,,,,,
CT0004638,GI0036,CLI005343,PAR010,correspondente,IMOVEIS,459300.0,180,0.2121,3143.91,2026-02-05,ativa,,,,,,
CT0001142,GS0021,CLI000363,PAR005,bancario,serviço,30400.0,36,0.185,1017.56,2025-04-18,contemplada,,CTP000121,GS0021,2026-08-18,sorteio,0.0
CT0008153,GI0015,CLI000665,PAR008,correspondente,imoveis,541500.0,180,0.2093,3698.14,2025-03-01,ativa,,,,,,
CT0003698,GS0017,CLI003373,PAR007,digital,SERVICOS,15100.0,36,0.2126,517.01,2024-11-15,cancelada,2025-10-15,,,,,
CT0006359,GC0019,CLI000694,PAR001,digital,CELULAR,2700.0,18,0.2273,187.09,2026-07-14,contemplada,,CTP000665,GC0019,2026-08-14,sorteio,0.0
CT0008538,GS0015,CLI000074,PAR004,telemarketing,SERVICOS,28000.0,24,0.2035,1427.42,2025-07-09,cancelada,2026-01-09,,,,,
CT0002218,GA0032,CLI001008,PAR099,telemarketing,automovel,104200.0,60,0.1677,2062.64,2024-09-11,cancelada,2025-03-11,,,,,
CT0004295,GA0049,CLI002158,PAR007,digital,Auto,75500.0,60,0.1584,1482.82,2025-08-27,ativa,,,,,,
CT0003048,GI0010,CLI005125,PAR003,correspondente,Imovel,191300.0,180,0.2069,1303.92,2024-09-17,ativa,,,,,,
CT0006101,GI0039,CLI006291,PAR001,digital,Imóveis,385000.0,200,0.2149,2377.18,2023-10-26,ativa,,,,,,
CT0006835,GI0009,CLI001053,PAR001,digital,IMOVEIS,362700.0,180,0.1911,2440.37,2025-03-09,contemplada,,CTP000719,GI0009,2026-01-09,sorteio,0.0
CT0005360,GA0020,CLI005046,PAR002,loja,AUTO,124800.0,80,0.1604,1841.42,2025-11-27,ativa,,,,,,
CT0002157,GI0036,CLI004068,PAR006,loja,IMOVEIS,604700.0,180,0.2118,4138.16,2024-06-18,ativa,,,,,,
CT0005802,GC0049,CLI005148,PAR004,telemarketing,CELULAR,7900.0,24,0.2462,416.79,2024-12-17,cancelada,2025-01-17,,,,,
CT0004098,GC0050,CLI003114,PAR004,telemarketing,celular,6000.0,18,0.228,416.0,2026-07-09,ativa,,,,,,
CT0000771,GC0030,CLI003899,PAR007,digital,celular,4700.0,15,0.2528,398.81,2024-12-26,cancelada,2025-04-26,,,,,
CT0003752,GA0019,CLI002320,PAR001,digital,AUTO,54200.0,60,0.1811,1084.99,2025-05-17,contemplada,,CTP000401,GA0019,2026-01-17,sorteio,0.0
CT0007270,GS0023,CLI001890,PAR008,,serviço,29300.0,24,0.1822,1467.69,2024-08-03,cancelada,2025-12-03,,,,,
CT0000168,GA0043,CLI006110,PAR004,telemarketing,automovel,100900.0,72,0.1737,1672.84,2025-11-01,cancelada,2026-02-01,,,,,
CT0002418,GI0041,CLI002786,PAR003,correspondente,imoveis,331100.0,180,0.1832,2213.22,2025-02-25,ativa,,,,,,
CT0002164,GI0041,CLI000186,PAR001,,Imovel,387300.0,180,0.1876,2598.35,2026-05-20,ativa,,,,,,
CT0000421,GA0055,CLI000643,PAR009,digital,Automóvel,63800.0,80,0.1671,946.71,2025-11-22,cancelada,2025-12-22,,,,,
CT0007171,GI0029,CLI006811,PAR003,correspondente,imóvel,314400.0,200,0.2045,1924.91,2024-12-09,ativa,,,,,,
CT0006025,GC0026,CLI001268,PAR007,digital,Celular,7000.0,24,0.2271,363.74,2025-09-10,ativa,,,,,,
CT0005420,GA0027,CLI001625,PAR011,correspondente,auto,45900.0,72,0.1615,753.21,2023-06-30,ativa,,,,,,
CT0002263,GC0053,CLI003272,PAR004,telemarketing,Celular,5500.0,24,0.232,286.92,2024-03-04,cancelada,2026-01-04,CTP000247,GC0053,2024-07-04,sorteio,0.0
CT0002479,GC0008,CLI003232,PAR009,digital,CELULAR,2200.0,18,0.218,151.31,2025-02-27,quitada,,,,,,
CT0003646,GI0038,CLI005462,PAR001,digital,IMOVEIS,268200.0,150,0.211,2201.03,2025-09-09,ativa,,,,,,
CT0008210,GI0007,CLI003129,PAR003,correspondente,imóvel,622900.0,150,0.1859,5007.7,2026-02-25,ativa,,,,,,
CT0004273,GC0001,CLI002569,PAR004,telemarketing,smartphone,4100.0,24,0.2141,210.83,2025-06-26,cancelada,2025-08-26,,,,,
CT0007304,GA0009,CLI003114,PAR002,loja,Auto,83300.0,80,0.1552,1223.68,2025-11-05,ativa,,,,,,
CT0007594,GC0048,CLI001613,PAR001,digital,smartphone,4500.0,18,0.2209,310.23,2025-06-08,ativa,,,,,,
CT0004304,GI0009,CLI003292,PAR001,digital,imoveis,298600.0,180,0.204,2030.48,2024-03-02,cancelada,2026-02-02,,,,,
CT0003567,GA0068,CLI002805,PAR001,digital,AUTO,103700.0,72,0.1885,1740.58,2025-06-18,cancelada,2026-03-18,,,,,
CT0004065,GA0028,CLI005036,PAR002,loja,Auto,122100.0,72,0.1551,1992.77,2025-06-10,ativa,,,,,,
CT0006393,GS0034,CLI003365,PAR004,telemarketing,serviço,24100.0,36,0.1735,798.98,2025-04-04,cancelada,2025-07-04,,,,,
CT0002762,GS0029,CLI000469,PAR007,digital,serviço,26700.0,24,0.203,1360.59,2025-02-02,cancelada,2026-07-02,,,,,
CT0008061,GA0088,CLI000562,PAR005,bancario,automovel,97000.0,80,0.177,1451.36,2025-02-24,ativa,,,,,,
CT0008033,GI0033,CLI003643,PAR005,bancario,Imóveis,310000.0,200,0.1994,1890.07,2025-01-27,ativa,,,,,,
CT0003632,GA0026,CLI001200,PAR099,correspondente,Auto,128100.0,72,0.1636,2105.82,2024-07-16,ativa,,,,,,
CT0002740,GI0024,CLI005572,PAR005,bancario,imoveis,287600.0,180,0.2186,1979.01,2023-07-07,ativa,,,,,,
CT0006946,GA0070,CLI005813,PAR002,loja,automovel,84300.0,60,0.1827,1689.79,2026-03-05,ativa,,,,,,
CT0003619,GI0032,CLI000989,PAR003,correspondente,imoveis,435200.0,180,0.1898,2925.03,2023-08-16,contemplada,,CTP000390,GI0032,2024-03-16,lance_livre,144097.09
CT0002271,GC0066,CLI000466,PAR007,digital,CELULAR,2200.0,12,0.2033,224.27,2025-04-19,cancelada,2025-05-19,,,,,
CT0004904,GC0019,CLI003498,PAR007,digital,CELULAR,3700.0,18,0.2216,255.22,2025-03-05,cancelada,2025-04-05,,,,,
CT0005981,GA0060,CLI004805,PAR006,loja,AUTO,122500.0,80,0.1875,1848.98,2026-04-14,ativa,,,,,,
CT0006658,GS0003,CLI002829,PAR001,digital,Servicos,30800.0,36,0.1964,1040.7,2025-03-27,ativa,,,,,,
CT0000310,GC0018,CLI005711,PAR007,digital,celular,4900.0,12,0.2381,513.72,2025-08-11,cancelada,2026-02-11,,,,,
CT0002066,GC0045,CLI001120,PAR007,digital,smartphone,6300.0,18,0.2229,435.02,2025-03-14,cancelada,2025-04-14,,,,,
CT0005710,GS0021,CLI006013,PAR010,correspondente,Servicos,6900.0,36,0.1911,232.13,2024-12-06,cancelada,2025-03-06,,,,,
CT0000923,GA0072,CLI006436,PAR002,loja,auto,119400.0,60,0.164,2356.16,2025-07-14,ativa,,,,,,
CT0005706,GA0007,CLI000888,PAR008,correspondente,Automóvel,53000.0,72,0.1736,878.62,2025-06-07,ativa,,,,,,
CT0004858,GC0005,CLI001849,PAR004,telemarketing,Celular,3400.0,24,0.2255,176.45,2023-09-13,cancelada,2025-06-13,,,,,
CT0000984,GC0000,CLI006131,PAR007,digital,Celular,5100.0,18,0.2322,354.79,2024-11-01,cancelada,2025-03-01,,,,,
CT0006880,GA0084,CLI003020,PAR011,correspondente,AUTO,89200.0,60,0.144,1730.48,2024-07-29,contemplada,,CTP000726,GA0084,2026-05-29,lance_livre,33173.84
CT0000692,GA0011,CLI005094,PAR011,correspondente,auto,69100.0,72,0.1588,1131.32,2025-06-08,ativa,,,,,,
CT0007827,GC0020,CLI003556,PAR009,digital,CELULAR,8000.0,24,0.2222,414.07,2024-07-08,cancelada,2026-06-08,,,,,
CT0000217,GA0060,CLI005178,PAR007,digital,Auto,63000.0,80,0.1835,947.76,2025-02-02,ativa,,,,,,
CT0000876,GA0015,CLI000462,PAR002,loja,Automóvel,104600.0,80,0.1644,1548.6,2025-08-14,ativa,,,,,,
CT0004661,GA0006,CLI006176,PAR004,telemarketing,Auto,52200.0,80,0.1703,776.67,2026-01-05,ativa,,,,,,
CT0000678,GI0003,CLI003662,PAR005,bancario,Imóveis,646800.0,150,0.2068,5289.96,2024-11-12,ativa,,,,,,
CT0001260,GC0035,CLI002324,PAR007,digital,smartphone,3200.0,24,0.2393,167.91,2025-03-26,ativa,,,,,,
CT0005657,GS0014,CLI006110,PAR003,correspondente,Servicos,27200.0,36,0.1719,900.55,2024-02-22,contemplada,,CTP000601,GS0014,2024-04-22,sorteio,0.0
CT0003676,GS0034,CLI003620,PAR005,bancario,SERVICOS,6200.0,36,0.2169,213.02,2025-12-26,ativa,,,,,,
CT0005737,GS0024,CLI000385,PAR008,correspondente,servicos,26900.0,36,0.2159,923.49,2026-02-16,ativa,,,,,,
CT0002378,GA0089,CLI007065,PAR009,digital,AUTO,114600.0,72,0.1903,1926.39,2025-09-28,ativa,,,,,,
CT0003913,GI0022,CLI000755,PAR003,correspondente,imoveis,417800.0,200,0.2069,2562.99,2026-04-17,ativa,,,,,,
CT0004477,GI0002,CLI003702,PAR006,loja,imoveis,366600.0,180,0.1868,2457.85,2025-07-10,ativa,,,,,,
CT0000960,GA0066,CLI005114,PAR001,digital,Automóvel,79600.0,72,0.1809,1327.66,2025-02-13,ativa,,,,,,
CT0001016,GC0008,CLI005362,PAR004,telemarketing,smartphone,3100.0,18,0.2162,212.9,2023-07-02,quitada,,,,,,
CT0007339,GC0005,CLI002282,PAR004,telemarketing,celular,4700.0,24,0.2441,247.55,2024-12-24,cancelada,2025-06-24,,,,,
CT0002222,GI0007,CLI003282,PAR003,correspondente,Imovel,185800.0,150,0.209,1522.32,2024-03-05,contemplada,,CTP000242,GI0007,2024-09-05,sorteio,0.0
CT0008217,GC0043,CLI006704,PAR006,loja,celular,3000.0,18,0.2455,210.92,2023-01-25,quitada,,,,,,
CT0003309,GC0021,CLI000310,PAR007,digital,Celular,3900.0,12,0.2371,408.56,2025-03-09,cancelada,2025-04-09,,,,,
CT0004140,GI0011,CLI007072,PAR005,bancario,imóvel,290900.0,200,0.202,1777.4,2023-02-25,contemplada,,CTP000457,GI0011,2023-07-25,sorteio,0.0
CT0005866,GA0026,CLI006637,PAR003,correspondente,AUTO,68700.0,72,0.1566,1122.67,2024-08-22,cancelada,2025-10-22,,,,,
CT0002104,GA0044,CLI003724,PAR002,loja,automovel,80500.0,60,0.171,1597.92,2024-03-18,cancelada,2026-08-18,,,,,
CT0008063,GI0007,CLI006761,PAR003,correspondente,Imóveis,410900.0,150,0.2103,3370.2,2026-02-08,ativa,,,,,,
CT0001483,GA0077,CLI004429,PAR001,digital,auto,55200.0,80,0.1624,815.86,2024-07-07,ativa,,,,,,
CT0003112,GA0067,CLI001676,PAR002,loja,AUTO,99400.0,80,0.1726,1481.81,2025-01-24,ativa,,,,,,
CT0004409,GC0014,CLI004431,PAR007,digital,celular,3300.0,24,0.2481,174.36,2025-02-06,ativa,,,,,,
CT0001173,GI0012,CLI001769,PAR010,,imóvel,201500.0,150,0.2008,1639.94,2024-05-02,cancelada,2025-09-02,,,,,
CT0008212,GA0058,CLI001035,PAR002,loja,Automóvel,54200.0,80,0.1524,794.3,2026-07-22,ativa,,,,,,
CT0004046,GI0035,CLI001925,PAR099,bancario,imóvel,351300.0,150,0.2061,2871.53,2024-05-19,ativa,,,,,,
CT0006255,GC0035,CLI001953,PAR004,telemarketing,Celular,4600.0,24,0.226,238.82,2024-08-27,cancelada,2025-01-27,,,,,
CT0006996,GA0071,CLI005371,PAR006,loja,automovel,85800.0,72,0.1633,1410.1,2025-08-09,ativa,,,,,,
CT0000675,GC0027,CLI006233,PAR004,telemarketing,smartphone,5400.0,15,0.2109,443.12,2024-09-09,quitada,,,,,,
CT0008464,GA0005,CLI004046,PAR006,loja,Auto,83000.0,80,0.1629,1227.26,2024-08-12,cancelada,2025-10-12,,,,,
CT0001095,GA0059,CLI004310,PAR004,telemarketing,Auto,70900.0,60,0.1649,1400.16,2025-04-28,ativa,,,,,,
CT0005396,GI0013,CLI003247,PAR003,correspondente,imoveis,338700.0,150,0.1882,2728.12,2026-04-02,ativa,,,,,,
CT0001521,GS0026,CLI003555,PAR007,digital,Serviços,21400.0,48,0.1903,539.59,2025-04-14,cancelada,2026-07-14,,,,,
CT0003938,GC0015,CLI002065,PAR009,digital,smartphone,4500.0,24,0.2517,238.44,2024-12-08,cancelada,2025-02-08,,,,,
CT0001037,GA0020,CLI004586,PAR002,loja,Auto,79300.0,80,0.1654,1175.03,2024-01-26,ativa,,,,,,
CT0005369,GI0000,CLI002224,PAR003,correspondente,IMOVEIS,284800.0,150,0.209,2333.46,2024-02-19,ativa,,,,,,
CT0007608,GC0035,CLI005041,PAR006,loja,CELULAR,5700.0,24,0.2405,299.37,2023-12-29,cancelada,2025-06-29,,,,,
CT0004681,GS0001,CLI005790,PAR010,correspondente,serviço,16100.0,24,0.1965,816.07,2024-04-11,quitada,,,,,,
CT0002579,GI0011,CLI006532,PAR003,correspondente,Imovel,411600.0,200,0.1991,2508.91,2024-04-21,contemplada,,CTP000284,GI0011,2026-06-21,sorteio,0.0
CT0000702,GA0019,CLI000060,PAR002,loja,AUTO,127300.0,60,0.1599,2503.35,2025-07-14,ativa,,,,,,
CT0004618,GA0004,CLI003759,PAR004,telemarketing,auto,102800.0,80,0.1565,1511.8,2026-07-18,ativa,,,,,,
CT0000768,GS0022,CLI004883,PAR007,digital,servicos,12200.0,24,0.1983,619.3,2025-09-04,ativa,,,,,,
CT0003351,GI0017,CLI003248,PAR003,correspondente,imoveis,292200.0,150,0.2093,2394.68,2023-02-26,cancelada,2023-12-26,,,,,
CT0004447,GA0088,CLI005436,PAR001,digital,Automóvel,91000.0,80,0.1611,1343.5,2025-03-21,ativa,,,,,,
CT0005717,GC0037,CLI006218,PAR004,telemarketing,CELULAR,2600.0,24,0.2364,136.11,2025-08-10,cancelada,2026-03-10,,,,,
CT0000337,GA0062,CLI004516,PAR008,correspondente,automovel,101600.0,60,0.1511,1983.06,2026-07-05,ativa,,,,,,
CT0001071,GI0026,CLI006002,PAR003,correspondente,Imóveis,245400.0,150,0.1867,1974.16,2025-06-19,ativa,,,,,,
CT0004341,GA0025,CLI002393,PAR004,telemarketing,AUTO,50700.0,72,0.1575,829.16,2025-02-01,ativa,,,,,,
CT0008384,GS0019,CLI000442,PAR004,telemarketing,SERVICOS,30000.0,36,0.2262,1038.5,2026-05-08,cancelada,2026-07-08,,,,,
CT0003893,GI0022,CLI001203,PAR010,correspondente,IMOVEIS,570900.0,200,0.1973,3474.78,2024-03-21,cancelada,2024-07-21,,,,,
CT0007617,GS0005,CLI001003,PAR006,loja,serviço,16600.0,48,0.1853,416.83,2025-07-23,ativa,,,,,,
CT0000483,GA0007,CLI006580,PAR002,loja,automovel,113800.0,72,0.1838,1902.67,2025-07-16,ativa,,,,,,
CT0005897,GA0088,CLI006173,PAR001,digital,automovel,52200.0,80,0.1686,775.56,2024-03-13,contemplada,,CTP000624,GA0088,2026-04-13,sorteio,0.0
CT0000162,GC0027,CLI006024,PAR007,digital,CELULAR,6800.0,15,0.2354,569.11,2025-10-10,cancelada,2026-03-10,,,,,
CT0003200,GC0027,CLI002975,PAR009,digital,celular,3900.0,15,0.2396,327.5,2025-10-20,ativa,,,,,,
CT0003090,GA0004,CLI000683,PAR004,telemarketing,Auto,70600.0,80,0.1673,1047.79,2023-06-03,contemplada,,CTP000333,GA0004,2025-04-03,lance_livre,17357.93
CT0000836,GA0032,CLI005158,PAR002,loja,automovel,52100.0,60,0.1629,1027.15,2023-06-01,ativa,,,,,,
CT0003722,GS0038,CLI001481,PAR004,,Serviços,10900.0,36,0.1873,365.54,2023-10-18,cancelada,2023-12-18,,,,,
CT0003103,GC0027,CLI006768,PAR009,digital,celular,3200.0,15,0.2558,272.17,2025-03-01,cancelada,2025-04-01,,,,,
CT0001586,GI0008,CLI003376,PAR003,correspondente,Imóveis,272400.0,180,0.1733,1805.86,2026-02-10,ativa,,,,,,
CT0003337,GC0024,CLI000713,PAR006,loja,smartphone,8100.0,12,0.248,855.9,2023-11-21,cancelada,2023-12-21,,,,,
CT0008556,GA0036,CLI005622,PAR002,loja,Auto,45400.0,72,0.1694,749.98,2025-03-06,ativa,,,,,,
CT0004941,GI0026,CLI001438,PAR001,digital,IMOVEIS,481500.0,150,0.218,3973.98,2024-03-01,cancelada,2025-12-01,CTP000534,GI0026,2025-10-01,sorteio,0.0
CT0005760,GC0010,CLI004592,PAR007,,smartphone,3300.0,12,0.2297,343.67,2025-05-27,cancelada,2025-06-27,,,,,
CT0008594,GC0068,CLI000164,PAR001,digital,CELULAR,5300.0,24,0.2354,277.23,2023-09-17,quitada,,,,,,
CT0007762,GC0021,CLI006840,PAR009,digital,Celular,6400.0,12,0.2246,663.79,2026-02-03,ativa,,,,,,
CT0004788,GI0033,CLI001773,PAR010,correspondente,Imovel,508200.0,200,0.1893,3072.83,2024-05-21,ativa,,,,,,
CT0005055,GI0031,CLI006768,PAR009,digital,Imovel,642200.0,200,0.2106,3951.46,2024-05-07,cancelada,2024-10-07,,,,,
CT0002883,GS0026,CLI000966,PAR004,telemarketing,Serviços,27000.0,48,0.1949,683.38,2025-07-14,cancelada,2025-10-14,,,,,
CT0003655,GC0055,CLI000215,PAR099,loja,Celular,8100.0,24,0.2458,427.21,2025-11-13,cancelada,2025-12-13,,,,,
CT0004547,GI0005,CLI005960,PAR002,loja,Imóveis,379300.0,200,0.201,2315.63,2026-03-20,ativa,,,,,,
CT0004763,GC0024,CLI004601,PAR007,digital,celular,3500.0,12,0.2329,365.43,2025-03-30,quitada,,CTP000512,GC0024,2025-11-30,sorteio,0.0
CT0008388,GI0018,CLI005172,PAR003,correspondente,IMOVEIS,326300.0,200,0.1769,1952.74,2024-03-13,cancelada,2024-10-13,,,,,
CT0002731,GC0062,CLI003424,PAR012,interno,CELULAR,2100.0,24,0.208,107.45,2025-11-10,ativa,,,,,,
CT0001510,GA0070,CLI001018,PAR006,loja,automovel,63600.0,60,0.1846,1276.88,2025-02-16,cancelada,2025-05-16,,,,,
CT0002926,GI0021,CLI002716,PAR003,correspondente,imoveis,597900.0,200,0.1965,3636.73,2026-01-16,ativa,,,,,,
CT0006344,GC0011,CLI004267,PAR007,digital,smartphone,3200.0,12,0.228,332.8,2024-08-30,cancelada,2025-01-30,,,,,
CT0005578,GA0065,CLI001660,PAR004,telemarketing,Automóvel,56200.0,60,0.1687,1113.42,2024-12-17,contemplada,,CTP000594,GA0065,2025-10-17,lance_livre,7127.91
CT0005412,GI0042,CLI000831,PAR005,,imóvel,594600.0,150,0.1976,4826.57,2026-07-23,ativa,,,,,,
CT0004856,GA0056,CLI006555,PAR004,telemarketing,Auto,129000.0,72,0.1715,2134.77,2026-02-27,ativa,,,,,,
CT0008363,GS0028,CLI001966,PAR002,loja,servicos,32800.0,24,0.1827,1643.69,2025-11-17,ativa,,,,,,
CT0006624,GA0007,CLI004583,PAR008,correspondente,automovel,63000.0,72,0.1689,1040.29,2023-12-23,cancelada,2026-03-23,,,,,
CT0008501,GI0020,CLI002951,PAR003,correspondente,imóvel,642300.0,180,0.1897,4316.61,2025-08-05,ativa,,,,,,
CT0002489,GS0005,CLI003309,PAR009,digital,Serviços,34600.0,48,0.1952,875.96,2025-12-30,ativa,,,,,,
CT0002355,GA0018,CLI003857,PAR001,digital,Automóvel,104400.0,72,0.172,1728.4,2024-10-19,cancelada,2026-08-19,,,,,
CT0004877,GC0060,CLI001081,PAR005,bancario,smartphone,6300.0,24,0.2325,328.78,2024-11-29,cancelada,2025-10-29,,,,,
CT0000735,GI0041,CLI002227,PAR008,correspondente,IMOVEIS,499000.0,180,0.1849,3340.25,2025-10-03,ativa,,,,,,
CT0007132,GS0030,CLI006199,PAR001,digital,Serviços,6100.0,36,0.2102,208.45,2025-06-11,ativa,,,,,,
CT0001438,GC0033,CLI004805,PAR007,digital,smartphone,4900.0,15,0.2125,402.62,2025-04-22,cancelada,2025-08-22,,,,,
CT0003136,GS0002,CLI005052,PAR001,digital,serviço,12400.0,36,0.1992,419.95,2023-12-11,cancelada,2024-08-11,,,,,
CT0002119,GC0057,CLI002744,PAR008,correspondente,CELULAR,8600.0,24,0.2388,451.07,2023-05-02,quitada,,,,,,
CT0004708,GA0083,CLI006933,PAR006,loja,Automóvel,54900.0,60,0.1786,1096.72,2024-02-15,cancelada,2025-12-15,,,,,
CT0003149,GA0002,CLI005130,PAR005,bancario,automovel,82200.0,60,0.1919,1660.3,2024-02-04,cancelada,2024-07-04,,,,,
CT0005133,GI0042,CLI005896,PAR008,correspondente,imóvel,397500.0,150,0.2102,3260.03,2026-05-18,ativa,,,,,,
CT0000092,GS0023,CLI003373,PAR004,telemarketing,Serviços,8900.0,24,0.2203,459.94,2024-04-17,cancelada,2024-06-17,,,,,
CT0005068,GI0029,CLI005518,PAR001,digital,imoveis,352900.0,200,0.2118,2173.51,2026-02-26,ativa,,,,,,
CT0007104,GA0083,CLI004698,PAR006,loja,Automóvel,117400.0,60,0.1677,2323.93,2025-01-23,ativa,,,,,,
CT0001156,GA0062,CLI006979,PAR010,correspondente,auto,73400.0,60,0.1564,1439.13,2026-02-04,ativa,,,,,,
CT0006341,GA0056,CLI006212,PAR010,correspondente,AUTO,117400.0,72,0.1706,1941.34,2026-06-27,ativa,,,,,,
CT0007534,GC0001,CLI004736,PAR004,telemarketing,celular,2800.0,24,0.2257,145.33,2023-01-04,cancelada,2024-01-04,,,,,
CT0002628,GA0014,CLI004196,PAR012,interno,auto,50900.0,80,0.1566,748.61,2024-06-05,contemplada,,CTP000288,GA0014,2025-07-05,sorteio,0.0
CT0005937,GC0060,CLI000805,PAR001,digital,Celular,8600.0,24,0.233,448.99,2024-02-24,cancelada,2024-09-24,,,,,
CT0000055,GI0016,CLI000173,PAR005,bancario,imoveis,197300.0,200,0.2083,1211.72,2026-03-22,ativa,,,,,,
CT0007158,GS0014,CLI006142,PAR007,,Serviços,33800.0,36,0.2273,1171.08,2025-07-31,ativa,,,,,,
CT0000255,GS0012,CLI005386,PAR004,telemarketing,SERVICOS,22200.0,36,0.2185,763.74,2023-07-03,cancelada,2023-10-03,,,,,
CT0001308,GC0040,CLI001178,PAR007,digital,Celular,5800.0,15,0.2268,482.1,2025-10-10,cancelada,2026-01-10,,,,,
CT0004552,GA0062,CLI001095,PAR002,loja,automovel,122600.0,60,0.1471,2384.77,2026-06-23,ativa,,,,,,
CT0003015,GI0021,CLI001109,PAR005,bancario,imoveis,527800.0,200,0.2141,3256.79,2026-05-30,ativa,,,,,,
CT0003572,GI0026,CLI006638,PAR001,digital,imóvel,454700.0,150,0.1925,3675.49,2025-06-15,ativa,,,,,,
CT0002552,GI0021,CLI003607,PAR001,digital,imóvel,293700.0,200,0.2027,1795.53,2023-07-05,cancelada,2023-10-05,,,,,
CT0004300,GA0003,CLI001066,PAR004,telemarketing,Auto,58200.0,60,0.1572,1141.88,2026-03-30,ativa,,,,,,
CT0005627,GA0043,CLI003701,PAR001,digital,automovel,53600.0,72,0.1692,885.29,2026-05-13,ativa,,,,,,
CT0008533,GA0001,CLI003955,PAR008,correspondente,automovel,115000.0,72,0.1745,1907.88,2024-12-06,cancelada,2025-11-06,,,,,
CT0002847,GA0056,CLI006435,PAR009,digital,Auto,78300.0,72,0.1848,1310.22,2025-01-14,ativa,,,,,,
CT0002594,GC0011,CLI004230,PAR009,digital,Celular,8700.0,12,0.2099,891.68,2025-09-27,ativa,,,,,,
CT0004391,GA0067,CLI004158,PAR001,digital,auto,55000.0,80,0.1753,821.77,2025-03-03,ativa,,,,,,
CT0002784,GI0032,CLI004909,PAR003,,imóvel,582900.0,180,0.1732,3863.98,2025-02-17,ativa,,,,,,
CT0003762,GS0022,CLI002582,PAR099,correspondente,SERVICOS,17700.0,24,0.2217,915.75,2026-02-15,cancelada,2026-04-15,,,,,
CT0004141,GS0018,CLI006473,PAR005,bancario,Servicos,29200.0,24,0.1822,1462.68,2023-06-04,cancelada,2023-10-04,,,,,
CT0008311,GI0024,CLI000520,PAR001,digital,IMOVEIS,222000.0,180,0.1948,1498.25,2025-01-12,cancelada,2025-11-12,,,,,
CT0006746,GC0065,CLI000613,PAR007,digital,smartphone,6800.0,18,0.2315,472.79,2025-01-19,cancelada,2026-03-19,,,,,
CT0002912,GA0043,CLI004281,PAR004,telemarketing,Auto,121300.0,72,0.1736,2010.88,2025-10-27,ativa,,,,,,
CT0004861,GI0003,CLI004020,PAR012,interno,imoveis,412600.0,150,0.2141,3394.6,2023-03-11,contemplada,,CTP000525,GI0003,2023-04-11,sorteio,0.0
CT0003710,GI0038,CLI003964,PAR005,bancario,imóvel,383300.0,150,0.2004,3118.53,2026-02-22,ativa,,,,,,
CT0005445,GA0073,CLI000493,PAR012,interno,AUTO,71500.0,80,0.179,1071.61,2024-04-08,cancelada,2024-09-08,,,,,
CT0002013,GA0020,CLI004076,PAR010,correspondente,auto,65700.0,80,0.1738,980.41,2026-06-21,ativa,,,,,,
CT0007011,GA0037,CLI003903,PAR002,loja,Auto,58700.0,80,0.1648,869.35,2026-02-19,cancelada,2026-05-19,,,,,
CT0001526,GC0033,CLI007181,PAR009,,smartphone,2200.0,15,0.2047,179.62,2026-03-22,cancelada,2026-06-22,,,,,
CT0000782,GC0052,CLI001558,PAR008,,CELULAR,4700.0,12,0.2228,486.76,2025-06-23,quitada,,,,,,
CT0005487,GA0067,CLI006171,PAR002,loja,AUTO,96200.0,80,0.1574,1415.82,2024-11-10,ativa,,,,,,
CT0007644,GS0028,CLI004854,PAR008,correspondente,Serviços,22100.0,24,0.1981,1121.67,2025-06-29,cancelada,2025-12-29,,,,,
CT0002578,GI0007,CLI006000,PAR004,telemarketing,imóvel,619100.0,150,0.2084,5070.02,2025-06-19,ativa,,,,,,
CT0006343,GC0040,CLI003736,PAR007,digital,Celular,5000.0,15,0.2339,417.97,2025-09-18,cancelada,2025-12-18,,,,,
CT0004609,GC0002,CLI007047,PAR007,digital,CELULAR,3200.0,12,0.2365,335.07,2025-08-02,cancelada,2025-12-02,,,,,
CT0005600,GA0042,CLI005938,PAR010,correspondente,automovel,45900.0,60,0.1688,909.43,2025-06-09,ativa,,,,,,
CT0001054,GI0044,CLI002032,PAR003,correspondente,Imovel,289200.0,150,0.1992,2350.62,2024-06-29,ativa,,,,,,
CT0001294,GA0015,CLI005616,PAR007,digital,auto,128600.0,80,0.1697,1912.44,2025-04-01,ativa,,,,,,
CT0006626,GI0024,CLI001240,PAR010,correspondente,imóvel,624000.0,180,0.1986,4224.48,2025-01-18,ativa,,,,,,
CT0000957,GC0062,CLI005919,PAR004,telemarketing,Celular,6900.0,24,0.2182,355.98,2025-05-30,ativa,,,,,,
CT0006482,GS0001,CLI005110,PAR004,telemarketing,Serviços,30700.0,24,0.1801,1535.13,2025-05-02,cancelada,2025-07-02,,,,,
CT0003492,GI0003,CLI005806,PAR003,,Imóveis,350800.0,150,0.1943,2839.84,2023-11-01,ativa,,,,,,
CT0005332,GS0009,CLI006465,PAR008,correspondente,Servicos,18300.0,48,0.2018,465.81,2025-11-16,cancelada,2026-02-16,,,,,
CT0005996,GC0064,CLI001848,PAR009,digital,smartphone,2300.0,24,0.2334,120.12,2025-02-23,cancelada,2025-05-23,,,,,
CT0007625,GS0038,CLI002209,PAR012,interno,serviço,20200.0,36,0.2141,692.47,2025-02-26,ativa,,,,,,
CT0004729,GI0023,CLI003047,PAR001,digital,IMOVEIS,234500.0,200,0.2032,1434.2,2025-09-23,ativa,,,,,,
CT0006103,GI0024,CLI007134,PAR005,bancario,imoveis,564300.0,180,0.2187,3883.32,2024-01-21,cancelada,2024-02-21,,,,,
CT0006863,GA0011,CLI006317,PAR005,bancario,Automóvel,127300.0,72,0.149,2066.86,2025-07-20,ativa,,,,,,
CT0002318,GI0010,CLI001852,PAR002,loja,Imovel,588600.0,180,0.1827,3932.83,2026-03-26,ativa,,,,,,
CT0004116,GA0081,CLI004178,PAR001,digital,AUTO,109200.0,72,0.1706,1805.74,2024-04-12,contemplada,,CTP000452,GA0081,2025-10-12,lance_fixo,27300.0
CT0000417,GI0030,CLI002055,PAR001,digital,imoveis,345800.0,200,0.1966,2103.5,2024-01-13,contemplada,,CTP000053,GI0030,2026-05-13,lance_livre,79655.79
CT0000802,GA0018,CLI003940,PAR008,correspondente,auto,117300.0,72,0.1733,1944.08,2024-10-08,contemplada,,CTP000093,GA0018,2025-08-08,sorteio,0.0
CT0003526,GA0043,CLI001816,PAR010,correspondente,AUTO,97200.0,72,0.1624,1596.24,2025-03-27,contemplada,,CTP000381,GA0043,2025-06-27,lance_livre,43881.95
CT0003160,GA0025,CLI003609,PAR002,loja,automovel,68300.0,72,0.1816,1139.85,2026-03-24,ativa,,,,,,
CT0008585,GS0028,CLI003054,PAR003,correspondente,Serviços,11000.0,24,0.2,559.17,2024-10-21,cancelada,2025-01-21,,,,,
CT0002686,GC0010,CLI003596,PAR007,digital,CELULAR,6900.0,12,0.211,707.83,2025-04-04,cancelada,2025-06-04,,,,,
CT0005761,GC0021,CLI000590,PAR099,digital,CELULAR,6700.0,12,0.24,703.5,2025-02-23,cancelada,2025-03-23,,,,,
CT0002587,GS0036,CLI006735,PAR007,digital,Serviços,18200.0,24,0.1988,924.26,2024-07-23,cancelada,2025-01-23,,,,,
CT0005502,GA0062,CLI006420,PAR009,digital,AUTO,101100.0,60,0.1567,1982.74,2024-09-18,cancelada,2025-04-18,,,,,
CT0003509,GC0049,CLI002259,PAR004,telemarketing,Celular,7400.0,24,0.239,388.19,2025-12-04,cancelada,2026-05-04,,,,,
CT0006296,GA0049,CLI005438,PAR005,bancario,auto,81300.0,60,0.1618,1601.34,2026-02-15,cancelada,2026-05-15,,,,,
CT0006900,GI0031,CLI003314,PAR002,loja,imóvel,339200.0,200,0.1917,2055.04,2024-06-23,cancelada,2024-09-23,,,,,
CT0001615,GC0048,CLI003834,PAR004,telemarketing,CELULAR,6000.0,18,0.2087,409.57,2024-02-09,cancelada,2024-06-09,,,,,
CT0004520,GC0005,CLI000121,PAR004,telemarketing,celular,6200.0,24,0.2281,322.43,2025-07-07,cancelada,2025-08-07,,,,,
CT0007720,GI0017,CLI005066,PAR002,loja,IMOVEIS,312900.0,150,0.1969,2538.45,2025-02-16,ativa,,,,,,
CT0001864,GS0019,CLI005599,PAR008,correspondente,SERVICOS,26400.0,36,0.204,897.6,2025-10-27,ativa,,,,,,
CT0003882,GS0015,CLI002869,PAR006,loja,Serviços,20600.0,24,0.1996,1046.82,2025-06-23,ativa,,,,,,
CT0000952,GI0018,CLI006280,PAR010,correspondente,imoveis,378800.0,200,0.2117,2332.84,2023-10-04,ativa,,,,,,
CT0003922,GI0039,CLI002919,PAR011,correspondente,imoveis,565200.0,200,0.2019,3453.09,2023-10-02,contemplada,,CTP000421,GI0039,2026-01-02,sorteio,0.0
CT0002276,GA0031,CLI007111,PAR002,loja,Automóvel,47400.0,72,0.1658,780.65,2024-06-06,cancelada,2024-09-06,,,,,
CT0002352,GA0067,CLI001759,PAR006,loja,Automóvel,77500.0,80,0.1465,1130.05,2026-04-19,cancelada,2026-05-19,,,,,
CT0007274,GA0075,CLI006542,PAR002,loja,Auto,117700.0,60,0.1596,2313.98,2026-01-25,ativa,,,,,,
CT0000531,GA0013,CLI005427,PAR007,digital,auto,91400.0,72,0.1699,1510.51,2025-04-15,ativa,,,,,,
CT0005401,GI0040,CLI002509,PAR010,correspondente,IMOVEIS,604600.0,200,0.1955,3674.46,2023-02-12,cancelada,2023-05-12,,,,,
CT0008055,GC0010,CLI006264,PAR001,digital,celular,3800.0,12,0.2223,393.39,2025-03-30,quitada,,,,,,
CT0006551,GA0075,CLI001487,PAR006,,Automóvel,55000.0,60,0.168,1089.0,2024-12-29,ativa,,,,,,
CT0000906,GI0039,CLI000227,PAR004,telemarketing,Imovel,647100.0,200,0.2122,3986.78,2025-10-29,ativa,,,,,,
CT0002072,GS0036,CLI006282,PAR006,,Servicos,6100.0,24,0.1943,308.63,2026-03-16,ativa,,,,,,
CT0006455,GI0020,CLI005950,PAR011,correspondente,Imovel,330600.0,180,0.1741,2193.16,2025-08-21,contemplada,,CTP000678,GI0020,2025-12-21,sorteio,0.0
CT0001984,GA0053,CLI003811,PAR002,loja,Auto,127100.0,80,0.169,1889.02,2023-06-29,contemplada,,CTP000219,GA0053,2026-01-29,sorteio,0.0
CT0004521,GI0024,CLI007044,PAR005,bancario,Imovel,467700.0,180,0.2109,3198.29,2025-05-14,ativa,,,,,,
CT0003822,GC0011,CLI000326,PAR004,telemarketing,smartphone,8700.0,12,0.2235,901.54,2024-11-09,cancelada,2025-04-09,,,,,
CT0008078,GS0010,CLI005767,PAR001,digital,SERVICOS,8000.0,24,0.1891,403.03,2025-01-28,contemplada,,CTP000855,GS0010,2025-05-28,lance_fixo,2000.0
CT0007511,GA0044,CLI004344,PAR001,digital,Auto,74100.0,60,0.1877,1491.51,2026-03-15,ativa,,,,,,
CT0003671,GC0004,CLI003752,PAR009,,CELULAR,4100.0,12,0.235,428.79,2026-04-17,ativa,,,,,,
CT0004723,GS0030,CLI000645,PAR012,interno,servicos,22200.0,36,0.1919,747.34,2024-01-20,ativa,,,,,,
CT0000303,GA0075,CLI003929,PAR002,loja,automovel,120300.0,60,0.1725,2390.96,2024-03-17,ativa,,,,,,
CT0006166,GI0017,CLI000548,PAR012,interno,IMOVEIS,375300.0,150,0.2183,3098.23,2023-12-15,ativa,,,,,,
CT0004923,GA0070,CLI000447,PAR001,digital,Automóvel,114800.0,60,0.157,2251.99,2024-06-29,cancelada,2025-09-29,,,,,
CT0007790,GI0017,CLI002315,PAR003,correspondente,IMOVEIS,291000.0,150,0.206,2378.44,2026-04-02,ativa,,,,,,
CT0003330,GA0041,CLI003841,PAR012,interno,Auto,95200.0,72,0.1607,1561.15,2024-04-01,ativa,,,,,,
CT0007411,GA0030,CLI000029,PAR001,digital,Auto,62500.0,72,0.1574,1022.05,2024-06-11,ativa,,,,,,
CT0005310,GA0003,CLI004252,PAR005,bancario,AUTO,74000.0,60,0.1669,1463.84,2024-10-11,contemplada,,CTP000571,GA0003,2025-06-11,sorteio,0.0
CT0007070,GA0062,CLI002342,PAR008,correspondente,Automóvel,83500.0,60,0.1571,1638.13,2023-03-06,cancelada,2024-01-06,,,,,
CT0008497,GI0026,CLI000913,PAR011,correspondente,imoveis,192500.0,150,0.1785,1538.08,2025-08-06,ativa,,,,,,
CT0005070,GS0023,CLI001991,PAR012,,Serviços,20900.0,24,0.2248,1084.01,2024-07-07,quitada,,,,,,
CT0006983,GC0008,CLI004884,PAR007,digital,Celular,2300.0,18,0.213,157.55,2025-04-14,cancelada,2025-12-14,,,,,
CT0005289,GI0021,CLI000030,PAR001,digital,IMOVEIS,549700.0,200,0.1921,3331.46,2023-11-30,ativa,,,,,,
CT0008313,GA0075,CLI000019,PAR001,digital,automovel,114200.0,60,0.1717,2268.2,2023-01-07,cancelada,2024-04-07,,,,,
CT0006930,GI0038,CLI006871,PAR006,loja,IMOVEIS,302400.0,150,0.1947,2448.84,2024-11-19,contemplada,,CTP000732,GI0038,2026-03-19,lance_fixo,75600.0
CT0003336,GA0028,CLI002187,PAR001,digital,AUTO,77200.0,72,0.1653,1270.9,2025-10-12,ativa,,,,,,
CT0003548,GS0018,CLI003563,PAR005,bancario,serviço,6800.0,24,0.217,350.48,2023-08-02,quitada,,,,,,
CT0001377,GS0032,CLI004510,PAR003,correspondente,serviço,34900.0,36,0.1992,1181.95,2025-10-30,ativa,,,,,,
CT0007802,GC0031,CLI005239,PAR007,digital,celular,7700.0,24,0.2361,403.0,2025-07-05,cancelada,2026-07-05,,,,,
CT0004852,GI0031,CLI004693,PAR006,loja,IMOVEIS,459100.0,200,0.207,2816.58,2023-09-22,cancelada,2023-12-22,,,,,
CT0006779,GA0039,CLI003578,PAR001,digital,AUTO,69900.0,60,0.157,1371.21,2024-04-29,ativa,,,,,,
CT0000786,GI0026,CLI006930,PAR004,telemarketing,Imóveis,205500.0,150,0.1985,1669.35,2024-08-05,cancelada,2026-07-05,,,,,
CT0003497,GA0037,CLI002497,PAR009,digital,automovel,127200.0,80,0.1405,1845.2,2026-01-03,ativa,,,,,,
CT0002014,GS0006,CLI004927,PAR012,,SERVICOS,13100.0,36,0.222,451.95,2024-10-09,ativa,,,,,,
CT0006446,GC0009,CLI000050,PAR008,,CELULAR,2300.0,24,0.2291,119.71,2024-08-27,quitada,,,,,,
CT0008333,GI0044,CLI003236,PAR002,loja,Imovel,216500.0,150,0.1849,1739.07,2023-10-09,ativa,,,,,,
CT0004791,GC0063,CLI003731,PAR007,digital,smartphone,7700.0,15,0.2181,635.56,2025-07-30,cancelada,2026-06-30,,,,,
CT0006002,GI0030,CLI003369,PAR005,bancario,Imovel,520400.0,200,0.1962,3164.55,2026-01-16,ativa,,,,,,
CT0002461,GA0030,CLI005704,PAR001,digital,auto,48300.0,72,0.1785,803.99,2024-10-25,ativa,,,,,,
CT0002774,GI0000,CLI004768,PAR003,correspondente,Imóveis,513900.0,150,0.1965,4167.73,2023-02-25,contemplada,,CTP000305,GI0000,2023-10-25,sorteio,0.0
CT0002211,GA0028,CLI002414,PAR007,digital,Automóvel,93200.0,72,0.157,1523.56,2025-05-17,ativa,,,,,,
CT0003785,GS0013,CLI002941,PAR002,loja,Serviços,33000.0,36,0.1995,1117.88,2023-11-16,cancelada,2025-12-16,,,,,
CT0007984,GC0054,CLI002887,PAR007,digital,CELULAR,8500.0,12,0.2367,890.16,2025-03-07,cancelada,2025-05-07,,,,,
CT0005292,GA0039,CLI003974,PAR006,loja,automovel,46900.0,60,0.1645,925.88,2026-01-30,ativa,,,,,,
CT0004490,GA0049,CLI005825,PAR004,telemarketing,auto,54700.0,60,0.1759,1090.26,2024-05-28,cancelada,2025-07-28,,,,,
CT0007164,GC0058,CLI003653,PAR001,digital,celular,7200.0,12,0.2517,763.02,2025-02-02,quitada,,CTP000755,GC0058,2026-01-02,sorteio,0.0
CT0002598,GA0020,CLI000809,PAR002,loja,auto,123900.0,80,0.174,1849.21,2025-01-24,ativa,,,,,,
CT0003167,GA0021,CLI003750,PAR002,loja,Automóvel,93900.0,80,0.1671,1393.36,2024-03-08,ativa,,,,,,
CT0002258,GA0006,CLI004129,PAR012,interno,auto,80000.0,80,0.1745,1194.5,2023-10-12,ativa,,,,,,
CT0001622,GC0036,CLI003233,PAR007,digital,smartphone,6300.0,24,0.2301,328.15,2024-10-20,cancelada,2024-12-20,,,,,
CT0001303,GI0035,CLI005671,PAR003,correspondente,Imóveis,365900.0,150,0.2203,3025.51,2023-06-03,cancelada,2025-02-03,CTP000142,GI0035,2024-04-03,sorteio,0.0
CT0007985,GI0023,CLI003909,PAR008,correspondente,Imovel,615600.0,200,0.1903,3725.3,2026-05-16,ativa,,,,,,
CT0007889,GI0040,CLI004300,PAR006,,IMOVEIS,181600.0,200,0.2041,1111.48,2025-04-07,ativa,,,,,,
CT0008155,GA0038,CLI000834,PAR005,bancario,auto,58800.0,72,0.1745,975.51,2024-11-29,ativa,,,,,,
CT0002273,GC0044,CLI004967,PAR004,telemarketing,Celular,4100.0,12,0.2295,426.91,2024-08-07,cancelada,2025-05-07,,,,,
CT0001492,GS0017,CLI006279,PAR004,telemarketing,serviço,23800.0,36,0.1943,802.79,2024-10-07,ativa,,,,,,
CT0002823,GA0072,CLI003785,PAR012,interno,automovel,129200.0,60,0.1569,2534.26,2024-07-12,ativa,,,,,,
CT0008493,GA0008,CLI000032,PAR007,digital,automovel,61100.0,80,0.1535,896.26,2024-07-28,cancelada,2026-05-28,,,,,
CT0001189,GI0024,CLI006300,PAR008,correspondente,Imovel,432800.0,180,0.2116,2961.31,2024-07-05,cancelada,2024-10-05,,,,,
CT0002735,GA0034,CLI006263,PAR007,digital,AUTO,79900.0,80,0.1473,1165.84,2025-04-10,cancelada,2025-05-10,,,,,
CT0003184,GI0010,CLI005255,PAR005,bancario,Imovel,527200.0,180,0.1949,3558.31,2023-06-26,contemplada,,CTP000341,GI0010,2025-11-26,sorteio,0.0
CT0005833,GA0054,CLI007033,PAR008,correspondente,Automóvel,74400.0,72,0.1699,1229.56,2024-11-20,ativa,,,,,,
CT0006017,GA0061,CLI002381,PAR010,correspondente,automovel,80000.0,80,0.1796,1199.6,2024-06-18,cancelada,2024-07-18,,,,,
CT0002036,GA0081,CLI002417,PAR001,digital,auto,63700.0,72,0.1624,1046.1,2024-11-02,cancelada,2025-12-02,,,,,
CT0006180,GC0066,CLI001240,PAR007,digital,Celular,3400.0,12,0.23,354.17,2025-05-20,cancelada,2025-10-20,,,,,
CT0001209,GC0000,CLI005023,PAR009,digital,celular,3700.0,18,0.2371,258.4,2026-01-26,ativa,,,,,,
CT0008446,GI0012,CLI003662,PAR006,,IMOVEIS,615800.0,150,0.1927,4978.54,2023-02-19,contemplada,,CTP000895,GI0012,2023-03-19,sorteio,0.0
CT0008395,GC0054,CLI005003,PAR006,loja,Celular,4500.0,12,0.2225,465.94,2024-07-03,quitada,,,,,,
CT0002848,GI0031,CLI001100,PAR004,telemarketing,imóvel,369300.0,200,0.2038,2259.75,2025-04-27,ativa,,,,,,
CT0007538,GA0004,CLI005292,PAR004,telemarketing,AUTO,114400.0,80,0.2079,1755.9,2024-08-07,cancelada,2024-11-07,,,,,
CT0007319,GA0053,CLI004605,PAR001,digital,Auto,129300.0,80,0.1824,1943.38,2023-12-20,ativa,,,,,,
CT0001520,GI0002,CLI002906,PAR005,bancario,IMOVEIS,214800.0,180,0.2089,1466.49,2023-11-19,ativa,,,,,,
CT0002346,GS0015,CLI000030,PAR007,digital,SERVICOS,33500.0,24,0.1906,1689.8,2024-10-26,ativa,,,,,,
CT0006974,GI0006,CLI000746,PAR011,correspondente,Imóveis,301000.0,180,0.2259,2083.42,2025-04-14,ativa,,,,,,
CT0008356,GI0011,CLI004943,PAR002,loja,imóvel,516900.0,200,0.2083,3174.54,2024-07-19,ativa,,,,,,
CT0006560,GC0065,CLI003390,PAR001,digital,smartphone,4900.0,18,0.226,339.19,2024-07-16,cancelada,2024-11-16,,,,,
CT0004898,GA0031,CLI001658,PAR001,digital,Automóvel,92200.0,72,0.1709,1525.01,2024-11-12,cancelada,2025-05-12,,,,,
CT0006912,GC0034,CLI006697,PAR007,digital,CELULAR,8200.0,12,0.2282,852.94,2025-03-24,cancelada,2025-04-24,,,,,
CT0002221,GI0024,CLI005322,PAR005,bancario,IMOVEIS,443300.0,180,0.1878,2974.54,2023-12-21,contemplada,,CTP000241,GI0024,2026-05-21,sorteio,0.0
CT0004235,GS0004,CLI005334,PAR012,,Servicos,34100.0,36,0.1959,1151.73,2023-05-05,quitada,,,,,,
CT0005852,GC0043,CLI004813,PAR007,digital,CELULAR,7000.0,18,0.2192,481.91,2024-11-09,cancelada,2025-04-09,,,,,
CT0005712,GA0060,CLI004932,PAR010,correspondente,automovel,97400.0,80,0.1819,1463.31,2025-07-23,cancelada,2025-08-23,,,,,
CT0004871,GA0031,CLI007155,PAR006,loja,Automóvel,51700.0,72,0.1585,846.23,2026-06-10,cancelada,2026-08-10,,,,,
CT0002356,GA0011,CLI003702,PAR002,loja,AUTO,55700.0,72,0.1811,929.18,2025-08-27,ativa,,,,,,
CT0001857,GA0004,CLI006107,PAR010,correspondente,auto,116700.0,80,0.1714,1737.95,2023-05-05,ativa,,,,,,
CT0003061,GA0043,CLI003991,PAR002,loja,automovel,122800.0,72,0.1696,2028.93,2025-11-29,ativa,,,,,,
CT0005791,GI0011,CLI002404,PAR003,correspondente,Imóveis,555900.0,200,0.1962,3380.43,2024-08-26,ativa,,,,,,
CT0003757,GI0032,CLI003859,PAR001,digital,IMOVEIS,532400.0,180,0.2053,3624.17,2023-06-18,contemplada,,CTP000402,GI0032,2024-10-18,sorteio,0.0
CT0002139,GS0006,CLI000248,PAR001,digital,serviço,32900.0,36,0.2098,1123.9,2024-07-14,contemplada,,CTP000234,GS0006,2025-05-14,lance_fixo,8225.0
CT0004809,GC0055,CLI007122,PAR004,telemarketing,smartphone,4200.0,24,0.2384,220.22,2023-04-28,cancelada,2023-11-28,,,,,
CT0001767,GC0012,CLI000042,PAR007,digital,smartphone,2300.0,15,0.2213,190.33,2024-12-02,quitada,,,,,,
CT0008187,GS0039,CLI002503,PAR002,loja,SERVICOS,22300.0,48,0.2055,569.35,2024-04-03,cancelada,2024-08-03,,,,,
CT0002429,GI0004,CLI000429,PAR001,digital,IMOVEIS,467300.0,200,0.1969,2843.29,2023-11-10,cancelada,2024-11-10,,,,,
CT0006630,GA0064,CLI003424,PAR008,correspondente,Auto,110800.0,72,0.1598,1815.58,2024-08-20,ativa,,,,,,
CT0003705,GA0007,CLI002243,PAR005,,Automóvel,61700.0,72,0.163,1013.77,2025-06-05,ativa,,,,,,
CT0003218,GA0064,CLI000547,PAR011,correspondente,Automóvel,84900.0,72,0.1812,1416.41,2023-06-22,ativa,,,,,,
CT0002972,GC0047,CLI004535,PAR007,digital,celular,8400.0,15,0.235,702.8,2025-08-13,cancelada,2025-11-13,,,,,
CT0005723,GS0023,CLI007019,PAR004,,servicos,28800.0,24,0.1879,1449.48,2023-12-25,cancelada,2024-01-25,,,,,
CT0003965,GC0006,CLI003314,PAR001,digital,smartphone,8800.0,18,0.2386,615.32,2026-03-01,ativa,,,,,,
CT0008223,GC0039,CLI003028,PAR007,digital,celular,3100.0,12,0.2406,325.65,2024-11-06,cancelada,2025-08-06,,,,,
CT0003772,GS0032,CLI004796,PAR004,telemarketing,SERVICOS,33200.0,36,0.1911,1116.9,2023-07-13,cancelada,2023-08-13,,,,,
CT0001101,GA0088,CLI004612,PAR006,loja,Automóvel,46200.0,80,0.1788,692.31,2023-09-22,contemplada,,CTP000115,GA0088,2025-04-22,sorteio,0.0
CT0005494,GC0012,CLI003108,PAR007,digital,Celular,4000.0,15,0.2219,331.17,2025-01-25,cancelada,2025-06-25,,,,,
CT0004651,GS0000,CLI003881,PAR007,digital,serviço,24900.0,36,0.1916,838.02,2025-05-16,contemplada,,CTP000501,GS0000,2025-10-16,sorteio,0.0
CT0000669,GC0014,CLI004686,PAR007,digital,celular,3800.0,24,0.2313,198.12,2025-04-25,cancelada,2025-09-25,,,,,
CT0000707,GA0015,CLI004751,PAR001,digital,auto,101700.0,80,0.1821,1528.17,2023-12-10,cancelada,2025-12-10,,,,,
CT0007810,GA0029,CLI000155,PAR002,loja,AUTO,99900.0,60,0.1784,1995.34,2025-02-28,cancelada,2026-07-28,,,,,
CT0003199,GI0017,CLI002249,PAR003,correspondente,IMOVEIS,548100.0,150,0.2066,4482.0,2024-12-11,ativa,,,,,,
CT0003963,GA0036,CLI001536,PAR010,correspondente,auto,82300.0,72,0.1562,1344.46,2025-10-13,ativa,,,,,,
CT0001957,GA0032,CLI003645,PAR012,interno,auto,106100.0,60,0.1843,2129.6,2024-09-06,ativa,,,,,,
CT0001630,GA0028,CLI006614,PAR002,loja,Auto,59400.0,72,0.1592,972.84,2025-12-19,ativa,,,,,,
CT0002572,GC0016,CLI004263,PAR007,digital,celular,2500.0,12,0.2462,263.79,2025-11-01,cancelada,2026-01-01,,,,,
CT0000409,GA0036,CLI000869,PAR006,,Automóvel,87600.0,72,0.1805,1460.61,2026-06-06,ativa,,,,,,
CT0007469,GA0043,CLI006374,PAR001,digital,automovel,89700.0,72,0.1513,1459.24,2026-03-19,ativa,,,,,,
CT0005323,GC0061,CLI003984,PAR007,digital,Celular,4700.0,24,0.2556,249.81,2025-01-23,ativa,,,,,,
CT0003018,GC0050,CLI003956,PAR007,digital,Celular,8900.0,18,0.2196,612.91,2024-12-16,cancelada,2025-05-16,,,,,
CT0006253,GS0032,CLI005800,PAR004,telemarketing,SERVICOS,30400.0,36,0.2071,1036.22,2025-11-04,cancelada,2026-02-04,,,,,
CT0008071,GI0021,CLI004461,PAR011,correspondente,imoveis,389800.0,200,0.184,2346.6,2026-03-12,ativa,,,,,,
CT0002259,GS0029,CLI001944,PAR009,digital,Serviços,34700.0,24,0.2018,1766.52,2024-12-11,cancelada,2025-01-11,,,,,
CT0000206,GC0002,CLI005123,PAR009,digital,smartphone,6000.0,12,0.2071,613.55,2025-08-24,quitada,,,,,,
CT0006124,GS0028,CLI005691,PAR009,digital,Servicos,34800.0,24,0.1982,1766.39,2024-12-23,ativa,,,,,,
CT0002483,GC0022,CLI000664,PAR001,digital,Celular,4700.0,24,0.2334,245.46,2025-01-30,cancelada,2026-02-28,,,,,
CT0004576,GI0035,CLI003019,PAR005,bancario,Imovel,255600.0,150,0.1959,2071.89,2026-05-06,ativa,,,,,,
CT0006228,GA0088,CLI002068,PAR008,correspondente,AUTO,62700.0,80,0.1492,916.36,2025-10-07,ativa,,,,,,
CT0000986,GC0041,CLI001174,PAR001,,celular,6100.0,24,0.2303,317.78,2025-04-13,ativa,,,,,,
CT0001836,GI0004,CLI002038,PAR006,loja,imoveis,252100.0,200,0.1895,1524.57,2025-09-27,ativa,,,,,,
CT0000539,GA0056,CLI001865,PAR007,digital,Automóvel,88900.0,72,0.1766,1477.47,2025-11-11,ativa,,,,,,
CT0002642,GA0028,CLI003833,PAR002,loja,Automóvel,89800.0,72,0.1618,1473.97,2026-02-15,ativa,,,,,,
CT0001793,GS0037,CLI000432,PAR005,bancario,servicos,9900.0,48,0.1917,249.91,2023-03-31,cancelada,2025-11-30,,,,,
CT0001234,GS0019,CLI006822,PAR004,telemarketing,servicos,13100.0,36,0.1953,442.23,2024-10-25,cancelada,2025-12-25,,,,,
CT0006506,GC0032,CLI001842,PAR004,telemarketing,Celular,4000.0,18,0.2423,280.51,2024-12-31,cancelada,2025-05-31,,,,,
CT0000090,GC0063,CLI004221,PAR001,digital,CELULAR,7500.0,15,0.2292,624.6,2026-01-30,ativa,,,,,,
CT0004205,GC0043,CLI006868,PAR099,digital,CELULAR,6300.0,18,0.2219,434.67,2023-10-31,cancelada,2024-06-30,,,,,
CT0001942,GI0027,CLI005026,PAR003,correspondente,imoveis,379700.0,150,0.2072,3106.45,2026-07-19,ativa,,,,,,
CT0001091,GA0025,CLI001349,PAR002,loja,Auto,69100.0,72,0.1766,1148.4,2025-08-13,ativa,,,,,,
CT0003935,GC0058,CLI004711,PAR004,telemarketing,smartphone,6900.0,12,0.2167,711.1,2026-03-11,ativa,,,,,,
CT0006776,GI0026,CLI002746,PAR003,correspondente,Imovel,213500.0,150,0.1943,1728.35,2024-12-24,ativa,,,,,,
CT0002510,GS0029,CLI001467,PAR002,loja,SERVICOS,32400.0,24,0.1944,1639.44,2025-12-10,ativa,,,,,,
CT0002549,GC0069,CLI000530,PAR006,loja,CELULAR,7400.0,24,0.2309,385.69,2024-06-30,quitada,,,,,,
CT0000163,GA0048,CLI002184,PAR001,digital,auto,124100.0,80,0.1839,1867.55,2025-01-15,ativa,,,,,,
CT0007348,GA0059,CLI003363,PAR002,loja,Automóvel,107000.0,60,0.1689,2120.2,2023-07-03,contemplada,,CTP000771,GA0059,2025-01-03,lance_livre,35141.06
CT0002114,GA0017,CLI005583,PAR002,loja,Automóvel,79000.0,60,0.1756,1574.21,2024-04-13,cancelada,2024-06-13,,,,,
CT0002593,GS0019,CLI001970,PAR007,digital,Servicos,33600.0,36,0.2022,1140.72,2025-08-26,cancelada,2026-02-26,,,,,
CT0006136,GI0009,CLI004046,PAR011,correspondente,Imóveis,208400.0,180,0.2129,1427.42,2024-10-14,ativa,,,,,,
CT0000432,GC0004,CLI001192,PAR007,digital,Celular,5500.0,12,0.2144,565.77,2025-03-15,cancelada,2025-07-15,,,,,
CT0007465,GS0023,CLI001818,PAR005,bancario,serviço,8600.0,24,0.202,437.88,2025-03-14,ativa,,,,,,
CT0002818,GA0056,CLI001625,PAR005,bancario,automovel,88900.0,72,0.1743,1474.63,2025-09-24,ativa,,,,,,
CT0006725,GS0000,CLI000694,PAR007,digital,serviço,18800.0,36,0.1832,628.34,2025-08-13,cancelada,2026-01-13,,,,,
CT0007103,GI0014,CLI002184,PAR010,correspondente,Imovel,382300.0,150,0.1969,3101.47,2025-05-19,ativa,,,,,,
CT0006734,GS0036,CLI001173,PAR009,digital,servicos,22900.0,24,0.2033,1167.23,2024-10-01,ativa,,,,,,
CT0007884,GA0006,CLI005243,PAR006,loja,automovel,63500.0,80,0.1644,940.12,2026-05-19,ativa,,,,,,
CT0004000,GA0020,CLI006055,PAR006,loja,Automóvel,115400.0,80,0.1761,1725.37,2025-05-09,ativa,,,,,,
CT0003064,GS0011,CLI001174,PAR012,interno,Serviços,29900.0,48,0.1971,758.15,2026-05-13,ativa,,,,,,
CT0001082,GI0004,CLI000766,PAR002,,imoveis,503600.0,200,0.1763,3012.28,2025-07-09,ativa,,,,,,
CT0002389,GS0026,CLI002654,PAR010,correspondente,Servicos,30700.0,48,0.2245,795.96,2025-01-16,cancelada,2025-06-16,,,,,
CT0000764,GI0023,CLI001016,PAR001,digital,imóvel,577400.0,200,0.2074,3543.5,2025-12-27,cancelada,2026-07-27,,,,,
CT0003603,GS0008,CLI000235,PAR004,telemarketing,servicos,7500.0,48,0.1851,188.3,2025-06-05,cancelada,2025-11-05,,,,,
CT0006958,GC0049,CLI005015,PAR009,digital,celular,7800.0,24,0.2227,403.88,2023-11-09,quitada,,,,,,
CT0002266,GA0020,CLI005955,PAR004,telemarketing,auto,63200.0,80,0.1767,945.39,2024-06-21,ativa,,,,,,
CT0005982,GC0024,CLI005120,PAR099,telemarketing,smartphone,2600.0,12,0.2161,267.82,2025-08-07,cancelada,2025-09-07,,,,,
CT0007353,GA0049,CLI000035,PAR004,telemarketing,auto,52100.0,60,0.1713,1034.45,2026-03-28,cancelada,2026-04-28,,,,,
CT0007033,GA0009,CLI001173,PAR012,interno,auto,81600.0,80,0.1795,1223.49,2026-07-18,cancelada,2026-08-18,,,,,
CT0007216,GI0017,CLI001960,PAR009,digital,IMOVEIS,295400.0,150,0.2062,2414.8,2026-03-27,ativa,,,,,,
CT0007837,GS0010,CLI000426,PAR008,correspondente,serviço,8700.0,24,0.2119,446.56,2024-01-03,quitada,,,,,,
CT0003974,GI0041,CLI004831,PAR001,digital,imoveis,512600.0,180,0.1876,3438.98,2024-07-15,ativa,,,,,,
CT0006590,GA0043,CLI005059,PAR006,loja,Automóvel,101900.0,72,0.158,1667.2,2024-09-16,cancelada,2025-02-16,,,,,
CT0001905,GC0005,CLI001321,PAR001,digital,CELULAR,7700.0,24,0.2305,401.2,2024-10-23,cancelada,2026-02-23,,,,,
CT0000713,GC0053,CLI001327,PAR005,,Celular,6800.0,24,0.2396,356.89,2024-07-24,quitada,,,,,,
CT0004746,GC0007,CLI000822,PAR001,digital,CELULAR,4900.0,24,0.2396,257.17,2025-11-24,cancelada,2026-06-24,,,,,
CT0005488,GC0006,CLI000454,PAR008,correspondente,celular,6100.0,18,0.2318,424.22,2024-02-09,quitada,,,,,,
CT0003593,GA0012,CLI002791,PAR002,loja,auto,50500.0,80,0.1627,746.58,2023-09-18,ativa,,,,,,
CT0004683,GI0004,CLI001394,PAR005,bancario,imoveis,341100.0,200,0.2057,2090.43,2025-06-25,contemplada,,CTP000504,GI0004,2026-07-25,lance_livre,54344.86
CT0008008,GC0059,CLI002352,PAR099,correspondente,smartphone,5100.0,12,0.2367,534.1,2023-05-26,quitada,,,,,,
CT0002874,GS0022,CLI005275,PAR001,digital,Servicos,8600.0,24,0.2207,444.58,2025-04-05,ativa,,,,,,
CT0007839,GA0013,CLI002141,PAR005,bancario,Auto,121400.0,72,0.1664,2000.4,2025-11-07,ativa,,,,,,
CT0008067,GC0025,CLI003719,PAR009,digital,Celular,2500.0,15,0.2309,208.48,2023-08-16,quitada,,,,,,
CT0004867,GC0048,CLI003947,PAR004,telemarketing,smartphone,5700.0,18,0.2191,392.38,2025-02-27,cancelada,2025-03-27,,,,,
CT0000006,GC0049,CLI000845,PAR007,digital,celular,1900.0,24,0.2414,99.86,2024-09-04,cancelada,2024-12-04,,,,,
CT0001488,GA0003,CLI003419,PAR004,telemarketing,automovel,88200.0,60,0.1578,1731.37,2023-10-26,cancelada,2024-04-26,,,,,
CT0003724,GC0019,CLI005602,PAR009,digital,smartphone,4600.0,18,0.2217,317.32,2026-01-12,ativa,,,,,,
CT0000452,GA0081,CLI006782,PAR002,loja,Automóvel,62800.0,72,0.1734,1040.91,2025-11-08,ativa,,,,,,
CT0004257,GC0067,CLI004598,PAR009,digital,CELULAR,7700.0,15,0.2392,646.39,2023-07-17,cancelada,2024-07-17,,,,,
CT0003990,GA0049,CLI006554,PAR001,digital,auto,95000.0,60,0.1698,1883.85,2025-01-21,contemplada,,CTP000435,GA0049,2026-06-21,sorteio,0.0
CT0002685,GC0005,CLI005551,PAR010,correspondente,CELULAR,4000.0,24,0.224,207.33,2024-02-16,cancelada,2024-08-16,,,,,
CT0006633,GA0003,CLI005924,PAR003,correspondente,AUTO,122000.0,60,0.1997,2480.06,2025-03-29,ativa,,,,,,
CT0001473,GS0030,CLI003448,PAR008,correspondente,Serviços,16500.0,36,0.2195,568.1,2024-04-07,ativa,,,,,,
CT0008198,GI0002,CLI003382,PAR005,bancario,Imóveis,243000.0,180,0.1931,1637.68,2023-07-13,cancelada,2025-04-13,,,,,
CT0001938,GI0025,CLI004584,PAR003,correspondente,Imóveis,538300.0,150,0.2043,4393.6,2024-06-16,contemplada,,CTP000212,GI0025,2024-11-16,sorteio,0.0
CT0001564,GI0000,CLI001435,PAR011,correspondente,Imóveis,351600.0,150,0.2011,2862.26,2023-07-04,ativa,,,,,,
CT0005458,GI0033,CLI004405,PAR001,digital,imoveis,277500.0,200,0.1891,1677.63,2025-04-07,ativa,,,,,,
CT0001417,GA0018,CLI006628,PAR004,telemarketing,AUTO,126900.0,72,0.1796,2114.3,2026-02-11,cancelada,2026-06-11,,,,,
CT0007425,GS0030,CLI006702,PAR001,digital,Servicos,13700.0,36,0.2116,468.69,2023-01-23,cancelada,2025-04-23,,,,,
CT0002103,GI0006,CLI003167,PAR008,correspondente,Imóveis,457000.0,180,0.2017,3101.76,2026-05-22,ativa,,,,,,
CT0001807,GS0009,CLI001751,PAR008,correspondente,SERVICOS,17500.0,48,0.188,440.42,2025-05-24,ativa,,,,,,
CT0002187,GA0084,CLI001049,PAR004,telemarketing,Automóvel,81700.0,60,0.185,1640.81,2024-09-29,cancelada,2025-02-28,,,,,
CT0006124,GS0028,CLI005691,PAR009,digital,Servicos,34800.0,24,0.1982,1766.39,2024-12-23,ativa,,,,,,
CT0005550,GC0055,CLI006647,PAR009,digital,Celular,8700.0,24,0.2224,450.37,2025-04-08,cancelada,2025-09-08,,,,,
CT0007919,GC0034,CLI003228,PAR007,digital,CELULAR,7000.0,12,0.2326,730.68,2025-05-17,cancelada,2025-08-17,,,,,
CT0002971,GC0069,CLI000856,PAR001,digital,Celular,4900.0,24,0.2207,253.31,2025-04-17,cancelada,2025-11-17,,,,,
CT0006474,GA0014,CLI001770,PAR008,correspondente,automovel,96000.0,80,0.1793,1439.16,2023-11-25,cancelada,2025-05-25,,,,,
CT0001323,GA0074,CLI003980,PAR010,correspondente,automovel,127100.0,80,0.1684,1888.07,2024-11-02,ativa,,,,,,
CT0006218,GS0036,CLI002774,PAR008,correspondente,Servicos,23200.0,24,0.1973,1176.72,2025-05-09,cancelada,2025-12-09,,,,,
CT0005728,GA0057,CLI005829,PAR009,digital,Automóvel,85300.0,60,0.1751,1699.03,2023-06-25,cancelada,2024-11-25,,,,,
CT0007175,GS0000,CLI006016,PAR005,,servicos,24500.0,36,0.1917,824.63,2025-10-14,ativa,,,,,,
CT0004961,GA0074,CLI005877,PAR010,correspondente,Auto,109700.0,80,0.1746,1638.1,2025-09-02,ativa,,,,,,
CT0000376,GS0030,CLI004015,PAR007,digital,servicos,33400.0,36,0.213,1143.95,2024-09-08,cancelada,2025-09-08,,,,,
CT0000198,GS0035,CLI004700,PAR007,digital,Servicos,17900.0,24,0.1736,890.23,2024-11-01,cancelada,2024-12-01,,,,,
CT0006086,GC0029,CLI003064,PAR007,digital,smartphone,4200.0,24,0.2471,221.74,2024-11-22,cancelada,2026-01-22,,,,,
CT0006595,GC0059,CLI001144,PAR006,loja,smartphone,7400.0,12,0.2189,763.99,2024-03-05,quitada,,,,,,
CT0000949,GA0081,CLI000782,PAR006,loja,Automóvel,95800.0,72,0.1637,1574.98,2026-01-27,ativa,,,,,,
CT0000846,GC0000,CLI005075,PAR009,digital,smartphone,8300.0,18,0.2214,572.42,2026-04-24,ativa,,,,,,
CT0007303,GI0021,CLI000998,PAR009,digital,imóvel,611400.0,200,0.2169,3781.2,2025-06-04,ativa,,,,,,
CT0007299,GI0004,CLI000376,PAR003,correspondente,IMOVEIS,546100.0,200,0.2094,3356.88,2025-08-04,ativa,,,,,,
CT0001305,GS0011,CLI005952,PAR009,digital,Serviços,16900.0,48,0.2032,430.67,2025-12-20,ativa,,,,,,
CT0007427,GC0060,CLI005528,PAR004,telemarketing,CELULAR,5100.0,24,0.2182,263.12,2025-05-21,cancelada,2025-10-21,,,,,
CT0005813,GI0003,CLI000994,PAR005,bancario,Imovel,367200.0,150,0.1852,2950.33,2025-08-04,ativa,,,,,,
CT0001477,GA0079,CLI004389,PAR010,correspondente,Automóvel,66900.0,72,0.1822,1117.04,2023-07-24,cancelada,2026-02-24,CTP000166,GA0079,2024-03-24,lance_fixo,16725.0
CT0002264,GC0025,CLI001750,PAR009,digital,CELULAR,5900.0,15,0.2235,489.11,2025-08-18,cancelada,2026-02-18,,,,,
CT0003219,GA0012,CLI002884,PAR002,loja,Automóvel,80300.0,80,0.1656,1190.05,2024-05-25,cancelada,2025-01-25,,,,,
CT0007626,GC0040,CLI004931,PAR007,digital,CELULAR,5100.0,15,0.245,430.1,2025-04-24,cancelada,2025-08-24,,,,,
CT0002463,GA0007,CLI000015,PAR002,loja,automovel,49200.0,72,0.1713,814.05,2023-07-03,cancelada,2024-11-03,,,,,
CT0001883,GI0043,CLI000958,PAR001,digital,imoveis,546000.0,150,0.2021,4448.44,2025-04-06,ativa,,,,,,
CT0004678,GC0016,CLI006975,PAR004,telemarketing,celular,3200.0,12,0.257,340.53,2025-03-10,cancelada,2025-05-10,,,,,
CT0002008,GC0011,CLI007078,PAR007,digital,CELULAR,1800.0,12,0.2234,186.51,2024-09-11,quitada,,,,,,
CT0006696,GS0035,CLI006817,PAR006,loja,SERVICOS,34800.0,24,0.2191,1796.69,2025-03-27,cancelada,2026-05-27,,,,,
CT0006967,GA0017,CLI006221,PAR002,loja,auto,45600.0,60,0.1659,901.28,2026-03-11,ativa,,,,,,
CT0002536,GS0009,CLI000326,PAR004,telemarketing,servicos,27200.0,48,0.1925,687.08,2025-12-07,contemplada,,CTP000279,GS0009,2026-06-07,sorteio,0.0
CT0001639,GS0006,CLI003757,PAR004,telemarketing,serviço,11600.0,36,0.2007,393.34,2024-03-29,cancelada,2024-05-29,,,,,
CT0006464,GC0046,CLI001787,PAR008,correspondente,smartphone,5100.0,12,0.223,528.27,2024-11-09,cancelada,2025-02-09,,,,,
CT0007562,GA0085,CLI004918,PAR001,digital,Auto,55700.0,60,0.146,1082.44,2026-01-16,ativa,,,,,,
CT0008034,GA0089,CLI006252,PAR008,correspondente,Automóvel,61000.0,72,0.1757,1013.02,2023-05-21,cancelada,2023-10-21,,,,,
CT0005394,GA0007,CLI004224,PAR002,loja,Automóvel,118000.0,72,0.1618,1936.84,2025-10-26,ativa,,,,,,
CT0002895,GC0028,CLI005984,PAR006,,Celular,8000.0,18,0.2368,558.58,2026-06-13,ativa,,,,,,
CT0005296,GC0046,CLI004663,PAR007,digital,CELULAR,4400.0,12,0.2256,456.72,2025-10-12,ativa,,,,,,
CT0004485,GS0022,CLI005191,PAR009,digital,Servicos,14500.0,24,0.1941,733.52,2026-06-07,ativa,,,,,,
CT0003165,GS0015,CLI003896,PAR002,loja,servicos,18200.0,24,0.2091,932.07,2025-11-11,contemplada,,CTP000340,GS0015,2026-06-11,lance_livre,6108.22
CT0006844,GC0032,CLI001200,PAR008,correspondente,celular,7000.0,18,0.2155,480.47,2025-04-22,ativa,,,,,,
CT0003575,GI0043,CLI001515,PAR003,correspondente,Imóveis,292500.0,150,0.207,2392.65,2024-04-18,ativa,,,,,,
CT0007385,GC0027,CLI000842,PAR007,digital,celular,5500.0,15,0.2341,459.84,2025-10-06,cancelada,2026-01-06,,,,,
CT0005110,GI0027,CLI002976,PAR005,bancario,Imóveis,424600.0,150,0.197,3444.92,2025-12-24,ativa,,,,,,
CT0006828,GS0010,CLI001878,PAR007,,serviço,18300.0,24,0.1972,928.12,2025-04-23,cancelada,2025-06-23,,,,,
CT0005504,GI0029,CLI001063,PAR003,correspondente,Imovel,435200.0,200,0.1908,2634.7,2025-08-09,ativa,,,,,,
CT0006408,GS0037,CLI001165,PAR002,loja,Serviços,17400.0,48,0.2023,443.08,2023-05-07,ativa,,,,,,
CT0005234,GA0026,CLI005054,PAR009,digital,AUTO,116600.0,72,0.1865,1953.86,2026-05-18,ativa,,,,,,
CT0001659,GA0075,CLI006141,PAR012,interno,automovel,122900.0,60,0.1728,2443.25,2024-05-13,contemplada,,CTP000183,GA0075,2024-12-13,sorteio,0.0
CT0003095,GA0020,CLI002781,PAR006,loja,auto,77300.0,80,0.1608,1140.95,2024-09-14,cancelada,2025-02-14,,,,,
CT0006358,GA0056,CLI003312,PAR005,bancario,auto,61900.0,72,0.1612,1015.5,2023-04-14,contemplada,,CTP000664,GA0056,2025-10-14,sorteio,0.0
CT0006712,GS0021,CLI001849,PAR008,correspondente,serviço,26300.0,36,0.1791,876.01,2025-08-23,ativa,,,,,,
CT0005617,GS0008,CLI001340,PAR009,digital,serviço,17600.0,48,0.2045,448.98,2025-01-27,cancelada,2025-02-27,,,,,
CT0007291,GA0074,CLI003666,PAR006,loja,auto,109000.0,80,0.1818,1637.45,2024-07-06,ativa,,,,,,
CT0000175,GA0061,CLI005927,PAR007,digital,Auto,53900.0,80,0.1689,801.02,2025-09-18,ativa,,,,,,
CT0000271,GC0006,CLI003524,PAR007,digital,smartphone,3200.0,18,0.2357,223.24,2025-07-25,ativa,,,,,,
CT0006189,GC0027,CLI003866,PAR009,digital,celular,4200.0,15,0.2367,351.88,2024-09-22,cancelada,2025-12-22,,,,,
CT0002542,GA0048,CLI007045,PAR001,digital,Automóvel,46200.0,80,0.1835,695.02,2026-06-01,ativa,,,,,,
CT0004781,GA0058,CLI006706,PAR010,correspondente,AUTO,66900.0,80,0.1627,989.03,2025-10-15,ativa,,,,,,
CT0006597,GS0038,CLI004201,PAR001,digital,Serviços,22100.0,36,0.2015,749.87,2023-12-03,cancelada,2025-10-03,,,,,
CT0001665,GI0031,CLI002687,PAR011,correspondente,IMOVEIS,358000.0,200,0.1816,2150.86,2025-10-11,ativa,,,,,,
CT0001968,GI0000,CLI005057,PAR005,bancario,imoveis,182800.0,150,0.2115,1500.79,2024-12-19,ativa,,,,,,
CT0007691,GI0005,CLI000791,PAR012,interno,imoveis,331700.0,200,0.2179,2053.06,2025-05-17,ativa,,,,,,
CT0002135,GS0008,CLI004880,PAR003,correspondente,Serviços,16300.0,48,0.1948,412.53,2025-02-09,ativa,,,,,,
CT0003659,GA0033,CLI004519,PAR007,digital,Auto,119000.0,60,0.1752,2370.48,2025-02-03,contemplada,,CTP000395,GA0033,2026-04-03,sorteio,0.0
CT0003902,GS0018,CLI006321,PAR005,bancario,servicos,11000.0,24,0.2144,565.77,2024-07-12,quitada,,,,,,
CT0006251,GA0069,CLI005098,PAR002,loja,AUTO,66500.0,80,0.1964,1011.13,2023-03-25,contemplada,,CTP000649,GA0069,2023-06-25,sorteio,0.0
CT0003871,GA0021,CLI000872,PAR004,telemarketing,automovel,89900.0,80,0.1493,1314.0,2025-07-15,ativa,,,,,,
CT0001378,GI0005,CLI005708,PAR011,correspondente,IMOVEIS,623200.0,200,0.2094,3830.81,2026-03-14,ativa,,,,,,
CT0003370,GA0063,CLI007055,PAR002,loja,AUTO,82800.0,60,0.1941,1675.46,2025-11-01,ativa,,,,,,
CT0004290,GA0051,CLI002510,PAR001,digital,Auto,98400.0,60,0.1663,1945.53,2025-04-16,ativa,,,,,,
CT0005248,GS0007,CLI005560,PAR004,telemarketing,Serviços,33000.0,24,0.2015,1679.56,2024-07-30,cancelada,2026-01-30,,,,,
CT0007929,GA0027,CLI001281,PAR005,bancario,automovel,118000.0,72,0.1894,1982.07,2024-11-15,ativa,,,,,,
CT0007587,GA0073,CLI001786,PAR002,loja,automovel,110900.0,80,0.2041,1696.91,2023-04-14,ativa,,,,,,
CT0006578,GC0028,CLI001944,PAR004,telemarketing,smartphone,5700.0,18,0.238,398.37,2025-07-26,cancelada,2026-01-26,,,,,
CT0000320,GC0012,CLI004839,PAR007,digital,Celular,5500.0,15,0.2475,464.75,2024-10-14,cancelada,2025-01-14,,,,,
CT0001454,GC0010,CLI000353,PAR007,digital,celular,3200.0,12,0.2301,333.36,2025-09-03,cancelada,2026-05-03,,,,,
CT0003686,GA0026,CLI006821,PAR001,digital,auto,56400.0,72,0.1689,931.31,2024-12-10,ativa,,,,,,
CT0006033,GC0063,CLI003713,PAR009,digital,celular,6300.0,15,0.2103,516.73,2026-04-16,ativa,,,,,,
CT0006135,GA0046,CLI003872,PAR002,loja,auto,94900.0,72,0.1744,1574.29,2025-11-23,ativa,,,,,,
CT0005891,GA0077,CLI006225,PAR010,correspondente,Auto,94400.0,80,0.1828,1419.3,2025-03-09,ativa,,,,,,
CT0006153,GA0003,CLI002513,PAR004,telemarketing,automovel,98200.0,60,0.1811,1965.8,2025-06-09,ativa,,,,,,
CT0001519,GI0005,CLI002922,PAR006,loja,imóvel,296100.0,200,0.2073,1817.02,2024-06-29,cancelada,2025-01-29,,,,,
CT0006554,GA0017,CLI005819,PAR002,loja,auto,52000.0,60,0.1717,1032.81,2023-09-17,ativa,,,,,,
CT0006744,GS0022,CLI007199,PAR006,loja,servicos,24100.0,24,0.2161,1241.25,2026-04-12,contemplada,,CTP000710,GS0022,2026-06-12,lance_livre,11492.27
CT0002974,GA0069,CLI004422,PAR007,digital,AUTO,79700.0,80,0.1722,1187.73,2025-02-05,cancelada,2025-11-05,,,,,
CT0008202,GC0026,CLI005978,PAR012,interno,CELULAR,5000.0,24,0.2052,255.25,2026-04-28,ativa,,,,,,
CT0008419,GC0068,CLI005505,PAR007,digital,CELULAR,5300.0,24,0.2389,278.01,2025-02-09,cancelada,2025-05-09,,,,,
CT0006392,GA0074,CLI006915,PAR001,digital,auto,103700.0,80,0.1847,1561.59,2024-12-30,ativa,,,,,,
CT0006608,GI0041,CLI005900,PAR004,telemarketing,Imovel,415100.0,180,0.178,2762.72,2025-05-16,ativa,,,,,,
CT0006003,GA0077,CLI002917,PAR002,loja,AUTO,87800.0,80,0.1884,1326.22,2024-05-07,ativa,,,,,,
CT0006411,GI0027,CLI002869,PAR001,digital,Imovel,567800.0,150,0.1888,4575.71,2023-08-14,cancelada,2023-10-14,,,,,
CT0005524,GS0007,CLI005807,PAR006,loja,Servicos,17900.0,24,0.2041,912.97,2026-04-12,ativa,,,,,,
CT0006942,GA0081,CLI001723,PAR006,loja,Auto,70400.0,72,0.1924,1185.46,2026-01-20,ativa,,,,,,
CT0007438,GA0046,CLI004427,PAR001,digital,Auto,104200.0,72,0.1537,1698.6,2024-09-10,ativa,,,,,,
CT0003779,GC0051,CLI004940,PAR007,digital,smartphone,3900.0,24,0.2232,202.02,2025-01-08,contemplada,,CTP000405,GC0051,2025-10-08,lance_fixo,975.0
CT0000943,GC0005,CLI004110,PAR007,digital,Celular,2700.0,24,0.2342,141.1,2025-04-15,cancelada,2025-10-15,,,,,
CT0000296,GI0028,CLI001243,PAR003,correspondente,Imovel,524700.0,200,0.1827,3155.28,2026-02-13,ativa,,,,,,
CT0008249,GA0063,CLI000760,PAR002,loja,automovel,85500.0,60,0.1814,1711.99,2024-12-31,cancelada,2025-05-31,,,,,
CT0006418,GS0000,CLI003695,PAR007,digital,serviço,33100.0,36,0.2084,1129.45,2025-05-12,cancelada,2025-10-12,,,,,
CT0004322,GS0017,CLI003397,PAR001,digital,Servicos,22700.0,36,0.1883,761.9,2025-01-14,ativa,,,,,,
CT0006698,GA0026,CLI005308,PAR002,loja,AUTO,108300.0,72,0.1935,1825.31,2025-09-09,ativa,,,,,,
CT0006681,GS0003,CLI001359,PAR010,correspondente,servicos,26500.0,36,0.2061,902.55,2026-04-15,ativa,,,,,,
CT0002812,GC0012,CLI002578,PAR007,digital,Celular,4100.0,15,0.2688,352.27,2024-12-30,cancelada,2025-10-30,,,,,
CT0001909,GA0007,CLI003288,PAR006,loja,Auto,69800.0,72,0.1601,1144.04,2025-06-15,cancelada,2025-11-15,,,,,
CT0004566,GI0028,CLI004351,PAR003,correspondente,IMOVEIS,434500.0,200,0.1849,2617.65,2023-06-17,ativa,,,,,,
CT0004975,GC0056,CLI005478,PAR009,digital,celular,7700.0,12,0.2105,789.57,2024-11-10,cancelada,2025-10-10,,,,,
CT0000244,GI0018,CLI006190,PAR001,digital,imóvel,406000.0,200,0.2096,2496.09,2026-03-01,ativa,,,,,,
CT0007276,GA0048,CLI005459,PAR003,correspondente,automovel,123900.0,80,0.1636,1833.1,2024-10-02,cancelada,2024-11-02,,,,,
CT0006307,GC0035,CLI005342,PAR004,,smartphone,7200.0,24,0.1991,365.73,2023-12-30,quitada,,CTP000656,GC0035,2025-01-30,sorteio,0.0
CT0004766,GA0076,CLI004527,PAR099,interno,AUTO,116400.0,72,0.1709,1925.29,2025-01-09,contemplada,,CTP000513,GA0076,2026-08-09,sorteio,0.0
CT0006837,GC0065,CLI000683,PAR001,digital,CELULAR,5600.0,18,0.229,388.58,2025-02-01,quitada,,,,,,
CT0004368,GS0005,CLI006147,PAR005,bancario,serviço,23900.0,48,0.2029,608.9,2024-12-24,cancelada,2025-05-24,,,,,
CT0005476,GC0035,CLI005696,PAR009,digital,celular,3500.0,24,0.2336,182.82,2026-03-20,ativa,,,,,,
CT0007053,GI0006,CLI003998,PAR005,bancario,imoveis,356100.0,180,0.2062,2425.83,2025-04-26,ativa,,,,,,
CT0008229,GA0056,CLI001535,PAR008,correspondente,auto,48900.0,72,0.1723,809.77,2024-04-30,cancelada,2026-08-30,,,,,
CT0004450,GA0062,CLI000732,PAR012,interno,AUTO,54900.0,60,0.1685,1087.48,2024-10-11,contemplada,,CTP000482,GA0062,2026-05-11,lance_livre,29421.77
CT0003841,GI0028,CLI000960,PAR002,loja,IMOVEIS,340200.0,200,0.1996,2074.54,2025-09-08,contemplada,,CTP000413,GI0028,2026-07-08,sorteio,0.0
CT0001627,GC0064,CLI005127,PAR007,digital,Celular,8800.0,24,0.2355,460.35,2025-10-26,cancelada,2026-02-26,,,,,
CT0005166,GI0029,CLI003733,PAR008,correspondente,imóvel,227800.0,200,0.2085,1399.26,2025-01-27,cancelada,2025-06-27,,,,,
CT0002544,GA0040,CLI000667,PAR002,loja,AUTO,104000.0,72,0.1497,1689.57,2025-08-06,ativa,,,,,,
CT0000985,GA0039,CLI004125,PAR010,correspondente,automovel,114300.0,60,0.1417,2213.04,2023-07-11,ativa,,,,,,
CT0004915,GS0028,CLI002229,PAR012,interno,SERVICOS,28800.0,24,0.1833,1443.96,2025-01-31,cancelada,2025-10-31,,,,,
CT0006108,GI0042,CLI003164,PAR010,correspondente,imoveis,473700.0,150,0.2085,3879.6,2023-03-31,cancelada,2023-11-30,,,,,
CT0005647,GC0019,CLI001849,PAR007,digital,smartphone,3500.0,18,0.2321,243.46,2025-06-06,cancelada,2025-10-06,,,,,
CT0002393,GA0053,CLI000083,PAR001,digital,auto,64600.0,80,0.1776,967.06,2024-12-30,cancelada,2026-06-30,,,,,
CT0003675,GC0044,CLI004904,PAR009,digital,CELULAR,2100.0,12,0.2114,215.5,2025-01-02,cancelada,2025-12-02,,,,,
CT0002829,GC0062,CLI003753,PAR006,loja,CELULAR,4500.0,24,0.2064,229.95,2025-07-10,ativa,,,,,,
CT0004342,GA0039,CLI002432,PAR002,loja,AUTO,77500.0,60,0.172,1539.67,2024-10-02,contemplada,,CTP000474,GA0039,2025-01-02,sorteio,0.0
CT0006185,GI0022,CLI004235,PAR011,correspondente,IMOVEIS,525500.0,200,0.2035,3214.75,2024-07-18,ativa,,,,,,
CT0002956,GC0049,CLI005177,PAR007,digital,celular,5000.0,24,0.2222,258.79,2025-01-22,cancelada,2025-11-22,,,,,
CT0008014,GC0003,CLI003965,PAR006,loja,celular,4900.0,12,0.2306,510.66,2025-01-01,quitada,,,,,,
CT0003639,GA0083,CLI000828,PAR002,loja,Auto,99500.0,60,0.1829,1994.81,2026-06-06,ativa,,,,,,
CT0004212,GA0071,CLI001680,PAR001,digital,automovel,85100.0,72,0.179,1417.15,2024-05-19,ativa,,,,,,
CT0004585,GS0034,CLI005986,PAR009,digital,SERVICOS,25200.0,36,0.2106,861.42,2024-07-18,ativa,,,,,,
CT0002976,GS0017,CLI001327,PAR001,,servicos,30200.0,36,0.2024,1025.46,2024-10-02,ativa,,,,,,
CT0003304,GC0051,CLI001236,PAR004,telemarketing,smartphone,3100.0,24,0.2495,163.98,2024-09-26,cancelada,2026-01-26,,,,,
CT0006678,GA0081,CLI001005,PAR001,digital,Auto,89800.0,72,0.162,1474.22,2025-04-29,contemplada,,CTP000702,GA0081,2026-03-29,sorteio,0.0
CT0004486,GC0037,CLI001431,PAR004,telemarketing,smartphone,4300.0,24,0.2313,224.19,2025-12-06,ativa,,,,,,
CT0003420,GA0013,CLI000842,PAR008,correspondente,Auto,116500.0,72,0.1612,1911.25,2025-08-24,ativa,,,,,,
CT0007177,GC0067,CLI006233,PAR009,digital,Celular,5200.0,15,0.2563,442.45,2024-10-03,cancelada,2025-04-03,,,,,
CT0003447,GA0014,CLI005310,PAR004,telemarketing,AUTO,119600.0,80,0.1771,1789.66,2023-09-17,ativa,,,,,,
CT0007635,GS0039,CLI005120,PAR004,telemarketing,servicos,12400.0,48,0.1791,309.77,2024-01-26,cancelada,2024-02-26,,,,,
CT0007078,GA0087,CLI004136,PAR002,loja,auto,96000.0,60,0.1528,1876.48,2024-06-22,ativa,,,,,,
CT0001081,GC0022,CLI005961,PAR007,digital,Celular,3400.0,24,0.2222,175.98,2025-05-25,cancelada,2025-09-25,,,,,
CT0006284,GA0018,CLI002965,PAR001,digital,auto,106700.0,72,0.1533,1738.77,2023-01-06,contemplada,,CTP000653,GA0018,2025-07-06,sorteio,0.0
CT0000300,GC0006,CLI001856,PAR007,digital,CELULAR,3700.0,18,0.2349,257.95,2025-08-11,cancelada,2025-10-11,,,,,
CT0003170,GS0016,CLI006520,PAR008,correspondente,SERVICOS,8100.0,24,0.201,412.09,2026-05-20,cancelada,2026-06-20,,,,,
CT0004157,GS0001,CLI002409,PAR007,digital,Serviços,18200.0,24,0.1758,906.82,2025-01-17,cancelada,2025-12-17,,,,,
CT0000596,GA0039,CLI001002,PAR001,digital,AUTO,55700.0,60,0.1577,1093.3,2026-04-30,ativa,,,,,,
CT0008084,GI0025,CLI004115,PAR008,correspondente,Imovel,540200.0,150,0.1908,4360.49,2023-03-28,ativa,,,,,,
CT0007241,GS0011,CLI005414,PAR009,digital,servicos,9300.0,48,0.2061,237.56,2024-03-09,ativa,,,,,,
CT0005905,GA0023,CLI006242,PAR008,correspondente,Automóvel,57800.0,72,0.1753,959.56,2025-02-24,cancelada,2025-03-24,,,,,
CT0003806,GS0007,CLI006168,PAR006,loja,Serviços,7900.0,24,0.2005,401.75,2024-11-21,contemplada,,CTP000409,GS0007,2026-03-21,lance_livre,4126.64
CT0008101,GC0036,CLI006230,PAR007,digital,celular,1900.0,24,0.2161,97.86,2025-05-28,ativa,,,,,,
CT0002675,GA0034,CLI002699,PAR012,interno,Auto,118400.0,80,0.1733,1766.08,2024-12-17,ativa,,,,,,
CT0000576,GA0008,CLI003689,PAR010,correspondente,Auto,58200.0,80,0.1859,877.29,2024-06-03,cancelada,2025-01-03,,,,,
CT0004487,GA0056,CLI003261,PAR002,loja,automovel,60400.0,72,0.1632,992.57,2025-07-28,contemplada,,CTP000486,GA0056,2025-10-28,sorteio,0.0
CT0002405,GA0005,CLI001278,PAR004,telemarketing,Auto,90700.0,80,0.1687,1347.69,2024-08-24,cancelada,2026-02-24,,,,,
CT0007429,GI0017,CLI003781,PAR011,correspondente,imóvel,625400.0,150,0.2046,5105.77,2023-06-08,ativa,,,,,,
CT0003016,GC0050,CLI005880,PAR007,digital,Celular,5500.0,18,0.2196,378.77,2025-04-18,cancelada,2025-10-18,,,,,
CT0003168,GC0024,CLI006883,PAR007,digital,Celular,7700.0,12,0.2216,796.69,2025-11-01,cancelada,2025-12-01,,,,,
CT0004163,GI0009,CLI000472,PAR005,bancario,imoveis,549200.0,180,0.2162,3771.78,2025-05-27,ativa,,,,,,
CT0002723,GI0039,CLI002657,PAR005,bancario,Imóveis,180600.0,200,0.2004,1102.02,2025-04-07,ativa,,,,,,
CT0005189,GA0062,CLI007188,PAR008,correspondente,auto,50400.0,60,0.1624,993.22,2026-03-13,ativa,,,,,,
CT0005077,GC0013,CLI006620,PAR004,telemarketing,Celular,2900.0,18,0.2359,202.34,2025-12-09,ativa,,,,,,
CT0003766,GA0067,CLI003770,PAR002,,automovel,86900.0,80,0.1655,1287.75,2025-05-09,ativa,,,,,,
CT0000131,GA0007,CLI002399,PAR007,digital,auto,104600.0,72,0.1781,1740.57,2025-03-16,ativa,,,,,,
CT0001943,GI0042,CLI006788,PAR003,correspondente,Imovel,549300.0,150,0.2192,4537.95,2024-02-23,ativa,,,,,,
CT0005305,GC0049,CLI006180,PAR007,digital,Celular,5200.0,24,0.2184,268.32,2024-12-30,cancelada,2025-08-30,,,,,
CT0007028,GA0089,CLI004203,PAR001,digital,Auto,68000.0,72,0.1631,1117.37,2025-03-04,ativa,,,,,,
CT0005192,GC0024,CLI000901,PAR007,digital,CELULAR,3800.0,12,0.2245,394.09,2025-10-05,cancelada,2026-01-05,,,,,
CT0007499,GI0011,CLI001264,PAR012,interno,Imóveis,194700.0,200,0.211,1198.38,2026-04-16,ativa,,,,,,
CT0003530,GI0041,CLI004092,PAR011,correspondente,imóvel,570800.0,180,0.2018,3874.46,2023-12-29,ativa,,,,,,
CT0006156,GC0022,CLI000399,PAR004,telemarketing,celular,5000.0,24,0.2204,258.42,2025-04-14,cancelada,2025-12-14,,,,,
CT0006485,GI0010,CLI000539,PAR005,bancario,Imóveis,549200.0,180,0.1927,3700.08,2025-12-18,ativa,,,,,,
CT0002126,GI0008,CLI001889,PAR005,bancario,imóvel,626100.0,180,0.1978,4235.91,2023-12-18,ativa,,,,,,
CT0003232,GS0037,CLI003925,PAR001,digital,SERVICOS,9100.0,48,0.1869,228.81,2024-01-09,cancelada,2024-04-09,,,,,
CT0002075,GI0034,CLI002188,PAR003,correspondente,imoveis,342300.0,180,0.1923,2305.39,2024-11-24,ativa,,,,,,
CT0007749,GC0002,CLI004140,PAR008,,Celular,8800.0,12,0.2351,920.41,2025-12-03,ativa,,,,,,
CT0008539,GC0036,CLI006598,PAR004,telemarketing,smartphone,5600.0,24,0.2181,288.89,2025-08-10,cancelada,2026-02-10,,,,,
CT0001880,GA0019,CLI004785,PAR002,loja,automovel,127200.0,60,0.1969,2579.83,2026-01-27,ativa,,,,,,
CT0005108,GI0026,CLI001294,PAR005,bancario,imoveis,470700.0,150,0.1935,3807.96,2025-03-21,ativa,,,,,,
CT0001516,GC0051,CLI005841,PAR004,telemarketing,CELULAR,3400.0,24,0.2528,180.31,2025-01-15,cancelada,2025-11-15,,,,,
CT0005515,GS0020,CLI000999,PAR010,correspondente,Servicos,29300.0,48,0.1913,739.4,2023-12-12,ativa,,,,,,
CT0008143,GA0065,CLI004596,PAR004,telemarketing,Automóvel,101100.0,60,0.164,1995.04,2024-04-16,cancelada,2024-07-16,,,,,
CT0002195,GA0022,CLI004630,PAR001,digital,Automóvel,110200.0,80,0.1655,1633.03,2023-11-16,ativa,,,,,,
CT0005612,GA0006,CLI005474,PAR099,bancario,automovel,55000.0,80,0.1763,822.46,2023-07-16,contemplada,,CTP000597,GA0006,2024-11-16,lance_livre,21574.43
CT0000684,GI0019,CLI005317,PAR001,digital,Imovel,509000.0,150,0.225,4224.7,2025-01-01,cancelada,2025-02-01,,,,,
CT0005233,GI0015,CLI002247,PAR002,loja,Imóveis,330100.0,180,0.1838,2207.64,2025-05-05,ativa,,,,,,
CT0006495,GC0063,CLI000603,PAR004,telemarketing,Celular,6800.0,15,0.2256,564.67,2026-03-24,cancelada,2026-04-24,,,,,
CT0000911,GC0002,CLI000549,PAR007,digital,celular,7000.0,12,0.2428,736.63,2024-10-18,cancelada,2025-04-18,,,,,
CT0006206,GA0081,CLI000255,PAR007,digital,Auto,66100.0,72,0.1764,1098.36,2025-07-19,cancelada,2025-09-19,,,,,
CT0008445,GI0007,CLI002060,PAR009,digital,imoveis,271900.0,150,0.2208,2249.16,2025-11-09,ativa,,,,,,
CT0001364,GC0054,CLI000892,PAR009,digital,CELULAR,6900.0,12,0.2345,721.34,2024-06-23,quitada,,,,,,
CT0008476,GC0020,CLI004082,PAR009,digital,celular,4600.0,24,0.232,239.97,2025-04-17,ativa,,,,,,
CT0003653,GS0016,CLI005519,PAR001,digital,servicos,31400.0,24,0.2056,1603.49,2024-03-05,quitada,,,,,,
CT0004862,GA0082,CLI004850,PAR001,digital,automovel,78700.0,80,0.1611,1161.91,2024-12-31,cancelada,2025-01-31,,,,,
CT0004870,GC0028,CLI006735,PAR001,digital,CELULAR,7900.0,18,0.2531,558.75,2023-08-02,cancelada,2024-01-02,CTP000527,GC0028,2023-12-02,sorteio,0.0
CT0007095,GC0007,CLI002232,PAR009,digital,smartphone,4400.0,24,0.2523,233.25,2025-12-22,cancelada,2026-06-22,,,,,
CT0005288,GI0023,CLI000122,PAR003,correspondente,IMOVEIS,333600.0,200,0.2089,2049.81,2026-03-26,ativa,,,,,,
CT0001423,GI0028,CLI006102,PAR003,correspondente,imóvel,315900.0,200,0.2102,1943.1,2024-07-08,cancelada,2024-12-08,,,,,
CT0007441,GI0025,CLI003291,PAR008,correspondente,imóvel,319800.0,150,0.2036,2608.72,2025-01-30,ativa,,,,,,
CT0001603,GC0054,CLI002743,PAR001,digital,smartphone,2200.0,12,0.2425,231.46,2025-01-07,cancelada,2025-09-07,,,,,
CT0002004,GC0062,CLI002487,PAR002,loja,Celular,5200.0,24,0.2138,267.32,2025-10-17,ativa,,,,,,
CT0006260,GC0066,CLI003398,PAR006,loja,Celular,2200.0,12,0.2252,228.29,2025-07-19,quitada,,,,,,
CT0000868,GC0005,CLI001623,PAR004,telemarketing,Celular,6600.0,24,0.2145,339.49,2024-05-03,cancelada,2024-10-03,,,,,
CT0000462,GA0026,CLI004406,PAR002,loja,automovel,125400.0,72,0.1562,2048.55,2025-01-02,ativa,,,,,,
CT0008535,GA0046,CLI000029,PAR009,digital,Auto,102700.0,72,0.1612,1684.85,2024-05-22,ativa,,,,,,
CT0007071,GA0025,CLI003873,PAR002,loja,AUTO,123700.0,72,0.1704,2045.17,2024-05-03,ativa,,,,,,
CT0001243,GC0040,CLI004724,PAR009,digital,Celular,5600.0,15,0.2459,472.6,2025-04-29,cancelada,2026-04-29,,,,,
CT0003311,GA0025,CLI003398,PAR005,bancario,auto,119400.0,72,0.1629,1961.64,2024-12-29,cancelada,2025-02-28,,,,,
CT0007308,GS0018,CLI001077,PAR006,loja,SERVICOS,10300.0,24,0.1831,516.33,2023-09-11,quitada,,,,,,
CT0005144,GC0014,CLI003189,PAR007,digital,Celular,3000.0,24,0.2355,156.94,2025-03-05,cancelada,2026-03-05,,,,,
CT0006259,GC0028,CLI001581,PAR007,digital,celular,3800.0,18,0.2322,264.35,2024-09-29,cancelada,2025-01-29,,,,,
CT0001164,GS0008,CLI004253,PAR002,loja,Serviços,34900.0,48,0.2154,898.24,2024-11-29,ativa,,,,,,
CT0002451,GC0025,CLI006538,PAR009,digital,Celular,3100.0,15,0.2336,259.08,2024-11-11,quitada,,,,,,
CT0008458,GI0041,CLI001590,PAR003,correspondente,IMOVEIS,616600.0,180,0.2033,4190.48,2024-09-21,ativa,,,,,,
CT0000686,GC0027,CLI006343,PAR004,telemarketing,celular,5800.0,15,0.2356,485.5,2023-04-08,cancelada,2024-07-08,,,,,
CT0008414,GS0014,CLI002317,PAR012,interno,Servicos,28800.0,36,0.2043,979.44,2026-04-03,ativa,,,,,,
CT0007481,GS0009,CLI006399,PAR004,telemarketing,servicos,22400.0,48,0.1883,563.87,2024-04-26,cancelada,2025-12-26,,,,,
CT0002041,GI0011,CLI005198,PAR010,correspondente,IMOVEIS,189700.0,200,0.1989,1156.13,2024-02-16,ativa,,,,,,
CT0004110,GA0066,CLI000644,PAR002,loja,auto,106400.0,72,0.1632,1748.51,2025-11-26,ativa,,,,,,
CT0007709,GC0026,CLI005502,PAR007,digital,smartphone,3400.0,24,0.2345,177.72,2024-10-13,cancelada,2025-01-13,,,,,
CT0008294,GA0000,CLI003182,PAR012,interno,auto,93300.0,60,0.1745,1857.45,2025-09-11,ativa,,,,,,
CT0005709,GA0038,CLI002977,PAR001,digital,Automóvel,118200.0,72,0.1601,1937.33,2026-02-19,ativa,,,,,,
CT0007705,GC0029,CLI002744,PAR008,correspondente,smartphone,2400.0,24,0.2254,124.54,2025-09-13,ativa,,,,,,
CT0003585,GA0026,CLI001110,PAR012,interno,Auto,100800.0,72,0.1671,1661.94,2025-05-27,ativa,,,,,,
CT0004839,GC0011,CLI003666,PAR007,,CELULAR,5400.0,12,0.237,565.65,2024-09-18,cancelada,2025-01-18,,,,,
CT0005086,GI0040,CLI000807,PAR003,correspondente,imoveis,301500.0,200,0.1966,1834.02,2023-11-17,contemplada,,CTP000543,GI0040,2026-08-17,lance_fixo,75375.0
CT0002674,GI0027,CLI000903,PAR003,correspondente,Imovel,471000.0,150,0.2088,3858.43,2025-07-14,ativa,,,,,,
CT0008351,GC0057,CLI001804,PAR009,digital,CELULAR,2900.0,24,0.2467,153.06,2024-11-20,cancelada,2026-02-20,,,,,
CT0002374,GI0032,CLI003707,PAR001,digital,Imóveis,616200.0,180,0.2014,4181.26,2025-06-25,ativa,,,,,,
CT0005558,GS0030,CLI006561,PAR010,correspondente,serviço,8200.0,36,0.2038,278.75,2026-02-04,cancelada,2026-03-04,,,,,
CT0000612,GA0001,CLI004512,PAR010,correspondente,auto,101100.0,72,0.181,1686.4,2025-02-22,ativa,,,,,,
CT0002492,GA0057,CLI001057,PAR012,interno,automovel,128600.0,60,0.1613,2531.92,2025-02-10,ativa,,,,,,
CT0005942,GI0029,CLI003961,PAR012,interno,Imovel,574200.0,200,0.1928,3481.95,2023-03-03,cancelada,2025-09-03,,,,,
CT0008444,GI0020,CLI006089,PAR012,interno,imóvel,583200.0,180,0.2115,3990.06,2025-01-23,ativa,,,,,,
CT0005525,GA0041,CLI002849,PAR005,bancario,auto,65600.0,72,0.1775,1091.06,2024-01-30,ativa,,,,,,
CT0004990,GS0009,CLI006353,PAR001,digital,serviço,24300.0,48,0.1987,616.97,2025-06-23,cancelada,2025-09-23,,,,,
CT0005746,GC0041,CLI005894,PAR007,digital,smartphone,5800.0,24,0.2183,299.26,2024-12-18,cancelada,2025-03-18,,,,,
CT0001390,GA0033,CLI000233,PAR009,digital,auto,80900.0,60,0.1736,1609.37,2025-05-16,ativa,,,,,,
CT0005376,GS0022,CLI001920,PAR004,telemarketing,SERVICOS,9300.0,24,0.1998,472.67,2024-08-31,cancelada,2026-08-31,,,,,
CT0001722,GA0076,CLI001086,PAR010,correspondente,AUTO,74200.0,72,0.1609,1216.98,2024-08-24,ativa,,,,,,
CT0007660,GA0000,CLI005534,PAR005,bancario,Auto,122800.0,60,0.1648,2424.89,2024-03-25,ativa,,,,,,
CT0003669,GA0030,CLI002427,PAR002,loja,Auto,80800.0,72,0.1539,1317.38,2025-12-18,ativa,,,,,,
CT0003477,GI0023,CLI000262,PAR003,correspondente,imóvel,515700.0,200,0.2054,3159.69,2024-02-13,ativa,,,,,,
CT0003426,GA0085,CLI004030,PAR099,correspondente,Auto,117600.0,60,0.1799,2351.8,2025-11-01,ativa,,,,,,
CT0003288,GC0011,CLI006982,PAR007,digital,celular,6000.0,12,0.2382,629.1,2025-03-11,quitada,,CTP000351,GC0011,2025-06-11,sorteio,0.0
CT0006754,GC0065,CLI007038,PAR007,digital,smartphone,7500.0,18,0.2055,510.62,2024-12-26,cancelada,2025-10-26,,,,,
CT0005253,GC0017,CLI001310,PAR004,telemarketing,smartphone,3800.0,12,0.2512,402.55,2024-09-10,cancelada,2025-03-10,,,,,
CT0000882,GA0081,CLI006489,PAR005,bancario,Automóvel,93100.0,72,0.156,1520.63,2025-12-30,ativa,,,,,,
CT0004698,GC0006,CLI001797,PAR009,digital,CELULAR,8600.0,18,0.2532,608.31,2024-10-30,cancelada,2024-11-30,,,,,
CT0001425,GA0013,CLI002490,PAR006,loja,auto,123600.0,72,0.1865,2071.16,2026-05-15,ativa,,,,,,
CT0006716,GA0076,CLI003322,PAR002,loja,Automóvel,105100.0,72,0.1868,1761.59,2025-11-05,ativa,,,,,,
CT0003429,GA0026,CLI005950,PAR012,interno,auto,93100.0,72,0.1755,1545.85,2024-05-06,cancelada,2024-06-06,,,,,
CT0008434,GS0033,CLI003723,PAR004,telemarketing,serviço,33900.0,48,0.2062,866.0,2026-07-05,ativa,,,,,,
CT0002056,GC0069,CLI002236,PAR006,loja,celular,6400.0,24,0.2233,331.55,2024-12-02,ativa,,,,,,
CT0001602,GC0012,CLI000563,PAR012,interno,CELULAR,6000.0,15,0.2245,497.8,2026-05-26,ativa,,,,,,
CT0007597,GC0041,CLI002377,PAR001,digital,Celular,5100.0,24,0.2358,266.86,2024-07-03,cancelada,2026-01-03,,,,,
CT0002644,GA0084,CLI006655,PAR002,loja,auto,92800.0,60,0.1562,1819.19,2025-04-16,cancelada,2026-06-16,,,,,
CT0000715,GC0013,CLI000745,PAR004,telemarketing,smartphone,6700.0,18,0.2395,468.81,2025-02-20,quitada,,CTP000090,GC0013,2025-03-20,sorteio,0.0
CT0004014,GA0083,CLI002779,PAR010,correspondente,Auto,49000.0,60,0.1692,971.18,2025-07-29,ativa,,,,,,
CT0004718,GA0033,CLI001571,PAR011,correspondente,auto,106700.0,60,0.1702,2116.57,2024-03-23,cancelada,2025-10-23,,,,,
CT0000005,GS0019,CLI003727,PAR004,telemarketing,servicos,6600.0,36,0.2114,225.76,2024-06-03,cancelada,2025-02-03,,,,,
CT0003906,GA0053,CLI000182,PAR001,digital,Auto,88200.0,80,0.2003,1345.38,2024-08-07,cancelada,2024-12-07,,,,,
CT0007091,GC0031,CLI006615,PAR008,correspondente,celular,8100.0,24,0.2266,420.73,2023-09-26,quitada,,,,,,
CT0001547,GS0009,CLI001875,PAR006,loja,servicos,33600.0,48,0.1897,846.79,2024-02-21,cancelada,2024-11-21,,,,,
CT0002307,GI0005,CLI006419,PAR003,correspondente,imoveis,477300.0,200,0.198,2906.76,2025-12-29,ativa,,,,,,
CT0004761,GI0024,CLI006962,PAR005,bancario,IMOVEIS,249700.0,180,0.2159,1714.47,2025-11-04,cancelada,2026-02-04,,,,,
CT0004528,GA0058,CLI001826,PAR008,correspondente,Auto,103700.0,80,0.1675,1539.3,2024-06-22,ativa,,,,,,
CT0006701,GI0015,CLI006149,PAR011,correspondente,imóvel,542700.0,180,0.1953,3664.13,2026-03-22,ativa,,,,,,
CT0008070,GS0033,CLI000380,PAR002,loja,Serviços,28100.0,48,0.2003,714.38,2025-04-08,ativa,,,,,,
CT0006476,GA0041,CLI003894,PAR004,telemarketing,Auto,100400.0,72,0.17,1659.39,2025-01-20,contemplada,,CTP000680,GA0041,2025-12-20,sorteio,0.0
CT0001674,GA0081,CLI002107,PAR012,interno,Automóvel,54400.0,72,0.1764,903.95,2024-07-19,ativa,,,,,,
CT0005325,GS0004,CLI004284,PAR099,digital,servicos,20900.0,36,0.2257,723.2,2023-09-19,cancelada,2026-02-19,CTP000573,GS0004,2024-05-19,sorteio,0.0
CT0000150,GA0021,CLI006487,PAR001,digital,AUTO,75200.0,80,0.1444,1094.54,2023-09-04,cancelada,2025-06-04,,,,,
CT0000240,GA0082,CLI006056,PAR005,bancario,Auto,80800.0,80,0.1724,1204.32,2025-04-02,cancelada,2025-08-02,,,,,
CT0004995,GA0084,CLI006487,PAR011,correspondente,Auto,50600.0,60,0.1684,1002.22,2025-04-07,ativa,,,,,,
CT0007740,GI0001,CLI002519,PAR004,telemarketing,IMOVEIS,646300.0,200,0.2041,3955.68,2024-05-20,cancelada,2024-06-20,,,,,
CT0000350,GC0045,CLI000178,PAR004,telemarketing,smartphone,7900.0,18,0.2305,548.83,2026-02-14,cancelada,2026-06-14,,,,,
CT0005925,GA0064,CLI004240,PAR001,digital,Auto,68600.0,72,0.159,1123.33,2025-07-22,ativa,,,,,,
CT0007875,GS0007,CLI003087,PAR004,telemarketing,SERVICOS,13100.0,24,0.1974,664.5,2024-05-23,cancelada,2024-07-23,,,,,
CT0002330,GA0008,CLI007057,PAR007,digital,auto,100900.0,80,0.1739,1505.81,2024-08-18,ativa,,,,,,
CT0005050,GA0069,CLI000243,PAR001,digital,automovel,127600.0,80,0.1671,1893.42,2025-07-09,ativa,,,,,,
CT0006672,GI0037,CLI002502,PAR010,correspondente,imóvel,332400.0,200,0.207,2039.27,2025-07-21,ativa,,,,,,
CT0005006,GI0008,CLI004233,PAR005,bancario,imoveis,313100.0,180,0.1955,2114.29,2025-12-13,ativa,,,,,,
CT0000033,GS0022,CLI005949,PAR004,telemarketing,Serviços,10900.0,24,0.2056,556.63,2025-11-07,cancelada,2026-06-07,,,,,
CT0007065,GA0028,CLI002815,PAR002,loja,automovel,126000.0,72,0.1687,2080.23,2024-07-20,ativa,,,,,,
CT0002713,GA0073,CLI005484,PAR012,interno,AUTO,49000.0,80,0.1702,729.0,2024-06-04,ativa,,,,,,
CT0002401,GS0031,CLI004583,PAR004,telemarketing,servicos,27100.0,36,0.1825,905.22,2025-03-29,ativa,,,,,,
CT0002583,GC0018,CLI004662,PAR001,digital,celular,3300.0,12,0.2574,351.29,2024-06-20,quitada,,,,,,
CT0000471,GA0020,CLI006647,PAR006,loja,AUTO,95000.0,80,0.1685,1411.34,2023-08-23,cancelada,2024-12-23,,,,,
CT0001281,GA0057,CLI005523,PAR010,,AUTO,99700.0,60,0.1695,1976.55,2025-08-08,ativa,,,,,,
CT0002792,GA0062,CLI005262,PAR007,digital,Auto,89500.0,60,0.1549,1752.56,2025-08-02,cancelada,2026-04-02,,,,,
CT0002787,GA0067,CLI003909,PAR007,digital,AUTO,121300.0,80,0.1584,1786.75,2025-05-21,ativa,,,,,,
CT0003940,GC0036,CLI003530,PAR099,digital,Celular,2300.0,24,0.237,120.46,2024-12-20,cancelada,2025-01-20,,,,,
CT0001296,GC0053,CLI000964,PAR005,bancario,Celular,6000.0,24,0.2267,311.68,2026-04-15,ativa,,,,,,
CT0005085,GA0055,CLI002637,PAR001,digital,automovel,45800.0,80,0.1838,689.18,2025-10-15,ativa,,,,,,
CT0002592,GI0004,CLI006823,PAR005,bancario,imóvel,331100.0,200,0.1988,2017.72,2023-06-15,cancelada,2026-04-15,CTP000286,GI0004,2023-11-15,lance_fixo,82775.0
CT0005824,GS0005,CLI005564,PAR002,loja,Servicos,20700.0,48,0.2077,529.45,2025-06-19,cancelada,2026-02-19,,,,,
CT0002464,GA0069,CLI000296,PAR008,correspondente,AUTO,70800.0,80,0.1536,1038.64,2026-03-30,cancelada,2026-07-30,,,,,
CT0007156,GI0023,CLI000282,PAR003,correspondente,Imóveis,432900.0,200,0.1934,2626.4,2024-06-16,contemplada,,CTP000753,GI0023,2026-07-16,sorteio,0.0
CT0007779,GA0089,CLI000670,PAR002,loja,AUTO,92800.0,72,0.1662,1528.88,2026-02-21,ativa,,,,,,
CT0002529,GC0046,CLI002533,PAR007,digital,celular,3400.0,12,0.2133,349.44,2024-09-04,cancelada,2024-12-04,,,,,
CT0002582,GA0019,CLI001496,PAR007,digital,Auto,104800.0,60,0.1629,2066.13,2025-07-22,cancelada,2025-11-22,,,,,
CT0007163,GC0058,CLI006498,PAR004,telemarketing,CELULAR,2000.0,12,0.2109,205.15,2026-02-07,ativa,,,,,,
CT0007044,GC0023,CLI000574,PAR009,digital,Celular,7600.0,18,0.2128,520.52,2023-10-04,quitada,,,,,,
CT0005579,GA0043,CLI006428,PAR010,correspondente,AUTO,97000.0,72,0.1724,1606.43,2025-05-15,ativa,,,,,,
CT0007412,GI0035,CLI002316,PAR001,digital,IMOVEIS,621600.0,150,0.179,4968.66,2024-01-29,cancelada,2024-09-29,,,,,
CT0006805,GA0020,CLI003948,PAR008,correspondente,Automóvel,102600.0,80,0.1527,1503.99,2024-09-15,cancelada,2024-10-15,,,,,
CT0001561,GC0049,CLI001634,PAR006,loja,CELULAR,7600.0,24,0.2126,390.32,2023-05-10,cancelada,2024-09-10,CTP000174,GC0049,2024-08-10,lance_fixo,1900.0
CT0006966,GS0038,CLI003318,PAR007,digital,SERVICOS,31500.0,36,0.204,1071.0,2025-09-04,cancelada,2026-07-04,,,,,
CT0000245,GA0030,CLI001531,PAR004,telemarketing,Auto,46800.0,72,0.1644,769.86,2024-02-15,cancelada,2024-08-15,,,,,
CT0004914,GC0059,CLI006972,PAR009,digital,smartphone,6800.0,12,0.2333,710.2,2024-01-01,cancelada,2024-06-01,,,,,
CT0002140,GA0004,CLI005067,PAR005,bancario,AUTO,128900.0,80,0.1525,1889.19,2024-02-10,cancelada,2024-04-10,,,,,
CT0003411,GA0065,CLI001208,PAR001,digital,AUTO,70100.0,60,0.1697,1389.97,2025-01-13,cancelada,2025-07-13,,,,,
CT0008368,GI0007,CLI003679,PAR003,correspondente,Imovel,339500.0,150,0.2007,2762.85,2023-07-05,ativa,,,,,,
CT0007161,GS0029,CLI002857,PAR004,telemarketing,Servicos,29200.0,24,0.2053,1490.78,2025-03-25,cancelada,2025-06-25,,,,,
CT0004074,GC0045,CLI005567,PAR001,digital,celular,2200.0,18,0.2188,151.41,2023-09-19,cancelada,2023-11-19,,,,,
CT0003434,GI0034,CLI006973,PAR003,correspondente,Imóveis,453800.0,180,0.2096,3099.96,2023-05-05,cancelada,2023-07-05,,,,,
CT0006623,GI0040,CLI005159,PAR008,correspondente,imoveis,481000.0,200,0.1902,2910.53,2025-12-17,ativa,,,,,,
CT0003958,GA0003,CLI000050,PAR004,telemarketing,Auto,56900.0,60,0.1711,1129.56,2025-08-16,contemplada,,CTP000429,GA0003,2026-03-16,lance_livre,23713.57
CT0001472,GA0080,CLI000119,PAR004,telemarketing,Auto,112600.0,60,0.1564,2207.71,2026-05-22,contemplada,,CTP000165,GA0080,2026-07-22,lance_livre,54837.41
CT0001997,GS0004,CLI004452,PAR010,correspondente,Servicos,27800.0,36,0.196,939.02,2024-02-19,ativa,,,,,,
CT0004544,GI0007,CLI006019,PAR003,correspondente,IMOVEIS,334500.0,150,0.1765,2668.19,2023-08-04,contemplada,,CTP000490,GI0007,2026-08-04,sorteio,0.0
CT0008225,GC0006,CLI004806,PAR004,telemarketing,smartphone,5500.0,18,0.2367,383.99,2025-11-20,cancelada,2026-02-20,,,,,
CT0002158,GC0015,CLI003681,PAR007,digital,smartphone,8600.0,24,0.2332,449.06,2025-08-07,cancelada,2025-09-07,,,,,
CT0003449,GA0076,CLI003753,PAR001,digital,automovel,51300.0,72,0.1633,843.1,2026-01-15,ativa,,,,,,
CT0003717,GI0034,CLI005844,PAR002,loja,IMOVEIS,591600.0,180,0.2144,4057.06,2026-01-21,ativa,,,,,,
CT0004539,GA0083,CLI006546,PAR001,digital,automovel,80900.0,60,0.1642,1596.7,2025-11-02,ativa,,,,,,
CT0000933,GC0017,CLI005417,PAR007,digital,Celular,2300.0,12,0.2301,239.6,2024-07-25,cancelada,2025-01-25,,,,,
CT0001619,GC0015,CLI003953,PAR007,digital,smartphone,3900.0,24,0.2099,199.86,2025-09-11,cancelada,2025-12-11,,,,,
CT0007109,GC0040,CLI004525,PAR007,digital,celular,5600.0,15,0.2396,470.25,2025-03-24,cancelada,2025-04-24,,,,,
CT0002237,GI0033,CLI003162,PAR010,correspondente,imoveis,350700.0,200,0.2152,2165.92,2024-04-20,ativa,,,,,,
CT0006038,GA0000,CLI000420,PAR005,bancario,Auto,54100.0,60,0.1563,1060.63,2025-02-23,ativa,,,,,,
CT0007665,GC0053,CLI006459,PAR009,digital,smartphone,4600.0,24,0.2192,237.51,2023-10-17,quitada,,CTP000807,GC0053,2025-05-17,sorteio,0.0
CT0007668,GC0050,CLI001967,PAR007,digital,CELULAR,4800.0,18,0.2218,331.15,2025-07-24,ativa,,,,,,
CT0003687,GA0030,CLI000116,PAR001,digital,Auto,87700.0,72,0.1717,1451.56,2023-12-05,cancelada,2026-03-05,,,,,
CT0005390,GA0087,CLI004610,PAR012,interno,AUTO,103400.0,60,0.1791,2066.45,2026-03-26,ativa,,,,,,
CT0000570,GC0023,CLI005466,PAR007,digital,Celular,2700.0,18,0.2374,188.61,2024-10-20,cancelada,2025-03-20,,,,,
CT0004198,GI0000,CLI002546,PAR006,loja,Imóveis,326100.0,150,0.1949,2641.19,2026-07-24,ativa,,,,,,
CT0002539,GA0003,CLI006272,PAR008,correspondente,AUTO,76000.0,60,0.1667,1503.15,2025-07-08,ativa,,,,,,
CT0008266,GA0065,CLI003662,PAR008,correspondente,auto,112700.0,60,0.1662,2228.08,2023-04-16,cancelada,2024-06-16,,,,,
CT0007188,GC0065,CLI004712,PAR009,digital,CELULAR,2500.0,18,0.2195,172.15,2024-02-25,quitada,,,,,,
CT0001086,GA0048,CLI002394,PAR002,loja,AUTO,128000.0,80,0.1718,1906.88,2024-08-30,ativa,,,,,,
CT0001873,GI0025,CLI002307,PAR005,bancario,Imóveis,468400.0,150,0.1992,3807.16,2024-10-23,cancelada,2026-06-23,,,,,
CT0004865,GC0062,CLI006916,PAR009,digital,celular,5900.0,24,0.2374,309.11,2023-11-30,quitada,,,,,,
CT0001181,GC0023,CLI003028,PAR007,digital,CELULAR,3100.0,18,0.2449,217.84,2024-12-24,cancelada,2025-01-24,,,,,
CT0000916,GA0021,CLI003636,PAR001,digital,automovel,58600.0,80,0.1522,858.64,2026-04-22,ativa,,,,,,
CT0004983,GC0060,CLI006062,PAR007,digital,smartphone,6400.0,24,0.208,327.47,2025-09-19,ativa,,,,,,
CT0003036,GA0083,CLI000377,PAR009,digital,Automóvel,69900.0,60,0.1656,1381.22,2024-09-08,cancelada,2026-03-08,,,,,
CT0007137,GC0051,CLI003907,PAR004,telemarketing,Celular,3400.0,24,0.2407,178.6,2025-01-07,cancelada,2025-10-07,,,,,
CT0002973,GC0037,CLI000349,PAR004,telemarketing,Celular,8200.0,24,0.2137,421.51,2024-10-23,cancelada,2026-01-23,,,,,
CT0003921,GA0000,CLI005510,PAR001,digital,Auto,48400.0,60,0.1667,957.27,2024-03-26,contemplada,,CTP000420,GA0000,2025-06-26,sorteio,0.0
CT0004020,GC0003,CLI004704,PAR003,correspondente,smartphone,4200.0,12,0.224,435.4,2024-09-07,quitada,,,,,,
CT0004018,GI0028,CLI007027,PAR005,bancario,IMOVEIS,360400.0,200,0.2079,2212.68,2024-12-11,contemplada,,CTP000438,GI0028,2025-11-11,sorteio,0.0
CT0006888,GS0015,CLI000973,PAR004,,SERVICOS,6700.0,24,0.1852,336.45,2023-06-03,quitada,,,,,,
CT0004711,GS0018,CLI003452,PAR009,digital,Serviços,11700.0,24,0.2217,605.33,2024-08-22,cancelada,2026-02-22,,,,,
CT0002003,GS0007,CLI002348,PAR004,telemarketing,servicos,18500.0,24,0.1939,935.71,2025-01-30,cancelada,2025-02-28,,,,,
CT0001446,GA0086,CLI004931,PAR008,correspondente,automovel,125100.0,60,0.1841,2510.55,2023-12-26,ativa,,,,,,
CT0002365,GA0006,CLI001716,PAR012,interno,automovel,100700.0,80,0.166,1492.88,2026-05-19,ativa,,,,,,
CT0003285,GC0033,CLI004712,PAR004,telemarketing,celular,3800.0,15,0.2192,313.93,2026-03-06,ativa,,,,,,
CT0003901,GA0014,CLI001447,PAR007,digital,auto,80300.0,80,0.167,1191.45,2025-02-22,cancelada,2025-08-22,,,,,
CT0004680,GS0037,CLI004966,PAR003,correspondente,servicos,7300.0,48,0.2147,187.78,2024-08-10,ativa,,,,,,
CT0008341,GI0035,CLI006739,PAR005,bancario,imóvel,583800.0,150,0.2013,4753.3,2024-01-22,ativa,,,,,,
CT0000317,GI0041,CLI003711,PAR011,correspondente,IMOVEIS,495100.0,180,0.2081,3377.96,2025-04-13,ativa,,,,,,
CT0002959,GA0076,CLI004410,PAR002,loja,Auto,82600.0,72,0.1682,1363.13,2024-08-06,cancelada,2025-03-06,,,,,
CT0006817,GC0008,CLI000256,PAR006,loja,smartphone,3300.0,18,0.2457,232.05,2026-03-22,ativa,,,,,,
CT0005531,GC0042,CLI005957,PAR004,telemarketing,smartphone,3700.0,12,0.2298,385.36,2025-12-01,cancelada,2026-04-01,,,,,
CT0005540,GI0027,CLI004508,PAR006,loja,Imóveis,321300.0,150,0.2057,2625.45,2025-07-30,contemplada,,CTP000588,GI0027,2025-11-30,sorteio,0.0
CT0002416,GA0013,CLI006967,PAR005,bancario,Automóvel,69400.0,72,0.1565,1134.02,2023-10-07,ativa,,,,,,
CT0000265,GC0050,CLI000621,PAR007,digital,CELULAR,3000.0,18,0.2216,206.93,2025-05-17,cancelada,2025-06-17,,,,,
CT0001820,GA0001,CLI006882,PAR005,,Auto,75300.0,72,0.1711,1245.69,2024-05-29,ativa,,,,,,
CT0001471,GI0040,CLI002689,PAR008,correspondente,Imovel,529700.0,200,0.1898,3204.16,2025-05-01,ativa,,,,,,
CT0003333,GC0031,CLI001285,PAR009,digital,smartphone,3100.0,24,0.2411,162.89,2024-10-12,contemplada,,CTP000355,GC0031,2025-06-12,sorteio,0.0
CT0001315,GA0018,CLI006588,PAR002,loja,Automóvel,88700.0,72,0.1814,1480.06,2025-07-25,ativa,,,,,,
CT0006937,GA0077,CLI006444,PAR002,loja,Automóvel,83300.0,80,0.1616,1230.34,2026-03-20,ativa,,,,,,
CT0006659,GC0009,CLI005151,PAR001,digital,smartphone,2800.0,24,0.2295,145.78,2025-03-21,ativa,,,,,,
CT0003537,GC0001,CLI003489,PAR007,digital,Celular,7000.0,24,0.23,364.58,2025-03-15,cancelada,2025-08-15,,,,,
CT0003860,GC0002,CLI004466,PAR006,loja,Celular,6700.0,12,0.2364,701.49,2026-03-09,ativa,,,,,,
CT0002255,GC0056,CLI000380,PAR001,digital,Celular,2100.0,12,0.2298,218.72,2025-02-24,cancelada,2025-05-24,,,,,
CT0007166,GC0050,CLI004244,PAR004,telemarketing,Celular,7100.0,18,0.2365,495.62,2026-05-02,cancelada,2026-08-02,,,,,
CT0008251,GI0025,CLI005242,PAR003,correspondente,Imovel,322400.0,150,0.2019,2626.27,2023-11-19,contemplada,,CTP000873,GI0025,2025-04-19,lance_livre,165616.41
CT0000232,GA0002,CLI002571,PAR007,digital,automovel,89700.0,60,0.1808,1795.2,2024-09-03,cancelada,2024-10-03,,,,,
CT0008085,GC0007,CLI001806,PAR007,digital,Celular,7100.0,24,0.2374,371.98,2025-06-30,cancelada,2025-08-30,,,,,
CT0001867,GC0039,CLI003394,PAR008,correspondente,CELULAR,3900.0,12,0.2309,406.54,2023-07-04,quitada,,,,,,
CT0001765,GA0052,CLI001340,PAR012,interno,auto,96800.0,60,0.1809,1937.45,2025-10-27,ativa,,,,,,
CT0007396,GA0083,CLI005830,PAR002,loja,Auto,90800.0,60,0.1475,1766.82,2024-01-08,ativa,,,,,,
CT0003489,GI0022,CLI006830,PAR005,bancario,Imóveis,361400.0,200,0.1998,2204.18,2026-04-04,ativa,,,,,,
CT0004559,GA0057,CLI006370,PAR012,interno,AUTO,127300.0,60,0.1735,2532.21,2024-05-26,ativa,,,,,,
CT0003109,GS0008,CLI006379,PAR005,bancario,SERVICOS,30300.0,48,0.2073,774.73,2024-03-14,ativa,,,,,,
CT0001993,GC0068,CLI001301,PAR007,digital,celular,4700.0,24,0.2095,240.78,2025-04-26,cancelada,2025-09-26,,,,,
CT0006078,GC0050,CLI001093,PAR007,digital,CELULAR,4400.0,18,0.2358,306.97,2025-05-04,cancelada,2025-09-04,,,,,
CT0008039,GI0040,CLI005787,PAR005,bancario,imóvel,610300.0,200,0.1817,3666.99,2026-01-08,ativa,,,,,,
CT0004737,GC0049,CLI002937,PAR007,digital,Celular,5800.0,24,0.2176,299.09,2025-10-15,cancelada,2025-11-15,,,,,
CT0001394,GC0017,CLI005563,PAR007,digital,Celular,4500.0,12,0.2365,471.19,2025-03-07,cancelada,2025-07-07,,,,,
CT0000602,GC0056,CLI002955,PAR009,digital,celular,6300.0,12,0.2397,661.34,2024-11-18,quitada,,,,,,
CT0006488,GC0033,CLI007112,PAR007,digital,Celular,2400.0,15,0.2182,198.11,2025-02-05,cancelada,2025-07-05,,,,,
CT0006191,GC0001,CLI006481,PAR007,digital,Celular,5900.0,24,0.2437,310.66,2025-06-27,cancelada,2025-09-27,,,,,
CT0007365,GI0002,CLI001281,PAR099,interno,imoveis,498800.0,180,0.1815,3329.49,2025-11-21,ativa,,,,,,
CT0005756,GA0056,CLI004139,PAR002,loja,Automóvel,61100.0,72,0.1585,1000.09,2026-02-01,ativa,,,,,,
CT0002069,GC0019,CLI006208,PAR011,correspondente,CELULAR,6400.0,18,0.2399,447.96,2024-03-21,quitada,,CTP000228,GC0019,2024-11-21,sorteio,0.0
CT0001563,GA0086,CLI005066,PAR009,digital,Automóvel,85400.0,60,0.1731,1698.18,2025-10-25,cancelada,2026-06-25,,,,,
CT0008550,GS0013,CLI000095,PAR007,digital,Servicos,8100.0,36,0.2,274.5,2025-06-05,ativa,,,,,,
CT0000084,GA0089,CLI003978,PAR002,loja,Automóvel,116500.0,72,0.1803,1942.15,2025-06-03,contemplada,,CTP000007,GA0089,2025-09-03,sorteio,0.0
CT0007387,GC0024,CLI002920,PAR007,digital,smartphone,6100.0,12,0.2491,645.13,2025-03-25,cancelada,2026-02-25,,,,,
CT0004371,GS0006,CLI003209,PAR004,telemarketing,servicos,10700.0,36,0.206,364.39,2026-05-07,cancelada,2026-07-07,,,,,
CT0005559,GA0038,CLI005547,PAR004,telemarketing,Automóvel,50400.0,72,0.1594,825.58,2023-07-02,ativa,,,,,,
CT0002965,GI0043,CLI006559,PAR005,,Imovel,642700.0,150,0.2026,5238.43,2024-08-17,ativa,,,,,,
CT0001118,GS0019,CLI001253,PAR007,digital,SERVICOS,23600.0,36,0.2239,815.45,2025-01-05,cancelada,2025-09-05,,,,,
CT0006873,GS0013,CLI000131,PAR004,telemarketing,SERVICOS,9900.0,36,0.2014,335.88,2025-05-11,cancelada,2025-10-11,,,,,
CT0006684,GC0049,CLI003347,PAR007,digital,Celular,5700.0,24,0.2264,296.02,2025-05-11,cancelada,2026-02-11,,,,,
CT0005272,GA0066,CLI005565,PAR006,,AUTO,74300.0,72,0.1707,1228.74,2026-06-28,ativa,,,,,,
CT0007088,GC0044,CLI000888,PAR007,digital,Celular,4900.0,12,0.2332,511.72,2025-11-05,cancelada,2026-06-05,,,,,
CT0004508,GA0020,CLI005962,PAR011,correspondente,AUTO,52600.0,80,0.2049,805.37,2025-12-07,ativa,,,,,,
CT0003035,GA0018,CLI007015,PAR010,correspondente,auto,46300.0,72,0.1711,765.94,2026-01-30,cancelada,2026-03-30,,,,,
CT0001199,GI0018,CLI003285,PAR003,correspondente,IMOVEIS,356400.0,200,0.2058,2184.38,2026-01-28,ativa,,,,,,
CT0006199,GA0058,CLI000366,PAR004,telemarketing,automovel,58900.0,80,0.1805,883.87,2023-12-25,contemplada,,CTP000646,GA0058,2024-11-25,sorteio,0.0
CT0004952,GC0032,CLI003425,PAR004,telemarketing,CELULAR,1800.0,18,0.2502,127.02,2025-06-03,cancelada,2025-07-03,,,,,
CT0008272,GC0027,CLI003111,PAR001,digital,Celular,7600.0,15,0.2281,632.37,2024-12-03,quitada,,,,,,
CT0003102,GA0014,CLI002821,PAR002,loja,automovel,107100.0,80,0.1761,1601.28,2024-04-14,ativa,,,,,,
CT0008502,GA0031,CLI005016,PAR010,correspondente,auto,80700.0,72,0.1831,1348.47,2025-06-27,contemplada,,CTP000903,GA0031,2025-08-27,sorteio,0.0
CT0000112,GA0030,CLI003566,PAR005,bancario,AUTO,127200.0,72,0.1637,2091.2,2024-06-07,cancelada,2025-07-07,,,,,
CT0007449,GA0070,CLI004046,PAR009,digital,automovel,60700.0,60,0.1817,1215.72,2024-07-23,ativa,,,,,,
CT0000621,GI0017,CLI004663,PAR099,correspondente,Imóveis,341600.0,150,0.1873,2749.42,2024-02-11,ativa,,,,,,
CT0004162,GC0031,CLI001401,PAR009,digital,Celular,5900.0,24,0.2351,308.55,2025-01-01,ativa,,,,,,
CT0003011,GA0085,CLI002311,PAR099,bancario,AUTO,106500.0,60,0.1594,2093.43,2024-01-13,cancelada,2026-02-13,,,,,
CT0003052,GA0060,CLI004295,PAR011,correspondente,Automóvel,98900.0,80,0.1699,1471.01,2025-07-15,ativa,,,,,,
CT0004455,GI0020,CLI001199,PAR005,bancario,IMOVEIS,329800.0,180,0.1886,2214.42,2026-04-18,contemplada,,CTP000483,GI0020,2026-05-18,sorteio,0.0
CT0004832,GI0005,CLI003284,PAR011,correspondente,Imóveis,307500.0,200,0.2011,1877.44,2024-08-28,ativa,,,,,,
CT0004603,GA0010,CLI001445,PAR001,digital,Automóvel,106300.0,72,0.1955,1794.55,2025-07-20,ativa,,,,,,
CT0002012,GC0028,CLI000377,PAR006,loja,Celular,5600.0,18,0.2314,389.32,2026-03-05,ativa,,,,,,
CT0007574,GC0038,CLI004307,PAR009,digital,smartphone,7800.0,18,0.2444,547.91,2025-06-07,cancelada,2025-11-07,,,,,
CT0004902,GC0016,CLI001581,PAR007,,Celular,5600.0,12,0.2447,590.19,2025-10-11,cancelada,2025-11-11,,,,,
CT0007183,GA0049,CLI004901,PAR003,correspondente,automovel,109700.0,60,0.1568,2151.58,2025-01-22,contemplada,,CTP000758,GA0049,2025-10-22,sorteio,0.0
CT0000598,GA0064,CLI003745,PAR001,digital,automovel,88300.0,72,0.1739,1464.19,2024-04-06,contemplada,,CTP000077,GA0064,2026-08-06,sorteio,0.0
CT0004799,GI0009,CLI003190,PAR008,correspondente,Imóveis,364300.0,180,0.1891,2447.08,2026-01-17,ativa,,,,,,
CT0004577,GS0005,CLI001144,PAR005,bancario,Serviços,8900.0,48,0.2183,229.6,2026-03-06,ativa,,,,,,
CT0007694,GI0024,CLI001451,PAR003,correspondente,Imóveis,412100.0,180,0.1998,2792.66,2024-05-28,cancelada,2024-09-28,,,,,
CT0001404,GI0022,CLI004402,PAR005,bancario,Imóveis,629200.0,200,0.198,3831.83,2026-01-07,ativa,,,,,,
CT0005124,GA0050,CLI001632,PAR002,loja,Auto,116100.0,80,0.1683,1724.52,2025-03-20,ativa,,,,,,
CT0005913,GI0008,CLI000538,PAR005,,Imóveis,215200.0,180,0.2146,1476.03,2023-07-16,ativa,,,,,,
CT0003452,GC0006,CLI006903,PAR001,digital,CELULAR,8800.0,18,0.2349,613.51,2025-10-20,ativa,,,,,,
CT0001567,GI0014,CLI006199,PAR004,telemarketing,Imovel,325800.0,150,0.2158,2684.16,2024-05-15,ativa,,,,,,
CT0004039,GC0018,CLI006243,PAR007,digital,celular,1900.0,12,0.2282,197.63,2025-03-08,cancelada,2025-06-08,,,,,
CT0002052,GC0011,CLI000931,PAR009,,Celular,3300.0,12,0.2429,347.3,2025-05-21,quitada,,,,,,
CT0000506,GC0027,CLI002054,PAR009,digital,smartphone,7700.0,15,0.2146,633.76,2024-06-09,quitada,,,,,,
CT0007735,GI0010,CLI004264,PAR001,digital,IMOVEIS,258100.0,180,0.1754,1714.07,2025-06-25,contemplada,,CTP000819,GI0010,2026-01-25,lance_livre,77134.53
CT0000133,GC0044,CLI005643,PAR004,telemarketing,CELULAR,2000.0,12,0.2324,208.73,2023-06-09,quitada,,,,,,
CT0008555,GA0075,CLI006713,PAR001,digital,Automóvel,97800.0,60,0.1592,1922.1,2024-04-25,ativa,,,,,,
CT0003433,GA0010,CLI005957,PAR002,loja,Auto,100700.0,72,0.165,1657.35,2025-05-01,ativa,,,,,,
CT0007317,GA0050,CLI004959,PAR006,loja,automovel,80600.0,80,0.1679,1196.81,2025-12-03,ativa,,,,,,
CT0007983,GA0007,CLI005287,PAR001,digital,auto,104800.0,72,0.1599,1717.41,2024-04-10,ativa,,,,,,
CT0008524,GC0047,CLI002554,PAR006,loja,CELULAR,6600.0,15,0.2263,548.37,2025-11-03,ativa,,,,,,
CT0006419,GC0050,CLI004143,PAR006,loja,CELULAR,2400.0,18,0.2307,166.76,2025-01-22,cancelada,2026-01-22,,,,,
CT0004977,GA0058,CLI000499,PAR005,bancario,AUTO,53800.0,80,0.1708,800.81,2024-03-17,ativa,,,,,,
CT0002595,GI0003,CLI000975,PAR099,correspondente,IMOVEIS,208600.0,150,0.1951,1689.8,2025-10-26,ativa,,,,,,
CT0000852,GS0006,CLI005281,PAR012,interno,Servicos,17900.0,36,0.1817,597.51,2024-10-30,ativa,,,,,,
CT0001210,GI0005,CLI000992,PAR005,bancario,Imóveis,539400.0,200,0.2263,3361.27,2026-03-08,ativa,,,,,,
CT0007140,GC0043,CLI005227,PAR004,telemarketing,CELULAR,6200.0,18,0.2331,431.62,2025-01-12,cancelada,2025-05-12,,,,,
CT0001833,GA0074,CLI002432,PAR009,digital,auto,58000.0,80,0.1675,860.94,2023-10-25,cancelada,2025-06-25,,,,,
CT0001212,GA0059,CLI005902,PAR012,,Automóvel,100700.0,60,0.1591,1978.92,2026-05-21,ativa,,,,,,
CT0002203,GC0010,CLI001330,PAR008,correspondente,celular,4700.0,12,0.2376,492.56,2024-04-12,quitada,,,,,,
CT0003645,GS0015,CLI005204,PAR005,bancario,Serviços,30500.0,24,0.1911,1539.11,2024-10-03,cancelada,2025-02-03,,,,,
CT0006366,GA0012,CLI007075,PAR004,telemarketing,automovel,76000.0,80,0.1645,1125.28,2026-05-19,ativa,,,,,,
CT0004844,GI0039,CLI005967,PAR003,correspondente,Imóveis,312000.0,200,0.1904,1888.22,2024-11-15,ativa,,,,,,
CT0000741,GA0087,CLI002073,PAR002,loja,Automóvel,122700.0,60,0.1844,2463.0,2024-11-20,ativa,,,,,,
CT0003495,GC0022,CLI002544,PAR007,digital,Celular,5400.0,24,0.242,283.95,2025-05-31,ativa,,,,,,
CT0003820,GC0023,CLI002576,PAR001,digital,smartphone,5900.0,18,0.2392,412.74,2024-02-05,cancelada,2025-08-05,,,,,
CT0004958,GA0028,CLI004248,PAR008,correspondente,Automóvel,124200.0,72,0.1825,2074.31,2025-05-11,ativa,,,,,,
CT0005270,GI0019,CLI006355,PAR001,digital,Imóveis,571100.0,150,0.2061,4668.17,2024-08-07,cancelada,2025-02-07,,,,,
CT0008396,GI0037,CLI004436,PAR004,telemarketing,Imóveis,606300.0,200,0.2063,3717.53,2025-01-02,cancelada,2025-05-02,,,,,
CT0000226,GI0004,CLI004491,PAR002,loja,Imóveis,385100.0,200,0.1982,2345.64,2023-11-25,ativa,,,,,,
CT0006162,GA0038,CLI006090,PAR002,loja,Auto,108000.0,72,0.1806,1800.9,2023-10-02,ativa,,,,,,
CT0004303,GI0014,CLI004781,PAR005,bancario,Imovel,477800.0,150,0.2038,3898.21,2024-11-26,ativa,,,,,,
CT0004264,GA0036,CLI000155,PAR002,loja,AUTO,77000.0,72,0.1549,1256.49,2023-03-10,ativa,,,,,,
CT0007402,GC0003,CLI006133,PAR004,telemarketing,Celular,5000.0,12,0.2288,520.33,2024-03-02,quitada,,,,,,
CT0007331,GI0039,CLI003264,PAR011,correspondente,imoveis,615800.0,200,0.1871,3716.66,2025-10-09,ativa,,,,,,
CT0006370,GI0009,CLI000388,PAR002,loja,imóvel,195500.0,180,0.2099,1335.81,2026-02-15,contemplada,,CTP000666,GI0009,2026-08-15,sorteio,0.0
CT0003463,GI0035,CLI003014,PAR001,digital,imóvel,356000.0,150,0.1957,2885.26,2024-06-14,ativa,,,,,,
CT0005603,GS0029,CLI003753,PAR003,correspondente,SERVICOS,16200.0,24,0.2165,834.64,2023-07-05,quitada,,,,,,
CT0003529,GI0038,CLI004648,PAR005,bancario,Imovel,533400.0,150,0.2101,4374.24,2023-08-19,ativa,,,,,,
CT0006367,GA0005,CLI004408,PAR002,loja,auto,54300.0,80,0.1654,804.59,2025-04-14,ativa,,,,,,
CT0003264,GA0008,CLI003004,PAR004,telemarketing,Auto,55300.0,80,0.1828,831.44,2023-12-13,contemplada,,CTP000349,GA0008,2024-08-13,sorteio,0.0
CT0001249,GA0004,CLI000377,PAR008,,auto,117500.0,80,0.1597,1732.68,2024-12-12,cancelada,2026-08-12,,,,,
CT0006533,GC0037,CLI006745,PAR004,telemarketing,smartphone,9000.0,24,0.2125,462.19,2026-05-26,cancelada,2026-06-26,,,,,
CT0002147,GA0012,CLI001397,PAR002,loja,Auto,101400.0,80,0.1408,1471.31,2026-02-27,ativa,,,,,,
CT0008123,GI0042,CLI006903,PAR001,digital,imoveis,402600.0,150,0.1906,3249.25,2025-03-04,ativa,,,,,,
CT0002901,GC0035,CLI000606,PAR009,digital,Celular,5400.0,24,0.2114,277.06,2025-08-27,ativa,,,,,,
CT0007551,GA0084,CLI005301,PAR099,digital,AUTO,116200.0,60,0.1677,2300.18,2024-10-14,cancelada,2026-07-14,,,,,
CT0007871,GA0023,CLI003651,PAR002,loja,Automóvel,54200.0,72,0.1803,903.56,2026-04-05,ativa,,,,,,
CT0005175,GA0076,CLI005218,PAR008,correspondente,auto,50900.0,72,0.167,839.14,2025-06-01,ativa,,,,,,
CT0003198,GI0035,CLI004361,PAR003,correspondente,Imóveis,586000.0,150,0.2261,4868.1,2024-09-23,ativa,,,,,,
CT0003712,GI0025,CLI005385,PAR003,correspondente,IMOVEIS,636200.0,150,0.2057,5198.6,2026-05-15,ativa,,,,,,
CT0006427,GI0017,CLI000738,PAR003,correspondente,IMOVEIS,622800.0,150,0.2027,5076.65,2026-07-17,ativa,,,,,,
CT0000820,GA0027,CLI000294,PAR004,telemarketing,Auto,91100.0,72,0.1812,1519.85,2026-02-16,cancelada,2026-04-16,,,,,
CT0004819,GA0033,CLI005273,PAR001,digital,Auto,72400.0,60,0.167,1432.31,2023-09-29,cancelada,2024-11-29,CTP000518,GA0033,2024-06-29,lance_livre,23217.89
CT0004740,GA0050,CLI000346,PAR002,loja,AUTO,93100.0,80,0.1777,1393.82,2026-06-03,ativa,,,,,,
CT0007752,GC0006,CLI003067,PAR007,digital,smartphone,8800.0,18,0.2237,608.03,2025-07-02,cancelada,2026-03-02,CTP000820,GC0006,2025-09-02,lance_livre,4668.4
CT0007141,GA0054,CLI001183,PAR004,telemarketing,Auto,112800.0,72,0.1716,1866.84,2024-08-27,cancelada,2025-01-27,CTP000752,GA0054,2024-11-27,lance_fixo,28200.0
CT0003828,GA0052,CLI006218,PAR009,digital,Automóvel,60800.0,60,0.1954,1231.61,2023-09-30,ativa,,,,,,
CT0003865,GA0077,CLI001366,PAR007,digital,Automóvel,69700.0,80,0.1646,1032.08,2025-10-30,ativa,,,,,,
CT0007054,GS0028,CLI003190,PAR007,digital,Serviços,28800.0,24,0.2169,1484.28,2024-11-09,ativa,,,,,,
CT0003074,GI0024,CLI001655,PAR003,correspondente,Imóveis,586400.0,180,0.1998,3973.84,2026-07-21,ativa,,,,,,
CT0005437,GI0043,CLI005742,PAR003,correspondente,imóvel,495700.0,150,0.1877,3991.05,2024-11-13,ativa,,,,,,
CT0007990,GA0070,CLI000796,PAR005,bancario,Automóvel,116200.0,60,0.1679,2300.57,2023-08-11,ativa,,,,,,
CT0005436,GC0056,CLI003002,PAR007,digital,smartphone,7300.0,12,0.2166,752.26,2025-04-18,cancelada,2025-08-18,,,,,
CT0005881,GA0025,CLI002259,PAR007,digital,Automóvel,85200.0,72,0.1584,1394.44,2024-11-05,ativa,,,,,,
CT0002111,GS0002,CLI002364,PAR004,telemarketing,servicos,33400.0,36,0.1982,1130.22,2025-10-28,cancelada,2026-04-28,,,,,
CT0001550,GI0009,CLI005612,PAR008,correspondente,imóvel,615300.0,180,0.208,4197.71,2025-04-26,cancelada,2025-06-26,,,,,
CT0007986,GS0037,CLI003543,PAR004,,Serviços,32500.0,48,0.217,837.55,2023-08-07,cancelada,2024-02-07,,,,,
CT0002941,GA0014,CLI003097,PAR007,digital,auto,85900.0,80,0.1788,1287.21,2024-09-10,cancelada,2024-10-10,,,,,
CT0008554,GC0053,CLI006330,PAR004,telemarketing,CELULAR,3900.0,24,0.2234,202.05,2026-04-27,cancelada,2026-05-27,,,,,
CT0002089,GS0021,CLI006463,PAR009,digital,Serviços,23300.0,36,0.1931,785.15,2025-03-21,ativa,,,,,,
CT0006640,GC0005,CLI002200,PAR004,telemarketing,CELULAR,5400.0,24,0.2358,282.56,2026-04-01,cancelada,2026-05-01,,,,,
CT0001151,GC0056,CLI000990,PAR007,digital,celular,4100.0,12,0.2331,428.14,2024-08-13,cancelada,2025-05-13,,,,,
CT0006304,GC0047,CLI001032,PAR007,digital,CELULAR,4200.0,15,0.2434,353.75,2024-10-27,cancelada,2025-09-27,,,,,
CT0004345,GI0043,CLI002934,PAR002,loja,imoveis,640900.0,150,0.2092,5251.96,2023-08-05,ativa,,,,,,
CT0001755,GA0043,CLI001644,PAR004,telemarketing,Automóvel,55600.0,72,0.1533,906.05,2024-12-23,cancelada,2025-02-23,,,,,
CT0008529,GI0034,CLI004572,PAR003,correspondente,IMOVEIS,483400.0,180,0.1905,3250.87,2025-05-12,ativa,,,,,,
CT0008579,GS0038,CLI000777,PAR007,digital,servicos,18400.0,36,0.1941,620.54,2025-11-26,ativa,,,,,,
CT0004383,GI0008,CLI002085,PAR012,interno,imoveis,241000.0,180,0.1863,1615.1,2024-09-15,ativa,,,,,,
CT0002122,GS0033,CLI003367,PAR009,digital,Serviços,32600.0,48,0.2024,830.21,2025-05-21,ativa,,,,,,
CT0006262,GA0010,CLI003629,PAR010,correspondente,automovel,108100.0,72,0.1504,1757.23,2025-12-29,ativa,,,,,,
CT0007738,GC0061,CLI001905,PAR007,digital,smartphone,8400.0,24,0.2325,438.38,2024-12-14,cancelada,2025-04-14,,,,,
CT0007439,GA0055,CLI001932,PAR002,loja,AUTO,100300.0,80,0.1792,1503.5,2025-12-18,ativa,,,,,,
CT0004626,GA0023,CLI005273,PAR004,telemarketing,auto,87900.0,72,0.1918,1479.41,2025-03-08,cancelada,2025-11-08,,,,,
CT0003344,GS0037,CLI000407,PAR005,bancario,Serviços,16900.0,48,0.2099,433.03,2025-05-25,ativa,,,,,,
CT0007623,GA0008,CLI005913,PAR006,loja,auto,50100.0,80,0.1806,751.88,2024-04-06,ativa,,,,,,
CT0000484,GC0021,CLI003319,PAR006,loja,celular,5800.0,12,0.2251,601.8,2025-05-28,quitada,,CTP000061,GC0021,2026-02-28,sorteio,0.0
CT0000922,GC0055,CLI003403,PAR007,digital,celular,7200.0,24,0.2362,376.86,2025-01-09,ativa,,,,,,
CT0005227,GS0028,CLI006296,PAR004,telemarketing,serviço,7900.0,24,0.1838,396.25,2024-08-20,cancelada,2024-10-20,,,,,
CT0006349,GC0067,CLI007002,PAR004,telemarketing,Celular,2900.0,15,0.2293,241.53,2024-05-19,cancelada,2024-08-19,CTP000662,GC0067,2024-08-19,sorteio,0.0
CT0001610,GC0053,CLI001454,PAR004,telemarketing,celular,1800.0,24,0.2339,94.04,2023-05-01,cancelada,2023-07-01,,,,,
CT0007713,GI0043,CLI006778,PAR003,correspondente,IMOVEIS,456800.0,150,0.1789,3651.05,2025-07-13,ativa,,,,,,
CT0006303,GA0011,CLI000039,PAR012,interno,automovel,111700.0,72,0.1566,1825.36,2023-08-13,contemplada,,CTP000655,GA0011,2026-08-13,lance_livre,34996.18
CT0002661,GC0064,CLI001347,PAR006,loja,CELULAR,8200.0,24,0.2507,434.16,2024-01-24,cancelada,2025-10-24,,,,,
CT0001403,GC0040,CLI001439,PAR004,,Celular,4100.0,15,0.2093,336.01,2026-02-07,cancelada,2026-03-07,CTP000156,GC0040,2026-03-07,sorteio,0.0
CT0006397,GS0026,CLI000526,PAR004,telemarketing,Servicos,16400.0,48,0.1887,412.97,2026-03-16,ativa,,,,,,
CT0004549,GA0021,CLI002770,PAR009,digital,automovel,77500.0,80,0.148,1131.5,2025-11-08,ativa,,,,,,
CT0000349,GA0078,CLI000103,PAR001,digital,auto,62800.0,72,0.1599,1029.13,2023-10-17,cancelada,2024-02-17,,,,,
CT0002169,GC0036,CLI005041,PAR008,correspondente,celular,7500.0,24,0.2548,398.38,2023-09-29,cancelada,2024-09-29,,,,,
CT0006762,GC0058,CLI004375,PAR009,digital,Celular,2700.0,12,0.2286,280.94,2026-01-17,cancelada,2026-03-17,,,,,
CT0006525,GC0035,CLI006597,PAR008,correspondente,Celular,2200.0,24,0.2383,115.34,2023-11-04,cancelada,2023-12-04,,,,,
CT0001749,GA0087,CLI004058,PAR004,telemarketing,AUTO,114000.0,60,0.1936,2305.84,2026-03-26,cancelada,2026-06-26,,,,,
CT0003100,GS0039,CLI000674,PAR012,interno,servicos,7600.0,48,0.2126,195.16,2025-03-05,ativa,,,,,,
CT0005240,GA0034,CLI000504,PAR004,telemarketing,AUTO,52200.0,80,0.1686,775.56,2026-05-27,ativa,,,,,,
CT0001288,GI0018,CLI003290,PAR005,bancario,imóvel,612200.0,200,0.1831,3682.69,2025-02-13,ativa,,,,,,
CT0004829,GC0026,CLI005025,PAR007,digital,CELULAR,8600.0,24,0.2093,440.5,2025-10-17,cancelada,2025-11-17,,,,,
CT0000685,GA0005,CLI002674,PAR005,bancario,automovel,84100.0,80,0.1805,1262.03,2025-05-11,ativa,,,,,,
CT0005721,GC0037,CLI006266,PAR006,loja,CELULAR,4500.0,24,0.2542,238.91,2025-07-25,ativa,,,,,,
CT0004170,GS0011,CLI002510,PAR004,telemarketing,serviço,24800.0,48,0.2074,634.16,2025-12-28,ativa,,,,,,
CT0002340,GI0009,CLI002838,PAR006,,imoveis,276700.0,180,0.2016,1877.87,2024-10-08,ativa,,,,,,
CT0002603,GA0021,CLI006353,PAR004,telemarketing,AUTO,112700.0,80,0.1688,1674.72,2026-03-25,contemplada,,CTP000287,GA0021,2026-08-25,lance_fixo,28175.0
CT0000860,GS0006,CLI002454,PAR006,loja,serviço,31600.0,36,0.1891,1061.32,2025-07-14,ativa,,,,,,
CT0004875,GA0011,CLI005440,PAR005,bancario,AUTO,78800.0,72,0.1508,1281.38,2023-06-26,cancelada,2023-09-26,,,,,
CT0003837,GC0053,CLI005069,PAR009,digital,Celular,3000.0,24,0.2328,156.6,2025-06-19,cancelada,2026-04-19,,,,,
CT0003236,GA0033,CLI002021,PAR012,interno,Auto,53800.0,60,0.162,1059.86,2024-04-18,ativa,,,,,,
CT0007593,GI0021,CLI006534,PAR003,correspondente,Imovel,549900.0,200,0.1986,3350.54,2024-06-08,ativa,,,,,,
CT0000249,GS0005,CLI001622,PAR007,digital,Servicos,19700.0,48,0.2156,507.11,2025-07-06,cancelada,2026-04-06,,,,,
CT0000542,GI0042,CLI005802,PAR005,bancario,imoveis,410800.0,150,0.1901,3314.06,2024-05-09,ativa,,,,,,
CT0007897,GI0011,CLI002463,PAR009,digital,IMOVEIS,410500.0,200,0.2046,2513.49,2025-01-08,ativa,,,,,,
CT0007119,GC0047,CLI002902,PAR004,telemarketing,smartphone,3500.0,15,0.2412,294.28,2026-01-07,cancelada,2026-07-07,,,,,
CT0002037,GI0011,CLI003389,PAR003,correspondente,imóvel,513500.0,200,0.2152,3171.38,2025-03-12,ativa,,,,,,
CT0000972,GA0080,CLI002782,PAR010,correspondente,automovel,107800.0,60,0.1665,2131.75,2025-03-18,contemplada,,CTP000107,GA0080,2025-08-18,sorteio,0.0
CT0000659,GA0068,CLI000481,PAR005,bancario,auto,117000.0,72,0.163,1922.38,2025-12-23,ativa,,,,,,
CT0001498,GA0019,CLI002751,PAR005,bancario,Automóvel,57200.0,60,0.158,1123.03,2025-06-05,ativa,,,,,,
CT0001013,GA0065,CLI004881,PAR001,digital,Automóvel,97300.0,60,0.168,1926.54,2025-11-04,cancelada,2025-12-04,,,,,
CT0000450,GC0025,CLI005739,PAR007,digital,Celular,2100.0,15,0.2264,174.5,2024-11-26,cancelada,2025-03-26,,,,,
CT0006159,GI0018,CLI000990,PAR008,correspondente,Imóveis,214300.0,200,0.1858,1292.01,2026-03-13,ativa,,,,,,
CT0004759,GI0034,CLI001865,PAR009,digital,imóvel,192300.0,180,0.1936,1296.53,2026-06-18,ativa,,,,,,
CT0000143,GS0022,CLI004276,PAR005,bancario,SERVICOS,31600.0,24,0.1791,1578.82,2025-11-21,ativa,,,,,,
CT0004329,GI0015,CLI000119,PAR005,bancario,IMOVEIS,181700.0,180,0.2052,1236.77,2026-06-22,ativa,,,,,,
CT0007225,GA0041,CLI005349,PAR002,loja,Automóvel,77500.0,72,0.1821,1293.93,2025-09-07,ativa,,,,,,
CT0000115,GC0006,CLI001188,PAR007,digital,CELULAR,1800.0,18,0.2426,126.26,2025-05-10,cancelada,2025-06-10,,,,,
CT0006703,GA0065,CLI003585,PAR002,loja,Automóvel,113900.0,60,0.1484,2218.01,2024-07-15,ativa,,,,,,
CT0008263,GS0028,CLI005574,PAR002,loja,SERVICOS,17000.0,24,0.2028,866.15,2025-11-27,contemplada,,CTP000874,GS0028,2026-01-27,sorteio,0.0
CT0004031,GC0013,CLI001530,PAR004,telemarketing,celular,6400.0,18,0.2299,444.41,2025-08-21,cancelada,2025-11-21,,,,,
CT0003773,GS0038,CLI001177,PAR003,,Serviços,12100.0,36,0.1917,407.27,2024-08-02,ativa,,,,,,
CT0005928,GC0000,CLI003943,PAR004,telemarketing,Celular,7100.0,18,0.2397,496.88,2024-07-10,cancelada,2024-08-10,,,,,
CT0001373,GC0006,CLI001832,PAR004,telemarketing,celular,7200.0,18,0.228,499.2,2025-08-03,cancelada,2025-10-03,,,,,
CT0003239,GC0007,CLI002169,PAR007,digital,CELULAR,8800.0,24,0.2266,457.09,2025-01-27,cancelada,2025-02-27,,,,,
CT0007133,GA0023,CLI004158,PAR004,telemarketing,AUTO,48500.0,72,0.1733,803.82,2024-05-17,cancelada,2025-10-17,,,,,
CT0003145,GI0012,CLI000924,PAR006,loja,imoveis,602700.0,150,0.1841,4838.07,2025-09-17,contemplada,,CTP000337,GI0012,2025-10-17,sorteio,0.0
CT0002618,GC0050,CLI001509,PAR010,correspondente,celular,5900.0,18,0.2274,408.87,2026-04-14,ativa,,,,,,
CT0004710,GA0083,CLI003234,PAR012,interno,automovel,117200.0,60,0.1564,2297.9,2023-03-24,ativa,,,,,,
CT0006470,GS0031,CLI002878,PAR001,digital,Serviços,11400.0,36,0.2077,388.77,2025-09-03,ativa,,,,,,
CT0006977,GA0033,CLI002067,PAR010,correspondente,automovel,70000.0,60,0.1801,1400.12,2023-12-04,cancelada,2024-01-04,,,,,
CT0007579,GA0022,CLI001661,PAR001,digital,automovel,90300.0,80,0.1794,1353.82,2024-03-31,cancelada,2026-05-31,,,,,
CT0000001,GA0041,CLI005512,PAR012,interno,AUTO,123100.0,72,0.1794,2050.64,2023-07-09,ativa,,,,,,
CT0000224,GA0043,CLI004231,PAR099,telemarketing,auto,46000.0,72,0.1772,764.88,2026-05-09,ativa,,,,,,
CT0006536,GI0031,CLI000030,PAR003,correspondente,Imóveis,418400.0,200,0.2049,2562.49,2024-09-27,ativa,,,,,,
CT0004153,GI0034,CLI001395,PAR099,digital,imoveis,530300.0,180,0.1807,3537.4,2024-06-17,ativa,,,,,,
CT0005043,GA0078,CLI003071,PAR009,digital,automovel,107100.0,72,0.1681,1767.3,2023-11-04,ativa,,,,,,
CT0006368,GC0036,CLI006602,PAR009,digital,smartphone,8700.0,24,0.2314,453.63,2025-09-28,cancelada,2026-01-28,,,,,
CT0000499,GC0002,CLI001457,PAR007,digital,smartphone,5600.0,12,0.2303,583.47,2025-09-10,cancelada,2026-01-10,,,,,
CT0005836,GA0032,CLI004139,PAR002,loja,auto,67700.0,60,0.1822,1356.48,2026-01-29,ativa,,,,,,
CT0002209,GI0003,CLI003927,PAR002,loja,Imóveis,297100.0,150,0.1946,2405.72,2024-01-12,ativa,,,,,,
CT0000767,GI0014,CLI004544,PAR003,correspondente,imóvel,297500.0,150,0.1835,2386.94,2025-03-27,ativa,,,,,,
CT0006876,GA0025,CLI001932,PAR012,interno,Auto,120900.0,72,0.1663,1992.0,2025-09-04,contemplada,,CTP000724,GA0025,2025-11-04,sorteio,0.0
CT0007001,GS0000,CLI005537,PAR001,digital,servicos,11800.0,36,0.2204,406.58,2026-05-10,ativa,,,,,,
CT0004558,GS0023,CLI000509,PAR003,correspondente,Serviços,24300.0,24,0.1992,1234.44,2024-11-07,ativa,,,,,,
CT0005176,GA0033,CLI005251,PAR002,loja,Auto,101200.0,60,0.165,1998.7,2026-07-21,ativa,,,,,,
CT0001711,GC0049,CLI002540,PAR007,digital,celular,3000.0,24,0.2228,155.35,2025-08-22,cancelada,2025-09-22,,,,,
CT0004834,GC0042,CLI001651,PAR004,telemarketing,CELULAR,2900.0,12,0.2199,299.64,2025-09-06,cancelada,2026-04-06,,,,,
CT0003229,GI0030,CLI004759,PAR005,bancario,Imovel,614800.0,200,0.1833,3698.94,2024-08-04,ativa,,,,,,
CT0001179,GA0076,CLI001667,PAR008,correspondente,Auto,89100.0,72,0.1798,1484.75,2025-04-01,ativa,,,,,,
CT0008168,GI0031,CLI001765,PAR003,correspondente,Imovel,347200.0,200,0.1967,2112.19,2024-11-28,ativa,,,,,,
CT0005679,GC0046,CLI003658,PAR004,telemarketing,celular,7600.0,12,0.2099,778.94,2025-02-06,cancelada,2025-04-06,,,,,
CT0007745,GS0032,CLI005726,PAR001,digital,servicos,18500.0,36,0.2031,628.54,2024-09-28,cancelada,2025-11-28,,,,,
CT0005739,GI0027,CLI007145,PAR005,bancario,imoveis,447200.0,150,0.1637,3529.0,2025-09-26,ativa,,,,,,
CT0004645,GC0007,CLI003647,PAR004,telemarketing,Celular,1900.0,24,0.227,98.72,2024-06-16,cancelada,2024-08-16,,,,,
CT0007646,GA0012,CLI000933,PAR006,,Automóvel,92900.0,80,0.1507,1359.48,2025-10-27,cancelada,2025-11-27,,,,,
CT0001449,GA0064,CLI006161,PAR005,bancario,automovel,89700.0,72,0.177,1491.26,2024-08-28,ativa,,,,,,
CT0001677,GA0070,CLI001670,PAR001,digital,AUTO,128400.0,60,0.1849,2578.49,2025-06-04,ativa,,,,,,
CT0005601,GC0037,CLI000068,PAR007,digital,CELULAR,4100.0,24,0.2282,213.23,2025-07-31,cancelada,2026-06-30,,,,,
CT0000855,GA0004,CLI000632,PAR008,,Auto,76200.0,80,0.1659,1129.57,2025-04-15,ativa,,,,,,
CT0000459,GA0065,CLI001368,PAR011,correspondente,Auto,51900.0,60,0.1824,1040.08,2025-05-24,ativa,,,,,,
CT0002793,GA0074,CLI004599,PAR099,digital,AUTO,45400.0,80,0.1638,671.81,2024-08-25,ativa,,,,,,
CT0000718,GS0026,CLI002002,PAR010,correspondente,serviço,7400.0,48,0.1844,185.68,2023-07-31,cancelada,2023-11-30,,,,,
CT0007372,GS0019,CLI001739,PAR001,digital,serviço,30800.0,36,0.1698,1017.94,2023-04-26,quitada,,CTP000774,GS0019,2025-02-26,sorteio,0.0
CT0003110,GA0085,CLI000115,PAR010,correspondente,auto,94800.0,60,0.1725,1884.15,2025-06-21,ativa,,,,,,
CT0005450,GA0042,CLI002139,PAR001,digital,Auto,92200.0,60,0.1549,1805.43,2024-09-07,ativa,,,,,,
CT0007505,GA0020,CLI004099,PAR007,,Auto,94400.0,80,0.1863,1423.43,2024-09-04,ativa,,,,,,
CT0003123,GS0014,CLI003857,PAR004,telemarketing,servicos,30300.0,36,0.1879,1016.65,2024-05-24,cancelada,2024-11-24,,,,,
CT0003368,GC0059,CLI002358,PAR005,bancario,CELULAR,8000.0,12,0.2451,843.4,2025-03-06,quitada,,CTP000362,GC0059,2026-02-06,sorteio,0.0
CT0002498,GA0021,CLI000127,PAR007,digital,Automóvel,69800.0,80,0.1645,1033.48,2024-12-15,cancelada,2025-11-15,,,,,
CT0007400,GC0048,CLI000899,PAR001,digital,celular,2100.0,18,0.2375,146.71,2025-07-04,ativa,,,,,,
CT0000229,GA0013,CLI002742,PAR012,interno,Automóvel,53800.0,72,0.1815,897.79,2025-06-29,ativa,,,,,,
CT0000477,GA0024,CLI001173,PAR006,loja,automovel,121000.0,72,0.1646,1990.79,2024-02-17,cancelada,2026-06-17,,,,,
CT0004189,GC0035,CLI006480,PAR007,digital,Celular,7200.0,24,0.2377,377.31,2024-12-19,cancelada,2025-11-19,,,,,
CT0006278,GA0026,CLI000510,PAR005,bancario,automovel,97000.0,72,0.1913,1631.89,2025-08-16,ativa,,,,,,
CT0005969,GI0016,CLI002800,PAR004,telemarketing,Imovel,470900.0,200,0.1976,2866.84,2025-03-16,ativa,,,,,,
CT0004776,GA0022,CLI004047,PAR011,correspondente,Automóvel,88200.0,80,0.1888,1332.7,2025-01-04,ativa,,,,,,
CT0008549,GI0029,CLI002394,PAR005,bancario,Imóveis,411600.0,200,0.1892,2488.53,2025-12-17,ativa,,,,,,
CT0006586,GA0022,CLI002191,PAR008,correspondente,auto,53700.0,80,0.1708,799.32,2024-10-23,contemplada,,CTP000690,GA0022,2025-01-23,sorteio,0.0
CT0006453,GA0045,CLI001055,PAR009,digital,Automóvel,54800.0,60,0.162,1079.56,2024-05-11,cancelada,2024-09-11,,,,,
CT0000815,GC0018,CLI006074,PAR007,digital,Celular,5500.0,12,0.2605,586.9,2025-04-05,cancelada,2025-06-05,,,,,
CT0007229,GA0057,CLI002554,PAR002,loja,Automóvel,63500.0,60,0.1679,1257.19,2026-04-26,ativa,,,,,,
CT0000324,GS0010,CLI004050,PAR002,loja,serviço,33500.0,24,0.1916,1691.19,2025-05-05,ativa,,,,,,
CT0007575,GC0069,CLI004921,PAR007,digital,CELULAR,2500.0,24,0.2409,131.34,2025-05-30,cancelada,2025-07-30,,,,,
CT0006631,GC0005,CLI003833,PAR007,digital,CELULAR,5200.0,24,0.2305,270.94,2025-09-03,ativa,,,,,,
CT0006113,GA0061,CLI005474,PAR002,loja,automovel,68100.0,80,0.1941,1033.5,2025-08-18,ativa,,,,,,
CT0008427,GC0024,CLI002743,PAR007,digital,smartphone,2300.0,12,0.2258,238.78,2025-02-03,cancelada,2025-04-03,,,,,
CT0003388,GC0002,CLI005972,PAR009,digital,celular,8800.0,12,0.234,919.6,2024-04-24,quitada,,CTP000369,GC0002,2025-01-24,sorteio,0.0
CT0001383,GA0084,CLI004851,PAR005,bancario,automovel,103400.0,60,0.1873,2080.58,2024-10-27,ativa,,,,,,
CT0005378,GI0001,CLI001380,PAR008,correspondente,imóvel,518800.0,200,0.1967,3156.12,2025-01-15,ativa,,,,,,
CT0002201,GI0034,CLI003234,PAR003,correspondente,imoveis,280700.0,180,0.1783,1868.68,2024-08-18,ativa,,,,,,
CT0006484,GA0047,CLI004625,PAR002,loja,auto,106600.0,60,0.1748,2122.76,2024-09-09,ativa,,,,,,
CT0005008,GC0018,CLI004909,PAR004,telemarketing,Celular,4400.0,12,0.231,458.7,2024-10-07,cancelada,2024-11-07,,,,,
CT0007130,GC0064,CLI006932,PAR008,correspondente,Celular,3100.0,24,0.236,162.23,2025-09-04,ativa,,,,,,
CT0007114,GA0084,CLI006842,PAR010,correspondente,Auto,57200.0,60,0.1754,1139.61,2025-11-11,ativa,,,,,,
CT0001345,GS0020,CLI001328,PAR004,telemarketing,servicos,7600.0,48,0.1809,190.14,2025-04-29,cancelada,2025-06-29,,,,,
CT0006589,GI0014,CLI000577,PAR005,bancario,Imóveis,505700.0,150,0.2009,4116.06,2023-05-18,contemplada,,CTP000691,GI0014,2025-01-18,sorteio,0.0
CT0006059,GI0010,CLI005122,PAR005,bancario,Imovel,595700.0,180,0.189,4001.12,2024-06-08,ativa,,,,,,
CT0006239,GA0061,CLI005819,PAR002,loja,AUTO,108800.0,80,0.1572,1600.99,2026-06-02,ativa,,,,,,
CT0006855,GC0038,CLI003032,PAR001,digital,celular,5600.0,18,0.2339,390.1,2023-01-27,quitada,,CTP000722,GC0038,2023-12-27,sorteio,0.0
CT0005680,GA0004,CLI002938,PAR008,correspondente,Auto,111300.0,80,0.1727,1659.34,2025-11-22,ativa,,,,,,
CT0005480,GC0002,CLI003090,PAR009,digital,CELULAR,8800.0,12,0.2382,922.68,2023-10-26,cancelada,2024-01-26,,,,,
CT0004569,GC0020,CLI007027,PAR004,telemarketing,CELULAR,7800.0,24,0.2234,404.11,2026-02-18,cancelada,2026-06-18,,,,,
CT0004421,GC0064,CLI005368,PAR004,telemarketing,CELULAR,2200.0,24,0.2158,113.28,2025-09-10,cancelada,2026-01-10,,,,,
CT0005082,GA0010,CLI003970,PAR001,digital,Auto,94500.0,72,0.1737,1566.73,2023-11-11,contemplada,,CTP000542,GA0010,2025-09-11,sorteio,0.0
CT0003430,GI0027,CLI003600,PAR012,interno,Imovel,409200.0,150,0.2072,3347.8,2025-04-06,ativa,,,,,,
CT0001297,GA0059,CLI004880,PAR001,digital,automovel,98000.0,60,0.1712,1945.63,2024-03-23,cancelada,2026-04-23,CTP000141,GA0059,2024-05-23,lance_livre,16549.13
CT0001401,GI0033,CLI004549,PAR010,correspondente,Imovel,228200.0,200,0.2122,1405.94,2026-01-10,ativa,,,,,,
CT0003732,GA0056,CLI005997,PAR009,digital,Auto,127700.0,72,0.1672,2105.63,2025-03-25,ativa,,,,,,
CT0007728,GI0013,CLI002705,PAR005,bancario,Imóveis,569700.0,150,0.2185,4703.82,2025-10-19,ativa,,,,,,
CT0002789,GA0076,CLI001789,PAR002,loja,automovel,108600.0,72,0.1603,1780.29,2023-11-26,cancelada,2024-07-26,CTP000307,GA0076,2023-12-26,lance_livre,43478.4
CT0002334,GS0002,CLI006408,PAR006,loja,serviço,17100.0,36,0.1892,574.37,2023-02-19,quitada,,,,,,
CT0000796,GC0039,CLI002244,PAR006,loja,Celular,2900.0,12,0.2264,301.21,2023-12-25,quitada,,,,,,
CT0004296,GI0019,CLI005622,PAR005,bancario,imóvel,537100.0,150,0.1907,4335.11,2025-04-04,cancelada,2025-07-04,,,,,
CT0003613,GS0025,CLI007166,PAR007,,Serviços,13500.0,48,0.1928,341.1,2025-08-15,cancelada,2026-07-15,,,,,
CT0004494,GC0018,CLI004820,PAR008,correspondente,celular,4600.0,12,0.2302,479.24,2025-11-19,cancelada,2026-01-19,,,,,
CT0000553,GC0046,CLI007120,PAR010,correspondente,CELULAR,5500.0,12,0.2285,572.23,2023-12-24,quitada,,,,,,
CT0006503,GA0046,CLI002589,PAR002,,AUTO,48100.0,72,0.1767,799.46,2026-01-27,ativa,,,,,,
CT0004543,GA0008,CLI000996,PAR004,telemarketing,auto,129100.0,80,0.1897,1952.15,2025-10-01,cancelada,2025-12-01,,,,,
CT0004150,GS0016,CLI005404,PAR009,digital,Serviços,26400.0,24,0.2171,1360.81,2026-03-14,ativa,,,,,,
CT0008557,GC0065,CLI006113,PAR004,,celular,2200.0,18,0.2331,153.16,2024-02-21,cancelada,2024-08-21,,,,,
CT0002849,GC0022,CLI003202,PAR012,interno,smartphone,2500.0,24,0.2341,130.64,2026-01-26,cancelada,2026-02-26,,,,,
CT0002958,GA0000,CLI006781,PAR004,telemarketing,automovel,69400.0,60,0.1487,1351.8,2026-02-14,cancelada,2026-08-14,,,,,
CT0008352,GC0012,CLI004811,PAR004,telemarketing,smartphone,4400.0,15,0.2302,366.73,2024-05-28,cancelada,2024-06-28,,,,,
CT0004372,GC0006,CLI000297,PAR007,digital,CELULAR,8100.0,18,0.2363,565.34,2025-03-08,cancelada,2025-12-08,,,,,
CT0001634,GC0047,CLI004051,PAR007,digital,celular,2700.0,15,0.2285,224.73,2025-04-12,cancelada,2025-06-12,,,,,
CT0006276,GI0007,CLI002597,PAR011,correspondente,Imovel,326400.0,150,0.1769,2604.45,2024-05-08,ativa,,,,,,
CT0001725,GS0008,CLI002302,PAR006,loja,Serviços,10500.0,48,0.1923,265.19,2024-05-26,ativa,,,,,,
CT0005505,GC0001,CLI004247,PAR007,digital,celular,7500.0,24,0.2244,388.88,2024-12-21,ativa,,,,,,
CT0006428,GI0026,CLI004273,PAR011,correspondente,Imóveis,309100.0,150,0.1974,2508.66,2024-05-03,contemplada,,CTP000673,GI0026,2025-02-03,sorteio,0.0
CT0007894,GS0035,CLI005168,PAR004,telemarketing,Serviços,10300.0,24,0.1864,517.75,2024-12-21,cancelada,2025-01-21,,,,,
CT0006670,GA0088,CLI007023,PAR002,loja,automovel,128300.0,80,0.1769,1919.53,2024-05-25,ativa,,,,,,
CT0003319,GC0032,CLI005873,PAR004,telemarketing,celular,4100.0,18,0.2115,280.51,2025-11-19,ativa,,,,,,
CT0004534,GA0050,CLI002110,PAR002,loja,automovel,114100.0,80,0.1656,1690.96,2026-06-26,ativa,,,,,,
CT0000723,GS0013,CLI002877,PAR008,correspondente,serviço,14700.0,36,0.199,497.76,2025-05-10,cancelada,2025-07-10,,,,,
CT0001666,GS0016,CLI006517,PAR002,loja,serviço,31100.0,24,0.2196,1606.31,2025-08-06,contemplada,,CTP000184,GS0016,2025-09-06,lance_fixo,7775.0
CT0004348,GC0008,CLI005027,PAR009,digital,smartphone,5000.0,18,0.2229,345.25,2026-06-29,cancelada,2026-07-29,,,,,
CT0006735,GS0005,CLI004479,PAR011,correspondente,serviço,23100.0,48,0.2164,595.02,2024-11-07,contemplada,,CTP000708,GS0005,2025-01-07,sorteio,0.0
CT0002360,GC0001,CLI005410,PAR001,digital,celular,5900.0,24,0.2299,307.27,2026-04-20,cancelada,2026-06-20,,,,,
CT0003663,GC0068,CLI001484,PAR004,telemarketing,celular,1800.0,24,0.2229,93.22,2023-06-17,cancelada,2023-08-17,,,,,
CT0005997,GA0046,CLI001386,PAR002,loja,automovel,70000.0,72,0.1558,1143.14,2023-11-08,contemplada,,CTP000633,GA0046,2026-08-08,lance_livre,26191.18
CT0000428,GC0019,CLI003072,PAR009,,celular,5900.0,18,0.2312,410.12,2025-08-04,ativa,,,,,,
CT0000383,GA0062,CLI000051,PAR004,telemarketing,AUTO,95600.0,60,0.1762,1905.95,2023-05-10,cancelada,2024-11-10,,,,,
CT0004996,GC0030,CLI002778,PAR007,digital,smartphone,6000.0,15,0.2244,497.76,2025-06-08,cancelada,2025-12-08,,,,,
CT0000565,GI0009,CLI002762,PAR006,loja,IMOVEIS,385700.0,180,0.2217,2660.69,2023-12-09,ativa,,,,,,
CT0003237,GI0012,CLI003059,PAR005,bancario,Imóveis,624100.0,150,0.2013,5081.42,2024-09-12,ativa,,,,,,
CT0000666,GS0023,CLI006502,PAR004,,Servicos,27400.0,24,0.1979,1390.44,2025-12-23,cancelada,2026-01-23,,,,,
CT0007842,GI0004,CLI000737,PAR011,,Imovel,395900.0,200,0.1893,2393.81,2026-01-01,ativa,,,,,,
CT0002499,GC0029,CLI000249,PAR007,digital,celular,5100.0,24,0.2286,265.33,2024-08-06,cancelada,2024-12-06,,,,,
CT0003910,GC0020,CLI002121,PAR007,digital,smartphone,6900.0,24,0.2445,363.54,2025-01-25,cancelada,2025-03-25,,,,,
CT0003385,GC0000,CLI005616,PAR007,digital,Celular,5900.0,18,0.2305,409.89,2025-03-13,cancelada,2025-07-13,,,,,
CT0004318,GI0013,CLI007163,PAR003,correspondente,imóvel,222000.0,150,0.208,1817.44,2025-03-08,ativa,,,,,,
CT0004047,GA0007,CLI004804,PAR005,bancario,AUTO,52300.0,72,0.1913,879.87,2026-04-05,ativa,,,,,,
CT0001228,GI0011,CLI003367,PAR003,correspondente,imoveis,410400.0,200,0.2057,2515.14,2025-03-25,contemplada,,CTP000132,GI0011,2026-07-25,sorteio,0.0
CT0003937,GS0039,CLI000074,PAR099,correspondente,SERVICOS,29200.0,48,0.2125,749.77,2025-07-05,cancelada,2026-01-05,,,,,
CT0003469,GC0055,CLI004403,PAR010,correspondente,smartphone,6800.0,24,0.2425,357.71,2024-10-15,cancelada,2026-02-15,,,,,
CT0001326,GS0030,CLI002357,PAR012,interno,Servicos,9000.0,36,0.2171,309.28,2024-05-06,ativa,,,,,,
CT0002455,GS0011,CLI000271,PAR007,digital,servicos,20600.0,48,0.1895,519.08,2024-10-07,ativa,,,,,,
CT0006107,GC0006,CLI006394,PAR008,correspondente,celular,5200.0,18,0.2174,357.47,2025-05-13,cancelada,2025-09-13,,,,,
CT0006723,GC0051,CLI000429,PAR009,digital,celular,8300.0,24,0.2434,436.93,2024-06-16,quitada,,,,,,
CT0001015,GA0088,CLI004852,PAR010,correspondente,AUTO,52200.0,80,0.1578,768.51,2023-07-08,cancelada,2024-05-08,,,,,
CT0003597,GS0010,CLI004275,PAR011,,servicos,24600.0,24,0.1907,1240.97,2026-05-14,ativa,,,,,,
CT0000884,GA0008,CLI001791,PAR004,telemarketing,auto,58700.0,80,0.1905,888.2,2025-11-18,ativa,,,,,,
CT0000007,GI0017,CLI006722,PAR004,telemarketing,Imovel,648000.0,150,0.1783,5176.66,2024-03-24,ativa,,,,,,
CT0006789,GC0064,CLI001848,PAR007,digital,Celular,8300.0,24,0.2264,431.05,2025-06-13,cancelada,2025-08-13,,,,,
CT0000040,GC0069,CLI003068,PAR007,digital,smartphone,7900.0,24,0.2224,408.96,2025-01-20,cancelada,2025-11-20,,,,,
CT0006926,GI0008,CLI005233,PAR006,loja,imoveis,559500.0,180,0.2113,3827.29,2026-02-01,ativa,,,,,,
CT0003086,GI0034,CLI002786,PAR012,interno,imóvel,406700.0,180,0.2005,2757.65,2026-06-20,ativa,,,,,,
CT0005611,GA0022,CLI004883,PAR005,bancario,Auto,70900.0,80,0.1569,1043.03,2023-08-02,cancelada,2025-12-02,,,,,
CT0001365,GA0003,CLI000701,PAR011,correspondente,Auto,109000.0,60,0.1857,2190.36,2023-03-19,ativa,,,,,,
CT0006423,GS0006,CLI001314,PAR012,interno,serviço,22300.0,36,0.1761,740.92,2026-05-27,ativa,,,,,,
CT0003458,GS0014,CLI002787,PAR012,interno,servicos,8700.0,36,0.2026,295.46,2023-03-25,cancelada,2025-02-25,,,,,
CT0005742,GA0055,CLI003116,PAR001,digital,auto,56000.0,80,0.1609,826.63,2025-05-15,ativa,,,,,,
CT0007155,GA0061,CLI005061,PAR001,digital,AUTO,46900.0,80,0.1802,703.62,2026-01-06,ativa,,,,,,
CT0005895,GI0036,CLI005696,PAR010,correspondente,imóvel,547100.0,180,0.2095,3737.0,2025-04-06,ativa,,,,,,
CT0000525,GS0010,CLI003304,PAR009,digital,Servicos,25200.0,24,0.184,1264.2,2026-06-09,ativa,,,,,,
CT0006459,GA0072,CLI006123,PAR002,loja,Automóvel,54900.0,60,0.1767,1094.98,2025-11-08,ativa,,,,,,
CT0008159,GC0006,CLI004969,PAR004,telemarketing,Celular,6400.0,18,0.2118,437.97,2025-11-24,cancelada,2025-12-24,,,,,
CT0002138,GA0076,CLI004319,PAR005,bancario,AUTO,128500.0,72,0.1804,2142.38,2026-07-20,ativa,,,,,,
CT0004213,GS0027,CLI002990,PAR004,telemarketing,Servicos,11200.0,48,0.1957,283.66,2024-08-31,cancelada,2025-04-30,,,,,
CT0007485,GI0018,CLI000674,PAR010,correspondente,IMOVEIS,348200.0,200,0.2013,2126.28,2025-12-12,ativa,,,,,,
CT0005745,GC0024,CLI006764,PAR007,digital,smartphone,6800.0,12,0.2454,717.06,2024-09-02,cancelada,2025-05-02,,,,,
CT0000381,GI0021,CLI002594,PAR008,correspondente,IMOVEIS,629000.0,200,0.1846,3788.47,2024-11-08,ativa,,,,,,
CT0001166,GS0008,CLI003143,PAR005,bancario,serviço,26800.0,48,0.1733,666.26,2024-06-28,ativa,,,,,,
CT0001316,GA0006,CLI003768,PAR012,interno,Automóvel,55000.0,80,0.1683,816.96,2026-06-23,ativa,,,,,,
CT0000246,GA0031,CLI002258,PAR002,loja,Auto,50500.0,72,0.1756,838.58,2024-04-01,ativa,,,,,,
CT0002009,GI0006,CLI003372,PAR003,correspondente,Imovel,599700.0,180,0.1918,4037.31,2024-11-20,ativa,,,,,,
CT0003586,GC0066,CLI001456,PAR007,digital,Celular,6600.0,12,0.2397,692.84,2024-09-11,cancelada,2025-04-11,,,,,
CT0006468,GC0040,CLI000836,PAR011,correspondente,CELULAR,5800.0,15,0.2304,483.49,2024-10-29,quitada,,,,,,
CT0008186,GC0027,CLI000758,PAR007,digital,celular,8300.0,15,0.2371,695.6,2024-12-13,cancelada,2025-03-13,,,,,
CT0005606,GC0023,CLI003511,PAR007,digital,CELULAR,2100.0,18,0.2021,142.58,2025-04-20,cancelada,2025-07-20,,,,,
CT0005446,GA0007,CLI002318,PAR006,loja,Auto,71600.0,72,0.1949,1208.15,2024-09-24,ativa,,,,,,
CT0008023,GA0086,CLI007130,PAR002,loja,auto,93200.0,60,0.1554,1825.79,2024-09-07,ativa,,,,,,
CT0003233,GC0061,CLI005410,PAR007,digital,CELULAR,5500.0,24,0.2323,286.99,2024-12-21,cancelada,2025-10-21,,,,,
CT0008357,GA0071,CLI005748,PAR002,,Automóvel,126000.0,72,0.1519,2050.82,2023-09-20,ativa,,,,,,
CT0008046,GC0058,CLI004456,PAR007,digital,Celular,7100.0,12,0.254,753.78,2025-02-26,cancelada,2025-06-26,,,,,
CT0001174,GA0039,CLI002260,PAR001,digital,automovel,56400.0,60,0.1711,1119.63,2024-06-29,cancelada,2026-04-29,CTP000125,GA0039,2026-02-28,sorteio,0.0
CT0000448,GC0019,CLI003240,PAR004,telemarketing,Celular,4300.0,18,0.2139,294.77,2025-09-16,ativa,,,,,,
CT0007858,GA0089,CLI005439,PAR005,bancario,auto,92100.0,72,0.1628,1513.0,2025-12-30,ativa,,,,,,
CT0004814,GA0065,CLI001258,PAR002,loja,Auto,81000.0,60,0.1698,1606.23,2023-11-09,contemplada,,CTP000517,GA0065,2025-12-09,sorteio,0.0
CT0002933,GC0032,CLI005714,PAR007,digital,CELULAR,3000.0,18,0.2452,210.87,2025-05-21,ativa,,,,,,
CT0002123,GI0041,CLI001479,PAR011,correspondente,imóvel,398700.0,180,0.2,2702.3,2025-05-21,contemplada,,CTP000232,GI0041,2026-03-21,sorteio,0.0
CT0006207,GS0032,CLI002105,PAR010,,Serviços,32100.0,36,0.1903,1079.18,2025-09-12,cancelada,2026-02-12,,,,,
CT0004647,GA0014,CLI002092,PAR012,,automovel,128500.0,80,0.1815,1929.91,2026-07-30,ativa,,,,,,
CT0007783,GI0020,CLI003385,PAR001,digital,imoveis,598400.0,180,0.192,4029.23,2023-04-18,contemplada,,CTP000822,GI0020,2024-07-18,sorteio,0.0
CT0004592,GA0000,CLI004770,PAR008,correspondente,automovel,56400.0,60,0.1799,1127.91,2026-05-16,ativa,,,,,,
CT0006382,GA0062,CLI002928,PAR004,telemarketing,auto,92200.0,60,0.1768,1839.08,2023-02-21,cancelada,2024-11-21,,,,,
CT0004597,GC0039,CLI005057,PAR012,interno,CELULAR,6700.0,12,0.2277,696.63,2024-05-15,quitada,,,,,,
CT0000580,GI0026,CLI002627,PAR006,loja,IMOVEIS,525400.0,150,0.1922,4245.93,2024-12-10,ativa,,,,,,
CT0004735,GA0069,CLI004425,PAR001,digital,AUTO,68400.0,80,0.1574,1006.68,2024-07-20,cancelada,2025-01-20,,,,,
CT0007708,GC0014,CLI003496,PAR007,digital,celular,8100.0,24,0.2247,420.09,2025-03-27,cancelada,2025-06-27,,,,,
CT0001490,GI0010,CLI002993,PAR001,digital,Imovel,614800.0,180,0.2081,4194.64,2024-06-14,ativa,,,,,,
CT0000388,GA0084,CLI004616,PAR004,telemarketing,Auto,88200.0,60,0.1855,1772.09,2025-11-19,cancelada,2025-12-19,,,,,
CT0005667,GC0033,CLI003485,PAR006,loja,Celular,4100.0,15,0.2507,347.32,2024-05-17,cancelada,2024-10-17,,,,,
CT0006646,GA0071,CLI005522,PAR002,loja,Automóvel,94700.0,72,0.161,1553.34,2025-06-19,ativa,,,,,,
CT0006532,GA0085,CLI003235,PAR002,loja,automovel,121600.0,60,0.1716,2414.98,2024-04-21,ativa,,,,,,
CT0006821,GC0037,CLI006683,PAR009,digital,CELULAR,2300.0,24,0.2282,119.62,2025-02-10,cancelada,2026-05-10,CTP000718,GC0037,2026-03-10,lance_livre,535.58
CT0003389,GC0014,CLI005950,PAR004,telemarketing,celular,7800.0,24,0.245,411.13,2024-06-23,cancelada,2024-11-23,,,,,
CT0007326,GC0030,CLI000037,PAR007,digital,smartphone,8900.0,15,0.2476,752.11,2025-05-17,cancelada,2025-09-17,,,,,
CT0003077,GC0045,CLI005344,PAR007,digital,Celular,2400.0,18,0.22,165.33,2025-06-11,cancelada,2025-08-11,,,,,
CT0005651,GA0021,CLI001857,PAR002,loja,AUTO,92200.0,80,0.1518,1350.5,2025-01-20,cancelada,2026-06-20,,,,,
CT0002058,GI0039,CLI003801,PAR012,interno,Imovel,423800.0,200,0.2135,2613.79,2025-08-30,ativa,,,,,,
CT0004586,GC0046,CLI004860,PAR007,digital,celular,8100.0,12,0.2559,861.23,2025-05-14,quitada,,CTP000493,GC0046,2025-11-14,sorteio,0.0
CT0002414,GI0015,CLI000245,PAR003,correspondente,imóvel,414000.0,180,0.2013,2808.99,2024-05-28,ativa,,,,,,
CT0005594,GI0006,CLI005382,PAR001,digital,imoveis,348700.0,180,0.2173,2396.93,2023-11-08,ativa,,,,,,
CT0005814,GI0038,CLI006916,PAR003,correspondente,IMOVEIS,299800.0,150,0.2107,2459.76,2025-08-16,ativa,,,,,,
CT0004644,GC0053,CLI005050,PAR006,loja,Celular,3000.0,24,0.2372,157.15,2025-02-04,cancelada,2025-04-04,,,,,
CT0006889,GA0074,CLI006739,PAR005,bancario,automovel,54900.0,80,0.1948,833.66,2025-05-19,ativa,,,,,,
CT0008346,GI0016,CLI006183,PAR012,interno,Imovel,262800.0,200,0.2043,1608.73,2024-01-01,cancelada,2024-05-01,,,,,
CT0007722,GA0075,CLI005749,PAR002,loja,automovel,82200.0,60,0.1763,1638.93,2024-09-30,cancelada,2025-10-30,,,,,
CT0008353,GC0061,CLI004847,PAR009,digital,Celular,6100.0,24,0.224,316.18,2024-12-23,cancelada,2025-01-23,,,,,
CT0006398,GA0088,CLI000249,PAR004,,automovel,118000.0,80,0.1612,1742.27,2026-06-27,ativa,,,,,,
CT0006360,GC0063,CLI003635,PAR007,digital,Celular,3900.0,15,0.2261,323.99,2025-02-07,cancelada,2025-03-07,,,,,
CT0008020,GC0047,CLI001879,PAR009,digital,Celular,5100.0,15,0.22,421.6,2025-08-16,contemplada,,CTP000849,GC0047,2026-02-16,sorteio,0.0
CT0003407,GA0030,CLI002547,PAR002,,AUTO,83700.0,72,0.1551,1366.05,2025-11-10,ativa,,,,,,
CT0005231,GS0015,CLI006833,PAR007,digital,Serviços,25700.0,24,0.1861,1291.53,2025-04-06,cancelada,2026-02-06,CTP000559,GS0015,2026-02-06,sorteio,0.0
CT0004190,GS0009,CLI005091,PAR001,digital,serviço,12200.0,48,0.1982,309.63,2024-11-24,cancelada,2025-01-24,,,,,
CT0006082,GA0060,CLI003765,PAR006,loja,AUTO,124800.0,80,0.1718,1859.21,2024-12-16,ativa,,,,,,
CT0002994,GC0048,CLI003461,PAR009,digital,Celular,4000.0,18,0.2381,279.58,2023-11-02,cancelada,2024-11-02,CTP000326,GC0048,2024-01-02,sorteio,0.0
CT0006736,GI0042,CLI001435,PAR003,correspondente,imóvel,336800.0,150,0.2055,2751.66,2025-05-23,ativa,,,,,,
CT0006766,GC0022,CLI006337,PAR004,telemarketing,Celular,4300.0,24,0.2138,221.06,2023-07-05,cancelada,2024-05-05,,,,,
CT0005182,GA0054,CLI000806,PAR004,telemarketing,automovel,104300.0,72,0.1628,1713.42,2024-04-13,cancelada,2024-08-13,,,,,
CT0001043,GS0037,CLI003699,PAR002,loja,Servicos,8200.0,48,0.205,209.27,2025-03-26,ativa,,,,,,
CT0000332,GC0066,CLI004444,PAR007,digital,CELULAR,5100.0,12,0.241,535.93,2025-03-14,cancelada,2025-12-14,,,,,
CT0002027,GC0011,CLI002902,PAR009,digital,smartphone,4300.0,12,0.2634,459.89,2025-10-31,cancelada,2026-01-31,,,,,
CT0001157,GC0068,CLI003259,PAR009,digital,celular,7700.0,24,0.2483,406.91,2026-01-23,cancelada,2026-04-23,,,,,
CT0005566,GI0021,CLI000092,PAR003,correspondente,Imóveis,399800.0,200,0.2005,2439.78,2026-05-20,ativa,,,,,,
CT0004895,GS0014,CLI004286,PAR099,loja,SERVICOS,20100.0,36,0.2034,683.07,2023-12-26,ativa,,,,,,
CT0001574,GA0064,CLI006217,PAR001,digital,Auto,99400.0,72,0.1779,1653.77,2026-02-10,ativa,,,,,,
CT0001978,GC0031,CLI005287,PAR009,digital,smartphone,6100.0,24,0.2263,316.77,2025-04-25,cancelada,2026-01-25,,,,,
CT0005137,GC0005,CLI005067,PAR001,digital,CELULAR,3500.0,24,0.2378,183.43,2025-02-20,ativa,,,,,,
CT0002388,GS0039,CLI000823,PAR007,digital,serviço,29600.0,48,0.2062,756.16,2025-01-29,cancelada,2025-03-29,,,,,
CT0005377,GC0003,CLI000954,PAR004,telemarketing,CELULAR,5800.0,12,0.2136,596.24,2025-06-12,quitada,,,,,,
CT0001178,GC0024,CLI003166,PAR004,telemarketing,CELULAR,8600.0,12,0.2149,885.01,2024-01-21,cancelada,2024-12-21,,,,,
CT0006099,GC0059,CLI007092,PAR009,digital,Celular,2500.0,12,0.2205,258.44,2025-06-08,quitada,,,,,,
CT0005207,GI0027,CLI006617,PAR003,correspondente,imóvel,483300.0,150,0.2168,3984.97,2023-03-17,ativa,,,,,,
CT0002961,GI0014,CLI001318,PAR003,correspondente,imoveis,247100.0,150,0.2167,2037.26,2024-11-17,ativa,,,,,,
CT0007830,GA0003,CLI000816,PAR010,correspondente,Automóvel,110300.0,60,0.1624,2173.65,2025-07-03,contemplada,,CTP000828,GA0003,2025-10-03,lance_livre,60273.57
CT0001461,GI0021,CLI005853,PAR011,correspondente,Imovel,562200.0,200,0.1883,3396.53,2024-12-02,ativa,,,,,,
CT0003699,GC0062,CLI000870,PAR001,digital,CELULAR,3800.0,24,0.2496,201.02,2023-08-24,cancelada,2025-06-24,,,,,
CT0008077,GS0023,CLI003956,PAR004,telemarketing,servicos,26800.0,24,0.1975,1359.54,2026-01-28,cancelada,2026-08-28,,,,,
CT0005001,GC0008,CLI000467,PAR007,digital,Celular,4600.0,18,0.2175,316.25,2024-09-22,cancelada,2025-11-22,,,,,
CT0008052,GI0018,CLI000291,PAR011,correspondente,Imovel,376000.0,200,0.2131,2318.23,2023-01-17,ativa,,,,,,
CT0000676,GA0053,CLI003084,PAR008,correspondente,Automóvel,111400.0,80,0.1696,1656.52,2023-08-30,cancelada,2025-10-30,,,,,
CT0000491,GC0050,CLI004635,PAR001,digital,CELULAR,1800.0,18,0.2392,125.92,2024-11-05,quitada,,,,,,
CT0000294,GA0036,CLI000619,PAR002,loja,Auto,97900.0,72,0.1543,1596.72,2023-11-21,cancelada,2025-02-21,,,,,
CT0000363,GA0021,CLI001233,PAR007,digital,AUTO,47200.0,80,0.1598,696.08,2025-03-12,cancelada,2025-08-12,,,,,
CT0002918,GI0024,CLI002551,PAR012,,Imóveis,598200.0,180,0.2004,4055.8,2025-03-17,ativa,,,,,,
CT0008545,GI0011,CLI003494,PAR001,digital,imóvel,314500.0,200,0.192,1905.87,2025-10-14,ativa,,,,,,
CT0005311,GA0027,CLI005374,PAR004,telemarketing,automovel,94400.0,72,0.1873,1582.9,2024-12-24,cancelada,2025-04-24,,,,,
CT0002899,GS0001,CLI001953,PAR009,digital,SERVICOS,7700.0,24,0.2053,393.12,2025-03-11,ativa,,,,,,
CT0005009,GC0054,CLI006759,PAR001,digital,CELULAR,4400.0,12,0.2417,462.62,2024-03-11,quitada,,,,,,
CT0000791,GC0063,CLI000379,PAR007,digital,smartphone,4300.0,15,0.2189,355.15,2024-09-26,cancelada,2025-07-26,,,,,
CT0000082,GA0073,CLI006443,PAR010,correspondente,automovel,63500.0,80,0.1721,946.23,2023-09-30,ativa,,,,,,
CT0001843,GA0006,CLI006958,PAR002,loja,Auto,77500.0,80,0.167,1149.91,2024-05-11,cancelada,2025-07-11,,,,,
CT0000898,GI0028,CLI000477,PAR099,digital,IMOVEIS,450400.0,200,0.1978,2742.49,2025-08-11,cancelada,2026-01-11,,,,,
CT0001272,GI0028,CLI004669,PAR005,bancario,Imóveis,208900.0,200,0.1868,1260.5,2025-03-07,ativa,,,,,,
CT0008170,GA0066,CLI005608,PAR009,digital,auto,79700.0,72,0.1721,1319.59,2025-08-02,ativa,,,,,,
CT0002062,GI0027,CLI003014,PAR005,bancario,Imóveis,613300.0,150,0.1837,4921.53,2024-03-08,ativa,,,,,,
CT0006256,GI0018,CLI002973,PAR001,digital,imoveis,626200.0,200,0.1825,3765.03,2026-02-23,ativa,,,,,,
CT0007453,GC0039,CLI006490,PAR007,digital,Celular,3300.0,12,0.2247,342.29,2025-05-17,quitada,,,,,,
CT0003245,GI0005,CLI003972,PAR006,loja,Imovel,533800.0,200,0.1914,3233.23,2025-10-19,ativa,,,,,,
CT0004095,GC0041,CLI001778,PAR009,digital,Celular,6500.0,24,0.2205,335.97,2025-08-13,cancelada,2026-01-13,,,,,
CT0007824,GI0034,CLI006029,PAR011,correspondente,IMOVEIS,414500.0,180,0.2021,2814.22,2025-06-09,ativa,,,,,,
CT0008528,GA0029,CLI005094,PAR008,correspondente,auto,127000.0,60,0.1738,2526.88,2024-08-14,cancelada,2025-01-14,,,,,
CT0007888,GS0016,CLI007061,PAR099,interno,serviço,24100.0,24,0.197,1222.07,2023-05-26,cancelada,2024-09-26,,,,,
CT0007079,GA0077,CLI003530,PAR004,telemarketing,Auto,123200.0,80,0.153,1806.42,2023-12-15,cancelada,2024-02-15,,,,,
CT0005619,GA0002,CLI001211,PAR008,correspondente,automovel,64800.0,60,0.1807,1296.76,2025-06-28,ativa,,,,,,
CT0005222,GA0073,CLI006814,PAR002,loja,automovel,125500.0,80,0.181,1884.07,2025-03-17,ativa,,,,,,
CT0005946,GA0005,CLI001888,PAR006,loja,AUTO,72800.0,80,0.1761,1088.45,2024-09-27,cancelada,2025-10-27,,,,,
CT0000794,GC0063,CLI005862,PAR007,digital,smartphone,4600.0,15,0.2567,391.52,2025-09-02,cancelada,2025-10-02,,,,,
CT0006933,GI0010,CLI005753,PAR012,interno,imóvel,422200.0,180,0.203,2868.61,2024-03-05,contemplada,,CTP000733,GI0010,2025-08-05,lance_livre,131408.44
CT0002270,GS0014,CLI001204,PAR002,loja,SERVICOS,6600.0,36,0.1852,220.95,2023-08-11,cancelada,2023-10-11,CTP000248,GS0014,2023-09-11,sorteio,0.0
CT0004149,GA0018,CLI000910,PAR007,digital,Automóvel,67600.0,72,0.1803,1126.95,2025-01-29,cancelada,2026-03-29,,,,,
CT0002997,GC0021,CLI005849,PAR004,telemarketing,smartphone,3900.0,12,0.2402,409.56,2024-12-13,cancelada,2025-01-13,,,,,
CT0007777,GA0047,CLI000099,PAR005,bancario,Auto,57500.0,60,0.1793,1149.33,2025-10-20,ativa,,,,,,
CT0000647,GA0066,CLI004979,PAR004,telemarketing,automovel,85600.0,72,0.1918,1440.7,2026-04-18,ativa,,,,,,
CT0007273,GS0034,CLI006181,PAR011,correspondente,serviço,25700.0,36,0.2244,888.36,2026-05-03,cancelada,2026-06-03,,,,,
CT0002124,GA0046,CLI005730,PAR001,digital,Auto,82600.0,72,0.1657,1360.26,2025-03-13,ativa,,,,,,
CT0003075,GC0021,CLI005446,PAR009,digital,celular,7200.0,12,0.226,747.6,2025-05-06,quitada,,,,,,
CT0005352,GA0082,CLI002416,PAR008,correspondente,Automóvel,107000.0,80,0.186,1613.03,2024-11-22,cancelada,2025-02-22,,,,,
CT0001626,GI0023,CLI006554,PAR009,digital,IMOVEIS,259800.0,200,0.1933,1576.08,2024-02-12,ativa,,,,,,
CT0003437,GA0016,CLI005919,PAR002,loja,auto,123200.0,80,0.1796,1847.38,2025-03-28,ativa,,,,,,
CT0006958,GC0049,CLI005015,PAR009,digital,celular,7800.0,24,0.2227,403.88,2023-11-09,quitada,,,,,,
CT0007515,GI0030,CLI004538,PAR005,bancario,Imóveis,504100.0,200,0.1982,3070.47,2024-08-07,ativa,,,,,,
CT0004994,GA0078,CLI007119,PAR002,loja,automovel,85000.0,72,0.173,1408.4,2025-04-01,contemplada,,CTP000538,GA0078,2026-05-01,sorteio,0.0
CT0007235,GC0067,CLI001738,PAR001,digital,smartphone,6300.0,15,0.2093,516.31,2025-01-17,quitada,,,,,,
CT0000775,GI0035,CLI001549,PAR005,bancario,Imóveis,534700.0,150,0.2333,4467.6,2023-08-24,ativa,,,,,,
CT0005809,GS0007,CLI002895,PAR004,telemarketing,serviço,8000.0,24,0.2126,410.87,2026-02-13,ativa,,,,,,
CT0003272,GC0015,CLI001663,PAR007,digital,Celular,4300.0,24,0.241,225.93,2024-08-21,cancelada,2025-10-21,,,,,
CT0005510,GA0045,CLI001225,PAR003,correspondente,automovel,83300.0,60,0.1736,1657.11,2026-03-04,ativa,,,,,,
CT0004696,GS0020,CLI003259,PAR007,digital,Servicos,34100.0,48,0.1984,865.57,2025-08-02,ativa,,,,,,
CT0006661,GI0042,CLI005197,PAR005,,imóvel,503200.0,150,0.1877,4051.43,2024-12-03,ativa,,,,,,
CT0007341,GA0026,CLI000207,PAR002,loja,AUTO,116900.0,72,0.1659,1925.44,2024-11-14,ativa,,,,,,
CT0007173,GC0004,CLI004979,PAR007,digital,Celular,8900.0,12,0.2329,929.23,2024-11-01,cancelada,2025-07-01,,,,,
CT0007282,GI0036,CLI004727,PAR003,correspondente,IMOVEIS,501400.0,180,0.2011,3401.44,2024-10-01,ativa,,,,,,
CT0008259,GC0016,CLI005440,PAR007,digital,celular,2200.0,12,0.1982,223.34,2025-03-20,quitada,,,,,,
CT0003903,GC0004,CLI002658,PAR007,digital,CELULAR,4900.0,12,0.255,520.62,2024-10-03,cancelada,2025-01-03,,,,,
CT0004424,GS0025,CLI000338,PAR006,loja,servicos,11600.0,48,0.1966,294.01,2024-08-15,cancelada,2026-05-15,,,,,
CT0007038,GA0032,CLI001525,PAR002,loja,Auto,51400.0,60,0.189,1035.71,2025-06-11,cancelada,2025-07-11,,,,,
CT0007328,GI0033,CLI003153,PAR010,correspondente,imóvel,206600.0,200,0.2038,1264.19,2024-10-04,cancelada,2025-02-04,CTP000770,GI0033,2024-12-04,lance_fixo,51650.0
CT0006031,GI0019,CLI000337,PAR001,digital,imóvel,626400.0,150,0.2089,5131.89,2024-01-19,ativa,,,,,,
CT0008017,GS0000,CLI001167,PAR004,,serviço,19600.0,36,0.2156,672.72,2023-08-02,cancelada,2025-10-02,,,,,
CT0006572,GA0071,CLI005726,PAR005,bancario,Automóvel,49600.0,72,0.1632,815.09,2024-05-25,contemplada,,CTP000689,GA0071,2025-07-25,sorteio,0.0
CT0002262,GI0037,CLI005055,PAR005,bancario,imoveis,242100.0,200,0.1947,1470.39,2026-07-19,ativa,,,,,,
CT0006530,GA0060,CLI000228,PAR002,loja,auto,59200.0,80,0.1803,888.22,2023-12-06,ativa,,,,,,
CT0006407,GA0071,CLI001754,PAR005,bancario,AUTO,61600.0,72,0.1614,1010.75,2024-02-11,ativa,,,,,,
CT0006540,GC0030,CLI005783,PAR007,digital,CELULAR,4700.0,15,0.2431,395.77,2025-04-22,cancelada,2025-11-22,,,,,
CT0006638,GA0002,CLI004699,PAR002,loja,automovel,123400.0,60,0.1633,2433.65,2024-06-01,ativa,,,,,,
CT0000482,GI0020,CLI000005,PAR005,bancario,imóvel,237300.0,180,0.1944,1600.98,2025-01-05,ativa,,,,,,
CT0008420,GC0021,CLI000953,PAR009,digital,CELULAR,5700.0,12,0.2362,596.7,2026-04-08,ativa,,,,,,
CT0006308,GI0032,CLI001492,PAR003,correspondente,Imóveis,282100.0,180,0.1834,1886.0,2025-12-01,ativa,,,,,,
CT0007876,GI0044,CLI002697,PAR003,correspondente,imoveis,463600.0,150,0.2081,3795.65,2025-03-15,cancelada,2026-03-15,,,,,
CT0003488,GC0003,CLI002240,PAR008,correspondente,celular,8200.0,12,0.2087,839.61,2024-07-15,cancelada,2025-07-15,,,,,
CT0000803,GA0039,CLI005887,PAR002,loja,Auto,118400.0,60,0.1882,2384.18,2023-04-23,cancelada,2024-12-23,,,,,
CT0008106,GC0007,CLI001824,PAR005,bancario,smartphone,4600.0,24,0.2175,237.19,2024-08-10,cancelada,2025-02-10,,,,,
CT0002800,GA0060,CLI002391,PAR001,digital,Automóvel,63500.0,80,0.1667,941.94,2026-03-19,ativa,,,,,,
CT0008576,GI0040,CLI002387,PAR001,digital,Imovel,200700.0,200,0.204,1228.28,2026-04-23,ativa,,,,,,
CT0008203,GA0065,CLI000517,PAR001,digital,AUTO,92800.0,60,0.1598,1824.76,2024-09-06,cancelada,2026-01-06,,,,,
CT0003912,GC0001,CLI006160,PAR007,digital,Celular,2800.0,24,0.2207,144.75,2025-06-12,cancelada,2026-05-12,CTP000418,GC0001,2025-07-12,sorteio,0.0
CT0005546,GS0014,CLI005754,PAR099,interno,Serviços,17900.0,36,0.1971,605.17,2024-03-05,contemplada,,CTP000590,GS0014,2025-11-05,sorteio,0.0
CT0005094,GC0038,CLI001617,PAR007,digital,CELULAR,8100.0,18,0.2308,562.86,2025-11-16,ativa,,,,,,
CT0007940,GI0008,CLI003997,PAR012,,IMOVEIS,575900.0,180,0.1976,3895.64,2026-03-26,ativa,,,,,,
CT0000541,GA0088,CLI001852,PAR005,bancario,Automóvel,59500.0,80,0.1764,889.82,2024-09-06,ativa,,,,,,
CT0003158,GS0027,CLI003591,PAR007,digital,Servicos,33700.0,48,0.2064,861.03,2025-05-29,cancelada,2025-08-29,,,,,
CT0005268,GA0011,CLI001624,PAR001,digital,automovel,98500.0,72,0.1674,1624.43,2024-12-08,contemplada,,CTP000564,GA0011,2025-03-08,sorteio,0.0
CT0008491,GA0049,CLI003869,PAR002,loja,AUTO,60800.0,60,0.1497,1185.3,2024-05-05,ativa,,,,,,
CT0002668,GC0043,CLI005470,PAR006,loja,Celular,8500.0,18,0.2161,583.71,2024-12-19,quitada,,,,,,
CT0006021,GI0044,CLI005648,PAR005,bancario,imoveis,269400.0,150,0.1921,2176.93,2025-06-07,ativa,,,,,,
CT0007267,GC0020,CLI003062,PAR007,digital,Celular,7100.0,24,0.1951,359.47,2024-10-14,cancelada,2024-11-14,,,,,
CT0003683,GI0016,CLI001170,PAR003,correspondente,IMOVEIS,607600.0,200,0.1908,3678.41,2025-01-27,ativa,,,,,,
CT0002655,GC0006,CLI001824,PAR004,telemarketing,smartphone,2200.0,18,0.2315,152.96,2025-08-06,cancelada,2025-11-06,CTP000290,GC0006,2025-11-06,sorteio,0.0
CT0008000,GA0047,CLI002677,PAR012,interno,Automóvel,100200.0,60,0.1632,1975.94,2025-01-14,ativa,,,,,,
CT0000405,GC0052,CLI004038,PAR011,correspondente,smartphone,5100.0,12,0.2141,524.49,2026-07-16,ativa,,,,,,
CT0008416,GI0033,CLI005230,PAR005,bancario,IMOVEIS,196700.0,200,0.2045,1204.3,2026-02-15,ativa,,,,,,
CT0002873,GC0035,CLI002739,PAR007,digital,CELULAR,6000.0,24,0.224,311.0,2025-08-17,cancelada,2025-12-17,,,,,
CT0003172,GS0006,CLI004824,PAR007,digital,Serviços,28200.0,36,0.2021,957.31,2025-06-03,cancelada,2026-02-03,,,,,
CT0008485,GC0041,CLI000305,PAR007,digital,CELULAR,5900.0,24,0.2347,308.45,2025-02-22,cancelada,2025-11-22,CTP000901,GC0041,2025-10-22,sorteio,0.0
CT0005018,GI0036,CLI000993,PAR099,bancario,imoveis,311700.0,180,0.2159,2140.17,2025-09-21,ativa,,,,,,
CT0007082,GC0000,CLI007189,PAR004,telemarketing,Celular,2300.0,18,0.225,159.08,2025-05-18,ativa,,,,,,
CT0006221,GS0020,CLI006880,PAR009,digital,serviço,21600.0,48,0.2062,551.79,2026-04-07,ativa,,,,,,
CT0002495,GA0068,CLI004033,PAR005,bancario,automovel,97800.0,72,0.1612,1604.46,2024-09-22,ativa,,,,,,
CT0007233,GS0023,CLI002462,PAR001,digital,servicos,11600.0,24,0.1807,580.34,2025-11-18,cancelada,2026-01-18,,,,,
CT0002350,GI0027,CLI005489,PAR003,correspondente,imóvel,248300.0,150,0.2128,2040.69,2024-08-03,contemplada,,CTP000257,GI0027,2026-06-03,lance_fixo,62075.0
CT0001542,GA0008,CLI005597,PAR008,correspondente,Auto,93800.0,80,0.1858,1413.8,2023-08-29,cancelada,2023-09-29,,,,,
CT0003342,GS0016,CLI006237,PAR001,digital,serviço,17200.0,24,0.2023,875.98,2025-02-16,ativa,,,,,,
CT0000187,GC0047,CLI003304,PAR007,digital,smartphone,4300.0,15,0.2281,357.79,2024-09-23,quitada,,,,,,
CT0007736,GC0047,CLI000295,PAR007,digital,CELULAR,8200.0,15,0.2351,686.12,2025-09-09,cancelada,2026-03-09,,,,,
CT0004418,GA0079,CLI003953,PAR001,digital,Automóvel,73600.0,72,0.1661,1212.46,2025-05-12,ativa,,,,,,
CT0007092,GC0009,CLI000354,PAR011,correspondente,Celular,4400.0,24,0.2283,228.85,2025-05-07,ativa,,,,,,
CT0007746,GC0002,CLI000184,PAR007,digital,CELULAR,5800.0,12,0.2395,608.76,2025-09-23,cancelada,2026-03-23,,,,,
CT0006249,GC0009,CLI003538,PAR004,telemarketing,smartphone,6000.0,24,0.2313,312.82,2026-01-04,cancelada,2026-02-04,,,,,
CT0005983,GI0021,CLI002337,PAR005,bancario,imoveis,502200.0,200,0.1856,3027.26,2024-04-18,ativa,,,,,,
CT0002631,GC0064,CLI002029,PAR007,digital,Celular,5800.0,24,0.213,297.98,2025-01-30,cancelada,2025-02-28,,,,,
CT0000851,GA0063,CLI005532,PAR008,correspondente,automovel,89400.0,60,0.1772,1783.83,2023-09-09,cancelada,2025-08-09,,,,,
CT0001246,GA0012,CLI006858,PAR009,digital,Auto,47300.0,80,0.1639,699.98,2024-07-24,cancelada,2024-11-24,,,,,
CT0000087,GC0028,CLI002062,PAR004,telemarketing,CELULAR,7300.0,18,0.2349,508.93,2026-06-13,cancelada,2026-08-13,,,,,
CT0007920,GS0035,CLI000989,PAR003,correspondente,Serviços,20100.0,24,0.2143,1033.73,2024-10-17,ativa,,,,,,
CT0008089,GS0009,CLI004188,PAR012,interno,Servicos,27800.0,48,0.199,706.0,2025-06-10,ativa,,,,,,
CT0003992,GC0001,CLI006048,PAR001,digital,celular,4600.0,24,0.231,239.78,2025-05-03,ativa,,,,,,
CT0007393,GC0004,CLI004809,PAR004,telemarketing,Celular,5600.0,12,0.2363,586.27,2023-05-23,cancelada,2023-11-23,CTP000777,GC0004,2023-11-23,sorteio,0.0
CT0001720,GA0017,CLI001064,PAR001,digital,Automóvel,72300.0,60,0.1796,1445.52,2025-09-01,ativa,,,,,,
CT0003696,GA0083,CLI000295,PAR012,interno,Automóvel,94600.0,60,0.154,1851.01,2025-02-14,ativa,,,,,,
CT0003193,GC0018,CLI003430,PAR002,loja,smartphone,7600.0,12,0.2288,790.91,2024-01-21,quitada,,,,,,
CT0001128,GA0081,CLI006579,PAR001,digital,Auto,56000.0,72,0.1798,933.18,2025-03-07,ativa,,,,,,
CT0001707,GS0012,CLI005952,PAR001,digital,Servicos,25400.0,36,0.1993,860.28,2024-07-13,ativa,,,,,,
CT0005366,GA0067,CLI003687,PAR002,loja,automovel,59400.0,80,0.1831,893.3,2024-11-08,ativa,,,,,,
CT0004984,GA0043,CLI002686,PAR001,digital,Automóvel,103400.0,72,0.1715,1711.13,2023-03-26,ativa,,,,,,
CT0005078,GC0000,CLI003548,PAR007,digital,celular,7700.0,18,0.2095,525.95,2025-09-21,cancelada,2026-01-21,,,,,
CT0001347,GC0013,CLI005467,PAR004,telemarketing,celular,7200.0,18,0.2285,499.4,2023-09-01,cancelada,2024-07-01,,,,,
CT0001792,GS0001,CLI005754,PAR002,loja,Servicos,14900.0,24,0.1997,757.23,2023-08-31,cancelada,2024-07-31,,,,,
CT0004251,GI0028,CLI003366,PAR002,loja,imoveis,285900.0,200,0.2132,1762.86,2024-06-16,ativa,,,,,,
CT0003621,GC0060,CLI003138,PAR009,digital,CELULAR,5900.0,24,0.2379,309.23,2024-03-03,quitada,,,,,,
CT0001766,GC0037,CLI005669,PAR004,telemarketing,CELULAR,4300.0,24,0.2286,223.71,2025-04-05,cancelada,2026-04-05,CTP000198,GC0037,2026-01-05,sorteio,0.0
CT0007116,GC0053,CLI000240,PAR001,digital,Celular,2100.0,24,0.2123,107.83,2025-10-22,ativa,,,,,,
CT0002020,GC0066,CLI001809,PAR009,digital,smartphone,4200.0,12,0.2399,440.96,2025-06-04,quitada,,,,,,
CT0006556,GC0051,CLI000620,PAR006,loja,celular,2700.0,24,0.2192,139.41,2025-02-07,cancelada,2025-11-07,,,,,
CT0002285,GC0027,CLI002686,PAR007,digital,smartphone,3900.0,15,0.2304,325.1,2024-10-29,cancelada,2025-11-29,,,,,
CT0006580,GC0064,CLI005711,PAR006,loja,Celular,8600.0,24,0.2259,446.45,2023-07-21,cancelada,2024-08-21,,,,,
CT0000111,GS0032,CLI004111,PAR007,digital,Servicos,24000.0,36,0.1968,811.2,2024-12-25,cancelada,2025-03-25,,,,,
CT0007077,GC0016,CLI001848,PAR006,loja,celular,4000.0,12,0.2059,408.63,2024-07-08,quitada,,,,,,
CT0004634,GI0013,CLI004089,PAR005,bancario,imoveis,371200.0,150,0.2185,3064.87,2023-03-11,contemplada,,CTP000500,GI0013,2024-09-11,sorteio,0.0
CT0002728,GA0057,CLI006234,PAR002,loja,Automóvel,104000.0,60,0.1762,2073.41,2025-11-21,ativa,,,,,,
CT0007726,GI0032,CLI003516,PAR005,bancario,imoveis,339200.0,180,0.1951,2289.79,2023-08-05,ativa,,,,,,
CT0006988,GA0068,CLI004306,PAR002,loja,Auto,113100.0,72,0.1716,1871.8,2025-12-12,ativa,,,,,,
CT0005636,GC0019,CLI006789,PAR009,digital,smartphone,3100.0,18,0.2375,216.57,2026-03-29,cancelada,2026-05-29,,,,,
CT0005417,GI0028,CLI000593,PAR005,bancario,IMOVEIS,599000.0,200,0.1881,3618.26,2026-01-08,ativa,,,,,,
CT0005010,GC0008,CLI006957,PAR004,telemarketing,CELULAR,1800.0,18,0.24,126.0,2023-04-29,cancelada,2024-07-29,,,,,
CT0003188,GI0040,CLI000253,PAR001,digital,imóvel,204900.0,200,0.2147,1264.95,2023-11-22,ativa,,,,,,
CT0002602,GC0049,CLI001085,PAR004,telemarketing,CELULAR,4500.0,24,0.2433,236.87,2024-06-08,cancelada,2024-09-08,,,,,
CT0000638,GA0014,CLI002827,PAR012,interno,Automóvel,119900.0,80,0.1633,1773.47,2023-05-13,contemplada,,CTP000083,GA0014,2025-11-13,lance_fixo,29975.0
CT0000221,GC0056,CLI003555,PAR007,digital,celular,5800.0,12,0.2404,609.19,2025-09-10,cancelada,2025-10-10,,,,,
CT0000958,GC0011,CLI000188,PAR007,digital,CELULAR,3700.0,12,0.2317,385.94,2025-08-12,cancelada,2026-06-12,,,,,
CT0008362,GA0070,CLI004465,PAR002,loja,AUTO,121100.0,60,0.163,2387.69,2023-10-17,ativa,,,,,,
CT0004800,GI0036,CLI006670,PAR003,correspondente,imoveis,321100.0,180,0.1928,2163.5,2023-06-04,ativa,,,,,,
CT0005964,GC0002,CLI000435,PAR007,digital,celular,5700.0,12,0.2167,587.43,2025-03-10,cancelada,2025-05-10,,,,,
CT0001215,GC0044,CLI001495,PAR004,telemarketing,Celular,8100.0,12,0.2155,833.96,2026-02-04,cancelada,2026-04-04,,,,,
CT0000994,GA0069,CLI005648,PAR010,correspondente,AUTO,115700.0,80,0.1446,1684.3,2023-12-20,cancelada,2024-08-20,,,,,
CT0000626,GC0033,CLI000394,PAR007,digital,Celular,3200.0,15,0.2253,265.66,2025-06-29,cancelada,2025-08-29,,,,,
CT0005100,GA0075,CLI005389,PAR006,loja,automovel,104800.0,60,0.1617,2064.04,2025-01-08,ativa,,,,,,
CT0002095,GC0030,CLI002282,PAR006,loja,CELULAR,8600.0,15,0.2247,713.63,2024-01-30,cancelada,2025-04-30,,,,,
CT0005608,GC0000,CLI001473,PAR006,loja,Celular,5700.0,18,0.23,395.83,2025-05-12,cancelada,2025-11-12,,,,,
CT0007780,GI0002,CLI004278,PAR012,interno,imoveis,648800.0,180,0.1873,4351.65,2025-04-26,ativa,,,,,,
CT0003917,GI0041,CLI005136,PAR003,correspondente,IMOVEIS,369700.0,180,0.1874,2479.87,2026-02-17,contemplada,,CTP000419,GI0041,2026-04-17,lance_livre,74430.32
CT0002068,GA0013,CLI000537,PAR011,correspondente,Automóvel,46400.0,72,0.1811,774.04,2025-05-23,ativa,,,,,,
CT0003235,GC0024,CLI004071,PAR006,loja,Celular,4900.0,12,0.2272,509.27,2025-10-21,ativa,,,,,,
CT0001624,GI0034,CLI003550,PAR003,correspondente,imóvel,607600.0,180,0.1883,4078.68,2025-05-19,ativa,,,,,,
CT0002764,GI0002,CLI001952,PAR011,correspondente,IMOVEIS,293400.0,180,0.1937,1978.33,2024-04-23,contemplada,,CTP000301,GI0002,2024-06-23,lance_fixo,73350.0
CT0004060,GS0030,CLI006088,PAR008,correspondente,servicos,15700.0,36,0.2058,534.59,2025-06-25,ativa,,,,,,
CT0000556,GA0058,CLI003197,PAR002,loja,Auto,79500.0,80,0.1611,1173.72,2025-11-01,ativa,,,,,,
CT0004743,GA0027,CLI004903,PAR009,digital,automovel,69700.0,72,0.1616,1143.85,2026-04-13,ativa,,,,,,
CT0004869,GI0009,CLI001885,PAR008,correspondente,Imovel,548600.0,180,0.2055,3735.05,2023-09-07,cancelada,2026-02-07,CTP000526,GI0009,2025-11-07,sorteio,0.0
CT0007750,GC0039,CLI001542,PAR012,interno,celular,7700.0,12,0.2357,805.74,2025-12-24,ativa,,,,,,
CT0001340,GA0085,CLI005406,PAR006,loja,automovel,118500.0,60,0.1512,2313.12,2025-04-09,cancelada,2026-02-09,,,,,
CT0005098,GC0008,CLI004996,PAR008,correspondente,celular,2900.0,18,0.2066,197.62,2025-07-20,ativa,,,,,,
CT0007315,GC0068,CLI000738,PAR009,digital,Celular,4800.0,24,0.2301,250.02,2025-05-20,ativa,,,,,,
CT0001283,GC0040,CLI005489,PAR006,loja,smartphone,5600.0,15,0.2209,463.27,2026-04-05,ativa,,,,,,
CT0001040,GI0024,CLI003138,PAR003,,Imóveis,523100.0,180,0.2179,3597.47,2024-08-31,ativa,,,,,,
CT0003448,GA0069,CLI001434,PAR001,digital,AUTO,56000.0,80,0.1662,830.34,2024-04-23,cancelada,2026-05-23,CTP000373,GA0069,2025-01-23,sorteio,0.0
CT0005061,GA0087,CLI004525,PAR011,correspondente,Automóvel,55800.0,60,0.1616,1098.89,2025-06-15,ativa,,,,,,
CT0006100,GC0009,CLI003489,PAR009,digital,celular,3100.0,24,0.2362,162.26,2023-11-01,quitada,,,,,,
CT0008156,GC0013,CLI000310,PAR001,digital,CELULAR,6600.0,18,0.2404,462.15,2024-06-22,cancelada,2025-11-22,,,,,
CT0005945,GA0018,CLI000570,PAR001,digital,AUTO,89900.0,72,0.1395,1447.76,2026-03-12,ativa,,,,,,
CT0003008,GC0020,CLI006573,PAR001,digital,celular,3700.0,24,0.2177,190.81,2024-06-24,cancelada,2025-03-24,,,,,
CT0000486,GA0073,CLI003148,PAR012,interno,auto,66400.0,80,0.1708,988.36,2024-02-23,cancelada,2024-06-23,,,,,
CT0008376,GA0013,CLI003236,PAR001,digital,Auto,71300.0,72,0.1646,1173.08,2024-06-16,ativa,,,,,,
CT0005806,GA0078,CLI002652,PAR008,correspondente,Auto,111500.0,72,0.1773,1854.15,2024-07-16,ativa,,,,,,
CT0000302,GI0023,CLI003955,PAR010,correspondente,imoveis,519600.0,200,0.1707,3093.44,2026-04-10,ativa,,,,,,
CT0000266,GA0072,CLI007053,PAR005,bancario,AUTO,126800.0,60,0.189,2555.02,2026-04-28,ativa,,,,,,
CT0008190,GC0059,CLI000466,PAR007,digital,Celular,5300.0,12,0.2234,549.17,2025-01-03,cancelada,2025-04-03,,,,,
CT0005361,GC0061,CLI001327,PAR001,digital,Celular,8800.0,24,0.2372,460.97,2025-02-05,cancelada,2025-04-05,,,,,
CT0003127,GC0039,CLI002866,PAR007,digital,celular,4600.0,12,0.2227,476.37,2025-05-01,cancelada,2025-06-01,,,,,
CT0005249,GC0020,CLI001072,PAR001,digital,Celular,7000.0,24,0.2444,368.78,2023-12-19,cancelada,2024-02-19,,,,,
CT0004770,GC0041,CLI005012,PAR001,digital,CELULAR,4200.0,24,0.2235,217.61,2023-03-26,quitada,,,,,,
CT0008088,GA0068,CLI004272,PAR007,digital,automovel,125400.0,72,0.1692,2071.19,2024-12-01,cancelada,2025-02-01,,,,,
CT0006060,GA0085,CLI004676,PAR004,telemarketing,Auto,61400.0,60,0.1587,1206.2,2025-10-17,cancelada,2025-12-17,,,,,
CT0005646,GA0058,CLI007194,PAR007,digital,Auto,58100.0,80,0.1448,845.94,2025-05-27,cancelada,2025-10-27,,,,,
CT0003491,GS0016,CLI006224,PAR008,correspondente,SERVICOS,11300.0,24,0.2144,581.2,2026-07-25,ativa,,,,,,
CT0006531,GI0026,CLI001130,PAR006,loja,Imovel,259900.0,150,0.2286,2163.41,2024-11-01,cancelada,2024-12-01,,,,,
CT0005751,GI0037,CLI000288,PAR005,bancario,IMOVEIS,552200.0,200,0.2361,3468.09,2026-03-28,ativa,,,,,,
CT0006183,GS0011,CLI000746,PAR009,digital,SERVICOS,25800.0,48,0.2,655.75,2024-04-20,ativa,,,,,,
CT0007497,GC0035,CLI004250,PAR006,,celular,8700.0,24,0.2335,454.39,2026-04-20,ativa,,,,,,
CT0007947,GA0009,CLI005192,PAR004,telemarketing,automovel,85000.0,80,0.1808,1275.85,2025-01-08,ativa,,,,,,
CT0007566,GC0029,CLI002255,PAR012,interno,smartphone,7900.0,24,0.2217,408.73,2025-08-01,ativa,,,,,,
CT0001335,GC0041,CLI006424,PAR009,digital,CELULAR,7300.0,24,0.2316,380.69,2024-12-31,ativa,,,,,,
CT0005434,GC0020,CLI003639,PAR007,digital,Celular,7900.0,24,0.217,407.18,2025-08-01,cancelada,2025-12-01,,,,,
CT0005314,GI0019,CLI000186,PAR011,correspondente,Imovel,381800.0,150,0.1998,3104.8,2023-10-29,contemplada,,CTP000572,GI0019,2024-06-29,sorteio,0.0
CT0003750,GI0034,CLI001258,PAR005,bancario,IMOVEIS,195200.0,180,0.2141,1338.31,2025-10-30,ativa,,,,,,
CT0005225,GS0024,CLI004580,PAR005,bancario,Servicos,24900.0,36,0.2045,846.95,2025-05-13,ativa,,,,,,
CT0001620,GC0015,CLI003981,PAR007,digital,Celular,2300.0,24,0.2012,117.03,2025-04-16,cancelada,2026-07-16,,,,,
CT0001441,GC0034,CLI002383,PAR005,,Celular,4000.0,12,0.2404,420.13,2024-03-30,quitada,,,,,,
CT0003377,GA0046,CLI002605,PAR008,correspondente,automovel,68300.0,72,0.1628,1122.02,2026-03-07,ativa,,,,,,
CT0000514,GI0030,CLI006152,PAR005,bancario,imoveis,221500.0,200,0.2162,1369.09,2024-08-23,ativa,,,,,,
CT0002293,GA0073,CLI001034,PAR008,correspondente,auto,59700.0,80,0.1796,895.2,2025-03-21,ativa,,,,,,
CT0008007,GC0031,CLI001310,PAR007,digital,celular,1900.0,24,0.243,99.99,2024-09-27,cancelada,2025-08-27,CTP000845,GC0031,2024-11-27,lance_livre,733.14
CT0003327,GC0067,CLI000495,PAR004,telemarketing,smartphone,8200.0,15,0.2329,684.92,2024-11-16,cancelada,2024-12-16,,,,,
CT0004429,GC0043,CLI006727,PAR007,digital,celular,3500.0,18,0.225,242.08,2025-08-22,cancelada,2026-06-22,,,,,
CT0003799,GA0030,CLI000889,PAR002,,Automóvel,49000.0,72,0.1536,798.7,2023-11-30,ativa,,,,,,
CT0006667,GS0024,CLI001881,PAR006,loja,Serviços,13500.0,36,0.208,460.5,2024-04-07,cancelada,2024-09-07,,,,,
CT0007698,GA0016,CLI000645,PAR002,,Automóvel,72300.0,80,0.182,1086.31,2023-04-14,cancelada,2023-05-14,,,,,
CT0007197,GA0018,CLI002697,PAR002,loja,AUTO,85700.0,72,0.1725,1419.41,2026-01-24,ativa,,,,,,
CT0005658,GI0037,CLI004156,PAR003,correspondente,imóvel,273500.0,200,0.1943,1660.56,2024-07-09,ativa,,,,,,
CT0003967,GC0037,CLI003604,PAR007,digital,smartphone,5500.0,24,0.2139,282.77,2025-03-07,cancelada,2025-05-07,,,,,
CT0006145,GC0040,CLI003260,PAR008,correspondente,Celular,2900.0,15,0.2232,240.35,2024-05-18,cancelada,2024-11-18,CTP000641,GC0040,2024-10-18,sorteio,0.0
CT0004339,GI0007,CLI006322,PAR010,correspondente,IMOVEIS,623000.0,150,0.1758,4966.56,2023-05-03,ativa,,,,,,
CT0008092,GC0046,CLI004338,PAR009,digital,Celular,6400.0,12,0.2276,665.39,2025-08-28,cancelada,2025-10-28,,,,,
CT0004457,GS0012,CLI005788,PAR001,digital,servicos,8400.0,36,0.2133,287.77,2023-07-24,cancelada,2024-11-24,,,,,
CT0000891,GA0077,CLI002926,PAR005,bancario,Auto,124200.0,80,0.1598,1831.64,2024-01-28,ativa,,,,,,
CT0007160,GA0011,CLI004655,PAR001,digital,Auto,71600.0,72,0.17,1183.39,2025-11-23,contemplada,,CTP000754,GA0011,2026-06-23,sorteio,0.0
CT0004326,GC0044,CLI001474,PAR008,correspondente,celular,5800.0,12,0.2299,604.12,2026-02-02,cancelada,2026-07-02,,,,,
CT0000908,GS0002,CLI000334,PAR012,interno,servicos,7900.0,36,0.1765,262.57,2026-01-04,ativa,,,,,,
CT0003730,GA0003,CLI004208,PAR002,loja,auto,107700.0,60,0.176,2146.82,2025-08-08,contemplada,,CTP000398,GA0003,2026-07-08,sorteio,0.0
CT0007097,GA0070,CLI000871,PAR010,correspondente,automovel,74700.0,60,0.1563,1464.49,2025-06-25,ativa,,,,,,
CT0004087,GA0079,CLI006997,PAR004,telemarketing,Automóvel,51300.0,72,0.1752,851.58,2025-08-13,cancelada,2026-06-13,,,,,
CT0000965,GS0000,CLI001700,PAR006,loja,Serviços,19100.0,36,0.2042,649.51,2024-10-04,ativa,,,,,,
CT0000890,GI0012,CLI005679,PAR001,digital,Imovel,631800.0,150,0.1997,5137.38,2025-12-08,ativa,,,,,,
CT0001104,GS0008,CLI004359,PAR007,digital,Servicos,33500.0,48,0.2247,868.7,2025-10-10,ativa,,,,,,
CT0003649,GA0054,CLI001484,PAR002,loja,AUTO,64100.0,72,0.1636,1053.73,2026-02-10,ativa,,,,,,
CT0004707,GA0019,CLI004137,PAR003,correspondente,Auto,112900.0,60,0.1584,2217.36,2026-06-04,ativa,,,,,,
CT0005065,GA0086,CLI005321,PAR012,interno,Automóvel,67200.0,60,0.1887,1353.74,2023-02-28,ativa,,,,,,
CT0004374,GC0048,CLI004173,PAR009,digital,smartphone,4100.0,18,0.2223,282.97,2024-10-10,cancelada,2025-01-10,,,,,
CT0000597,GC0066,CLI006201,PAR004,telemarketing,Celular,4900.0,12,0.2355,512.66,2025-06-25,cancelada,2025-07-25,,,,,
CT0006695,GC0061,CLI000829,PAR007,digital,smartphone,7400.0,24,0.2162,381.16,2025-06-26,cancelada,2025-07-26,,,,,
CT0004112,GA0034,CLI001267,PAR002,loja,Auto,68900.0,80,0.1759,1029.97,2026-04-24,ativa,,,,,,
CT0002928,GA0003,CLI000297,PAR006,loja,Auto,122000.0,60,0.1818,2443.66,2024-08-26,ativa,,,,,,
CT0002190,GA0051,CLI005566,PAR001,digital,Automóvel,51600.0,60,0.185,1036.3,2023-11-06,cancelada,2024-07-06,,,,,
CT0003623,GA0055,CLI007012,PAR002,loja,Auto,76600.0,80,0.1446,1115.1,2025-01-13,ativa,,,,,,
CT0000840,GA0004,CLI002977,PAR002,loja,AUTO,120200.0,80,0.1621,1776.11,2024-04-21,ativa,,,,,,
CT0002824,GC0049,CLI006695,PAR004,telemarketing,smartphone,2300.0,24,0.2407,120.82,2024-10-02,cancelada,2025-01-02,,,,,
CT0007591,GC0006,CLI007035,PAR007,digital,smartphone,2000.0,18,0.2175,137.5,2025-07-29,cancelada,2025-12-29,,,,,
CT0003251,GS0001,CLI000445,PAR004,telemarketing,serviço,32800.0,24,0.2027,1671.02,2025-11-02,ativa,,,,,,
CT0008267,GA0087,CLI006420,PAR006,loja,auto,126200.0,60,0.1791,2522.11,2024-01-06,cancelada,2024-04-06,,,,,
CT0006298,GC0038,CLI002111,PAR007,digital,smartphone,2800.0,18,0.2226,193.29,2024-11-18,cancelada,2025-02-18,,,,,
CT0003179,GA0054,CLI006913,PAR012,interno,automovel,81400.0,72,0.158,1331.79,2025-09-02,ativa,,,,,,
CT0001320,GC0005,CLI004435,PAR008,correspondente,celular,7700.0,24,0.2268,400.01,2024-02-20,quitada,,,,,,
CT0004438,GA0011,CLI003810,PAR002,loja,Automóvel,97500.0,72,0.1705,1612.14,2024-01-28,ativa,,,,,,
CT0000291,GI0037,CLI002129,PAR005,bancario,Imovel,581000.0,200,0.2027,3551.94,2024-01-30,ativa,,,,,,
CT0007718,GC0016,CLI000789,PAR001,digital,smartphone,3500.0,12,0.2204,361.78,2023-11-30,quitada,,,,,,
CT0005084,GC0038,CLI001875,PAR009,digital,Celular,3000.0,18,0.2207,206.78,2025-01-29,cancelada,2026-06-29,,,,,
CT0000180,GA0083,CLI006686,PAR001,digital,automovel,104500.0,60,0.1758,2082.68,2023-10-01,ativa,,,,,,
CT0000588,GI0004,CLI006276,PAR010,,IMOVEIS,457100.0,200,0.2014,2791.51,2026-05-30,ativa,,,,,,
CT0006950,GA0023,CLI001843,PAR002,loja,automovel,121700.0,72,0.1709,2012.95,2023-02-09,ativa,,,,,,
CT0005731,GS0025,CLI003681,PAR005,bancario,serviço,34800.0,48,0.199,883.78,2025-03-07,ativa,,,,,,
CT0002196,GI0042,CLI003218,PAR005,bancario,IMOVEIS,360400.0,150,0.195,2919.24,2026-04-08,ativa,,,,,,
CT0000027,GA0070,CLI005518,PAR010,correspondente,Automóvel,108200.0,60,0.1881,2178.61,2025-04-01,ativa,,,,,,
CT0004059,GA0038,CLI000795,PAR005,bancario,Auto,61100.0,72,0.2003,1035.56,2024-11-17,ativa,,,,,,
CT0004002,GS0029,CLI006002,PAR005,bancario,Servicos,26300.0,24,0.2004,1337.35,2023-04-17,quitada,,,,,,
CT0003094,GC0054,CLI005631,PAR002,loja,celular,7600.0,12,0.2341,794.26,2025-04-28,quitada,,,,,,
CT0006542,GC0000,CLI005228,PAR007,digital,Celular,8100.0,18,0.2174,556.83,2024-12-30,cancelada,2025-12-30,,,,,
CT0001980,GI0042,CLI000328,PAR005,bancario,imóvel,384300.0,150,0.2201,3177.14,2024-05-14,contemplada,,CTP000218,GI0042,2025-02-14,lance_livre,155518.07
CT0008102,GA0077,CLI006472,PAR007,digital,automovel,93800.0,80,0.147,1368.31,2025-10-19,ativa,,,,,,
CT0002284,GC0031,CLI000359,PAR009,digital,celular,4800.0,24,0.2396,251.92,2025-05-29,cancelada,2025-07-29,,,,,
CT0000065,GA0016,CLI002039,PAR008,correspondente,AUTO,84700.0,80,0.1867,1277.59,2025-10-05,ativa,,,,,,
CT0008293,GI0039,CLI001816,PAR001,digital,imoveis,284500.0,200,0.197,1731.18,2025-09-01,ativa,,,,,,
CT0000485,GS0033,CLI002034,PAR007,,serviço,18100.0,48,0.2205,467.77,2025-03-31,cancelada,2025-08-31,,,,,
CT0001083,GC0029,CLI004919,PAR006,loja,Celular,3500.0,24,0.2338,182.85,2023-08-21,cancelada,2023-12-21,,,,,
CT0002050,GS0016,CLI005401,PAR003,correspondente,Servicos,30400.0,24,0.2158,1565.35,2023-07-22,quitada,,CTP000226,GS0016,2024-07-22,sorteio,0.0
CT0006043,GC0045,CLI003715,PAR012,interno,smartphone,4400.0,18,0.2279,305.04,2025-05-20,ativa,,,,,,
CT0002855,GC0017,CLI004374,PAR009,digital,CELULAR,8300.0,12,0.2338,867.21,2025-03-09,quitada,,,,,,
CT0001256,GC0037,CLI002242,PAR009,digital,smartphone,7700.0,24,0.2482,406.88,2024-03-02,quitada,,CTP000137,GC0037,2025-02-02,lance_fixo,1925.0
CT0007572,GI0040,CLI006173,PAR003,correspondente,Imóveis,321300.0,200,0.1987,1957.84,2024-08-19,ativa,,,,,,
CT0007731,GC0039,CLI006834,PAR007,digital,smartphone,5600.0,12,0.2474,591.45,2025-05-02,quitada,,,,,,
CT0003147,GS0018,CLI000258,PAR007,digital,Servicos,33700.0,24,0.2108,1728.25,2025-05-03,cancelada,2025-09-03,,,,,
CT0007185,GC0065,CLI003090,PAR004,telemarketing,Celular,7700.0,18,0.2382,538.23,2025-11-06,cancelada,2026-01-06,,,,,
CT0006265,GI0035,CLI000862,PAR005,bancario,Imovel,321400.0,150,0.1975,2608.7,2025-09-08,ativa,,,,,,
CT0007657,GI0021,CLI003059,PAR003,correspondente,imóvel,307900.0,200,0.2115,1895.89,2025-10-04,ativa,,,,,,
CT0003334,GA0038,CLI004835,PAR005,bancario,AUTO,74900.0,72,0.178,1246.25,2024-12-04,ativa,,,,,,
CT0005662,GI0023,CLI006174,PAR008,correspondente,imóvel,283400.0,200,0.1708,1687.36,2026-01-08,ativa,,,,,,
CT0000901,GC0062,CLI003277,PAR006,loja,celular,8400.0,24,0.236,439.6,2024-10-26,contemplada,,CTP000102,GC0062,2025-02-26,sorteio,0.0
CT0000881,GC0034,CLI003754,PAR007,digital,CELULAR,8000.0,12,0.2074,818.27,2025-03-19,quitada,,,,,,
CT0002680,GA0067,CLI002288,PAR001,digital,Automóvel,59300.0,80,0.1675,880.23,2025-02-22,ativa,,,,,,
CT0005549,GA0057,CLI001047,PAR001,digital,Automóvel,123900.0,60,0.1786,2475.11,2026-06-28,ativa,,,,,,
CT0005506,GS0004,CLI007124,PAR001,digital,Servicos,16100.0,36,0.213,551.43,2024-11-12,cancelada,2025-01-12,,,,,
CT0002720,GC0041,CLI000474,PAR008,correspondente,smartphone,7600.0,24,0.2319,396.44,2025-11-14,ativa,,,,,,
CT0005367,GC0058,CLI006664,PAR009,digital,celular,7900.0,12,0.2199,816.27,2025-07-25,quitada,,,,,,
CT0008463,GA0013,CLI003821,PAR008,correspondente,automovel,47000.0,72,0.1847,786.4,2026-01-23,ativa,,,,,,
CT0000213,GI0023,CLI005329,PAR005,bancario,Imovel,388900.0,200,0.2107,2393.1,2025-07-31,ativa,,,,,,
CT0005849,GA0050,CLI002898,PAR002,loja,AUTO,76000.0,80,0.1713,1131.74,2025-11-25,ativa,,,,,,
CT0005152,GA0013,CLI000008,PAR002,loja,Auto,121200.0,72,0.1844,2027.41,2025-08-03,cancelada,2025-12-03,,,,,
CT0001251,GA0082,CLI006268,PAR009,digital,auto,102100.0,80,0.1791,1530.35,2025-03-31,cancelada,2026-06-30,,,,,
CT0000292,GA0070,CLI004112,PAR011,correspondente,Auto,85200.0,60,0.1813,1705.85,2025-09-21,ativa,,,,,,
CT0001002,GI0038,CLI003476,PAR005,bancario,imóvel,642400.0,150,0.1811,5143.91,2025-06-16,ativa,,,,,,
CT0008082,GA0043,CLI002190,PAR007,digital,auto,82500.0,72,0.178,1372.71,2025-07-11,contemplada,,CTP000856,GA0043,2025-11-11,lance_livre,23013.67
CT0005621,GC0065,CLI005576,PAR009,digital,celular,7100.0,18,0.2178,488.24,2025-07-06,ativa,,,,,,
CT0004868,GC0065,CLI000827,PAR007,digital,Celular,5300.0,18,0.2399,370.97,2025-11-25,cancelada,2026-06-25,,,,,
CT0000451,GI0005,CLI003864,PAR005,,IMOVEIS,247900.0,200,0.1804,1487.9,2026-02-08,ativa,,,,,,
CT0005197,GS0028,CLI006194,PAR004,telemarketing,Servicos,28900.0,24,0.1995,1468.48,2026-03-23,cancelada,2026-06-23,,,,,
CT0001830,GC0067,CLI002241,PAR009,digital,celular,5800.0,15,0.235,485.27,2025-04-02,cancelada,2025-08-02,,,,,
CT0000215,GS0006,CLI002349,PAR007,digital,SERVICOS,21800.0,36,0.2016,739.75,2025-04-01,cancelada,2025-05-01,,,,,
CT0004289,GI0038,CLI006533,PAR005,bancario,imóvel,224300.0,150,0.2007,1825.35,2026-04-09,ativa,,,,,,
CT0007748,GI0019,CLI000132,PAR005,bancario,Imóveis,371000.0,150,0.1835,2976.66,2025-01-03,ativa,,,,,,
CT0007069,GS0027,CLI003037,PAR012,,servicos,14600.0,48,0.1955,369.71,2025-06-11,ativa,,,,,,
CT0003005,GI0038,CLI001115,PAR003,correspondente,Imovel,458500.0,150,0.1856,3685.12,2024-09-19,cancelada,2024-10-19,,,,,
CT0008442,GI0018,CLI001039,PAR005,bancario,Imovel,542700.0,200,0.1999,3310.2,2023-03-12,contemplada,,CTP000894,GI0018,2023-09-12,sorteio,0.0
CT0000148,GC0023,CLI003916,PAR007,digital,CELULAR,4900.0,18,0.2099,334.81,2024-11-27,cancelada,2025-01-27,,,,,
CT0007774,GA0089,CLI001149,PAR002,loja,auto,108100.0,72,0.1638,1777.34,2024-07-20,cancelada,2025-02-20,,,,,
CT0000101,GC0008,CLI001144,PAR009,digital,CELULAR,5900.0,18,0.2347,411.26,2024-04-30,quitada,,,,,,
CT0007013,GI0013,CLI004204,PAR003,correspondente,IMOVEIS,396900.0,150,0.1847,3187.64,2023-02-28,ativa,,,,,,
CT0001750,GS0004,CLI005219,PAR099,interno,servicos,8600.0,36,0.1952,290.3,2024-03-27,ativa,,,,,,
CT0002314,GI0012,CLI004774,PAR006,loja,Imovel,366400.0,150,0.2004,2981.03,2023-12-26,cancelada,2026-02-26,CTP000251,GI0012,2025-03-26,sorteio,0.0
CT0002653,GS0019,CLI003146,PAR004,telemarketing,SERVICOS,12300.0,36,0.191,413.76,2025-02-08,cancelada,2025-09-08,,,,,
CT0000274,GC0069,CLI005641,PAR012,interno,celular,7300.0,24,0.2026,371.87,2024-01-26,cancelada,2024-12-26,,,,,
CT0006479,GC0009,CLI004545,PAR007,digital,CELULAR,2000.0,24,0.2389,104.91,2025-11-05,cancelada,2026-02-05,,,,,
CT0003794,GC0029,CLI001494,PAR004,telemarketing,celular,8500.0,24,0.2406,446.46,2025-03-06,cancelada,2025-04-06,,,,,
CT0008189,GA0010,CLI002311,PAR007,digital,AUTO,70300.0,72,0.1796,1171.28,2025-10-21,ativa,,,,,,
CT0000508,GI0034,CLI001047,PAR004,telemarketing,Imovel,603000.0,180,0.2203,4155.01,2023-04-30,ativa,,,,,,
CT0005203,GS0015,CLI001162,PAR007,digital,SERVICOS,20400.0,24,0.1878,1026.63,2025-02-17,cancelada,2026-01-17,,,,,
CT0007482,GC0013,CLI001807,PAR007,digital,smartphone,8300.0,18,0.2065,565.55,2024-07-22,cancelada,2026-01-22,CTP000786,GC0013,2025-04-22,lance_livre,2684.97
CT0004253,GA0043,CLI002004,PAR008,correspondente,Auto,67900.0,72,0.1628,1115.45,2024-09-25,ativa,,,,,,
CT0006677,GI0036,CLI003957,PAR012,interno,Imóveis,194100.0,180,0.199,1314.49,2024-07-09,ativa,,,,,,
CT0005568,GS0020,CLI006638,PAR012,interno,servicos,27900.0,48,0.2058,712.5,2023-10-14,cancelada,2024-04-14,,,,,
CT0000335,GC0054,CLI005465,PAR007,digital,CELULAR,2900.0,12,0.2486,306.58,2024-10-08,cancelada,2025-02-08,,,,,
CT0005136,GA0087,CLI006671,PAR002,loja,Auto,104300.0,60,0.1856,2095.73,2026-06-10,ativa,,,,,,
CT0004516,GS0006,CLI003999,PAR001,digital,serviço,21100.0,36,0.2291,732.11,2026-06-01,ativa,,,,,,
CT0008375,GI0032,CLI005773,PAR003,correspondente,Imovel,272700.0,180,0.1827,1822.09,2024-01-27,contemplada,,CTP000887,GI0032,2024-05-27,lance_livre,37200.08
CT0008304,GA0063,CLI005944,PAR001,digital,automovel,114900.0,60,0.1881,2313.51,2024-10-18,cancelada,2025-04-18,,,,,
CT0005597,GA0030,CLI003200,PAR005,bancario,AUTO,104300.0,72,0.1675,1720.23,2024-09-13,ativa,,,,,,
CT0007588,GA0023,CLI003384,PAR009,digital,auto,104600.0,72,0.1788,1741.59,2025-10-19,cancelada,2026-07-19,,,,,
CT0005697,GI0026,CLI001968,PAR005,bancario,imóvel,573700.0,150,0.205,4685.22,2024-06-13,ativa,,,,,,
CT0006092,GI0039,CLI002598,PAR001,digital,imóvel,361700.0,200,0.1985,2203.66,2024-10-17,ativa,,,,,,
CT0003846,GI0013,CLI000501,PAR008,correspondente,IMOVEIS,413100.0,150,0.2247,3427.9,2025-10-26,ativa,,,,,,
CT0005718,GA0056,CLI001780,PAR001,digital,automovel,68900.0,72,0.1342,1104.51,2025-06-20,ativa,,,,,,
CT0003840,GI0005,CLI002457,PAR003,correspondente,IMOVEIS,596900.0,200,0.1945,3624.68,2026-02-16,ativa,,,,,,
CT0005003,GI0033,CLI001406,PAR002,loja,imóvel,298900.0,200,0.1883,1805.8,2025-09-14,ativa,,,,,,
CT0004686,GI0005,CLI004957,PAR008,correspondente,imoveis,306500.0,200,0.2216,1902.75,2023-10-24,ativa,,,,,,
CT0007612,GA0075,CLI006759,PAR012,interno,Auto,56900.0,60,0.1717,1130.13,2024-12-28,ativa,,,,,,
CT0003845,GC0010,CLI006699,PAR007,digital,smartphone,6200.0,12,0.23,645.83,2025-03-29,quitada,,,,,,
CT0006979,GA0081,CLI004551,PAR007,digital,Auto,102900.0,72,0.1822,1718.14,2025-07-15,cancelada,2025-10-15,,,,,
CT0003521,GA0001,CLI004128,PAR012,,Automóvel,126400.0,72,0.1901,2124.4,2024-06-21,ativa,,,,,,
CT0004973,GC0060,CLI005722,PAR007,digital,CELULAR,3100.0,24,0.2442,163.29,2024-12-10,ativa,,,,,,
CT0004292,GI0022,CLI001082,PAR008,correspondente,imóvel,614700.0,200,0.2111,3783.79,2026-01-17,ativa,,,,,,
CT0006973,GA0084,CLI003234,PAR004,telemarketing,auto,98800.0,60,0.1727,1963.98,2025-05-12,cancelada,2025-08-12,,,,,
CT0002966,GA0016,CLI005403,PAR006,loja,auto,108300.0,80,0.1768,1620.17,2024-07-31,ativa,,,,,,
CT0001078,GC0059,CLI004116,PAR009,digital,CELULAR,4400.0,12,0.2331,459.47,2026-06-03,ativa,,,,,,
CT0003106,GI0010,CLI005736,PAR003,correspondente,imoveis,420800.0,180,0.2314,2925.5,2025-11-16,contemplada,,CTP000336,GI0010,2026-08-16,lance_livre,177728.51
CT0001908,GA0084,CLI004682,PAR003,correspondente,auto,111400.0,60,0.176,2220.57,2023-10-15,ativa,,,,,,
CT0001259,GC0009,CLI004120,PAR006,loja,Celular,6400.0,24,0.2243,331.81,2025-04-06,cancelada,2026-07-06,,,,,
CT0005831,GC0041,CLI001715,PAR007,digital,celular,7800.0,24,0.2178,402.29,2025-04-08,cancelada,2025-06-08,,,,,
CT0000287,GC0064,CLI004688,PAR007,digital,Celular,8900.0,24,0.2227,460.83,2025-06-27,cancelada,2025-12-27,CTP000036,GC0064,2025-08-27,sorteio,0.0
CT0003162,GC0034,CLI001006,PAR007,,Celular,7700.0,12,0.2198,795.54,2024-07-31,cancelada,2024-08-31,,,,,
CT0002688,GA0074,CLI000473,PAR002,loja,Auto,74700.0,80,0.1823,1122.65,2023-12-04,ativa,,,,,,
CT0003549,GI0028,CLI004070,PAR099,correspondente,imóvel,294900.0,200,0.1858,1777.95,2025-11-15,ativa,,,,,,
CT0002671,GA0012,CLI006946,PAR002,loja,AUTO,105700.0,80,0.1728,1575.99,2023-10-13,contemplada,,CTP000292,GA0012,2024-09-13,sorteio,0.0
CT0001006,GC0052,CLI004069,PAR006,loja,Celular,5500.0,12,0.2416,578.23,2023-07-15,quitada,,,,,,
CT0001029,GA0072,CLI005671,PAR002,loja,automovel,109800.0,60,0.1871,2208.99,2026-05-13,ativa,,,,,,
CT0005452,GS0037,CLI002465,PAR009,digital,servicos,34600.0,48,0.1899,872.14,2026-01-28,contemplada,,CTP000580,GS0037,2026-06-28,sorteio,0.0
CT0003315,GC0027,CLI005563,PAR007,digital,celular,8600.0,15,0.2538,730.31,2025-05-20,cancelada,2025-09-20,,,,,
CT0006908,GS0019,CLI000138,PAR006,loja,SERVICOS,32400.0,36,0.2098,1106.82,2025-11-05,ativa,,,,,,
CT0001136,GC0007,CLI005692,PAR008,correspondente,Celular,4000.0,24,0.2289,208.15,2023-02-27,cancelada,2023-03-27,,,,,
CT0002494,GI0028,CLI002135,PAR003,correspondente,imóvel,348200.0,200,0.188,2103.13,2025-05-29,ativa,,,,,,
CT0003187,GC0056,CLI003816,PAR099,loja,celular,7200.0,12,0.2293,749.58,2023-11-10,quitada,,,,,,
CT0003423,GA0050,CLI004503,PAR002,loja,automovel,119600.0,80,0.1893,1807.9,2023-10-25,ativa,,,,,,
CT0007184,GI0008,CLI007031,PAR012,interno,IMOVEIS,350400.0,180,0.1808,2337.56,2024-04-22,ativa,,,,,,
CT0002437,GI0020,CLI006059,PAR003,correspondente,Imovel,446200.0,180,0.2015,3027.96,2023-08-10,cancelada,2024-11-10,CTP000268,GI0020,2023-09-10,sorteio,0.0
CT0007943,GI0026,CLI001052,PAR005,bancario,IMOVEIS,641600.0,150,0.1834,5147.34,2026-03-24,ativa,,,,,,
CT0006522,GI0019,CLI006163,PAR005,bancario,Imovel,620000.0,150,0.1936,5016.21,2025-12-05,ativa,,,,,,
CT0001779,GI0008,CLI006182,PAR003,correspondente,Imóveis,257700.0,180,0.1847,1724.73,2024-10-06,ativa,,,,,,
CT0004676,GI0000,CLI001845,PAR003,correspondente,imóvel,336500.0,150,0.2009,2738.89,2026-04-22,ativa,,,,,,
CT0000617,GS0030,CLI002010,PAR002,loja,SERVICOS,16900.0,36,0.2041,574.65,2025-05-15,contemplada,,CTP000079,GS0030,2026-05-15,lance_livre,7473.47
CT0004851,GA0087,CLI005289,PAR002,loja,Auto,61800.0,60,0.1618,1217.25,2026-05-25,ativa,,,,,,
CT0008377,GC0016,CLI003094,PAR001,digital,smartphone,7900.0,12,0.242,830.82,2023-07-05,cancelada,2023-10-05,,,,,
CT0003862,GA0025,CLI004169,PAR009,digital,AUTO,80100.0,72,0.1795,1334.44,2026-01-27,ativa,,,,,,
CT0000859,GA0070,CLI003551,PAR009,digital,Auto,120300.0,60,0.1564,2358.68,2025-05-06,ativa,,,,,,
CT0005948,GI0033,CLI001606,PAR005,bancario,imoveis,411400.0,200,0.2096,2529.29,2024-08-06,ativa,,,,,,
CT0001636,GI0009,CLI000965,PAR001,digital,Imóveis,645400.0,180,0.2144,4426.01,2026-03-11,ativa,,,,,,
CT0004621,GC0023,CLI006231,PAR009,,smartphone,6500.0,18,0.2181,447.09,2024-09-20,quitada,,,,,,
CT0006279,GA0078,CLI004203,PAR008,correspondente,automovel,95600.0,72,0.1431,1544.34,2024-10-27,cancelada,2024-12-27,,,,,
CT0000834,GA0066,CLI003912,PAR001,digital,auto,66000.0,72,0.1844,1104.03,2024-06-29,ativa,,,,,,
CT0002627,GA0021,CLI005171,PAR012,interno,Automóvel,60700.0,80,0.1632,897.75,2026-04-25,ativa,,,,,,
CT0005655,GA0020,CLI001139,PAR006,loja,Auto,65900.0,80,0.1762,985.37,2025-06-13,cancelada,2025-11-13,,,,,
CT0003231,GS0039,CLI000159,PAR001,digital,serviço,6400.0,48,0.1993,162.57,2025-01-18,cancelada,2025-12-18,,,,,
CT0007881,GA0011,CLI003452,PAR002,loja,AUTO,119000.0,72,0.1616,1952.92,2025-11-05,contemplada,,CTP000833,GA0011,2026-01-05,lance_livre,42769.5
CT0002929,GC0014,CLI000461,PAR099,loja,smartphone,4700.0,24,0.247,248.12,2024-12-17,ativa,,,,,,
CT0001689,GA0023,CLI003222,PAR006,loja,Automóvel,47100.0,72,0.15,765.38,2024-01-29,ativa,,,,,,
CT0003598,GA0060,CLI003176,PAR099,digital,Automóvel,85300.0,80,0.1626,1260.95,2025-05-29,contemplada,,CTP000386,GA0060,2025-10-29,lance_livre,28317.57
CT0006523,GA0053,CLI000911,PAR010,correspondente,Auto,104000.0,80,0.1808,1561.04,2025-04-01,ativa,,,,,,
CT0002951,GC0000,CLI001424,PAR009,digital,smartphone,4200.0,18,0.229,291.43,2025-10-15,ativa,,,,,,
CT0001096,GI0012,CLI004074,PAR003,correspondente,imoveis,303900.0,150,0.1936,2458.75,2025-03-25,ativa,,,,,,
CT0000024,GS0008,CLI002800,PAR007,digital,Servicos,15200.0,48,0.2072,388.61,2025-03-13,cancelada,2025-05-13,,,,,
CT0007056,GI0001,CLI005194,PAR011,correspondente,Imovel,430600.0,200,0.2043,2635.92,2025-03-29,contemplada,,CTP000745,GI0001,2025-04-29,sorteio,0.0
CT0003953,GC0002,CLI000042,PAR007,digital,celular,8300.0,12,0.2338,867.21,2025-11-12,cancelada,2025-12-12,,,,,
CT0003098,GI0034,CLI001745,PAR001,digital,Imóveis,376500.0,180,0.2007,2553.3,2024-06-06,contemplada,,CTP000335,GI0034,2025-12-06,lance_livre,128889.64
CT0002892,GI0017,CLI001410,PAR001,digital,Imovel,466600.0,150,0.2023,3802.17,2025-09-10,ativa,,,,,,
CT0002714,GC0038,CLI004459,PAR004,telemarketing,celular,6100.0,18,0.2207,420.46,2026-07-26,ativa,,,,,,
CT0004831,GA0015,CLI000969,PAR002,loja,AUTO,113700.0,80,0.1799,1705.36,2024-02-06,contemplada,,CTP000520,GA0015,2025-04-06,sorteio,0.0
CT0006593,GC0059,CLI001832,PAR006,loja,Celular,6100.0,12,0.212,626.27,2025-02-26,cancelada,2025-05-26,CTP000692,GC0059,2025-03-26,sorteio,0.0
CT0004690,GA0085,CLI002372,PAR002,loja,Auto,85600.0,60,0.1581,1680.76,2024-03-08,ativa,,,,,,
CT0001357,GA0013,CLI005105,PAR005,bancario,Auto,66400.0,72,0.1619,1089.97,2026-06-10,ativa,,,,,,
CT0004726,GA0006,CLI003968,PAR007,digital,Auto,91100.0,80,0.1604,1344.18,2025-09-16,ativa,,,,,,
CT0007816,GS0025,CLI005255,PAR002,loja,Serviços,16100.0,48,0.1901,405.89,2026-07-14,ativa,,,,,,
CT0006747,GA0049,CLI003918,PAR001,digital,AUTO,129100.0,60,0.1734,2567.8,2026-07-03,ativa,,,,,,
CT0008104,GC0041,CLI006343,PAR004,telemarketing,Celular,2300.0,24,0.2249,119.3,2025-01-27,cancelada,2025-05-27,,,,,
CT0001780,GA0060,CLI003914,PAR002,loja,AUTO,90700.0,80,0.175,1354.83,2024-09-22,ativa,,,,,,
CT0001360,GS0031,CLI006861,PAR008,correspondente,servicos,16500.0,36,0.1866,553.02,2024-02-20,contemplada,,CTP000150,GS0031,2025-01-20,sorteio,0.0
CT0000955,GI0008,CLI002495,PAR003,correspondente,imoveis,405700.0,180,0.1974,2743.88,2025-05-09,ativa,,,,,,
CT0000592,GC0058,CLI002444,PAR004,telemarketing,CELULAR,1900.0,12,0.2092,194.62,2025-01-31,cancelada,2025-03-31,,,,,
CT0001527,GA0083,CLI000683,PAR006,loja,Automóvel,72000.0,60,0.1813,1441.56,2023-06-22,ativa,,,,,,
CT0005677,GC0066,CLI005277,PAR009,digital,CELULAR,3700.0,12,0.2147,380.7,2026-04-17,ativa,,,,,,
CT0001192,GS0032,CLI004783,PAR007,digital,servicos,25700.0,36,0.1957,867.87,2025-03-01,cancelada,2026-05-01,,,,,
CT0004266,GS0004,CLI006686,PAR009,digital,servicos,9800.0,36,0.1957,330.94,2025-09-12,ativa,,,,,,
CT0001854,GA0078,CLI001310,PAR002,loja,auto,91500.0,72,0.1956,1544.82,2024-03-21,ativa,,,,,,
CT0008365,GS0006,CLI004984,PAR004,telemarketing,SERVICOS,15300.0,36,0.1958,516.72,2023-08-19,cancelada,2024-01-19,,,,,
CT0004752,GA0081,CLI006420,PAR004,telemarketing,Auto,58200.0,72,0.1808,970.65,2025-11-15,ativa,,,,,,
CT0004240,GA0057,CLI003703,PAR004,telemarketing,Auto,84800.0,60,0.164,1673.39,2026-04-05,ativa,,,,,,
CT0007057,GC0058,CLI003351,PAR007,digital,celular,2500.0,12,0.2342,261.29,2024-10-12,cancelada,2025-01-12,,,,,
CT0002059,GA0025,CLI006187,PAR002,loja,Automóvel,83100.0,72,0.1649,1367.57,2026-04-27,ativa,,,,,,
CT0004210,GC0032,CLI001340,PAR009,digital,Celular,5100.0,18,0.2359,355.84,2023-12-30,cancelada,2024-01-30,,,,,
CT0004366,GA0056,CLI002887,PAR010,correspondente,Automóvel,108600.0,72,0.1759,1803.82,2026-07-21,ativa,,,,,,
CT0001309,GA0054,CLI003080,PAR004,,Auto,83600.0,72,0.1843,1398.33,2025-01-13,cancelada,2025-07-13,,,,,
CT0001523,GA0064,CLI000724,PAR005,bancario,auto,48300.0,72,0.1844,807.95,2024-08-20,ativa,,,,,,
CT0004026,GI0039,CLI004136,PAR011,correspondente,IMOVEIS,391300.0,200,0.2026,2392.02,2026-07-17,ativa,,,,,,
CT0006270,GA0040,CLI001391,PAR005,bancario,auto,105600.0,72,0.1806,1760.88,2025-06-30,cancelada,2025-09-30,,,,,
CT0000717,GA0014,CLI001885,PAR006,loja,Automóvel,60000.0,80,0.1835,902.62,2024-06-14,ativa,,,,,,
CT0004440,GA0018,CLI005919,PAR008,correspondente,Automóvel,61800.0,72,0.1658,1017.81,2025-12-15,ativa,,,,,,
CT0002623,GC0049,CLI004922,PAR009,digital,smartphone,3600.0,24,0.2312,187.68,2024-04-26,cancelada,2025-01-26,,,,,
CT0000357,GS0005,CLI004630,PAR007,digital,SERVICOS,15100.0,48,0.1937,381.81,2025-09-19,cancelada,2026-03-19,,,,,
CT0005625,GS0013,CLI005741,PAR004,telemarketing,Servicos,20900.0,36,0.2117,715.07,2026-03-15,ativa,,,,,,
CT0002300,GA0082,CLI004883,PAR002,loja,Automóvel,92000.0,80,0.1794,1379.31,2025-08-16,ativa,,,,,,
CT0007256,GI0010,CLI002370,PAR009,,imóvel,395100.0,180,0.1688,2609.42,2024-10-15,cancelada,2025-07-15,,,,,
CT0004021,GS0004,CLI006447,PAR004,telemarketing,servicos,25300.0,36,0.2139,867.16,2024-01-08,cancelada,2024-03-08,,,,,
CT0001416,GI0001,CLI003470,PAR002,loja,Imóveis,635300.0,200,0.2217,3944.26,2024-08-01,ativa,,,,,,
CT0007856,GS0000,CLI002924,PAR001,digital,Servicos,29000.0,36,0.1968,980.2,2025-07-11,ativa,,,,,,
CT0001226,GI0008,CLI004690,PAR003,correspondente,imóvel,260600.0,180,0.2032,1770.92,2025-03-26,cancelada,2025-07-26,,,,,
CT0003012,GI0021,CLI002904,PAR003,correspondente,imoveis,605400.0,200,0.2034,3703.23,2026-07-04,ativa,,,,,,
CT0005411,GA0068,CLI004114,PAR006,,Auto,92000.0,72,0.1696,1520.04,2025-12-18,ativa,,,,,,
CT0001230,GS0023,CLI002730,PAR006,loja,servicos,14600.0,24,0.2103,748.43,2025-01-29,ativa,,,,,,
CT0003084,GS0003,CLI004036,PAR099,digital,serviço,29900.0,36,0.2039,1016.52,2025-01-09,cancelada,2026-04-09,,,,,
CT0002267,GC0010,CLI000774,PAR007,digital,smartphone,5500.0,12,0.2164,566.68,2025-04-23,cancelada,2025-12-23,,,,,
CT0004441,GA0021,CLI000699,PAR012,interno,AUTO,57700.0,80,0.1789,864.71,2025-03-14,ativa,,,,,,
CT0000946,GC0028,CLI002531,PAR004,telemarketing,Celular,8900.0,18,0.2109,608.61,2025-10-01,ativa,,,,,,
CT0008230,GA0088,CLI006020,PAR002,loja,Automóvel,88200.0,80,0.1725,1314.73,2025-03-06,contemplada,,CTP000869,GA0088,2025-04-06,sorteio,0.0
CT0005433,GC0053,CLI005327,PAR001,digital,celular,4300.0,24,0.2363,225.09,2024-04-22,quitada,,,,,,
CT0006387,GA0039,CLI005529,PAR002,loja,Automóvel,118900.0,60,0.158,2334.4,2025-11-26,ativa,,,,,,
CT0002935,GI0002,CLI003919,PAR006,loja,imóvel,648800.0,180,0.1959,4382.64,2025-03-07,ativa,,,,,,
CT0002949,GC0054,CLI003674,PAR009,,smartphone,8700.0,12,0.2458,917.71,2024-10-13,cancelada,2024-11-13,,,,,
CT0004309,GI0002,CLI003729,PAR099,loja,Imóveis,527900.0,180,0.1987,3574.18,2024-05-09,ativa,,,,,,
CT0001954,GC0057,CLI005863,PAR008,correspondente,CELULAR,4400.0,24,0.2304,229.24,2023-10-27,quitada,,,,,,
CT0007741,GC0064,CLI004670,PAR006,loja,celular,4600.0,24,0.2263,238.87,2024-02-10,quitada,,,,,,
CT0000810,GA0016,CLI000490,PAR001,digital,automovel,78900.0,80,0.1838,1187.25,2024-08-22,ativa,,,,,,
CT0001866,GI0025,CLI006599,PAR003,correspondente,IMOVEIS,614300.0,150,0.206,5020.88,2025-05-26,ativa,,,,,,
CT0007564,GC0034,CLI000402,PAR006,loja,Celular,7000.0,12,0.2058,715.05,2025-08-25,quitada,,,,,,
CT0005944,GA0050,CLI000841,PAR002,loja,Automóvel,125500.0,80,0.1577,1847.52,2025-10-06,ativa,,,,,,
CT0008091,GC0058,CLI002951,PAR007,digital,Celular,7800.0,12,0.2277,811.0,2025-10-22,cancelada,2025-12-22,,,,,
CT0006773,GC0012,CLI000908,PAR009,digital,Celular,7100.0,15,0.237,594.98,2023-06-21,cancelada,2023-08-21,,,,,
CT0008402,GI0016,CLI005748,PAR005,bancario,imoveis,282800.0,200,0.1913,1712.78,2023-09-27,contemplada,,CTP000889,GI0016,2025-07-27,lance_fixo,70700.0
CT0000964,GI0039,CLI002898,PAR003,correspondente,imoveis,264400.0,200,0.1972,1609.14,2023-06-01,ativa,,,,,,
CT0007980,GC0050,CLI002844,PAR099,digital,celular,4000.0,18,0.2376,279.47,2025-07-19,ativa,,,,,,
CT0008307,GA0037,CLI000956,PAR004,telemarketing,AUTO,60900.0,80,0.1757,910.23,2023-11-22,ativa,,,,,,
CT0006650,GA0060,CLI006013,PAR005,bancario,Auto,112600.0,80,0.1564,1655.78,2024-05-06,ativa,,,,,,
CT0005467,GA0079,CLI007196,PAR008,correspondente,automovel,49000.0,72,0.1597,802.85,2024-03-10,cancelada,2024-09-10,,,,,
CT0005649,GC0010,CLI001003,PAR001,,Celular,5100.0,12,0.2272,530.06,2025-05-17,quitada,,,,,,
CT0006120,GS0023,CLI001282,PAR009,digital,Serviços,12900.0,24,0.213,662.74,2023-09-16,quitada,,,,,,
CT0006447,GS0011,CLI000431,PAR009,digital,servicos,9900.0,48,0.184,248.33,2023-09-05,ativa,,,,,,
CT0003788,GA0085,CLI002685,PAR007,digital,AUTO,55600.0,60,0.1482,1082.53,2024-09-16,ativa,,,,,,
CT0000566,GA0064,CLI003489,PAR001,digital,Auto,124500.0,72,0.1684,2054.94,2024-04-01,cancelada,2024-11-01,,,,,
CT0001448,GA0081,CLI007105,PAR001,digital,auto,78200.0,72,0.1516,1272.49,2026-05-10,ativa,,,,,,
CT0001333,GC0024,CLI005343,PAR007,digital,smartphone,8000.0,12,0.2424,841.6,2025-06-23,quitada,,,,,,
CT0001823,GC0008,CLI004485,PAR005,bancario,celular,5800.0,18,0.2209,399.85,2025-12-19,contemplada,,CTP000204,GC0008,2026-06-19,sorteio,0.0
CT0001479,GI0022,CLI004777,PAR003,correspondente,Imovel,629100.0,200,0.1855,3791.9,2025-10-16,ativa,,,,,,
CT0000543,GA0053,CLI003043,PAR001,digital,AUTO,99500.0,80,0.1567,1463.52,2025-07-09,ativa,,,,,,
CT0003957,GA0044,CLI006288,PAR009,digital,Automóvel,56900.0,60,0.1703,1128.8,2026-01-30,ativa,,,,,,
CT0003892,GC0019,CLI003993,PAR008,correspondente,Celular,7500.0,18,0.2181,515.88,2025-10-05,cancelada,2025-11-05,,,,,
CT0006897,GI0032,CLI001527,PAR005,bancario,imoveis,564100.0,180,0.2085,3849.98,2025-11-03,contemplada,,CTP000729,GI0032,2025-12-03,sorteio,0.0
CT0007153,GA0071,CLI001365,PAR005,bancario,Automóvel,105300.0,72,0.1708,1741.55,2024-12-18,ativa,,,,,,
CT0008166,GI0020,CLI004354,PAR003,correspondente,imoveis,393200.0,180,0.2022,2669.83,2024-05-02,ativa,,,,,,
CT0008394,GS0001,CLI002947,PAR009,digital,Servicos,7900.0,24,0.212,405.53,2025-12-24,ativa,,,,,,
CT0006254,GS0028,CLI005353,PAR004,telemarketing,servicos,31700.0,24,0.1847,1591.21,2025-04-03,cancelada,2025-07-03,,,,,
CT0006919,GI0038,CLI004664,PAR005,bancario,IMOVEIS,351600.0,150,0.2034,2867.65,2025-02-25,ativa,,,,,,
CT0002746,GI0028,CLI000278,PAR005,bancario,Imóveis,398600.0,200,0.2046,2440.63,2025-10-06,ativa,,,,,,
CT0003733,GA0003,CLI000247,PAR011,correspondente,Automóvel,99300.0,60,0.1701,1969.62,2024-10-16,ativa,,,,,,
CT0000346,GC0052,CLI005437,PAR010,correspondente,smartphone,3600.0,12,0.2131,369.93,2026-06-23,cancelada,2026-07-23,,,,,
CT0007329,GI0026,CLI005022,PAR099,interno,imoveis,444200.0,150,0.2008,3615.2,2025-01-03,ativa,,,,,,
CT0001127,GA0058,CLI003906,PAR001,digital,AUTO,109400.0,80,0.1718,1629.79,2026-04-02,ativa,,,,,,
CT0001578,GA0074,CLI005235,PAR008,correspondente,automovel,120800.0,80,0.1808,1813.21,2024-07-23,cancelada,2025-07-23,CTP000177,GA0074,2025-03-23,sorteio,0.0
CT0005083,GC0065,CLI004295,PAR007,digital,Celular,4100.0,18,0.2336,285.54,2025-07-25,cancelada,2025-10-25,,,,,
CT0000709,GS0035,CLI005190,PAR012,interno,Serviços,31700.0,24,0.2093,1623.7,2023-12-14,quitada,,,,,,
CT0000164,GC0007,CLI000812,PAR005,,CELULAR,6600.0,24,0.2598,351.94,2025-04-14,ativa,,,,,,
CT0006330,GA0057,CLI005602,PAR002,loja,auto,110300.0,60,0.1641,2176.77,2024-12-20,ativa,,,,,,
CT0006622,GA0042,CLI006112,PAR001,,AUTO,61600.0,60,0.1602,1211.67,2024-08-05,cancelada,2024-12-05,,,,,
CT0005370,GC0050,CLI006863,PAR007,digital,Celular,6900.0,18,0.2183,474.68,2025-10-16,ativa,,,,,,
CT0005715,GC0026,CLI003503,PAR006,loja,celular,2900.0,24,0.2444,152.78,2026-06-14,cancelada,2026-08-14,,,,,
CT0001759,GC0067,CLI004148,PAR004,,celular,6200.0,15,0.2044,506.09,2023-12-17,cancelada,2024-03-17,,,,,
CT0000511,GA0051,CLI004026,PAR002,loja,automovel,121500.0,60,0.1731,2416.03,2023-09-30,cancelada,2026-03-30,,,,,
CT0007067,GC0024,CLI005716,PAR006,loja,Celular,3300.0,12,0.2155,339.76,2024-10-23,quitada,,,,,,
CT0008571,GA0082,CLI003844,PAR006,loja,AUTO,74300.0,80,0.1539,1090.26,2026-07-11,ativa,,,,,,
CT0002376,GC0032,CLI005013,PAR001,digital,celular,6200.0,18,0.2181,426.46,2024-11-22,cancelada,2025-08-22,,,,,
CT0003982,GI0017,CLI006915,PAR099,correspondente,Imovel,622400.0,150,0.1891,5016.96,2025-10-12,ativa,,,,,,
CT0005423,GA0021,CLI000494,PAR007,digital,Auto,52500.0,80,0.1586,773.46,2025-03-10,ativa,,,,,,
CT0003727,GA0080,CLI006609,PAR010,correspondente,Automóvel,91400.0,60,0.1768,1823.13,2024-08-29,ativa,,,,,,
CT0004835,GC0004,CLI003392,PAR007,digital,CELULAR,4000.0,12,0.2213,413.77,2025-01-23,cancelada,2025-09-23,,,,,
CT0001654,GC0005,CLI002027,PAR007,digital,celular,4200.0,24,0.2327,219.22,2025-05-15,cancelada,2026-03-15,,,,,
CT0007912,GA0079,CLI000064,PAR007,digital,Automóvel,121600.0,72,0.1896,2042.88,2024-12-19,ativa,,,,,,
CT0002107,GA0010,CLI005495,PAR001,digital,auto,124400.0,72,0.1905,2091.48,2023-02-26,contemplada,,CTP000230,GA0010,2024-06-26,sorteio,0.0
CT0002830,GC0069,CLI000246,PAR004,telemarketing,CELULAR,6400.0,24,0.2291,333.09,2025-08-12,cancelada,2025-09-12,,,,,
CT0003352,GC0041,CLI006324,PAR004,telemarketing,smartphone,3600.0,24,0.2179,185.68,2025-10-26,cancelada,2026-01-26,,,,,
CT0001130,GI0015,CLI005082,PAR008,correspondente,IMOVEIS,424700.0,180,0.2075,2896.22,2024-08-11,cancelada,2025-01-11,,,,,
CT0006232,GI0018,CLI001754,PAR012,interno,imoveis,228900.0,200,0.2175,1416.32,2024-10-28,cancelada,2026-01-28,,,,,
CT0001068,GC0006,CLI001363,PAR006,loja,CELULAR,6600.0,18,0.2504,465.81,2025-10-15,ativa,,,,,,
CT0001436,GI0042,CLI000512,PAR003,correspondente,Imóveis,247500.0,150,0.1955,2005.58,2024-11-21,contemplada,,CTP000160,GI0042,2026-01-21,lance_fixo,61875.0
CT0004363,GC0022,CLI006912,PAR001,digital,CELULAR,3600.0,24,0.2254,186.81,2025-10-23,ativa,,,,,,
CT0004331,GC0021,CLI001895,PAR007,,celular,4800.0,12,0.2477,507.08,2025-05-31,cancelada,2025-07-31,,,,,
CT0002577,GC0020,CLI005917,PAR008,correspondente,Celular,8700.0,24,0.2365,455.48,2023-04-13,quitada,,,,,,
CT0003224,GA0081,CLI004924,PAR004,telemarketing,automovel,119900.0,72,0.1754,1990.67,2023-09-05,cancelada,2024-03-05,,,,,
CT0004407,GA0016,CLI006720,PAR001,digital,AUTO,104400.0,80,0.1639,1544.99,2024-12-20,cancelada,2025-10-20,,,,,
CT0000645,GA0011,CLI007002,PAR003,correspondente,automovel,79200.0,72,0.1619,1300.09,2025-09-13,cancelada,2026-02-13,,,,,
CT0004025,GA0062,CLI001558,PAR004,telemarketing,automovel,65700.0,60,0.172,1305.24,2025-09-20,ativa,,,,,,
CT0007009,GA0049,CLI004578,PAR005,bancario,AUTO,110300.0,60,0.1574,2164.45,2025-09-11,ativa,,,,,,
CT0007036,GC0006,CLI003829,PAR007,digital,CELULAR,4100.0,18,0.23,284.72,2025-05-17,cancelada,2026-03-17,,,,,
CT0001162,GC0063,CLI006068,PAR004,telemarketing,smartphone,8900.0,15,0.2288,740.95,2025-06-12,cancelada,2025-10-12,,,,,
CT0007416,GA0067,CLI003832,PAR007,digital,Auto,116000.0,80,0.1681,1722.75,2025-09-04,ativa,,,,,,
CT0006504,GI0028,CLI005133,PAR003,,imóvel,526200.0,200,0.2081,3231.13,2024-06-01,ativa,,,,,,
CT0006834,GC0000,CLI004304,PAR009,digital,celular,3400.0,18,0.2362,237.28,2025-08-16,cancelada,2025-09-16,,,,,
CT0004466,GC0048,CLI000363,PAR008,correspondente,celular,4400.0,18,0.2473,309.78,2025-04-02,ativa,,,,,,
CT0005624,GC0004,CLI000805,PAR007,digital,Celular,8500.0,12,0.2179,876.85,2024-10-10,cancelada,2025-04-10,,,,,
CT0004908,GS0026,CLI005489,PAR006,loja,Serviços,17800.0,48,0.2073,455.12,2024-07-21,cancelada,2024-11-21,,,,,
CT0001138,GA0041,CLI004859,PAR001,digital,auto,104400.0,72,0.1508,1697.66,2025-02-26,ativa,,,,,,
CT0007286,GC0057,CLI000245,PAR007,digital,Celular,3000.0,24,0.2441,158.01,2024-11-26,cancelada,2025-03-26,,,,,
CT0000841,GA0077,CLI006995,PAR005,bancario,AUTO,94200.0,80,0.1566,1385.45,2024-06-26,ativa,,,,,,
CT0007582,GA0070,CLI006016,PAR002,loja,auto,72800.0,60,0.1661,1439.13,2025-05-04,ativa,,,,,,
CT0003898,GA0075,CLI003608,PAR009,digital,Automóvel,83700.0,60,0.1803,1674.42,2024-07-12,ativa,,,,,,
CT0005295,GC0005,CLI002389,PAR001,digital,celular,7800.0,24,0.2156,401.57,2024-05-17,cancelada,2024-09-17,CTP000568,GC0005,2024-08-17,sorteio,0.0
CT0001460,GA0086,CLI005702,PAR099,bancario,Automóvel,53200.0,60,0.163,1048.93,2023-09-26,cancelada,2025-12-26,,,,,
CT0005429,GC0006,CLI003585,PAR008,correspondente,celular,8200.0,18,0.2326,570.63,2024-11-11,quitada,,,,,,
CT0004239,GC0029,CLI004103,PAR001,digital,smartphone,7300.0,24,0.2319,380.79,2024-09-24,cancelada,2024-12-24,,,,,
CT0004572,GI0000,CLI001509,PAR003,correspondente,imóvel,180900.0,150,0.1998,1471.08,2023-03-03,ativa,,,,,,
CT0002765,GA0018,CLI003354,PAR005,bancario,auto,81400.0,72,0.1723,1347.96,2026-06-16,ativa,,,,,,
CT0004107,GA0079,CLI002724,PAR010,correspondente,Automóvel,128900.0,72,0.1625,2117.0,2023-05-25,cancelada,2025-11-25,,,,,
CT0006811,GC0052,CLI001890,PAR007,digital,Celular,8200.0,12,0.2299,854.1,2025-06-10,cancelada,2026-03-10,,,,,
CT0001753,GA0035,CLI004090,PAR005,bancario,AUTO,76300.0,80,0.1709,1135.82,2026-04-05,ativa,,,,,,
CT0001468,GA0015,CLI005668,PAR012,interno,Automóvel,126800.0,80,0.1721,1889.48,2025-05-06,ativa,,,,,,
CT0008381,GC0024,CLI001864,PAR001,digital,smartphone,8800.0,12,0.2311,917.47,2024-07-25,cancelada,2024-10-25,,,,,
CT0000021,GI0014,CLI006924,PAR003,correspondente,Imóveis,265900.0,150,0.2093,2179.14,2025-04-08,cancelada,2025-10-08,,,,,
CT0007811,GS0033,CLI006934,PAR005,bancario,Serviços,33700.0,48,0.1897,849.31,2024-09-08,cancelada,2026-05-08,,,,,
CT0007042,GA0028,CLI000361,PAR006,loja,AUTO,56400.0,72,0.1749,936.0,2023-10-19,contemplada,,CTP000743,GA0028,2024-03-19,lance_fixo,14100.0
CT0008374,GS0010,CLI000485,PAR007,digital,servicos,8100.0,24,0.1988,411.35,2025-03-26,cancelada,2025-09-26,,,,,
CT0007085,GI0020,CLI001137,PAR012,interno,IMOVEIS,369200.0,180,0.1771,2455.39,2024-03-31,ativa,,,,,,
CT0001075,GS0011,CLI003438,PAR004,telemarketing,serviço,27300.0,48,0.2155,702.69,2025-01-14,ativa,,,,,,
CT0007959,GA0058,CLI005348,PAR001,digital,auto,97100.0,80,0.1876,1465.72,2023-08-02,cancelada,2025-03-02,,,,,
CT0004571,GC0049,CLI003812,PAR007,digital,Celular,8900.0,24,0.2237,461.21,2024-09-21,cancelada,2025-11-21,,,,,
CT0006862,GI0033,CLI001610,PAR005,bancario,imóvel,618400.0,200,0.2017,3777.5,2023-11-04,ativa,,,,,,
CT0000938,GA0013,CLI006058,PAR010,correspondente,auto,91800.0,72,0.173,1521.08,2025-07-09,contemplada,,CTP000106,GA0013,2025-11-09,lance_livre,16073.36
CT0004117,GS0000,CLI000990,PAR004,telemarketing,Servicos,33200.0,36,0.2179,1141.62,2025-08-05,cancelada,2026-05-05,,,,,
CT0004564,GC0003,CLI005757,PAR009,digital,celular,2200.0,12,0.2349,230.07,2025-03-15,quitada,,,,,,
CT0000194,GS0018,CLI005022,PAR007,digital,Serviços,27300.0,24,0.1937,1380.58,2025-02-17,cancelada,2025-05-17,,,,,
CT0006968,GA0029,CLI003007,PAR099,bancario,auto,54000.0,60,0.1732,1073.88,2023-08-26,ativa,,,,,,
CT0001769,GS0003,CLI004284,PAR001,digital,Serviços,27600.0,36,0.2035,938.02,2024-12-19,contemplada,,CTP000199,GS0003,2025-12-19,sorteio,0.0
CT0000039,GI0012,CLI005705,PAR008,correspondente,imoveis,566800.0,150,0.1932,4584.28,2026-04-29,ativa,,,,,,
CT0001366,GS0005,CLI004265,PAR003,correspondente,Serviços,34500.0,48,0.1779,860.99,2026-07-12,ativa,,,,,,
CT0003060,GA0001,CLI002379,PAR002,loja,auto,45200.0,72,0.1596,740.53,2025-04-14,ativa,,,,,,
CT0002869,GA0047,CLI004351,PAR002,,AUTO,59700.0,60,0.1598,1173.9,2025-05-23,contemplada,,CTP000313,GA0047,2026-03-23,lance_livre,20495.48
CT0006014,GA0065,CLI003713,PAR005,bancario,auto,120600.0,60,0.1781,2408.18,2026-05-14,ativa,,,,,,
CT0008322,GA0051,CLI002085,PAR002,loja,auto,51200.0,60,0.1744,1019.22,2023-06-07,ativa,,,,,,
CT0000940,GS0027,CLI002363,PAR012,interno,serviço,23800.0,48,0.1888,599.36,2026-03-19,ativa,,,,,,
CT0002988,GS0036,CLI005068,PAR008,correspondente,servicos,14600.0,24,0.2139,750.62,2023-03-11,quitada,,,,,,
CT0000044,GS0022,CLI004915,PAR007,digital,SERVICOS,27300.0,24,0.2053,1393.78,2024-11-03,cancelada,2025-12-03,CTP000003,GS0022,2025-06-03,sorteio,0.0
CT0007971,GC0068,CLI003976,PAR004,telemarketing,CELULAR,3100.0,24,0.2357,162.19,2026-02-14,cancelada,2026-05-14,,,,,
CT0004089,GC0005,CLI004435,PAR009,digital,smartphone,2700.0,24,0.2343,141.11,2025-11-10,ativa,,,,,,
CT0007428,GI0011,CLI001745,PAR005,bancario,IMOVEIS,345300.0,200,0.2092,2122.21,2026-03-26,ativa,,,,,,
CT0006000,GI0031,CLI003298,PAR011,,Imovel,597500.0,200,0.2118,3680.0,2025-02-14,ativa,,,,,,
CT0003647,GA0041,CLI001651,PAR005,bancario,AUTO,96700.0,72,0.1627,1588.43,2023-05-20,ativa,,,,,,
CT0003672,GC0061,CLI004095,PAR009,digital,CELULAR,7500.0,24,0.2306,390.81,2024-08-01,cancelada,2024-09-01,,,,,
CT0000181,GI0029,CLI003144,PAR005,bancario,Imóveis,545500.0,200,0.1846,3285.55,2024-04-29,ativa,,,,,,
CT0004811,GA0089,CLI000432,PAR001,digital,AUTO,106800.0,72,0.1858,1788.6,2025-10-07,ativa,,,,,,
CT0008087,GA0019,CLI001571,PAR001,digital,Auto,66500.0,60,0.1742,1323.57,2025-03-27,cancelada,2025-06-27,,,,,
CT0001248,GA0010,CLI003564,PAR002,loja,auto,104600.0,72,0.177,1738.98,2024-12-27,cancelada,2026-05-27,CTP000136,GA0010,2025-04-27,lance_livre,50375.98
CT0004860,GC0061,CLI003367,PAR001,digital,smartphone,8400.0,24,0.233,438.55,2023-11-08,quitada,,,,,,
CT0003442,GI0036,CLI003640,PAR012,interno,imoveis,567600.0,180,0.1944,3829.41,2025-10-20,ativa,,,,,,
CT0006882,GA0051,CLI000363,PAR012,interno,automovel,61800.0,60,0.1903,1246.61,2025-10-29,ativa,,,,,,
CT0000887,GS0025,CLI002253,PAR005,,Serviços,11900.0,48,0.1966,301.62,2025-05-30,ativa,,,,,,
CT0008074,GA0040,CLI004445,PAR010,correspondente,Automóvel,105100.0,72,0.173,1741.45,2024-01-14,ativa,,,,,,
CT0007901,GI0009,CLI004741,PAR003,correspondente,IMOVEIS,356200.0,180,0.1924,2399.2,2025-08-10,ativa,,,,,,
CT0004987,GC0011,CLI000094,PAR004,telemarketing,celular,4200.0,12,0.2221,434.73,2026-03-29,ativa,,,,,,
CT0000889,GA0006,CLI002339,PAR002,loja,automovel,45800.0,80,0.1781,685.91,2025-09-10,ativa,,,,,,
CT0004724,GA0081,CLI000621,PAR007,digital,Automóvel,114700.0,72,0.1914,1929.83,2025-02-23,ativa,,,,,,
CT0007991,GA0029,CLI000776,PAR002,loja,Automóvel,68600.0,60,0.1632,1352.79,2026-05-14,ativa,,,,,,
CT0001760,GC0006,CLI004327,PAR007,digital,smartphone,6900.0,18,0.2276,478.25,2024-10-28,cancelada,2025-02-28,,,,,
CT0000176,GA0046,CLI001787,PAR002,loja,auto,116000.0,72,0.1424,1872.76,2026-06-27,ativa,,,,,,
CT0007952,GA0048,CLI005613,PAR008,correspondente,AUTO,60600.0,80,0.1681,899.99,2024-07-14,contemplada,,CTP000839,GA0048,2025-03-14,sorteio,0.0
CT0007619,GC0031,CLI003662,PAR006,loja,smartphone,2700.0,24,0.2276,140.35,2024-09-17,cancelada,2025-12-17,,,,,
CT0003088,GI0022,CLI006505,PAR006,loja,imóvel,345400.0,200,0.2068,2118.68,2024-05-24,ativa,,,,,,
CT0000438,GI0009,CLI005893,PAR006,loja,Imovel,280100.0,180,0.2072,1909.66,2025-04-15,ativa,,,,,,
CT0008347,GC0025,CLI006556,PAR001,digital,Celular,5600.0,15,0.2445,472.08,2025-09-24,ativa,,,,,,
CT0003866,GS0012,CLI003464,PAR007,digital,servicos,10100.0,36,0.192,340.03,2025-08-29,cancelada,2025-11-29,,,,,
CT0008450,GS0010,CLI004979,PAR010,correspondente,SERVICOS,26900.0,24,0.1915,1357.89,2026-03-08,cancelada,2026-06-08,,,,,
CT0008298,GC0051,CLI002378,PAR004,telemarketing,smartphone,3200.0,24,0.1929,161.72,2026-04-22,ativa,,,,,,
CT0006573,GA0023,CLI001255,PAR009,digital,Auto,87000.0,72,0.1766,1445.89,2025-10-09,cancelada,2026-02-09,,,,,
CT0005596,GC0041,CLI000104,PAR009,digital,celular,6400.0,24,0.2472,337.92,2025-02-11,ativa,,,,,,
CT0002992,GS0034,CLI000148,PAR007,digital,Servicos,10400.0,36,0.2018,352.96,2025-07-12,cancelada,2025-12-12,,,,,
CT0002546,GS0033,CLI006125,PAR009,digital,Servicos,13400.0,48,0.185,336.4,2025-11-11,ativa,,,,,,
CT0002468,GA0025,CLI002875,PAR002,loja,automovel,67900.0,72,0.1637,1116.29,2024-04-19,ativa,,,,,,
CT0007139,GA0050,CLI002275,PAR008,correspondente,auto,49600.0,80,0.1574,729.99,2025-03-18,contemplada,,CTP000751,GA0050,2025-07-18,sorteio,0.0
CT0003240,GI0007,CLI005643,PAR012,interno,IMOVEIS,335900.0,150,0.1845,2697.28,2025-01-24,ativa,,,,,,
CT0004864,GC0034,CLI004168,PAR009,digital,smartphone,3900.0,12,0.2252,404.69,2025-06-26,cancelada,2025-08-26,,,,,
CT0005157,GI0002,CLI006504,PAR001,digital,Imóveis,291700.0,180,0.2061,1986.96,2024-03-27,contemplada,,CTP000551,GI0002,2024-04-27,sorteio,0.0
CT0004456,GI0043,CLI004882,PAR011,correspondente,Imóveis,337300.0,150,0.1842,2707.84,2025-09-19,ativa,,,,,,
CT0006319,GI0019,CLI001242,PAR012,interno,Imóveis,225100.0,150,0.1956,1824.21,2025-04-27,ativa,,,,,,
CT0006163,GC0042,CLI002204,PAR007,digital,Celular,7400.0,12,0.2284,769.85,2024-09-29,quitada,,,,,,
CT0007525,GC0000,CLI003123,PAR007,digital,Celular,8100.0,18,0.2308,562.86,2025-03-09,ativa,,,,,,
CT0001575,GS0026,CLI003836,PAR001,digital,SERVICOS,34700.0,48,0.21,889.19,2023-02-18,cancelada,2023-05-18,,,,,
CT0005041,GC0056,CLI003318,PAR099,digital,celular,8400.0,12,0.2289,874.23,2025-07-21,cancelada,2026-06-21,,,,,
CT0001177,GA0008,CLI001987,PAR002,loja,AUTO,106700.0,80,0.1817,1602.77,2025-07-15,ativa,,,,,,
CT0000455,GA0050,CLI001122,PAR002,loja,Auto,113300.0,80,0.1847,1706.16,2023-03-10,contemplada,,CTP000057,GA0050,2024-06-10,lance_livre,39090.93
CT0000853,GC0014,CLI003844,PAR012,,CELULAR,8300.0,24,0.2572,441.7,2024-04-08,quitada,,,,,,
CT0005023,GI0022,CLI000806,PAR003,correspondente,IMOVEIS,456000.0,200,0.239,2870.52,2025-06-11,ativa,,,,,,
CT0000467,GC0063,CLI002966,PAR006,loja,Celular,5300.0,15,0.2444,446.75,2026-01-18,cancelada,2026-04-18,,,,,
CT0008131,GI0036,CLI006945,PAR001,digital,Imóveis,644900.0,180,0.2007,4373.5,2024-03-28,cancelada,2024-06-28,,,,,
CT0002672,GA0047,CLI004847,PAR001,digital,auto,67400.0,60,0.1888,1357.89,2025-05-02,ativa,,,,,,
CT0004206,GI0008,CLI005163,PAR001,digital,Imóveis,641400.0,180,0.1856,4295.95,2025-07-13,cancelada,2025-10-13,,,,,
CT0004094,GC0001,CLI004945,PAR007,digital,Celular,8500.0,24,0.2379,445.51,2025-09-13,cancelada,2025-12-13,,,,,
CT0000555,GC0049,CLI002369,PAR007,digital,CELULAR,4300.0,24,0.241,225.93,2024-08-13,cancelada,2025-05-13,,,,,
CT0007457,GI0035,CLI004992,PAR005,bancario,imóvel,333900.0,150,0.2117,2741.76,2023-09-02,ativa,,,,,,
CT0004890,GI0019,CLI002759,PAR005,bancario,IMOVEIS,426900.0,150,0.2149,3514.53,2025-06-27,contemplada,,CTP000529,GI0019,2026-04-27,lance_livre,56954.51
CT0002934,GI0020,CLI004299,PAR004,telemarketing,IMOVEIS,392600.0,180,0.2083,2679.06,2024-05-19,cancelada,2024-08-19,,,,,
CT0005324,GC0045,CLI001198,PAR007,digital,smartphone,3200.0,18,0.2318,222.54,2024-08-13,cancelada,2024-09-13,,,,,
CT0001072,GS0018,CLI005532,PAR007,digital,serviço,24900.0,24,0.1917,1257.14,2024-11-04,cancelada,2024-12-04,,,,,
CT0000912,GI0031,CLI005210,PAR001,digital,IMOVEIS,564200.0,200,0.2057,3457.7,2023-09-28,ativa,,,,,,
CT0007784,GC0012,CLI004577,PAR007,,CELULAR,5100.0,15,0.2378,427.65,2025-10-17,cancelada,2025-12-17,,,,,
CT0008483,GA0049,CLI005579,PAR001,digital,automovel,58900.0,60,0.1609,1159.25,2024-02-29,cancelada,2026-07-29,,,,,
CT0003761,GC0065,CLI002319,PAR006,loja,CELULAR,8800.0,18,0.2447,618.3,2026-03-11,ativa,,,,,,
CT0000557,GA0035,CLI002430,PAR006,loja,automovel,47800.0,80,0.1804,717.24,2026-02-23,ativa,,,,,,
CT0005099,GC0004,CLI000170,PAR007,digital,celular,6700.0,12,0.2218,693.34,2025-01-20,cancelada,2025-06-20,,,,,
CT0007244,GA0044,CLI004314,PAR006,loja,auto,113400.0,60,0.1912,2289.17,2024-04-28,cancelada,2026-04-28,CTP000764,GA0044,2025-08-28,sorteio,0.0
CT0005580,GA0048,CLI000290,PAR005,bancario,AUTO,62100.0,80,0.1739,926.76,2023-09-07,contemplada,,CTP000595,GA0048,2024-08-07,sorteio,0.0
CT0003618,GS0027,CLI003170,PAR008,correspondente,serviço,16500.0,48,0.2118,423.43,2025-03-21,ativa,,,,,,
CT0007787,GA0028,CLI000670,PAR012,interno,automovel,57200.0,72,0.1815,954.53,2023-11-07,contemplada,,CTP000825,GA0028,2024-12-07,sorteio,0.0
CT0002110,GA0017,CLI000998,PAR002,loja,Automóvel,54800.0,60,0.1694,1086.32,2024-10-29,ativa,,,,,,
CT0002877,GI0024,CLI000798,PAR009,digital,imóvel,565600.0,180,0.2064,3853.62,2026-03-02,ativa,,,,,,
CT0006793,GA0048,CLI002636,PAR001,digital,AUTO,101300.0,80,0.1706,1507.6,2023-12-09,ativa,,,,,,
CT0007692,GS0039,CLI005167,PAR007,digital,SERVICOS,10700.0,48,0.2012,272.23,2025-08-27,cancelada,2026-03-27,,,,,
CT0002412,GS0032,CLI002535,PAR012,interno,SERVICOS,27000.0,36,0.2057,919.28,2024-09-01,contemplada,,CTP000265,GS0032,2026-02-01,sorteio,0.0
CT0004307,GA0035,CLI001302,PAR002,loja,Automóvel,67900.0,80,0.1693,1009.42,2025-08-16,ativa,,,,,,
CT0003295,GS0010,CLI000409,PAR099,correspondente,Serviços,20700.0,24,0.2108,1061.56,2024-02-18,cancelada,2024-04-18,,,,,
CT0007559,GA0009,CLI000201,PAR005,bancario,Auto,121100.0,80,0.1579,1783.05,2023-08-17,cancelada,2024-10-17,,,,,
CT0006740,GC0069,CLI004063,PAR009,digital,Celular,5800.0,24,0.2073,296.6,2024-10-17,ativa,,,,,,
CT0000261,GC0009,CLI003989,PAR004,telemarketing,Celular,5600.0,24,0.2367,293.23,2024-01-22,cancelada,2024-09-22,CTP000031,GC0009,2024-03-22,sorteio,0.0
CT0001761,GA0031,CLI002443,PAR007,digital,Auto,116300.0,72,0.1591,1904.57,2025-05-02,ativa,,,,,,
CT0002436,GA0026,CLI003631,PAR001,digital,AUTO,111500.0,72,0.1826,1862.36,2026-03-15,ativa,,,,,,
CT0000129,GI0042,CLI000593,PAR001,digital,imóvel,517500.0,150,0.1877,4166.56,2025-08-01,contemplada,,CTP000013,GI0042,2025-10-01,lance_fixo,129375.0
CT0004237,GA0071,CLI001910,PAR002,loja,auto,70200.0,72,0.1647,1155.08,2024-04-18,contemplada,,CTP000466,GA0071,2024-12-18,sorteio,0.0
CT0003872,GC0037,CLI006536,PAR007,digital,CELULAR,3800.0,24,0.2202,196.37,2025-06-02,cancelada,2025-08-02,,,,,
CT0008020,GC0047,CLI001879,PAR009,digital,Celular,5100.0,15,0.22,421.6,2025-08-16,contemplada,,CTP000849,GC0047,2026-02-16,sorteio,0.0
CT0000219,GC0014,CLI002665,PAR009,digital,CELULAR,3100.0,24,0.2304,161.51,2024-04-10,cancelada,2024-12-10,,,,,
CT0006878,GI0037,CLI004039,PAR006,loja,imoveis,308300.0,200,0.2038,1886.49,2024-12-26,cancelada,2025-04-26,,,,,
CT0005959,GI0034,CLI003245,PAR003,correspondente,Imóveis,327900.0,180,0.2066,2234.46,2023-02-24,ativa,,,,,,
CT0007489,GI0008,CLI004218,PAR003,correspondente,IMOVEIS,411500.0,180,0.1971,2782.43,2026-01-02,ativa,,,,,,
CT0008369,GS0038,CLI001478,PAR010,correspondente,Serviços,11100.0,36,0.2269,384.46,2024-09-14,cancelada,2026-07-14,,,,,
CT0001504,GI0020,CLI006199,PAR001,digital,Imóveis,508500.0,180,0.2021,3452.43,2025-04-27,ativa,,,,,,
CT0002551,GA0002,CLI000148,PAR002,loja,Auto,107800.0,60,0.1717,2141.09,2024-10-03,ativa,,,,,,
CT0002030,GI0012,CLI005745,PAR001,digital,IMOVEIS,301900.0,150,0.2024,2460.28,2025-01-31,ativa,,,,,,
CT0004045,GC0009,CLI002698,PAR007,digital,celular,4800.0,24,0.2439,252.78,2024-12-30,cancelada,2025-02-28,,,,,
CT0002616,GA0005,CLI003874,PAR002,loja,Auto,85100.0,80,0.1769,1273.2,2026-04-24,ativa,,,,,,
CT0005664,GA0073,CLI001669,PAR007,digital,Automóvel,48400.0,80,0.1673,718.32,2025-04-28,contemplada,,CTP000603,GA0073,2026-04-28,sorteio,0.0
CT0004668,GS0010,CLI001374,PAR002,loja,SERVICOS,19100.0,24,0.1658,943.7,2024-05-17,quitada,,,,,,
CT0004338,GI0042,CLI004190,PAR003,correspondente,imoveis,277800.0,150,0.2026,2264.26,2024-10-29,ativa,,,,,,
CT0008589,GI0037,CLI001926,PAR007,digital,imoveis,618000.0,200,0.2127,3809.04,2025-08-04,ativa,,,,,,
CT0003590,GS0024,CLI002723,PAR007,digital,SERVICOS,14900.0,36,0.1986,504.37,2025-10-02,cancelada,2026-02-02,,,,,
CT0006748,GI0029,CLI000764,PAR004,,imóvel,486900.0,200,0.2062,2985.18,2024-11-16,cancelada,2025-06-16,CTP000711,GI0029,2024-12-16,lance_livre,69233.22
CT0001337,GC0067,CLI001517,PAR001,digital,celular,5700.0,15,0.2248,473.02,2025-05-10,cancelada,2026-04-10,,,,,
CT0006682,GC0064,CLI001963,PAR007,digital,smartphone,6700.0,24,0.24,351.75,2025-01-17,cancelada,2025-03-17,,,,,
CT0002813,GA0063,CLI005757,PAR007,digital,auto,100200.0,60,0.1481,1950.73,2025-06-16,cancelada,2025-10-16,,,,,
CT0000134,GS0028,CLI000397,PAR004,telemarketing,Servicos,22500.0,24,0.219,1161.56,2023-08-10,cancelada,2023-09-10,,,,,
CT0005610,GA0010,CLI005912,PAR002,loja,AUTO,94400.0,72,0.1783,1571.1,2023-12-01,ativa,,,,,,
CT0007232,GI0004,CLI004766,PAR006,loja,IMOVEIS,369700.0,200,0.2204,2292.88,2023-11-18,contemplada,,CTP000763,GI0004,2024-04-18,sorteio,0.0
CT0005217,GA0071,CLI004589,PAR004,telemarketing,auto,126800.0,72,0.1726,2100.3,2025-09-12,ativa,,,,,,
CT0008563,GA0017,CLI004002,PAR004,telemarketing,auto,53700.0,60,0.1718,1066.66,2024-07-18,cancelada,2024-11-18,,,,,
CT0001919,GC0024,CLI002867,PAR012,interno,celular,6000.0,12,0.2346,627.3,2026-07-28,ativa,,,,,,
CT0008405,GA0073,CLI005487,PAR005,bancario,automovel,55000.0,80,0.1508,804.92,2024-02-12,ativa,,,,,,
CT0004808,GC0034,CLI006152,PAR007,digital,CELULAR,7700.0,12,0.2227,797.4,2025-04-15,cancelada,2025-07-15,,,,,
CT0001632,GI0039,CLI000468,PAR011,correspondente,Imóveis,600600.0,200,0.2057,3680.78,2024-01-03,ativa,,,,,,
CT0004731,GA0072,CLI002397,PAR006,loja,automovel,87200.0,60,0.1706,1730.34,2025-01-11,cancelada,2025-10-11,,,,,
CT0005530,GA0010,CLI004738,PAR001,digital,Automóvel,115100.0,72,0.1591,1884.92,2023-11-02,contemplada,,CTP000587,GA0010,2024-10-02,lance_fixo,28775.0
CT0005886,GA0057,CLI003366,PAR003,correspondente,auto,48800.0,60,0.1557,956.24,2025-08-20,ativa,,,,,,
CT0002406,GI0015,CLI004044,PAR005,bancario,Imovel,290800.0,180,0.2084,1984.55,2025-12-03,contemplada,,CTP000263,GI0015,2026-01-03,sorteio,0.0
CT0000017,GA0086,CLI004788,PAR002,loja,Auto,126100.0,60,0.1642,2488.79,2025-10-05,ativa,,,,,,
CT0003528,GC0064,CLI004313,PAR009,digital,celular,4800.0,24,0.2342,250.84,2025-01-03,ativa,,,,,,
CT0000339,GC0026,CLI000308,PAR007,digital,smartphone,7400.0,24,0.2303,385.51,2025-05-24,cancelada,2025-06-24,,,,,
CT0004635,GS0015,CLI000751,PAR007,digital,servicos,9000.0,24,0.1896,453.6,2024-11-23,cancelada,2024-12-23,,,,,
CT0001576,GI0024,CLI005279,PAR005,bancario,Imóveis,346300.0,180,0.2049,2356.57,2024-05-03,ativa,,,,,,
CT0006625,GC0003,CLI003896,PAR009,digital,smartphone,2300.0,12,0.2267,238.95,2024-06-13,cancelada,2024-10-13,,,,,
CT0007300,GC0032,CLI000862,PAR009,digital,smartphone,5700.0,18,0.2169,391.69,2024-03-22,cancelada,2024-09-22,,,,,
CT0004500,GI0038,CLI005856,PAR010,correspondente,IMOVEIS,237800.0,150,0.1922,1921.74,2025-05-12,contemplada,,CTP000487,GI0038,2026-04-12,sorteio,0.0
CT0004806,GA0085,CLI001135,PAR001,digital,automovel,48000.0,60,0.1557,940.56,2024-07-06,cancelada,2024-09-06,,,,,
CT0005027,GA0035,CLI006786,PAR012,interno,automovel,98400.0,80,0.1825,1479.08,2024-10-22,ativa,,,,,,
CT0001369,GS0025,CLI000473,PAR004,telemarketing,Servicos,7300.0,48,0.198,185.24,2025-12-07,cancelada,2026-06-07,,,,,
CT0002993,GC0066,CLI001937,PAR005,bancario,smartphone,2100.0,12,0.2169,216.46,2024-11-29,quitada,,,,,,
CT0005565,GA0088,CLI004652,PAR005,bancario,Auto,84500.0,80,0.1697,1256.62,2026-04-17,contemplada,,CTP000592,GA0088,2026-07-17,sorteio,0.0
CT0002136,GA0009,CLI004038,PAR008,correspondente,Auto,48900.0,80,0.1882,738.51,2025-12-23,ativa,,,,,,
CT0006588,GC0000,CLI001797,PAR007,digital,Celular,7800.0,18,0.2112,533.52,2025-05-14,cancelada,2025-06-14,,,,,
CT0000757,GC0044,CLI001169,PAR007,digital,smartphone,2400.0,12,0.2341,250.82,2025-08-01,cancelada,2025-10-01,,,,,
CT0006234,GA0000,CLI004270,PAR002,loja,Auto,54700.0,60,0.1724,1087.07,2023-06-16,ativa,,,,,,
CT0005971,GI0013,CLI004812,PAR006,loja,IMOVEIS,236200.0,150,0.2156,1945.66,2025-11-18,contemplada,,CTP000631,GI0013,2026-05-18,lance_livre,76746.49
CT0004754,GI0014,CLI001786,PAR007,digital,Imóveis,342200.0,150,0.2079,2801.25,2025-08-16,ativa,,,,,,
CT0005976,GA0012,CLI004481,PAR002,loja,automovel,106800.0,80,0.1567,1570.89,2024-08-26,ativa,,,,,,
CT0006170,GA0082,CLI001911,PAR004,telemarketing,auto,70800.0,80,0.1486,1034.21,2025-04-13,cancelada,2025-10-13,,,,,
CT0001953,GI0022,CLI005790,PAR006,loja,IMOVEIS,294000.0,200,0.1981,1790.61,2025-12-20,ativa,,,,,,
CT0002564,GS0023,CLI004391,PAR006,loja,SERVICOS,13200.0,24,0.1702,654.61,2026-03-19,ativa,,,,,,
CT0008324,GC0055,CLI002406,PAR006,loja,Celular,5600.0,24,0.2421,294.49,2024-01-08,cancelada,2024-04-08,,,,,
CT0001076,GI0010,CLI001853,PAR002,loja,IMOVEIS,222900.0,180,0.1972,1507.3,2026-06-05,ativa,,,,,,
CT0006309,GA0021,CLI000596,PAR005,bancario,AUTO,59600.0,80,0.1808,894.6,2025-07-20,ativa,,,,,,
CT0001387,GI0009,CLI004889,PAR005,bancario,imoveis,459200.0,180,0.1891,3084.55,2025-03-15,ativa,,,,,,
CT0002268,GS0009,CLI002825,PAR002,loja,SERVICOS,23000.0,48,0.1911,580.32,2024-01-19,ativa,,,,,,
CT0002379,GA0029,CLI004810,PAR008,correspondente,Auto,76300.0,60,0.1785,1524.09,2025-06-20,ativa,,,,,,
CT0008547,GA0084,CLI005933,PAR001,digital,AUTO,93500.0,60,0.1471,1818.73,2025-01-27,ativa,,,,,,
CT0004553,GA0064,CLI006664,PAR002,loja,AUTO,50200.0,72,0.1507,816.24,2024-09-09,ativa,,,,,,
CT0004657,GC0062,CLI001904,PAR009,digital,celular,6200.0,24,0.2381,325.01,2026-06-19,ativa,,,,,,
CT0000013,GA0055,CLI006528,PAR003,correspondente,Auto,97000.0,80,0.1638,1435.36,2024-01-16,ativa,,,,,,
CT0008378,GA0011,CLI007102,PAR008,correspondente,automovel,91200.0,72,0.164,1499.73,2025-03-11,ativa,,,,,,
CT0003316,GA0017,CLI001783,PAR006,loja,auto,52000.0,60,0.171,1032.2,2024-05-12,ativa,,,,,,
CT0003031,GI0041,CLI000577,PAR001,digital,Imovel,305000.0,180,0.1918,2053.33,2024-08-02,ativa,,,,,,
CT0005870,GC0046,CLI006107,PAR001,digital,Celular,8700.0,12,0.2357,910.38,2025-04-01,quitada,,,,,,
CT0006047,GI0013,CLI005006,PAR005,bancario,imoveis,268400.0,150,0.203,2188.35,2024-07-19,ativa,,,,,,
CT0005019,GI0011,CLI004738,PAR002,loja,imóvel,604800.0,200,0.1881,3653.29,2023-12-13,ativa,,,,,,
CT0007243,GC0024,CLI002474,PAR006,loja,CELULAR,5600.0,12,0.2235,580.3,2023-08-11,quitada,,,,,,
CT0006796,GA0087,CLI000816,PAR002,loja,Automóvel,46300.0,60,0.1823,927.77,2023-07-24,ativa,,,,,,
CT0006922,GC0030,CLI002283,PAR007,digital,Celular,8800.0,15,0.2528,746.71,2025-02-24,cancelada,2025-12-24,,,,,
CT0005765,GS0003,CLI004200,PAR001,digital,servicos,15200.0,36,0.2227,524.7,2023-01-31,cancelada,2026-01-31,,,,,
CT0004716,GC0065,CLI006457,PAR007,digital,CELULAR,5400.0,18,0.2319,375.57,2024-07-04,cancelada,2025-02-04,,,,,
CT0007643,GC0053,CLI003886,PAR004,telemarketing,CELULAR,6400.0,24,0.2278,332.75,2023-09-16,cancelada,2024-02-16,,,,,
CT0002425,GC0039,CLI006189,PAR006,loja,celular,5200.0,12,0.2364,544.44,2025-02-23,quitada,,,,,,
CT0008281,GA0020,CLI003944,PAR002,loja,Automóvel,87300.0,80,0.1719,1300.66,2024-11-26,contemplada,,CTP000878,GA0020,2026-07-26,lance_livre,36486.05
CT0007230,GA0084,CLI004952,PAR005,bancario,Automóvel,49300.0,60,0.1842,989.45,2023-10-14,ativa,,,,,,
CT0002969,GC0021,CLI003065,PAR008,correspondente,celular,6200.0,12,0.2234,642.42,2024-09-20,quitada,,,,,,
CT0005274,GC0064,CLI006013,PAR001,digital,Celular,4300.0,24,0.2096,220.3,2025-03-28,ativa,,,,,,
CT0000651,GA0006,CLI001167,PAR001,digital,AUTO,67100.0,80,0.1818,1008.01,2024-09-28,ativa,,,,,,
CT0005511,GS0009,CLI001194,PAR007,digital,Servicos,25700.0,48,0.1966,651.39,2025-02-03,ativa,,,,,,
CT0005654,GS0016,CLI002160,PAR004,telemarketing,serviço,34200.0,24,0.2158,1761.02,2025-09-23,cancelada,2026-07-23,,,,,
CT0001973,GI0043,CLI004397,PAR004,telemarketing,Imóveis,484800.0,150,0.1966,3932.05,2023-12-05,cancelada,2026-07-05,,,,,
CT0005547,GS0009,CLI004906,PAR009,digital,SERVICOS,21100.0,48,0.2078,539.72,2025-03-30,ativa,,,,,,
CT0007488,GS0004,CLI004584,PAR007,digital,Serviços,8800.0,36,0.1863,294.87,2025-05-26,cancelada,2025-10-26,,,,,
CT0000369,GA0085,CLI005798,PAR001,digital,AUTO,112100.0,60,0.1854,2252.09,2024-08-03,contemplada,,CTP000047,GA0085,2024-09-03,lance_fixo,28025.0
CT0003088,GI0022,CLI006505,PAR006,loja,imóvel,345400.0,200,0.2068,2118.68,2024-05-24,ativa,,,,,,
CT0003359,GA0063,CLI002833,PAR012,interno,Automóvel,64100.0,60,0.1666,1267.68,2025-08-11,ativa,,,,,,
CT0005974,GC0004,CLI005671,PAR009,digital,Celular,7100.0,12,0.224,736.03,2025-07-27,quitada,,,,,,
CT0007650,GC0051,CLI005316,PAR009,digital,smartphone,4600.0,24,0.2201,237.69,2026-03-10,ativa,,,,,,
CT0003583,GA0013,CLI000824,PAR009,digital,Automóvel,88300.0,72,0.1635,1451.43,2025-09-29,ativa,,,,,,
CT0000110,GC0005,CLI002993,PAR008,correspondente,celular,8300.0,24,0.2212,429.25,2025-09-02,ativa,,,,,,
CT0006011,GA0021,CLI002833,PAR001,digital,Automóvel,75200.0,80,0.1802,1128.19,2024-08-18,ativa,,,,,,
CT0007023,GC0069,CLI001750,PAR007,digital,smartphone,5400.0,24,0.2154,277.96,2025-02-22,cancelada,2025-03-22,,,,,
CT0001712,GC0065,CLI000809,PAR004,,smartphone,2400.0,18,0.2031,163.08,2026-07-28,ativa,,,,,,
CT0001247,GA0073,CLI002649,PAR002,loja,auto,79900.0,80,0.1834,1201.9,2025-08-03,ativa,,,,,,
CT0001960,GA0037,CLI006213,PAR004,,AUTO,67900.0,80,0.1543,996.69,2025-11-24,ativa,,,,,,
CT0001077,GC0016,CLI006412,PAR007,,celular,8900.0,12,0.2415,935.61,2024-10-04,cancelada,2025-01-04,,,,,
CT0006634,GC0046,CLI004970,PAR006,,smartphone,5700.0,12,0.2376,597.36,2025-08-24,cancelada,2025-11-24,,,,,
CT0000069,GS0002,CLI004751,PAR004,telemarketing,Serviços,28100.0,36,0.2229,970.15,2026-01-01,cancelada,2026-04-01,,,,,
CT0002337,GA0040,CLI003996,PAR006,,automovel,96200.0,72,0.1659,1584.49,2025-08-21,ativa,,,,,,
CT0004780,GA0020,CLI001894,PAR002,loja,AUTO,75800.0,80,0.1901,1146.57,2025-05-16,ativa,,,,,,
CT0000627,GA0056,CLI000111,PAR001,digital,Automóvel,47000.0,72,0.1916,790.91,2025-03-11,ativa,,,,,,
CT0002460,GC0023,CLI006597,PAR007,digital,celular,7800.0,18,0.2271,540.41,2025-06-15,cancelada,2025-09-15,,,,,
CT0007123,GC0011,CLI001119,PAR002,loja,celular,5300.0,12,0.2549,563.08,2025-03-15,quitada,,,,,,
CT0006268,GA0013,CLI001859,PAR011,correspondente,automovel,70200.0,72,0.1652,1155.57,2026-05-16,ativa,,,,,,
CT0006921,GC0004,CLI002489,PAR004,telemarketing,celular,6300.0,12,0.2362,659.5,2025-11-24,ativa,,,,,,
CT0006800,GC0032,CLI004295,PAR007,digital,smartphone,9000.0,18,0.2364,628.2,2025-05-07,ativa,,,,,,
CT0004404,GC0025,CLI004869,PAR012,interno,Celular,2500.0,15,0.2173,206.22,2024-09-19,cancelada,2024-11-19,,,,,
CT0003400,GI0040,CLI002811,PAR003,correspondente,imoveis,484800.0,200,0.1946,2944.19,2025-06-08,ativa,,,,,,
CT0004151,GI0041,CLI000939,PAR011,correspondente,imóvel,362600.0,180,0.2028,2463.26,2024-07-20,ativa,,,,,,
CT0000379,GA0078,CLI005598,PAR008,correspondente,Auto,93700.0,72,0.1554,1529.65,2025-08-29,ativa,,,,,,
CT0003596,GI0027,CLI004167,PAR001,digital,imóvel,596000.0,150,0.2012,4852.23,2023-07-30,contemplada,,CTP000385,GI0027,2025-05-30,sorteio,0.0
CT0005773,GA0003,CLI004900,PAR012,interno,AUTO,70300.0,60,0.1929,1421.11,2026-06-22,ativa,,,,,,
CT0006140,GI0022,CLI003013,PAR001,digital,imóvel,363000.0,200,0.202,2217.93,2026-04-21,ativa,,,,,,
CT0000179,GC0065,CLI007153,PAR007,,CELULAR,8100.0,18,0.2374,565.83,2024-11-09,quitada,,,,,,
CT0003301,GI0002,CLI006457,PAR003,correspondente,imoveis,421300.0,180,0.2023,2860.86,2024-09-24,cancelada,2025-02-24,,,,,
CT0003839,GC0017,CLI005714,PAR007,digital,Celular,2700.0,12,0.2169,278.3,2024-12-29,quitada,,,,,,
CT0007544,GC0013,CLI005982,PAR002,loja,celular,3000.0,18,0.2561,212.68,2024-11-28,quitada,,,,,,
CT0004955,GC0063,CLI004155,PAR007,digital,Celular,2000.0,15,0.2187,165.16,2025-01-24,cancelada,2025-07-24,,,,,
CT0001107,GC0007,CLI003548,PAR009,digital,Celular,5400.0,24,0.2323,281.77,2025-05-06,contemplada,,CTP000117,GC0007,2026-02-06,sorteio,0.0
CT0007217,GC0065,CLI006969,PAR007,digital,smartphone,3200.0,18,0.2376,223.57,2024-12-01,cancelada,2025-02-01,,,,,
CT0004231,GI0003,CLI001880,PAR008,correspondente,Imovel,208900.0,150,0.193,1689.3,2025-08-25,contemplada,,CTP000465,GI0003,2026-05-25,sorteio,0.0
CT0004943,GA0056,CLI006819,PAR003,correspondente,AUTO,99500.0,72,0.1665,1639.68,2025-11-23,ativa,,,,,,
CT0006273,GS0037,CLI004243,PAR009,digital,Servicos,12000.0,48,0.2106,307.65,2026-03-24,cancelada,2026-07-24,,,,,
CT0000594,GI0033,CLI007039,PAR011,correspondente,imoveis,512400.0,200,0.1906,3101.56,2023-12-10,ativa,,,,,,
CT0002721,GI0018,CLI005761,PAR004,telemarketing,imoveis,557600.0,200,0.19,3373.48,2024-02-13,cancelada,2024-12-13,,,,,
CT0007769,GA0087,CLI005557,PAR001,digital,AUTO,72400.0,60,0.1837,1452.46,2025-05-18,cancelada,2026-04-18,,,,,
CT0005486,GA0017,CLI002459,PAR001,digital,AUTO,123300.0,60,0.1733,2452.23,2025-06-29,ativa,,,,,,
CT0003560,GC0023,CLI003046,PAR007,digital,celular,2100.0,18,0.2409,147.1,2024-10-07,cancelada,2025-04-07,,,,,
CT0005935,GA0065,CLI002473,PAR001,digital,AUTO,101700.0,60,0.1561,1993.49,2025-05-04,ativa,,,,,,
CT0003156,GC0035,CLI002766,PAR006,loja,celular,1900.0,24,0.238,99.59,2024-06-06,cancelada,2024-08-06,,,,,
CT0002816,GI0015,CLI005289,PAR002,loja,imóvel,632800.0,180,0.1955,4273.16,2025-07-06,ativa,,,,,,
CT0003208,GC0023,CLI000409,PAR009,digital,smartphone,8200.0,18,0.2291,569.03,2024-11-06,quitada,,CTP000345,GC0023,2026-03-06,sorteio,0.0
CT0007682,GI0016,CLI001385,PAR001,digital,IMOVEIS,359900.0,200,0.2243,2239.12,2023-04-15,ativa,,,,,,
CT0008241,GS0012,CLI005330,PAR005,bancario,SERVICOS,25400.0,36,0.2038,863.46,2026-06-26,ativa,,,,,,
CT0008342,GI0027,CLI004729,PAR006,loja,imóvel,251600.0,150,0.1993,2045.17,2025-03-05,ativa,,,,,,
CT0001232,GC0005,CLI002200,PAR008,correspondente,smartphone,2700.0,24,0.217,139.16,2024-03-26,cancelada,2024-12-26,,,,,
CT0002996,GA0027,CLI000553,PAR006,loja,AUTO,119800.0,72,0.1635,1969.21,2024-12-07,cancelada,2025-05-07,,,,,
CT0001926,GA0061,CLI004365,PAR002,loja,Auto,116200.0,80,0.1569,1709.45,2024-12-10,cancelada,2025-06-10,CTP000210,GA0061,2025-06-10,sorteio,0.0
CT0000951,GI0033,CLI005679,PAR003,correspondente,imoveis,592900.0,200,0.1803,3558.29,2025-07-15,ativa,,,,,,
CT0004849,GI0019,CLI003983,PAR003,correspondente,imoveis,185200.0,150,0.198,1503.82,2025-04-23,contemplada,,CTP000523,GI0019,2025-12-23,sorteio,0.0
CT0001456,GA0010,CLI001138,PAR006,loja,AUTO,126200.0,72,0.1764,2097.02,2026-01-27,ativa,,,,,,
CT0008573,GA0083,CLI005341,PAR005,bancario,auto,95500.0,60,0.1704,1894.72,2025-04-12,ativa,,,,,,
CT0003654,GS0004,CLI004758,PAR004,telemarketing,servicos,20200.0,36,0.1965,682.59,2024-09-19,contemplada,,CTP000394,GS0004,2025-10-19,lance_livre,6680.7
CT0004263,GA0053,CLI001915,PAR008,correspondente,automovel,111700.0,80,0.16,1647.58,2026-01-10,ativa,,,,,,
CT0004509,GA0075,CLI003131,PAR009,digital,AUTO,76200.0,60,0.1637,1503.3,2025-01-15,ativa,,,,,,
CT0006087,GC0021,CLI004401,PAR007,digital,CELULAR,4600.0,12,0.228,478.4,2025-02-07,cancelada,2025-06-07,,,,,
CT0008425,GS0030,CLI006435,PAR009,digital,serviço,19300.0,36,0.1895,648.43,2024-01-23,ativa,,,,,,
CT0003182,GS0011,CLI001893,PAR009,digital,Serviços,26600.0,48,0.1972,674.53,2025-07-18,cancelada,2025-12-18,,,,,
CT0007477,GC0015,CLI001371,PAR007,digital,Celular,8400.0,24,0.2358,439.53,2024-12-06,cancelada,2025-02-06,,,,,
CT0000023,GA0005,CLI002855,PAR005,bancario,Automóvel,45100.0,80,0.1712,671.54,2025-08-19,contemplada,,CTP000001,GA0005,2026-07-19,sorteio,0.0
CT0007072,GA0031,CLI006794,PAR004,telemarketing,auto,45800.0,72,0.1738,759.39,2026-05-17,ativa,,,,,,
CT0002605,GA0056,CLI002707,PAR004,telemarketing,Auto,114200.0,72,0.1739,1893.66,2023-03-06,cancelada,2025-04-06,,,,,
CT0006808,GI0009,CLI004265,PAR005,bancario,Imóveis,612500.0,180,0.1902,4118.04,2026-05-18,ativa,,,,,,
CT0001682,GA0042,CLI005613,PAR001,digital,automovel,86600.0,60,0.1712,1719.3,2024-12-30,ativa,,,,,,
CT0008141,GI0020,CLI000013,PAR004,telemarketing,Imovel,645700.0,180,0.189,4336.95,2026-01-03,ativa,,,,,,
CT0003998,GI0014,CLI001826,PAR006,loja,imóvel,207500.0,150,0.2053,1695.0,2025-09-12,ativa,,,,,,
CT0002127,GS0000,CLI001685,PAR009,digital,Serviços,29300.0,36,0.2211,1010.12,2026-03-07,cancelada,2026-07-07,CTP000233,GS0000,2026-06-07,lance_livre,12933.75
CT0007059,GC0008,CLI004495,PAR009,digital,CELULAR,6100.0,18,0.2206,420.43,2024-11-19,quitada,,,,,,
CT0005554,GS0021,CLI001280,PAR003,correspondente,Serviços,17700.0,36,0.2088,604.16,2025-08-15,ativa,,,,,,
CT0006928,GS0004,CLI004103,PAR008,correspondente,Servicos,16400.0,36,0.2245,566.94,2024-05-26,ativa,,,,,,
CT0008411,GI0039,CLI000949,PAR011,correspondente,Imovel,366600.0,200,0.2086,2252.02,2025-01-05,ativa,,,,,,
CT0001947,GS0001,CLI000822,PAR009,digital,Servicos,27100.0,24,0.1968,1373.97,2024-09-12,ativa,,,,,,
CT0000935,GA0041,CLI006432,PAR009,digital,automovel,52800.0,72,0.1655,869.37,2025-10-28,ativa,,,,,,
CT0002871,GA0057,CLI003991,PAR001,digital,automovel,84900.0,60,0.14,1641.4,2023-04-19,cancelada,2023-06-19,,,,,
CT0008283,GS0003,CLI003895,PAR002,loja,SERVICOS,33200.0,36,0.1894,1115.34,2024-07-10,ativa,,,,,,
CT0004453,GI0003,CLI000837,PAR009,digital,Imóveis,289300.0,150,0.2037,2360.11,2025-06-22,ativa,,,,,,
CT0004062,GC0048,CLI004235,PAR004,telemarketing,smartphone,4600.0,18,0.2402,322.05,2024-12-03,cancelada,2025-01-03,,,,,
CT0004797,GS0019,CLI004334,PAR009,digital,Serviços,16500.0,36,0.2105,563.98,2024-05-25,ativa,,,,,,
CT0008191,GA0047,CLI003980,PAR011,correspondente,auto,69300.0,60,0.1744,1379.53,2026-04-14,ativa,,,,,,
CT0001868,GC0054,CLI003585,PAR001,digital,Celular,6700.0,12,0.225,695.12,2025-10-19,cancelada,2026-01-19,,,,,
CT0000390,GA0074,CLI006426,PAR005,bancario,automovel,101500.0,80,0.1808,1523.52,2024-06-01,ativa,,,,,,
CT0003439,GA0027,CLI004544,PAR010,correspondente,auto,71700.0,72,0.187,1201.97,2024-08-26,cancelada,2025-12-26,,,,,
CT0005053,GA0057,CLI006143,PAR005,bancario,Automóvel,45300.0,60,0.1562,888.03,2024-10-18,ativa,,,,,,
CT0004795,GI0002,CLI001643,PAR005,bancario,Imóveis,487000.0,180,0.2029,3308.62,2023-01-04,contemplada,,CTP000514,GI0002,2025-03-04,lance_livre,112267.78
CT0005700,GA0083,CLI003504,PAR008,,AUTO,78700.0,60,0.1533,1538.98,2024-01-04,ativa,,,,,,
CT0002113,GI0008,CLI005825,PAR012,interno,imóvel,205400.0,180,0.2011,1393.41,2023-10-22,cancelada,2024-06-22,,,,,
CT0004505,GA0031,CLI000497,PAR004,telemarketing,automovel,72600.0,72,0.1606,1190.44,2025-03-20,ativa,,,,,,
CT0004024,GC0026,CLI004586,PAR007,digital,celular,4500.0,24,0.253,238.69,2024-09-16,cancelada,2024-12-16,,,,,
CT0003210,GS0015,CLI002518,PAR009,digital,Serviços,27300.0,24,0.1968,1384.11,2024-09-11,contemplada,,CTP000346,GS0015,2024-11-11,sorteio,0.0
CT0000711,GI0026,CLI004749,PAR003,correspondente,imóvel,555700.0,150,0.2228,4604.16,2023-01-29,ativa,,,,,,
CT0007190,GC0040,CLI004904,PAR001,digital,smartphone,4400.0,15,0.2144,362.09,2026-04-09,cancelada,2026-07-09,,,,,
CT0006972,GA0046,CLI001520,PAR002,loja,Auto,86300.0,72,0.1773,1435.1,2025-05-15,ativa,,,,,,
CT0004885,GA0063,CLI002782,PAR003,correspondente,Auto,65000.0,60,0.1836,1303.9,2025-10-13,ativa,,,,,,
CT0006509,GI0017,CLI000726,PAR011,correspondente,imoveis,623100.0,150,0.2065,5094.88,2023-11-03,ativa,,,,,,
CT0003734,GA0068,CLI002009,PAR002,loja,Auto,85400.0,72,0.185,1429.26,2024-12-10,contemplada,,CTP000399,GA0068,2025-06-10,sorteio,0.0
CT0000203,GA0024,CLI005571,PAR012,interno,automovel,84900.0,72,0.1801,1415.12,2024-08-15,ativa,,,,,,
CT0003600,GI0010,CLI006040,PAR001,digital,Imovel,476500.0,180,0.2076,3249.73,2024-11-22,ativa,,,,,,
CT0005635,GS0009,CLI001959,PAR007,digital,SERVICOS,25300.0,48,0.186,635.66,2024-10-04,ativa,,,,,,
CT0001598,GC0052,CLI004788,PAR004,telemarketing,celular,6600.0,12,0.2136,678.48,2026-03-11,cancelada,2026-06-11,,,,,
CT0007409,GA0069,CLI003789,PAR008,correspondente,auto,63700.0,80,0.1596,939.26,2025-02-19,cancelada,2025-11-19,,,,,
CT0006514,GA0040,CLI007033,PAR003,correspondente,automovel,95600.0,72,0.1682,1577.67,2025-03-02,ativa,,,,,,
CT0007312,GC0046,CLI004051,PAR001,digital,Celular,3600.0,12,0.213,369.9,2025-11-07,cancelada,2026-05-07,,,,,
CT0000978,GA0079,CLI000133,PAR001,digital,Auto,57000.0,72,0.1695,941.69,2024-05-16,ativa,,,,,,
CT0005759,GI0039,CLI004431,PAR006,loja,IMOVEIS,426600.0,200,0.1935,2588.4,2025-09-01,ativa,,,,,,
CT0006831,GC0012,CLI000386,PAR001,digital,smartphone,6300.0,15,0.2301,525.04,2025-09-18,cancelada,2025-10-18,,,,,
CT0001273,GS0036,CLI000283,PAR003,,servicos,11100.0,24,0.1992,563.88,2025-08-01,cancelada,2025-10-01,,,,,
CT0001389,GA0084,CLI000371,PAR005,,Automóvel,66800.0,60,0.1698,1324.64,2023-11-20,ativa,,,,,,
CT0001844,GA0078,CLI004436,PAR001,digital,automovel,81200.0,72,0.1839,1357.73,2025-12-02,ativa,,,,,,
CT0002917,GI0038,CLI003603,PAR012,interno,imóvel,232000.0,150,0.2084,1899.93,2025-09-29,contemplada,,CTP000319,GI0038,2026-03-29,sorteio,0.0
CT0008472,GA0089,CLI005524,PAR002,loja,automovel,85500.0,72,0.1573,1398.04,2026-05-13,ativa,,,,,,
CT0003999,GI0024,CLI005793,PAR003,correspondente,imoveis,451800.0,180,0.1942,3047.64,2026-07-03,ativa,,,,,,
CT0003581,GC0008,CLI004102,PAR007,digital,CELULAR,2600.0,18,0.2481,183.17,2024-12-04,cancelada,2025-12-04,,,,,
CT0005788,GC0067,CLI005260,PAR007,digital,smartphone,2000.0,15,0.2328,167.04,2025-11-13,cancelada,2025-12-13,,,,,
CT0003062,GC0032,CLI005599,PAR012,interno,smartphone,8600.0,18,0.2119,588.57,2026-05-09,ativa,,,,,,
CT0004641,GA0007,CLI001523,PAR009,digital,Automóvel,123200.0,72,0.1731,2041.53,2026-03-02,ativa,,,,,,
CT0008393,GI0001,CLI004472,PAR012,interno,Imóveis,613400.0,200,0.2111,3775.78,2026-05-29,ativa,,,,,,
CT0007522,GI0036,CLI004420,PAR001,digital,Imóveis,587900.0,180,0.1866,3940.89,2026-05-05,contemplada,,CTP000791,GI0036,2026-07-05,lance_livre,147153.7
CT0006258,GI0038,CLI002757,PAR012,interno,Imovel,536800.0,150,0.1949,4347.72,2024-01-03,contemplada,,CTP000650,GI0038,2026-03-03,lance_livre,275961.83
CT0001901,GC0027,CLI004674,PAR004,telemarketing,celular,7700.0,15,0.2437,648.7,2024-04-25,quitada,,,,,,
CT0007649,GS0012,CLI004922,PAR099,telemarketing,Servicos,12800.0,36,0.2069,436.23,2025-03-27,ativa,,,,,,
CT0001494,GA0045,CLI001272,PAR005,bancario,automovel,86700.0,60,0.1776,1730.53,2025-04-20,contemplada,,CTP000167,GA0045,2025-07-20,sorteio,0.0
CT0000278,GA0007,CLI006780,PAR002,loja,auto,64300.0,72,0.1668,1059.88,2025-02-06,ativa,,,,,,
CT0002737,GS0025,CLI006131,PAR001,digital,serviço,9000.0,48,0.1975,228.28,2025-11-25,ativa,,,,,,
CT0007529,GA0061,CLI000693,PAR002,loja,automovel,102700.0,80,0.1794,1539.73,2023-01-17,ativa,,,,,,
CT0007239,GS0010,CLI005908,PAR009,digital,servicos,13200.0,24,0.221,682.55,2026-01-30,ativa,,,,,,
CT0001795,GI0035,CLI004778,PAR003,correspondente,imoveis,414100.0,150,0.1831,3321.36,2025-10-07,cancelada,2026-07-07,,,,,
CT0007380,GC0061,CLI001020,PAR006,loja,smartphone,7700.0,24,0.2282,400.46,2024-10-09,cancelada,2026-02-09,,,,,
CT0008344,GC0033,CLI003288,PAR006,loja,celular,5400.0,15,0.229,449.64,2025-05-15,quitada,,,,,,
CT0007080,GA0040,CLI005758,PAR005,bancario,AUTO,92700.0,72,0.1901,1558.0,2026-03-26,ativa,,,,,,
CT0004985,GC0014,CLI005146,PAR004,telemarketing,celular,2800.0,24,0.2495,148.11,2024-08-23,cancelada,2025-05-23,,,,,
CT0003115,GC0042,CLI003970,PAR007,digital,Celular,4300.0,12,0.2362,450.14,2025-03-14,cancelada,2025-08-14,,,,,
CT0007937,GC0041,CLI004264,PAR004,telemarketing,Celular,8800.0,24,0.2495,465.48,2025-06-11,cancelada,2025-07-11,,,,,
CT0000518,GI0014,CLI000396,PAR003,correspondente,IMOVEIS,482700.0,150,0.1776,3853.88,2024-12-26,contemplada,,CTP000067,GI0014,2025-05-26,sorteio,0.0
CT0006651,GC0043,CLI002841,PAR007,digital,CELULAR,2200.0,18,0.2002,149.14,2025-02-10,quitada,,,,,,
CT0003395,GS0033,CLI002720,PAR010,correspondente,serviço,24900.0,48,0.2277,647.24,2024-03-21,cancelada,2024-12-21,,,,,
CT0003755,GA0004,CLI001272,PAR007,digital,AUTO,76700.0,80,0.1792,1149.73,2025-03-31,ativa,,,,,,
CT0008517,GS0031,CLI005855,PAR001,digital,Serviços,15400.0,36,0.207,524.88,2026-01-19,ativa,,,,,,
CT0002446,GS0011,CLI000736,PAR007,digital,Servicos,7500.0,48,0.197,190.16,2024-11-23,ativa,,,,,,
CT0005518,GA0038,CLI002899,PAR004,telemarketing,Automóvel,110400.0,72,0.1493,1792.93,2025-10-30,ativa,,,,,,
CT0005138,GI0027,CLI002424,PAR011,correspondente,imoveis,471800.0,150,0.1815,3779.12,2025-03-26,ativa,,,,,,
CT0003101,GC0069,CLI006095,PAR004,telemarketing,smartphone,3400.0,24,0.221,175.81,2026-02-07,cancelada,2026-03-07,,,,,
CT0008284,GI0021,CLI004868,PAR006,loja,Imóveis,355200.0,200,0.1878,2145.05,2025-01-03,contemplada,,CTP000879,GI0021,2026-06-03,sorteio,0.0
CT0002838,GS0025,CLI003544,PAR009,digital,Servicos,31500.0,48,0.1943,796.88,2025-08-01,cancelada,2025-09-01,,,,,
CT0002750,GC0031,CLI002588,PAR001,digital,CELULAR,8300.0,24,0.2359,434.33,2025-05-01,cancelada,2026-05-01,,,,,
CT0006697,GI0037,CLI004163,PAR011,correspondente,imóvel,450800.0,200,0.1983,2746.05,2025-07-08,ativa,,,,,,
CT0002629,GI0028,CLI006412,PAR005,bancario,IMOVEIS,192500.0,200,0.1972,1171.56,2025-01-14,ativa,,,,,,
CT0006081,GS0029,CLI003036,PAR001,digital,SERVICOS,6600.0,24,0.216,339.9,2025-06-20,ativa,,,,,,
CT0006054,GC0067,CLI003262,PAR001,digital,Celular,3500.0,15,0.2352,292.88,2025-07-21,ativa,,,,,,
CT0003874,GS0021,CLI002032,PAR012,interno,Servicos,19400.0,36,0.2099,662.78,2025-08-29,ativa,,,,,,
CT0001143,GC0043,CLI006765,PAR099,loja,smartphone,4900.0,18,0.2174,336.85,2023-06-24,cancelada,2024-02-24,,,,,
CT0000109,GC0033,CLI003420,PAR006,loja,CELULAR,8500.0,15,0.2344,710.83,2023-11-24,cancelada,2023-12-24,,,,,
CT0002776,GC0003,CLI003851,PAR004,telemarketing,Celular,8900.0,12,0.2345,930.42,2025-06-05,cancelada,2025-12-05,,,,,
CT0002742,GA0069,CLI007167,PAR001,digital,Auto,64900.0,80,0.1906,982.1,2024-05-08,ativa,,,,,,
CT0006781,GA0078,CLI000752,PAR006,loja,AUTO,92400.0,72,0.1687,1525.5,2023-12-02,cancelada,2025-08-02,,,,,
CT0000117,GA0074,CLI006720,PAR012,interno,automovel,62800.0,80,0.1891,949.14,2025-11-21,ativa,,,,,,
CT0006750,GA0086,CLI001649,PAR012,interno,AUTO,55500.0,60,0.1714,1102.04,2025-04-29,ativa,,,,,,
CT0005786,GS0032,CLI005604,PAR008,correspondente,Serviços,13700.0,36,0.1968,463.06,2024-01-17,ativa,,,,,,
CT0003973,GA0053,CLI001527,PAR001,digital,auto,112600.0,80,0.1779,1686.04,2025-06-10,ativa,,,,,,
CT0006226,GC0056,CLI006956,PAR006,loja,Celular,8700.0,12,0.2334,908.72,2025-09-03,ativa,,,,,,
CT0000582,GS0036,CLI002065,PAR012,interno,Servicos,31400.0,24,0.1977,1593.16,2025-01-09,ativa,,,,,,
CT0001690,GC0021,CLI000470,PAR004,,celular,8100.0,12,0.2172,835.11,2023-12-21,quitada,,,,,,
CT0005245,GS0008,CLI000808,PAR008,correspondente,servicos,23800.0,48,0.1977,603.78,2024-07-24,cancelada,2025-08-24,,,,,
CT0007404,GI0041,CLI003238,PAR001,digital,Imóveis,224600.0,180,0.2124,1537.76,2024-12-10,cancelada,2026-03-10,,,,,
CT0005573,GI0041,CLI004825,PAR001,digital,Imóveis,406300.0,180,0.1934,2738.91,2025-05-15,ativa,,,,,,
CT0000616,GI0011,CLI004773,PAR003,correspondente,imoveis,187300.0,200,0.2034,1145.71,2025-11-27,ativa,,,,,,
CT0002063,GS0001,CLI006202,PAR004,telemarketing,Serviços,31900.0,24,0.2161,1642.98,2025-11-25,cancelada,2026-05-25,,,,,
CT0007016,GI0029,CLI005601,PAR005,,Imovel,459500.0,200,0.2139,2834.89,2026-07-13,ativa,,,,,,
CT0006884,GC0017,CLI005133,PAR007,digital,celular,5700.0,12,0.2309,594.18,2025-03-29,cancelada,2025-04-29,,,,,
CT0003019,GA0074,CLI001853,PAR007,digital,Automóvel,99600.0,80,0.1576,1466.11,2025-02-19,cancelada,2025-07-19,,,,,
CT0004506,GA0028,CLI003856,PAR004,telemarketing,Auto,86600.0,72,0.1661,1426.61,2025-01-02,cancelada,2026-08-02,,,,,
CT0005926,GI0001,CLI002427,PAR003,correspondente,imóvel,448200.0,200,0.1944,2721.47,2024-10-27,ativa,,,,,,
CT0001141,GI0003,CLI005032,PAR005,,IMOVEIS,297600.0,150,0.1844,2389.53,2025-03-30,ativa,,,,,,
CT0005650,GS0033,CLI002885,PAR009,digital,serviço,14500.0,48,0.1821,363.13,2026-01-06,ativa,,,,,,
CT0006487,GS0037,CLI005102,PAR001,digital,SERVICOS,16200.0,48,0.1975,410.91,2024-07-27,cancelada,2024-11-27,,,,,
CT0005543,GS0039,CLI001479,PAR009,digital,Serviços,16700.0,48,0.2049,426.16,2025-08-03,ativa,,,,,,
CT0000445,GI0030,CLI005926,PAR005,bancario,Imovel,233500.0,200,0.1881,1410.46,2025-08-05,ativa,,,,,,
CT0006757,GS0019,CLI003941,PAR009,digital,servicos,9900.0,36,0.1821,330.58,2024-03-22,ativa,,,,,,
CT0004903,GC0048,CLI001028,PAR006,loja,Celular,2200.0,18,0.2483,155.01,2026-04-28,ativa,,,,,,
CT0000207,GI0018,CLI006599,PAR002,loja,Imovel,383500.0,200,0.2034,2345.87,2026-02-12,ativa,,,,,,
CT0004685,GS0038,CLI004954,PAR004,telemarketing,Serviços,34000.0,36,0.1848,1137.87,2023-11-01,cancelada,2025-07-01,,,,,
CT0005071,GI0005,CLI000691,PAR001,digital,imoveis,329100.0,200,0.2033,2012.94,2026-02-20,ativa,,,,,,
CT0008108,GA0048,CLI005863,PAR010,correspondente,AUTO,77700.0,80,0.1625,1148.5,2025-06-03,cancelada,2025-11-03,,,,,
CT0003494,GI0035,CLI006856,PAR005,bancario,IMOVEIS,396800.0,150,0.1705,3149.27,2024-12-22,ativa,,,,,,
CT0003939,GC0002,CLI006683,PAR006,loja,Celular,4700.0,12,0.2237,487.12,2026-02-18,ativa,,,,,,
CT0008118,GA0083,CLI006638,PAR005,bancario,Auto,111400.0,60,0.1727,2214.45,2023-11-30,ativa,,,,,,
CT0002347,GI0009,CLI004632,PAR004,telemarketing,Imovel,203700.0,180,0.1926,1372.26,2025-11-13,ativa,,,,,,
CT0007340,GA0076,CLI003311,PAR001,digital,AUTO,107000.0,72,0.1661,1762.68,2025-05-06,ativa,,,,,,
CT0005052,GC0010,CLI007058,PAR007,digital,celular,7100.0,12,0.2262,737.34,2025-09-26,cancelada,2026-06-26,,,,,
CT0007949,GC0028,CLI004959,PAR007,digital,CELULAR,7900.0,18,0.2536,558.97,2025-05-20,cancelada,2026-06-20,,,,,
CT0005062,GA0079,CLI000624,PAR002,loja,Automóvel,122800.0,72,0.1638,2019.04,2026-07-19,ativa,,,,,,
CT0004620,GI0042,CLI003253,PAR011,correspondente,Imovel,204900.0,150,0.219,1692.47,2026-05-05,ativa,,,,,,
CT0006072,GA0069,CLI002178,PAR002,loja,Automóvel,96800.0,80,0.1672,1436.51,2025-07-09,ativa,,,,,,
CT0006317,GC0013,CLI005737,PAR008,correspondente,smartphone,8000.0,18,0.2311,556.04,2026-04-15,ativa,,,,,,
CT0006502,GA0016,CLI001972,PAR010,correspondente,Auto,98700.0,80,0.1666,1463.97,2025-10-23,ativa,,,,,,
CT0000948,GC0059,CLI003557,PAR001,digital,Celular,7800.0,12,0.2309,813.09,2025-07-29,cancelada,2026-01-29,,,,,
CT0004599,GC0017,CLI006444,PAR004,telemarketing,celular,5500.0,12,0.2367,575.99,2026-02-22,cancelada,2026-03-22,,,,,
CT0005426,GC0043,CLI006124,PAR007,digital,Celular,4900.0,18,0.2323,340.9,2025-09-05,cancelada,2026-02-05,,,,,
CT0002189,GA0023,CLI000864,PAR007,digital,Auto,63800.0,72,0.1635,1048.71,2025-05-18,cancelada,2025-10-18,,,,,
CT0004629,GC0059,CLI001613,PAR007,digital,celular,8900.0,12,0.2204,919.96,2024-10-05,cancelada,2024-12-05,,,,,
CT0007021,GA0016,CLI005996,PAR002,loja,automovel,120900.0,80,0.174,1804.43,2025-02-02,ativa,,,,,,
CT0003384,GA0049,CLI001334,PAR001,digital,auto,56200.0,60,0.1741,1118.47,2023-07-07,ativa,,,,,,
CT0006813,GA0018,CLI006785,PAR009,digital,Automóvel,99300.0,72,0.1685,1639.14,2026-03-17,ativa,,,,,,
CT0007214,GA0030,CLI003874,PAR002,loja,auto,59700.0,72,0.1757,991.43,2026-01-19,ativa,,,,,,
CT0000373,GA0005,CLI001758,PAR004,telemarketing,Auto,91600.0,80,0.1842,1378.81,2025-01-27,cancelada,2025-12-27,,,,,
CT0001115,GI0005,CLI004813,PAR099,interno,imoveis,495400.0,200,0.1908,2999.15,2024-04-16,ativa,,,,,,
CT0002898,GA0003,CLI004442,PAR001,digital,AUTO,71200.0,60,0.1786,1422.34,2026-05-15,ativa,,,,,,
CT0004526,GA0088,CLI003663,PAR008,correspondente,auto,120500.0,80,0.1639,1783.25,2024-02-12,ativa,,,,,,
CT0008120,GC0050,CLI005167,PAR007,digital,smartphone,6500.0,18,0.2189,447.38,2025-03-28,cancelada,2025-04-28,,,,,
CT0005570,GC0006,CLI006450,PAR004,telemarketing,celular,4200.0,18,0.2407,294.16,2025-09-22,ativa,,,,,,
CT0002061,GC0050,CLI004051,PAR007,digital,celular,6200.0,18,0.2438,435.31,2025-05-20,ativa,,,,,,
CT0003376,GA0063,CLI005136,PAR002,loja,Auto,64600.0,60,0.1741,1285.65,2026-04-29,ativa,,,,,,
CT0002286,GS0019,CLI006307,PAR012,interno,Servicos,13200.0,36,0.2033,448.54,2024-10-20,ativa,,,,,,
CT0003271,GC0015,CLI000099,PAR009,digital,smartphone,4900.0,24,0.246,258.47,2024-12-03,ativa,,,,,,
CT0004351,GS0024,CLI001761,PAR010,correspondente,serviço,21900.0,36,0.1901,736.14,2025-10-04,ativa,,,,,,
CT0004705,GA0011,CLI005646,PAR001,digital,auto,72300.0,72,0.1617,1186.62,2025-08-26,ativa,,,,,,
CT0006508,GI0007,CLI005012,PAR012,interno,Imovel,391100.0,150,0.2022,3186.68,2025-04-20,ativa,,,,,,
CT0003286,GI0012,CLI000530,PAR003,correspondente,imóvel,644400.0,150,0.1985,5234.68,2026-01-02,ativa,,,,,,
CT0004092,GS0007,CLI000468,PAR009,digital,serviço,32700.0,24,0.218,1686.77,2026-02-12,ativa,,,,,,
CT0002643,GI0027,CLI003203,PAR005,bancario,IMOVEIS,247500.0,150,0.2134,2035.11,2024-08-04,ativa,,,,,,
CT0000953,GA0045,CLI004906,PAR001,digital,automovel,97500.0,60,0.143,1889.88,2026-03-04,ativa,,,,,,
CT0002785,GS0024,CLI005927,PAR008,correspondente,Serviços,17900.0,36,0.1927,602.98,2025-07-20,ativa,,,,,,
CT0008462,GC0042,CLI001659,PAR007,digital,celular,4400.0,12,0.2312,458.77,2024-08-20,cancelada,2024-12-20,,,,,
CT0002636,GC0027,CLI005294,PAR008,correspondente,celular,7700.0,15,0.2381,645.82,2024-08-24,quitada,,,,,,
CT0003457,GI0003,CLI003371,PAR001,digital,Imovel,428200.0,150,0.1923,3460.71,2025-03-22,contemplada,,CTP000375,GI0003,2026-06-22,lance_livre,68494.89
CT0006619,GA0077,CLI001949,PAR008,,automovel,62400.0,80,0.1579,918.76,2023-10-25,ativa,,,,,,
CT0000534,GC0008,CLI006276,PAR007,digital,celular,4800.0,18,0.2407,336.19,2025-03-14,cancelada,2025-04-14,,,,,
CT0001832,GS0003,CLI003457,PAR004,telemarketing,serviço,29300.0,36,0.2011,993.84,2025-11-19,cancelada,2026-04-19,,,,,
CT0005181,GA0089,CLI003311,PAR008,correspondente,automovel,116000.0,72,0.1521,1888.38,2023-12-04,cancelada,2024-04-04,,,,,
CT0005371,GI0036,CLI002644,PAR010,correspondente,Imovel,463300.0,180,0.1926,3121.1,2024-01-02,ativa,,,,,,
CT0005719,GI0028,CLI005872,PAR011,correspondente,Imovel,484700.0,200,0.2168,2997.38,2025-04-14,ativa,,,,,,
CT0008520,GS0024,CLI002519,PAR006,loja,Servicos,31600.0,36,0.1926,1064.39,2026-03-23,ativa,,,,,,
CT0005355,GS0034,CLI004436,PAR009,digital,SERVICOS,8500.0,36,0.2045,289.12,2024-04-04,cancelada,2025-04-04,,,,,
CT0007789,GA0003,CLI000713,PAR003,correspondente,auto,57300.0,60,0.1543,1121.46,2025-01-03,ativa,,,,,,
CT0006129,GI0032,CLI004301,PAR008,correspondente,Imovel,375400.0,180,0.1773,2497.04,2025-07-27,ativa,,,,,,
CT0001313,GS0010,CLI002206,PAR003,correspondente,servicos,25200.0,24,0.2026,1283.73,2026-04-23,ativa,,,,,,
CT0001044,GA0037,CLI004741,PAR010,correspondente,AUTO,65700.0,80,0.1789,984.6,2025-08-05,ativa,,,,,,
CT0004936,GI0027,CLI006884,PAR003,correspondente,Imóveis,344500.0,150,0.1806,2757.38,2024-05-31,ativa,,,,,,
CT0000931,GC0032,CLI006769,PAR008,correspondente,celular,8300.0,18,0.2457,583.63,2023-07-17,quitada,,,,,,
CT0003555,GS0012,CLI002805,PAR009,digital,Serviços,16800.0,36,0.2228,579.97,2026-03-31,ativa,,,,,,
CT0000011,GA0067,CLI001657,PAR002,loja,auto,79800.0,80,0.1445,1161.59,2024-02-25,ativa,,,,,,
CT0008392,GS0011,CLI000528,PAR008,correspondente,Serviços,28900.0,48,0.1893,728.1,2025-05-04,ativa,,,,,,
CT0001600,GS0032,CLI000597,PAR007,digital,servicos,15100.0,36,0.2144,517.76,2025-04-12,ativa,,,,,,
CT0000057,GC0006,CLI007172,PAR007,digital,celular,7200.0,18,0.235,502.0,2025-05-13,cancelada,2025-11-13,,,,,
CT0003355,GC0041,CLI002470,PAR099,digital,smartphone,7300.0,24,0.2284,379.72,2025-09-22,ativa,,,,,,
CT0003020,GI0041,CLI004534,PAR009,digital,Imóveis,263100.0,180,0.2154,1805.74,2024-11-20,ativa,,,,,,
CT0007954,GC0024,CLI000146,PAR009,digital,smartphone,3800.0,12,0.2166,391.59,2025-03-14,cancelada,2025-09-14,,,,,
CT0000375,GA0009,CLI000025,PAR001,digital,automovel,112700.0,80,0.171,1677.82,2025-04-01,cancelada,2025-05-01,,,,,
CT0006160,GA0071,CLI006742,PAR001,digital,Auto,73500.0,72,0.1657,1210.4,2025-07-27,ativa,,,,,,
CT0003682,GA0067,CLI005047,PAR001,digital,AUTO,115400.0,80,0.1998,1759.56,2024-10-18,ativa,,,,,,
CT0005961,GS0004,CLI006295,PAR008,correspondente,SERVICOS,24800.0,36,0.1977,838.86,2024-03-16,cancelada,2024-05-16,,,,,
CT0006431,GA0050,CLI000673,PAR008,correspondente,AUTO,87300.0,80,0.1656,1293.79,2025-09-15,ativa,,,,,,
CT0000080,GA0010,CLI004904,PAR004,telemarketing,auto,64000.0,72,0.1834,1069.69,2026-06-21,ativa,,,,,,
CT0000439,GS0016,CLI003469,PAR001,digital,SERVICOS,9100.0,24,0.1831,456.18,2026-05-08,ativa,,,,,,
CT0006334,GC0052,CLI001885,PAR004,telemarketing,smartphone,4200.0,12,0.2312,437.92,2025-06-07,quitada,,,,,,
CT0005730,GS0033,CLI004756,PAR006,loja,Serviços,18300.0,48,0.2067,467.68,2025-06-26,cancelada,2025-08-26,,,,,
CT0006192,GI0001,CLI005576,PAR005,bancario,imóvel,211200.0,200,0.1989,1287.16,2025-01-13,ativa,,,,,,
CT0007201,GC0041,CLI003842,PAR009,digital,smartphone,8500.0,24,0.2398,446.18,2023-10-06,quitada,,,,,,
CT0002538,GC0003,CLI005535,PAR006,loja,smartphone,5800.0,12,0.2269,602.67,2026-07-06,ativa,,,,,,
CT0004950,GA0035,CLI002599,PAR001,digital,AUTO,89500.0,80,0.1535,1312.85,2026-03-13,ativa,,,,,,
CT0006088,GA0069,CLI004352,PAR002,loja,Auto,80800.0,80,0.192,1224.12,2023-06-24,ativa,,,,,,
CT0002811,GC0054,CLI001116,PAR002,,Celular,2300.0,12,0.2215,237.95,2025-08-15,cancelada,2026-04-15,,,,,
CT0006294,GI0036,CLI003995,PAR005,bancario,imóvel,181000.0,180,0.201,1227.78,2025-10-04,ativa,,,,,,
CT0006119,GC0034,CLI004289,PAR004,telemarketing,smartphone,5700.0,12,0.2428,599.83,2024-07-17,cancelada,2024-12-17,,,,,
CT0006726,GA0042,CLI001288,PAR002,loja,Automóvel,121400.0,60,0.1705,2408.78,2025-04-08,contemplada,,CTP000705,GA0042,2025-08-08,sorteio,0.0
CT0008009,GS0014,CLI002681,PAR003,correspondente,Servicos,8000.0,36,0.2035,271.89,2025-05-19,ativa,,,,,,
CT0000235,GS0012,CLI004504,PAR010,correspondente,SERVICOS,15100.0,36,0.1884,506.86,2024-12-19,cancelada,2025-05-19,,,,,
CT0007037,GC0019,CLI004222,PAR012,interno,CELULAR,3400.0,18,0.215,233.28,2024-02-18,quitada,,,,,,
CT0003650,GA0003,CLI001704,PAR003,correspondente,automovel,53900.0,60,0.1532,1053.92,2024-01-01,ativa,,,,,,
CT0005661,GI0044,CLI001607,PAR010,correspondente,Imovel,196400.0,150,0.2052,1604.2,2026-04-25,cancelada,2026-06-25,,,,,
CT0003393,GA0058,CLI005397,PAR009,digital,Auto,104500.0,80,0.1739,1559.53,2024-03-26,ativa,,,,,,
CT0002709,GA0069,CLI002895,PAR007,digital,Auto,111100.0,80,0.1674,1649.0,2025-10-04,cancelada,2026-01-04,,,,,
CT0005013,GC0036,CLI006263,PAR004,telemarketing,celular,5200.0,24,0.2367,272.28,2026-04-09,cancelada,2026-07-09,,,,,
CT0001522,GC0031,CLI002553,PAR007,digital,celular,4500.0,24,0.2031,229.33,2025-01-06,cancelada,2025-04-06,,,,,
CT0004608,GA0054,CLI005578,PAR010,correspondente,Auto,48200.0,72,0.1591,789.34,2025-07-09,ativa,,,,,,
CT0005056,GI0013,CLI004578,PAR012,interno,IMOVEIS,489600.0,150,0.2077,4007.21,2024-11-03,ativa,,,,,,
CT0002011,GS0007,CLI001515,PAR002,loja,SERVICOS,10000.0,24,0.2002,508.42,2023-07-15,quitada,,,,,,
CT0003625,GC0043,CLI002180,PAR006,loja,CELULAR,6100.0,18,0.2349,425.27,2026-01-16,cancelada,2026-06-16,,,,,
CT0003873,GC0060,CLI001731,PAR002,loja,celular,6600.0,24,0.2092,338.03,2025-07-08,cancelada,2025-10-08,,,,,
CT0004398,GA0028,CLI005360,PAR001,digital,Auto,53600.0,72,0.1432,865.94,2025-10-23,ativa,,,,,,
CT0001637,GA0013,CLI002907,PAR008,correspondente,auto,65500.0,72,0.1635,1076.66,2024-09-08,cancelada,2026-06-08,,,,,
CT0002756,GS0014,CLI005789,PAR009,digital,servicos,14900.0,36,0.1835,498.12,2025-04-11,cancelada,2026-07-11,,,,,
CT0002031,GA0029,CLI003591,PAR010,correspondente,Automóvel,90400.0,60,0.1756,1801.37,2024-11-12,cancelada,2025-03-12,,,,,
CT0008306,GI0002,CLI000500,PAR005,bancario,imóvel,320800.0,180,0.1951,2165.58,2024-07-09,contemplada,,CTP000881,GI0002,2025-04-09,sorteio,0.0
CT0007098,GC0009,CLI001031,PAR007,digital,CELULAR,6200.0,24,0.2178,319.76,2024-08-19,cancelada,2025-01-19,,,,,
CT0001380,GA0009,CLI002614,PAR002,loja,AUTO,113700.0,80,0.1748,1698.11,2025-05-14,ativa,,,,,,
CT0007715,GS0017,CLI001562,PAR009,,serviço,20100.0,36,0.1954,678.6,2024-07-23,ativa,,,,,,
CT0005033,GA0086,CLI002696,PAR006,loja,Auto,53400.0,60,0.1837,1071.29,2026-04-14,ativa,,,,,,
CT0002017,GA0004,CLI000668,PAR004,telemarketing,Auto,51100.0,80,0.1656,757.3,2024-03-31,cancelada,2026-02-28,,,,,
CT0003615,GC0048,CLI002258,PAR006,,celular,6600.0,18,0.2254,456.65,2025-09-17,ativa,,,,,,
CT0005593,GI0013,CLI001212,PAR003,correspondente,Imovel,630900.0,150,0.1951,5110.71,2025-06-12,ativa,,,,,,
CT0001195,GA0084,CLI003472,PAR010,correspondente,Automóvel,74700.0,60,0.1794,1493.25,2023-12-01,cancelada,2024-04-01,,,,,
CT0006559,GS0036,CLI001715,PAR009,digital,serviço,21300.0,24,0.2089,1090.65,2026-03-08,ativa,,,,,,
CT0007346,GA0063,CLI005771,PAR010,correspondente,automovel,89700.0,60,0.1572,1759.91,2025-08-04,ativa,,,,,,
CT0002000,GS0027,CLI005784,PAR009,digital,Serviços,21900.0,48,0.2042,558.54,2024-10-04,cancelada,2025-09-04,,,,,
CT0004465,GA0067,CLI002272,PAR005,bancario,automovel,60300.0,80,0.1801,904.58,2025-01-15,ativa,,,,,,
CT0007344,GS0038,CLI006477,PAR004,telemarketing,Serviços,27200.0,36,0.2044,925.1,2024-08-04,cancelada,2024-12-04,,,,,
CT0008276,GA0081,CLI003486,PAR002,loja,automovel,94300.0,72,0.1772,1568.0,2024-12-03,ativa,,,,,,
CT0001845,GA0045,CLI003990,PAR002,loja,automovel,68200.0,60,0.1579,1338.88,2024-07-09,ativa,,,,,,
CT0001489,GA0083,CLI003109,PAR005,bancario,automovel,71400.0,60,0.1795,1427.4,2025-08-21,ativa,,,,,,
CT0002837,GA0089,CLI003591,PAR002,loja,auto,62800.0,72,0.1744,1041.78,2025-03-10,contemplada,,CTP000309,GA0089,2025-11-10,lance_fixo,15700.0
CT0007124,GA0068,CLI001053,PAR007,digital,AUTO,65400.0,72,0.1859,1095.36,2025-05-05,ativa,,,,,,
CT0008026,GA0089,CLI004230,PAR008,correspondente,Auto,114900.0,72,0.1866,1925.53,2025-02-26,ativa,,,,,,
CT0005968,GC0056,CLI005017,PAR009,digital,Celular,6700.0,12,0.2283,696.97,2025-07-19,quitada,,,,,,
CT0003484,GC0024,CLI001742,PAR008,correspondente,smartphone,1900.0,12,0.2292,197.79,2024-06-13,quitada,,,,,,
CT0004355,GA0065,CLI003908,PAR002,loja,auto,103800.0,60,0.1607,2042.61,2026-05-01,cancelada,2026-07-01,,,,,
CT0002881,GA0029,CLI005797,PAR005,bancario,automovel,128900.0,60,0.1628,2541.05,2024-07-20,ativa,,,,,,
CT0002373,GS0004,CLI001278,PAR012,interno,serviço,19800.0,36,0.2137,678.54,2026-02-23,ativa,,,,,,
CT0000370,GA0075,CLI004324,PAR001,,AUTO,91300.0,60,0.1821,1829.2,2026-03-25,cancelada,2026-05-25,,,,,
CT0006599,GC0028,CLI003834,PAR012,interno,Celular,8300.0,18,0.2397,580.86,2026-03-19,ativa,,,,,,
CT0005040,GC0042,CLI001982,PAR004,telemarketing,Celular,7000.0,12,0.2165,721.29,2024-03-14,quitada,,,,,,
CT0008247,GI0005,CLI001888,PAR011,correspondente,Imóveis,281000.0,200,0.1937,1705.25,2026-01-20,ativa,,,,,,
CT0002897,GA0020,CLI001052,PAR008,correspondente,AUTO,95400.0,80,0.1339,1376.03,2023-11-03,cancelada,2024-04-03,,,,,
CT0006604,GA0059,CLI004302,PAR001,digital,Automóvel,118900.0,60,0.1696,2357.39,2026-05-18,ativa,,,,,,
CT0004837,GC0051,CLI004036,PAR007,digital,CELULAR,7300.0,24,0.2167,376.16,2024-12-01,contemplada,,CTP000522,GC0051,2026-06-01,sorteio,0.0
CT0006299,GC0061,CLI005767,PAR007,digital,CELULAR,6100.0,24,0.2386,319.89,2025-07-13,ativa,,,,,,
CT0005696,GA0007,CLI001758,PAR009,digital,Auto,71800.0,72,0.191,1207.64,2026-06-10,cancelada,2026-07-10,,,,,
CT0005790,GI0011,CLI003727,PAR003,correspondente,imóvel,199400.0,200,0.2196,1235.88,2025-01-08,ativa,,,,,,
CT0005117,GA0077,CLI003864,PAR006,loja,AUTO,85000.0,80,0.1613,1255.13,2026-05-23,ativa,,,,,,
CT0001703,GC0000,CLI000352,PAR004,telemarketing,smartphone,6100.0,18,0.2266,422.46,2023-09-30,cancelada,2024-05-30,,,,,
CT0006074,GI0010,CLI005303,PAR009,digital,imoveis,182600.0,180,0.205,1242.69,2025-01-31,cancelada,2026-04-30,,,,,
CT0005688,GA0048,CLI005446,PAR004,,Automóvel,90300.0,80,0.1572,1328.76,2024-06-22,cancelada,2024-09-22,,,,,
CT0002362,GI0044,CLI000177,PAR005,bancario,imóvel,421600.0,150,0.1939,3411.87,2026-02-01,ativa,,,,,,
CT0006898,GC0002,CLI000446,PAR008,correspondente,CELULAR,3700.0,12,0.2315,385.88,2024-07-27,quitada,,,,,,
CT0005413,GI0012,CLI001796,PAR005,,imóvel,523400.0,150,0.2238,4340.03,2025-06-02,ativa,,,,,,
CT0006925,GS0024,CLI006129,PAR007,digital,Serviços,6800.0,36,0.2119,232.69,2025-04-13,cancelada,2025-09-13,,,,,
CT0001182,GA0020,CLI007096,PAR009,digital,automovel,102000.0,80,0.1783,1527.83,2026-02-01,ativa,,,,,,
CT0000372,GI0011,CLI001902,PAR012,interno,imoveis,357400.0,200,0.1992,2178.71,2025-08-12,ativa,,,,,,
CT0004032,GA0003,CLI000736,PAR007,digital,Automóvel,109500.0,60,0.182,2193.65,2025-08-14,cancelada,2025-10-14,,,,,
CT0007618,GA0068,CLI003311,PAR011,,Auto,124800.0,72,0.147,2022.8,2023-03-10,ativa,,,,,,
CT0005079,GS0007,CLI002544,PAR007,digital,Servicos,16400.0,24,0.2049,837.01,2025-06-05,ativa,,,,,,
CT0005557,GA0089,CLI003735,PAR001,digital,Auto,115900.0,72,0.1867,1942.45,2025-08-31,ativa,,,,,,
CT0006674,GA0083,CLI006694,PAR005,bancario,AUTO,58900.0,60,0.1699,1168.09,2025-08-10,ativa,,,,,,
CT0001517,GC0014,CLI002311,PAR004,telemarketing,smartphone,7600.0,24,0.2523,402.89,2024-07-13,cancelada,2025-05-13,,,,,
CT0003674,GA0068,CLI001789,PAR009,digital,automovel,89000.0,72,0.164,1463.56,2023-11-19,cancelada,2025-07-19,,,,,
CT0005702,GS0010,CLI003856,PAR007,digital,Serviços,32300.0,24,0.2027,1645.55,2024-12-30,cancelada,2025-06-30,CTP000607,GS0010,2025-03-30,sorteio,0.0
CT0008584,GI0016,CLI006913,PAR003,correspondente,imóvel,373600.0,200,0.2052,2288.67,2024-07-12,ativa,,,,,,
CT0003546,GS0009,CLI006842,PAR012,interno,Servicos,11400.0,48,0.2085,291.77,2025-06-03,contemplada,,CTP000382,GS0009,2026-03-03,sorteio,0.0
CT0000961,GA0020,CLI001452,PAR002,loja,Automóvel,48300.0,80,0.1675,716.95,2025-04-25,ativa,,,,,,
CT0004666,GA0043,CLI003014,PAR009,digital,auto,102100.0,72,0.1467,1654.45,2024-03-28,ativa,,,,,,
CT0002369,GC0052,CLI001879,PAR002,loja,CELULAR,9000.0,12,0.2398,944.85,2024-01-14,quitada,,,,,,
CT0004097,GC0013,CLI003842,PAR099,telemarketing,smartphone,3900.0,18,0.2197,268.6,2024-06-27,cancelada,2024-07-27,,,,,
CT0005907,GC0032,CLI005989,PAR009,digital,CELULAR,3400.0,18,0.2293,235.98,2025-05-13,cancelada,2026-05-13,,,,,
CT0001998,GI0041,CLI002158,PAR001,digital,Imóveis,330800.0,180,0.1934,2229.96,2024-09-16,ativa,,,,,,
CT0006007,GI0022,CLI004074,PAR004,telemarketing,Imovel,444100.0,200,0.1997,2708.34,2026-07-11,ativa,,,,,,
CT0000004,GA0044,CLI006221,PAR004,telemarketing,automovel,92200.0,60,0.1741,1834.93,2024-09-11,ativa,,,,,,
CT0004208,GI0041,CLI002950,PAR006,loja,IMOVEIS,636300.0,180,0.2129,4358.3,2023-07-31,ativa,,,,,,
CT0006105,GI0029,CLI005245,PAR003,,Imovel,399900.0,200,0.1915,2422.39,2026-03-24,ativa,,,,,,
CT0003827,GS0037,CLI006188,PAR001,digital,serviço,19900.0,48,0.1859,499.95,2025-02-27,ativa,,,,,,
CT0000214,GC0051,CLI006635,PAR012,interno,celular,8200.0,24,0.2354,428.93,2026-05-22,ativa,,,,,,
CT0008581,GI0012,CLI001989,PAR003,correspondente,IMOVEIS,352400.0,150,0.2177,2907.77,2026-01-08,ativa,,,,,,
CT0003451,GA0051,CLI001353,PAR006,loja,Auto,104900.0,60,0.1618,2066.18,2025-01-15,contemplada,,CTP000374,GA0051,2025-12-15,lance_fixo,26225.0
CT0007829,GC0061,CLI000306,PAR007,digital,Celular,6900.0,24,0.2422,362.88,2024-08-27,cancelada,2024-10-27,,,,,
CT0007306,GI0038,CLI005845,PAR008,correspondente,IMOVEIS,464000.0,150,0.1885,3738.29,2025-07-23,ativa,,,,,,
CT0000473,GI0018,CLI003073,PAR003,correspondente,Imovel,384000.0,200,0.2066,2355.07,2024-05-09,ativa,,,,,,
CT0003197,GC0010,CLI006568,PAR007,digital,celular,6200.0,12,0.2233,642.37,2025-02-20,cancelada,2025-04-20,,,,,
CT0002101,GA0010,CLI007174,PAR001,digital,auto,53500.0,72,0.1659,881.19,2025-01-23,ativa,,,,,,
CT0007878,GA0059,CLI006615,PAR004,telemarketing,auto,80900.0,60,0.1746,1610.72,2023-05-12,cancelada,2024-08-12,,,,,
CT0007703,GA0058,CLI000573,PAR001,digital,AUTO,106700.0,80,0.1806,1601.3,2023-10-18,ativa,,,,,,
CT0007606,GS0006,CLI004176,PAR001,digital,Servicos,11300.0,36,0.2034,384.01,2025-11-02,ativa,,,,,,
CT0000722,GC0041,CLI000952,PAR009,digital,celular,7900.0,24,0.2413,415.18,2025-10-12,ativa,,,,,,
CT0001027,GA0057,CLI000575,PAR010,correspondente,AUTO,46500.0,60,0.1569,912.1,2023-10-27,ativa,,,,,,
CT0004482,GS0004,CLI001976,PAR004,,serviço,20800.0,36,0.1937,701.25,2024-11-25,cancelada,2025-01-25,,,,,
CT0006719,GC0011,CLI002290,PAR006,loja,celular,3200.0,12,0.2321,333.89,2025-07-06,cancelada,2025-12-06,,,,,
CT0003919,GA0083,CLI003882,PAR002,loja,Automóvel,119500.0,60,0.1783,2386.61,2026-04-02,ativa,,,,,,
CT0000420,GS0014,CLI003920,PAR001,digital,SERVICOS,24100.0,36,0.2159,827.37,2023-03-20,cancelada,2023-06-20,,,,,
CT0004175,GC0001,CLI004176,PAR001,digital,Celular,3900.0,24,0.2245,202.23,2026-05-07,ativa,,,,,,
CT0006575,GC0016,CLI005684,PAR008,correspondente,smartphone,3700.0,12,0.2282,384.86,2023-08-19,quitada,,,,,,
CT0003920,GS0013,CLI001802,PAR004,telemarketing,servicos,7900.0,36,0.212,270.36,2026-01-31,cancelada,2026-02-28,,,,,
CT0006707,GS0024,CLI001600,PAR012,interno,serviço,18200.0,36,0.1992,616.37,2026-05-03,ativa,,,,,,
CT0001601,GA0032,CLI004246,PAR009,digital,Auto,70900.0,60,0.1619,1396.61,2025-04-29,ativa,,,,,,
CT0003735,GC0065,CLI000505,PAR007,digital,smartphone,5700.0,18,0.2077,388.77,2025-09-11,cancelada,2026-02-11,,,,,
CT0006122,GC0009,CLI005111,PAR007,digital,celular,7000.0,24,0.2251,363.15,2025-03-26,cancelada,2025-12-26,,,,,
CT0003644,GI0004,CLI004800,PAR005,bancario,Imovel,606000.0,200,0.2018,3702.05,2024-09-05,ativa,,,,,,
CT0006769,GC0046,CLI007165,PAR004,telemarketing,CELULAR,8400.0,12,0.2072,859.04,2025-10-31,cancelada,2025-11-30,,,,,
CT0005595,GS0006,CLI003092,PAR004,telemarketing,servicos,24400.0,36,0.2021,828.31,2025-06-27,ativa,,,,,,
CT0007266,GI0001,CLI004466,PAR009,digital,Imóveis,322300.0,200,0.2153,1990.69,2025-06-18,cancelada,2025-07-18,,,,,
CT0007678,GI0037,CLI001835,PAR010,correspondente,imóvel,559400.0,200,0.2125,3447.3,2025-11-08,ativa,,,,,,
CT0001102,GA0071,CLI003213,PAR005,bancario,Auto,125100.0,72,0.1696,2066.93,2026-06-16,ativa,,,,,,
CT0000201,GA0065,CLI005106,PAR012,interno,automovel,114900.0,60,0.1816,2301.06,2025-10-27,ativa,,,,,,
CT0007010,GS0021,CLI006825,PAR006,loja,Servicos,33800.0,36,0.2126,1157.27,2026-02-02,ativa,,,,,,
CT0005991,GI0000,CLI004059,PAR008,correspondente,Imovel,254100.0,150,0.1945,2057.36,2024-04-08,contemplada,,CTP000632,GI0000,2026-05-08,lance_livre,78273.7
CT0001051,GA0006,CLI000304,PAR012,interno,AUTO,96600.0,80,0.1691,1435.84,2024-03-04,ativa,,,,,,
CT0006714,GA0069,CLI004067,PAR010,correspondente,automovel,47700.0,80,0.161,704.17,2024-01-12,cancelada,2025-08-12,,,,,
CT0008114,GC0018,CLI003167,PAR004,telemarketing,CELULAR,3000.0,12,0.2355,313.88,2026-01-03,cancelada,2026-02-03,,,,,
CT0003151,GI0014,CLI000443,PAR003,correspondente,Imóveis,358800.0,150,0.1941,2904.13,2026-01-20,ativa,,,,,,
CT0005766,GC0036,CLI006393,PAR004,telemarketing,celular,6000.0,24,0.2279,311.97,2023-07-16,cancelada,2024-01-16,,,,,
CT0002991,GI0033,CLI006478,PAR007,digital,Imóveis,520900.0,200,0.2137,3213.17,2025-07-20,ativa,,,,,,
CT0005587,GS0025,CLI004489,PAR004,telemarketing,SERVICOS,7700.0,48,0.1962,195.1,2024-01-26,cancelada,2024-10-26,,,,,
CT0003122,GI0030,CLI004981,PAR005,bancario,IMOVEIS,181200.0,200,0.2093,1113.75,2023-09-10,ativa,,,,,,
CT0007421,GI0027,CLI005223,PAR011,correspondente,imóvel,572600.0,150,0.1952,4638.82,2024-12-04,ativa,,,,,,
CT0006616,GA0045,CLI001287,PAR001,,auto,47000.0,60,0.1885,946.66,2024-09-20,contemplada,,CTP000698,GA0045,2026-07-20,sorteio,0.0
CT0006194,GA0052,CLI004793,PAR001,digital,auto,129200.0,60,0.1725,2567.85,2024-07-20,contemplada,,CTP000645,GA0052,2025-06-20,lance_livre,32628.56
CT0008379,GC0046,CLI001972,PAR009,digital,Celular,6900.0,12,0.2056,704.72,2025-09-11,ativa,,,,,,
CT0000721,GA0083,CLI002221,PAR002,loja,AUTO,75700.0,60,0.1441,1468.71,2025-02-27,ativa,,,,,,
CT0001732,GA0029,CLI006029,PAR002,loja,AUTO,64800.0,60,0.1741,1289.63,2024-06-02,cancelada,2026-04-02,,,,,
CT0006676,GA0001,CLI005330,PAR010,correspondente,AUTO,109800.0,72,0.1934,1850.44,2025-09-02,ativa,,,,,,
CT0007405,GC0021,CLI006281,PAR004,telemarketing,celular,2700.0,12,0.2331,281.95,2023-05-07,cancelada,2023-11-07,,,,,
CT0000290,GA0010,CLI000496,PAR002,loja,AUTO,64700.0,72,0.1639,1063.87,2024-11-18,contemplada,,CTP000038,GA0010,2025-05-18,sorteio,0.0
CT0003512,GI0003,CLI006246,PAR002,loja,Imóveis,412700.0,150,0.1976,3350.02,2024-06-24,ativa,,,,,,
CT0007834,GA0030,CLI001814,PAR002,loja,Auto,64000.0,72,0.1566,1045.87,2026-05-11,ativa,,,,,,
CT0002948,GA0022,CLI005132,PAR007,digital,automovel,119800.0,80,0.1866,1806.88,2025-11-17,cancelada,2026-01-17,,,,,
CT0004194,GA0031,CLI004271,PAR010,correspondente,auto,100600.0,72,0.1716,1664.93,2023-10-24,ativa,,,,,,
CT0003790,GA0081,CLI000744,PAR001,digital,Automóvel,103200.0,72,0.1765,1714.98,2024-03-02,contemplada,,CTP000406,GA0081,2025-07-02,sorteio,0.0
CT0006462,GA0050,CLI006006,PAR010,correspondente,AUTO,46100.0,80,0.1578,678.71,2023-12-22,cancelada,2026-01-22,,,,,
CT0003202,GC0027,CLI006356,PAR006,loja,celular,4700.0,15,0.24,394.8,2024-02-23,quitada,,,,,,
CT0002540,GC0012,CLI001373,PAR007,digital,celular,5800.0,15,0.2212,479.93,2025-02-04,cancelada,2025-06-04,,,,,
CT0003564,GI0025,CLI004952,PAR005,bancario,Imovel,391300.0,150,0.1964,3173.18,2024-08-09,ativa,,,,,,
CT0000204,GS0026,CLI001146,PAR005,bancario,serviço,27000.0,48,0.1896,680.4,2025-11-16,ativa,,,,,,
CT0007052,GI0037,CLI005268,PAR001,,imóvel,264400.0,200,0.2307,1653.43,2023-07-12,cancelada,2023-12-12,,,,,
CT0000059,GC0053,CLI006756,PAR007,digital,celular,8600.0,24,0.2254,446.27,2025-07-21,cancelada,2026-03-21,,,,,
CT0003164,GC0001,CLI004153,PAR006,loja,CELULAR,6800.0,24,0.2547,361.16,2023-09-30,cancelada,2025-02-28,,,,,
CT0005407,GC0068,CLI002346,PAR004,telemarketing,celular,5200.0,24,0.2324,271.35,2023-11-24,cancelada,2024-01-24,,,,,
CT0005317,GS0023,CLI002217,PAR003,correspondente,SERVICOS,15800.0,24,0.2107,810.21,2023-11-01,quitada,,,,,,
CT0007213,GC0033,CLI004950,PAR004,telemarketing,Celular,5800.0,15,0.2301,483.37,2025-11-15,cancelada,2026-01-15,,,,,
CT0004613,GS0018,CLI001645,PAR001,digital,SERVICOS,12200.0,24,0.2157,628.15,2023-12-04,quitada,,CTP000498,GS0018,2024-10-04,sorteio,0.0
CT0007981,GC0050,CLI006936,PAR001,digital,celular,7800.0,18,0.237,544.7,2025-05-03,cancelada,2025-11-03,,,,,
CT0006668,GC0021,CLI007152,PAR007,digital,CELULAR,5200.0,12,0.2194,537.07,2025-05-30,cancelada,2025-09-30,,,,,
CT0005837,GC0015,CLI000461,PAR007,digital,celular,7400.0,24,0.2013,376.57,2025-06-13,ativa,,,,,,
CT0004879,GS0017,CLI001166,PAR007,digital,Servicos,9900.0,36,0.1901,332.78,2025-01-01,cancelada,2025-05-01,,,,,
CT0002983,GA0083,CLI002004,PAR010,correspondente,automovel,73700.0,60,0.1703,1462.09,2024-05-07,ativa,,,,,,
CT0004313,GA0059,CLI002877,PAR002,loja,AUTO,107300.0,60,0.1794,2144.93,2025-04-19,ativa,,,,,,
CT0008136,GI0042,CLI002230,PAR006,loja,imóvel,434100.0,150,0.212,3565.41,2026-02-15,cancelada,2026-07-15,,,,,
CT0003630,GA0034,CLI007101,PAR010,correspondente,Auto,55000.0,80,0.1917,833.04,2025-02-14,ativa,,,,,,
CT0008575,GA0073,CLI001551,PAR001,digital,automovel,71200.0,80,0.1789,1067.02,2024-04-30,ativa,,,,,,
CT0004732,GA0052,CLI000443,PAR005,bancario,auto,84300.0,60,0.1558,1652.0,2024-07-15,ativa,,,,,,
CT0001411,GA0088,CLI002484,PAR001,digital,Automóvel,76900.0,80,0.2006,1173.3,2024-01-08,ativa,,,,,,
CT0001896,GC0035,CLI006944,PAR009,digital,smartphone,5800.0,24,0.2148,298.41,2024-10-20,ativa,,,,,,
CT0001317,GA0013,CLI001677,PAR004,telemarketing,Automóvel,88000.0,72,0.1744,1459.82,2025-04-05,ativa,,,,,,
CT0006369,GC0049,CLI003878,PAR007,,CELULAR,6500.0,24,0.2318,339.03,2025-11-04,ativa,,,,,,
CT0006414,GA0073,CLI003917,PAR007,digital,automovel,62700.0,80,0.1629,927.1,2025-08-11,cancelada,2025-12-11,,,,,
CT0001948,GC0029,CLI003436,PAR099,digital,smartphone,6900.0,24,0.2315,359.81,2025-08-27,cancelada,2026-03-27,CTP000214,GC0029,2026-02-27,lance_fixo,1725.0
CT0004561,GS0036,CLI004429,PAR001,digital,Serviços,22700.0,24,0.2134,1166.59,2025-10-05,ativa,,,,,,
CT0002766,GA0037,CLI002230,PAR011,correspondente,AUTO,84200.0,80,0.1711,1253.63,2025-03-20,contemplada,,CTP000302,GA0037,2025-10-20,sorteio,0.0
CT0005312,GI0034,CLI007064,PAR006,loja,Imovel,182400.0,180,0.1932,1229.38,2023-06-20,ativa,,,,,,
CT0001774,GA0006,CLI000439,PAR011,correspondente,Automóvel,103900.0,80,0.1716,1547.59,2023-04-16,ativa,,,,,,
CT0001835,GC0027,CLI005714,PAR008,correspondente,Celular,5200.0,15,0.2213,430.32,2023-10-20,quitada,,,,,,
CT0004271,GI0032,CLI002930,PAR010,correspondente,Imovel,556600.0,180,0.2044,3786.12,2025-11-25,ativa,,,,,,
CT0000688,GA0026,CLI002121,PAR007,digital,AUTO,109700.0,72,0.1775,1824.52,2025-08-03,ativa,,,,,,
CT0005201,GC0025,CLI000870,PAR005,bancario,smartphone,8400.0,15,0.2138,690.93,2024-07-09,cancelada,2025-01-09,,,,,
CT0002302,GS0028,CLI001641,PAR010,,serviço,31100.0,24,0.2047,1587.01,2023-09-08,quitada,,,,,,
CT0000641,GS0038,CLI002183,PAR012,interno,Serviços,8000.0,36,0.2133,274.07,2025-08-26,ativa,,,,,,
CT0004247,GC0032,CLI006187,PAR007,digital,CELULAR,3200.0,18,0.2232,221.01,2024-08-07,cancelada,2024-10-07,,,,,
CT0008551,GI0044,CLI007064,PAR005,bancario,imoveis,615200.0,150,0.2034,5017.57,2026-02-12,ativa,,,,,,
CT0003867,GI0042,CLI004721,PAR002,loja,Imóveis,574800.0,150,0.2212,4756.28,2025-10-07,ativa,,,,,,
CT0007252,GA0082,CLI003417,PAR010,correspondente,auto,110900.0,80,0.1718,1652.13,2024-02-07,cancelada,2025-07-07,,,,,
CT0002288,GC0002,CLI002693,PAR007,digital,smartphone,5000.0,12,0.2137,514.04,2024-08-07,cancelada,2025-01-07,,,,,
CT0006838,GA0048,CLI003601,PAR005,bancario,Auto,88400.0,80,0.1669,1311.52,2024-11-05,ativa,,,,,,
CT0001267,GC0040,CLI000539,PAR010,correspondente,Celular,2300.0,15,0.2178,189.8,2024-01-17,cancelada,2025-01-17,,,,,
CT0001796,GA0064,CLI006692,PAR099,correspondente,Automóvel,103900.0,72,0.1759,1725.75,2026-05-30,ativa,,,,,,
CT0008139,GA0078,CLI006421,PAR001,digital,auto,48300.0,72,0.1613,792.46,2025-01-30,cancelada,2026-04-30,,,,,
CT0002180,GA0052,CLI004163,PAR002,loja,Auto,104300.0,60,0.1684,2065.84,2024-10-27,ativa,,,,,,
CT0007479,GI0008,CLI006446,PAR005,bancario,imoveis,331600.0,180,0.2058,2258.2,2023-09-28,cancelada,2025-09-28,,,,,
CT0003646,GI0038,CLI005462,PAR001,digital,IMOVEIS,268200.0,150,0.211,2201.03,2025-09-09,ativa,,,,,,
CT0001791,GI0040,CLI002834,PAR011,correspondente,IMOVEIS,521400.0,200,0.2013,3183.93,2024-10-21,ativa,,,,,,
CT0002501,GC0041,CLI001294,PAR002,loja,Celular,5900.0,24,0.2147,303.53,2025-11-22,cancelada,2026-05-22,,,,,
CT0003720,GA0037,CLI005159,PAR010,correspondente,AUTO,90900.0,80,0.1768,1359.86,2025-10-06,ativa,,,,,,
CT0007605,GC0040,CLI005057,PAR001,digital,smartphone,7200.0,15,0.2406,605.09,2023-11-12,quitada,,,,,,
CT0006903,GA0081,CLI002201,PAR005,bancario,AUTO,90000.0,72,0.1769,1496.12,2025-02-04,ativa,,,,,,
CT0006760,GA0021,CLI003098,PAR005,bancario,AUTO,129900.0,80,0.1565,1910.34,2024-09-26,ativa,,,,,,
CT0007520,GC0007,CLI001753,PAR009,digital,CELULAR,1800.0,24,0.2054,91.91,2026-07-22,cancelada,2026-08-22,,,,,
CT0005063,GA0029,CLI003584,PAR011,correspondente,Auto,120000.0,60,0.1639,2367.8,2024-09-01,ativa,,,,,,
CT0007461,GA0018,CLI004952,PAR001,digital,Auto,103300.0,72,0.1684,1705.02,2026-05-11,ativa,,,,,,
CT0000907,GC0001,CLI003967,PAR009,digital,CELULAR,5200.0,24,0.2257,269.9,2024-12-29,cancelada,2025-07-29,,,,,
CT0003386,GC0059,CLI002870,PAR007,digital,Celular,6200.0,12,0.2167,638.96,2025-07-27,cancelada,2025-11-27,,,,,
CT0005953,GA0065,CLI000172,PAR005,bancario,auto,72700.0,60,0.1778,1451.33,2024-06-13,ativa,,,,,,
CT0000411,GS0021,CLI001911,PAR009,digital,Servicos,31300.0,36,0.2117,1070.89,2024-09-24,cancelada,2024-12-24,,,,,
CT0003142,GA0078,CLI000224,PAR001,digital,AUTO,92100.0,72,0.1725,1525.41,2025-04-27,ativa,,,,,,
CT0000660,GA0023,CLI000464,PAR010,correspondente,auto,84600.0,72,0.1667,1394.37,2025-07-22,ativa,,,,,,
CT0002272,GA0052,CLI002937,PAR002,loja,automovel,67000.0,60,0.1927,1354.18,2024-12-24,cancelada,2025-06-24,,,,,
CT0007833,GC0019,CLI002356,PAR007,digital,Celular,5600.0,18,0.2464,393.99,2025-05-08,cancelada,2025-08-08,,,,,
CT0007962,GS0017,CLI004457,PAR009,digital,SERVICOS,10000.0,36,0.2151,343.08,2024-01-12,cancelada,2024-06-12,,,,,
CT0001509,GC0062,CLI002945,PAR012,interno,smartphone,1900.0,24,0.2401,99.76,2024-12-19,ativa,,,,,,
CT0003508,GI0005,CLI006949,PAR003,correspondente,imoveis,202100.0,200,0.1827,1215.33,2024-08-15,ativa,,,,,,
CT0001981,GC0053,CLI006804,PAR007,digital,celular,4300.0,24,0.2156,221.38,2025-06-02,cancelada,2025-11-02,,,,,
CT0003804,GC0016,CLI000960,PAR008,correspondente,Celular,3700.0,12,0.2393,388.28,2025-12-20,ativa,,,,,,
CT0000849,GC0055,CLI005286,PAR007,digital,CELULAR,6400.0,24,0.2416,336.43,2025-07-07,cancelada,2025-09-07,,,,,
CT0008590,GS0036,CLI004041,PAR001,digital,SERVICOS,20400.0,24,0.1863,1025.35,2023-02-12,quitada,,,,,,
CT0002684,GC0038,CLI000857,PAR006,loja,celular,8300.0,18,0.2324,577.5,2023-06-16,quitada,,,,,,
CT0001936,GI0030,CLI002146,PAR005,bancario,imóvel,568900.0,200,0.1955,3457.49,2025-04-28,cancelada,2025-05-28,,,,,
CT0008399,GS0009,CLI005145,PAR007,digital,Serviços,21900.0,48,0.2021,557.58,2025-07-09,cancelada,2026-04-09,,,,,
CT0000605,GC0003,CLI001845,PAR009,digital,CELULAR,7900.0,12,0.2305,823.25,2025-07-18,quitada,,,,,,
CT0005932,GI0043,CLI000613,PAR012,interno,imóvel,570200.0,150,0.2188,4709.09,2025-05-10,ativa,,,,,,
CT0000079,GC0048,CLI006489,PAR007,digital,CELULAR,6700.0,18,0.2557,474.84,2025-10-18,ativa,,,,,,
CT0007905,GS0018,CLI003559,PAR009,digital,SERVICOS,20500.0,24,0.1956,1038.33,2024-06-08,cancelada,2025-07-08,,,,,
CT0004863,GA0053,CLI003893,PAR012,interno,Automóvel,100100.0,80,0.1752,1495.49,2024-09-30,ativa,,,,,,
CT0008560,GA0014,CLI003412,PAR012,interno,Automóvel,74000.0,80,0.1734,1103.89,2025-07-13,ativa,,,,,,
CT0003404,GS0036,CLI002694,PAR007,digital,SERVICOS,14500.0,24,0.2115,744.03,2025-01-22,cancelada,2025-03-22,,,,,
CT0006749,GC0034,CLI000944,PAR009,,CELULAR,5800.0,12,0.2348,606.49,2025-09-12,ativa,,,,,,
CT0004182,GA0050,CLI006477,PAR007,digital,Auto,115600.0,80,0.1486,1688.63,2025-04-02,ativa,,,,,,
CT0005300,GI0001,CLI001223,PAR009,digital,imóvel,208500.0,200,0.2089,1281.13,2024-02-26,ativa,,,,,,
CT0002010,GI0032,CLI004833,PAR005,bancario,IMOVEIS,319000.0,180,0.202,2165.66,2023-07-23,contemplada,,CTP000220,GI0032,2024-01-23,sorteio,0.0
CT0007818,GI0009,CLI003459,PAR005,bancario,IMOVEIS,232700.0,180,0.1921,1566.98,2025-03-14,ativa,,,,,,
CT0006155,GC0040,CLI001623,PAR009,digital,CELULAR,3700.0,15,0.2462,312.33,2025-01-12,quitada,,CTP000642,GC0040,2026-02-12,lance_livre,687.7
CT0000298,GS0008,CLI002261,PAR009,digital,Serviços,13800.0,48,0.1833,345.95,2024-12-19,cancelada,2025-05-19,,,,,
CT0003888,GC0040,CLI006604,PAR005,bancario,celular,9000.0,15,0.2179,742.74,2023-09-24,cancelada,2024-01-24,,,,,
CT0003169,GC0017,CLI000145,PAR005,bancario,Celular,4900.0,12,0.2204,506.5,2025-01-13,cancelada,2025-10-13,,,,,
CT0002515,GA0011,CLI005383,PAR001,digital,AUTO,109600.0,72,0.1351,1758.32,2024-11-17,ativa,,,,,,
CT0004581,GI0034,CLI004621,PAR008,correspondente,Imóveis,531300.0,180,0.1827,3549.97,2026-01-16,ativa,,,,,,
CT0008135,GI0001,CLI005644,PAR011,correspondente,IMOVEIS,442600.0,200,0.1982,2695.88,2025-07-10,contemplada,,CTP000861,GI0001,2025-11-10,lance_fixo,110650.0
CT0005652,GC0062,CLI001232,PAR006,loja,Celular,3700.0,24,0.2438,194.84,2024-03-20,cancelada,2025-07-20,,,,,
CT0001125,GC0019,CLI003796,PAR009,digital,CELULAR,3700.0,18,0.2144,253.74,2026-07-09,ativa,,,,,,
CT0003609,GS0010,CLI000351,PAR008,correspondente,SERVICOS,9300.0,24,0.2041,474.34,2024-07-06,quitada,,CTP000387,GS0010,2025-05-06,lance_livre,3544.75
CT0000742,GA0035,CLI007190,PAR099,loja,auto,85800.0,80,0.1632,1268.98,2025-04-21,cancelada,2026-01-21,,,,,
CT0008586,GS0018,CLI004162,PAR006,loja,servicos,11600.0,24,0.1798,579.9,2025-10-11,ativa,,,,,,
CT0002876,GC0041,CLI002467,PAR006,loja,CELULAR,4700.0,24,0.2374,246.24,2024-08-23,quitada,,,,,,
CT0004448,GI0044,CLI003832,PAR012,interno,imóvel,199100.0,150,0.2071,1628.77,2024-06-12,ativa,,,,,,
CT0004143,GA0062,CLI000296,PAR099,digital,Automóvel,117900.0,60,0.1712,2340.71,2024-02-20,ativa,,,,,,
CT0001158,GC0037,CLI000741,PAR006,loja,smartphone,6800.0,24,0.2404,357.11,2024-03-06,cancelada,2024-04-06,,,,,
CT0005329,GC0044,CLI005598,PAR004,telemarketing,smartphone,3300.0,12,0.2159,339.87,2023-10-23,cancelada,2024-01-23,,,,,
CT0004736,GA0051,CLI004583,PAR004,telemarketing,auto,104200.0,60,0.165,2057.95,2025-02-28,contemplada,,CTP000510,GA0051,2026-02-28,sorteio,0.0
CT0007671,GA0021,CLI001353,PAR006,loja,Automóvel,92200.0,80,0.1824,1385.77,2025-03-12,ativa,,,,,,
CT0005744,GA0016,CLI004923,PAR006,loja,Automóvel,104900.0,80,0.1456,1528.39,2023-11-29,cancelada,2023-12-29,,,,,
CT0001351,GA0042,CLI001330,PAR005,,auto,63800.0,60,0.1623,1257.18,2023-05-15,ativa,,,,,,
CT0004249,GI0007,CLI006390,PAR001,digital,Imóveis,229300.0,150,0.1959,1858.71,2025-02-25,ativa,,,,,,
CT0000034,GI0017,CLI006403,PAR003,correspondente,IMOVEIS,454900.0,150,0.2038,3711.38,2023-10-08,ativa,,,,,,
CT0005102,GC0024,CLI000068,PAR007,digital,smartphone,3800.0,12,0.233,396.78,2025-06-20,cancelada,2026-05-20,CTP000544,GC0024,2025-11-20,sorteio,0.0
CT0003611,GS0028,CLI001588,PAR006,loja,Servicos,27700.0,24,0.2202,1431.4,2026-03-05,ativa,,,,,,
CT0008507,GS0005,CLI003931,PAR007,digital,Serviços,6100.0,48,0.2162,157.1,2025-11-03,ativa,,,,,,
CT0001668,GS0035,CLI006685,PAR004,telemarketing,SERVICOS,8600.0,24,0.2054,439.1,2025-08-09,cancelada,2025-10-09,,,,,
CT0007415,GC0014,CLI005413,PAR007,digital,CELULAR,7600.0,24,0.2408,399.25,2025-05-19,cancelada,2025-06-19,,,,,
CT0000239,GA0067,CLI004663,PAR001,digital,automovel,47300.0,80,0.1513,692.53,2025-10-24,ativa,,,,,,
CT0006094,GA0080,CLI001208,PAR004,telemarketing,Auto,119500.0,60,0.1633,2356.74,2025-11-25,cancelada,2026-05-25,,,,,
CT0005331,GA0083,CLI005789,PAR006,loja,Automóvel,114200.0,60,0.1741,2272.77,2024-07-29,ativa,,,,,,
CT0005659,GA0027,CLI002074,PAR005,bancario,auto,61300.0,72,0.1954,1034.78,2025-10-23,contemplada,,CTP000602,GA0027,2026-03-23,lance_livre,30319.21
CT0002336,GA0056,CLI006644,PAR001,digital,automovel,111500.0,72,0.1702,1843.16,2025-08-16,cancelada,2026-01-16,,,,,
CT0002231,GI0031,CLI003253,PAR001,digital,IMOVEIS,344800.0,200,0.2182,2134.66,2025-12-31,ativa,,,,,,
CT0007581,GA0025,CLI006016,PAR004,telemarketing,AUTO,97300.0,72,0.1623,1597.75,2024-09-19,ativa,,,,,,
CT0008599,GI0024,CLI001431,PAR005,bancario,IMOVEIS,457600.0,180,0.1985,3097.7,2023-06-14,ativa,,,,,,
CT0002957,GA0008,CLI000432,PAR099,loja,auto,92500.0,80,0.1567,1360.56,2025-02-24,ativa,,,,,,
CT0008410,GA0049,CLI000307,PAR007,digital,AUTO,70400.0,60,0.1759,1403.19,2025-08-21,ativa,,,,,,
CT0008430,GS0039,CLI005667,PAR005,bancario,SERVICOS,28600.0,48,0.2068,730.97,2023-04-15,contemplada,,CTP000891,GS0039,2025-04-15,lance_fixo,7150.0
CT0006313,GC0039,CLI000341,PAR007,digital,Celular,2800.0,12,0.2283,291.27,2024-10-25,cancelada,2024-12-25,,,,,
CT0005231,GS0015,CLI006833,PAR007,digital,Serviços,25700.0,24,0.1861,1291.53,2025-04-06,cancelada,2026-02-06,CTP000559,GS0015,2026-02-06,sorteio,0.0
CT0001397,GC0014,CLI000993,PAR009,digital,Celular,2700.0,24,0.2162,139.07,2026-04-05,cancelada,2026-07-05,,,,,
CT0004940,GI0007,CLI006344,PAR006,loja,Imóveis,338200.0,150,0.1967,2743.25,2024-09-28,cancelada,2026-01-28,,,,,
CT0004293,GC0030,CLI006537,PAR006,loja,Celular,4100.0,15,0.2291,341.42,2024-12-02,quitada,,CTP000470,GC0030,2026-03-02,sorteio,0.0
CT0005792,GA0039,CLI003775,PAR001,digital,automovel,97600.0,60,0.1688,1933.78,2023-12-04,ativa,,,,,,
CT0004636,GI0037,CLI004825,PAR008,correspondente,imoveis,376700.0,200,0.213,2322.36,2025-06-05,ativa,,,,,,
CT0003276,GC0000,CLI001504,PAR007,digital,celular,7000.0,18,0.2304,486.27,2025-07-30,cancelada,2026-02-28,,,,,
CT0004518,GI0028,CLI005907,PAR005,bancario,IMOVEIS,432500.0,200,0.1998,2637.82,2023-12-09,contemplada,,CTP000489,GI0028,2024-01-09,lance_livre,178358.32
CT0002115,GC0001,CLI005751,PAR004,telemarketing,celular,5100.0,24,0.2229,264.12,2025-10-22,cancelada,2026-02-22,,,,,
CT0005204,GS0012,CLI001717,PAR011,correspondente,Serviços,10800.0,36,0.1856,361.68,2024-06-14,ativa,,,,,,
CT0007228,GC0042,CLI002180,PAR004,telemarketing,CELULAR,6500.0,12,0.2317,678.0,2025-04-24,quitada,,,,,,
CT0005695,GC0009,CLI000786,PAR004,telemarketing,CELULAR,5100.0,24,0.2318,266.01,2025-08-26,cancelada,2025-10-26,,,,,
CT0000362,GA0015,CLI006133,PAR002,loja,auto,60400.0,80,0.1623,892.64,2025-01-22,ativa,,,,,,
CT0005007,GC0017,CLI005405,PAR008,correspondente,CELULAR,2400.0,12,0.2238,248.76,2025-06-15,quitada,,,,,,
CT0008574,GA0079,CLI003518,PAR002,loja,Auto,51400.0,72,0.1346,824.26,2025-10-04,ativa,,,,,,
CT0005143,GA0087,CLI006001,PAR012,interno,automovel,102000.0,60,0.1639,2012.63,2024-10-11,ativa,,,,,,
CT0001493,GA0048,CLI004140,PAR001,digital,automovel,124400.0,80,0.1807,1867.09,2023-01-18,cancelada,2024-01-18,,,,,
CT0005877,GS0002,CLI000438,PAR002,loja,Servicos,14700.0,36,0.2004,498.33,2025-12-12,ativa,,,,,,
CT0006292,GA0053,CLI004282,PAR012,interno,automovel,94500.0,80,0.1785,1415.73,2024-12-16,ativa,,,,,,
CT0002679,GA0018,CLI006525,PAR001,digital,Automóvel,95300.0,72,0.1632,1566.1,2026-04-03,ativa,,,,,,
CT0006066,GC0018,CLI005517,PAR007,digital,Celular,4500.0,12,0.227,467.63,2025-01-03,cancelada,2025-02-03,,,,,
CT0007946,GA0042,CLI003289,PAR003,correspondente,auto,51200.0,60,0.1769,1021.35,2025-09-25,ativa,,,,,,
CT0001771,GC0046,CLI007158,PAR009,digital,CELULAR,6300.0,12,0.2139,647.8,2025-09-21,ativa,,,,,,
CT0008265,GS0001,CLI000825,PAR007,digital,Servicos,18400.0,24,0.2094,942.54,2025-01-10,ativa,,,,,,
CT0002473,GC0002,CLI000644,PAR009,digital,smartphone,7400.0,12,0.2328,772.56,2025-11-27,ativa,,,,,,
CT0005938,GC0021,CLI003060,PAR004,telemarketing,celular,4000.0,12,0.2384,419.47,2024-06-03,cancelada,2025-05-03,,,,,
CT0000095,GA0075,CLI002325,PAR005,bancario,AUTO,96600.0,60,0.173,1920.73,2024-11-11,ativa,,,,,,
CT0003825,GI0006,CLI006324,PAR012,interno,imoveis,374800.0,180,0.2003,2540.94,2023-09-23,ativa,,,,,,
CT0004632,GA0046,CLI005229,PAR004,telemarketing,automovel,49100.0,72,0.1783,817.17,2024-10-04,cancelada,2025-01-04,,,,,
CT0001579,GC0000,CLI006282,PAR001,digital,celular,3200.0,18,0.2047,217.72,2025-01-01,quitada,,,,,,
CT0006351,GC0053,CLI002796,PAR004,telemarketing,celular,5600.0,24,0.2329,292.34,2026-03-15,cancelada,2026-04-15,,,,,
CT0004340,GA0027,CLI004521,PAR010,correspondente,AUTO,112500.0,72,0.1557,1837.03,2025-01-11,ativa,,,,,,
CT0007093,GI0030,CLI000755,PAR010,correspondente,imóvel,203900.0,200,0.1767,1220.04,2023-07-27,ativa,,,,,,
CT0003648,GC0069,CLI003561,PAR007,digital,Celular,7900.0,24,0.2296,411.33,2024-08-04,cancelada,2025-02-04,,,,,
CT0008315,GA0047,CLI001460,PAR012,interno,automovel,116600.0,60,0.1735,2319.37,2026-06-09,ativa,,,,,,
CT0004554,GA0050,CLI004541,PAR012,interno,AUTO,47000.0,80,0.1518,688.43,2024-04-21,ativa,,,,,,
CT0002840,GS0004,CLI000418,PAR001,digital,Servicos,10400.0,36,0.2102,355.39,2026-06-20,ativa,,,,,,
CT0004382,GA0033,CLI002966,PAR001,,Auto,68300.0,60,0.1537,1336.06,2024-11-16,cancelada,2025-07-16,,,,,
CT0002781,GA0026,CLI000316,PAR005,,automovel,62400.0,72,0.1672,1028.91,2025-12-06,ativa,,,,,,
CT0002423,GA0083,CLI001577,PAR011,correspondente,Auto,119800.0,60,0.1729,2381.82,2025-03-14,ativa,,,,,,
CT0001693,GC0068,CLI000869,PAR010,correspondente,celular,4100.0,24,0.2243,212.57,2024-02-26,cancelada,2024-07-26,,,,,
CT0002083,GA0031,CLI001827,PAR002,loja,auto,127400.0,72,0.1664,2099.27,2024-06-04,ativa,,,,,,
CT0001515,GI0017,CLI001954,PAR012,interno,imóvel,190200.0,150,0.2059,1554.44,2025-01-15,contemplada,,CTP000169,GI0017,2025-11-15,lance_fixo,47550.0
CT0006803,GS0020,CLI000073,PAR002,loja,serviço,9600.0,48,0.208,245.6,2025-01-06,ativa,,,,,,
CT0001606,GS0015,CLI002462,PAR003,correspondente,serviço,31100.0,24,0.1765,1550.46,2025-05-04,ativa,,,,,,
CT0003979,GC0010,CLI004771,PAR006,loja,CELULAR,4100.0,12,0.2434,431.66,2025-11-19,ativa,,,,,,
CT0000784,GC0038,CLI006348,PAR004,telemarketing,CELULAR,2400.0,18,0.201,162.8,2023-09-10,cancelada,2024-04-10,,,,,
CT0003541,GS0016,CLI000830,PAR008,correspondente,serviço,33000.0,24,0.2051,1684.51,2023-06-21,cancelada,2023-08-21,,,,,
CT0008406,GA0069,CLI005758,PAR008,correspondente,automovel,68800.0,80,0.1761,1028.65,2025-06-23,ativa,,,,,,
CT0002922,GS0017,CLI003732,PAR005,bancario,serviço,12700.0,36,0.1765,422.1,2024-02-10,ativa,,,,,,
CT0006515,GA0043,CLI001395,PAR012,interno,Auto,51000.0,72,0.169,842.21,2026-02-15,ativa,,,,,,
CT0007335,GS0022,CLI005005,PAR004,telemarketing,serviço,31000.0,24,0.1889,1561.5,2023-09-23,quitada,,,,,,
CT0004347,GC0009,CLI003392,PAR007,digital,celular,5200.0,24,0.2425,273.54,2024-12-05,cancelada,2025-04-05,,,,,
CT0008043,GS0024,CLI004437,PAR010,correspondente,Serviços,34900.0,36,0.2065,1189.02,2024-04-05,cancelada,2025-10-05,,,,,
CT0002077,GC0041,CLI006323,PAR007,digital,celular,3200.0,24,0.2159,164.79,2025-02-11,cancelada,2025-03-11,,,,,
CT0004556,GC0003,CLI001208,PAR006,loja,CELULAR,8900.0,12,0.2286,926.04,2024-03-08,quitada,,,,,,
CT0001667,GS0039,CLI002062,PAR007,digital,servicos,6300.0,48,0.1879,158.54,2024-08-10,contemplada,,CTP000185,GS0039,2026-07-10,sorteio,0.0
CT0006629,GC0014,CLI005801,PAR001,digital,CELULAR,2900.0,24,0.2386,152.08,2025-02-22,ativa,,,,,,
CT0002370,GC0057,CLI000921,PAR006,loja,CELULAR,2600.0,24,0.2345,135.9,2025-05-06,cancelada,2025-12-06,,,,,
CT0008053,GA0065,CLI006881,PAR010,correspondente,Auto,60700.0,60,0.1726,1206.51,2025-09-13,ativa,,,,,,
CT0002163,GA0018,CLI003297,PAR004,telemarketing,auto,84400.0,72,0.1976,1427.3,2023-06-01,cancelada,2025-11-01,,,,,
CT0008479,GC0065,CLI006531,PAR008,correspondente,celular,2700.0,18,0.2269,187.03,2023-03-02,cancelada,2023-06-02,,,,,
CT0002850,GA0033,CLI006751,PAR002,loja,automovel,111000.0,60,0.1839,2227.21,2025-02-06,ativa,,,,,,
CT0004224,GC0064,CLI004802,PAR007,digital,celular,7100.0,24,0.1851,356.51,2025-06-06,cancelada,2025-09-06,,,,,
CT0001790,GA0064,CLI003548,PAR010,correspondente,auto,64300.0,72,0.1742,1066.49,2024-10-04,cancelada,2026-08-04,,,,,
CT0003879,GA0037,CLI000138,PAR002,loja,auto,68800.0,80,0.1606,1015.32,2024-02-09,ativa,,,,,,
CT0005817,GC0043,CLI004543,PAR004,telemarketing,CELULAR,2300.0,18,0.2203,158.48,2025-04-18,cancelada,2025-07-18,,,,,
CT0007557,GA0073,CLI004967,PAR008,correspondente,AUTO,60300.0,80,0.1764,901.79,2023-06-11,ativa,,,,,,
CT0008448,GI0044,CLI005946,PAR001,digital,imóvel,327100.0,150,0.1967,2653.22,2024-05-06,ativa,,,,,,
CT0007120,GA0021,CLI000406,PAR012,interno,Auto,46200.0,80,0.156,679.14,2026-02-13,ativa,,,,,,
CT0002367,GC0006,CLI007010,PAR012,interno,CELULAR,5300.0,18,0.2274,367.29,2026-05-13,ativa,,,,,,
CT0000547,GC0014,CLI007165,PAR009,digital,Celular,6100.0,24,0.219,314.91,2024-05-29,quitada,,CTP000073,GC0014,2024-07-29,lance_livre,760.64
CT0004420,GC0024,CLI000004,PAR007,digital,smartphone,2200.0,12,0.2138,226.2,2025-02-13,quitada,,,,,,
CT0000755,GI0004,CLI004465,PAR009,digital,Imóveis,460100.0,200,0.1832,2767.96,2026-03-27,ativa,,,,,,
CT0003246,GA0039,CLI000720,PAR001,digital,Auto,113200.0,60,0.1418,2191.93,2024-07-16,ativa,,,,,,
CT0003294,GA0046,CLI006546,PAR008,correspondente,automovel,102000.0,72,0.156,1666.0,2023-12-30,cancelada,2026-06-30,,,,,
CT0008522,GS0013,CLI003640,PAR004,,Servicos,30900.0,36,0.1931,1041.24,2024-07-14,cancelada,2024-11-14,,,,,
CT0006713,GC0020,CLI006241,PAR009,digital,smartphone,2900.0,24,0.2205,149.89,2025-07-05,cancelada,2025-10-05,,,,,
CT0005302,GA0039,CLI005251,PAR004,telemarketing,Automóvel,45700.0,60,0.1805,914.38,2026-04-18,ativa,,,,,,
CT0005229,GI0015,CLI007155,PAR008,correspondente,IMOVEIS,383400.0,180,0.1928,2583.26,2026-03-18,ativa,,,,,,
CT0007176,GA0036,CLI007053,PAR002,loja,Auto,124800.0,72,0.1656,2055.04,2023-07-25,ativa,,,,,,
CT0000760,GI0028,CLI001994,PAR003,correspondente,Imóveis,557400.0,200,0.2106,3429.68,2025-07-28,ativa,,,,,,
CT0003863,GS0024,CLI002362,PAR001,digital,servicos,15800.0,36,0.1898,530.97,2025-11-16,ativa,,,,,,
CT0008513,GA0055,CLI006297,PAR007,digital,Auto,45200.0,80,0.1732,674.16,2024-07-23,cancelada,2026-08-23,,,,,
CT0007639,GC0022,CLI003531,PAR007,digital,Celular,4500.0,24,0.2244,233.33,2024-10-04,cancelada,2024-11-04,,,,,
CT0007500,GA0002,CLI005883,PAR002,loja,AUTO,98100.0,60,0.1665,1939.93,2023-03-21,ativa,,,,,,
CT0001155,GI0041,CLI002145,PAR012,interno,IMOVEIS,582700.0,180,0.199,3946.17,2025-03-03,contemplada,,CTP000124,GI0041,2026-03-03,sorteio,0.0
CT0003587,GC0064,CLI003545,PAR007,digital,CELULAR,6400.0,24,0.232,333.87,2025-04-30,ativa,,,,,,
CT0006035,GS0011,CLI006851,PAR008,correspondente,SERVICOS,27400.0,48,0.192,691.85,2025-03-29,ativa,,,,,,
CT0003465,GI0011,CLI000067,PAR002,loja,IMOVEIS,283900.0,200,0.2072,1742.01,2025-11-27,ativa,,,,,,
CT0005501,GI0010,CLI000293,PAR011,correspondente,Imovel,594800.0,180,0.1721,3939.23,2025-12-30,ativa,,,,,,
CT0000927,GC0011,CLI006030,PAR009,digital,Celular,7700.0,12,0.2433,810.62,2025-08-17,cancelada,2026-01-17,,,,,
CT0003033,GC0049,CLI000438,PAR001,digital,smartphone,4100.0,24,0.2456,216.21,2024-11-03,cancelada,2026-05-03,,,,,
CT0002192,GI0018,CLI004774,PAR003,correspondente,IMOVEIS,214800.0,200,0.2049,1315.54,2024-09-18,ativa,,,,,,
CT0000614,GI0000,CLI000694,PAR003,correspondente,Imovel,221800.0,150,0.2084,1816.39,2024-10-12,cancelada,2026-07-12,,,,,
CT0000549,GA0057,CLI000540,PAR007,digital,AUTO,75400.0,60,0.1603,1483.24,2025-02-12,cancelada,2025-04-12,,,,,
CT0005922,GS0005,CLI002879,PAR002,loja,Servicos,19300.0,48,0.2039,492.11,2024-07-24,contemplada,,CTP000626,GS0005,2025-02-24,sorteio,0.0
CT0008271,GS0015,CLI000198,PAR010,correspondente,Servicos,26700.0,24,0.2107,1369.15,2026-07-29,ativa,,,,,,
CT0005793,GA0022,CLI003900,PAR004,telemarketing,Auto,104300.0,80,0.177,1560.59,2023-06-04,cancelada,2025-09-04,,,,,
CT0003759,GI0032,CLI000992,PAR003,correspondente,Imovel,532200.0,180,0.1937,3588.51,2023-08-07,contemplada,,CTP000403,GI0032,2025-05-07,lance_livre,190706.52
CT0002775,GA0080,CLI004423,PAR008,correspondente,automovel,94900.0,60,0.1576,1862.57,2024-02-04,contemplada,,CTP000306,GA0080,2025-10-04,lance_livre,25003.42
CT0004222,GA0065,CLI006128,PAR002,loja,Automóvel,98700.0,60,0.1649,1949.16,2024-11-17,ativa,,,,,,
CT0001959,GS0025,CLI005042,PAR012,,serviço,11800.0,48,0.2274,306.65,2026-05-06,ativa,,,,,,
CT0002875,GS0038,CLI005545,PAR004,telemarketing,Servicos,6000.0,36,0.194,202.33,2023-06-01,cancelada,2023-10-01,,,,,
CT0004878,GA0056,CLI001095,PAR004,telemarketing,AUTO,96400.0,72,0.1883,1617.78,2025-08-07,cancelada,2025-11-07,,,,,
CT0008348,GC0018,CLI004584,PAR004,telemarketing,CELULAR,6600.0,12,0.2235,683.93,2025-05-02,cancelada,2025-09-02,,,,,
CT0008099,GA0071,CLI000339,PAR099,loja,auto,75600.0,72,0.1878,1268.19,2024-02-02,cancelada,2025-11-02,,,,,
CT0002514,GC0020,CLI005484,PAR001,digital,smartphone,5900.0,24,0.2195,304.71,2025-09-04,cancelada,2026-01-04,,,,,
CT0001306,GA0034,CLI001319,PAR001,digital,AUTO,118400.0,80,0.16,1746.4,2025-01-26,cancelada,2025-05-26,,,,,
CT0000714,GC0032,CLI003786,PAR007,digital,smartphone,2500.0,18,0.2347,174.26,2025-09-18,cancelada,2026-01-18,,,,,
CT0007686,GS0039,CLI002169,PAR007,digital,servicos,27600.0,48,0.1974,700.0,2025-04-17,ativa,,,,,,
CT0007910,GC0066,CLI001641,PAR007,digital,smartphone,5400.0,12,0.2257,560.56,2024-12-17,cancelada,2025-05-17,,,,,
CT0005798,GC0000,CLI000467,PAR007,digital,Celular,8600.0,18,0.21,587.67,2024-11-28,cancelada,2025-12-28,,,,,
CT0005979,GA0046,CLI003796,PAR002,loja,Automóvel,127700.0,72,0.1579,2089.14,2026-06-09,ativa,,,,,,
CT0003259,GA0006,CLI007197,PAR002,loja,Automóvel,92500.0,80,0.1758,1382.64,2025-11-03,cancelada,2026-05-03,,,,,
CT0000520,GS0027,CLI006115,PAR008,correspondente,Servicos,20300.0,48,0.2065,518.71,2023-01-25,cancelada,2023-12-25,CTP000068,GS0027,2023-06-25,sorteio,0.0
CT0003577,GA0049,CLI006815,PAR002,loja,AUTO,49300.0,60,0.1549,965.38,2026-05-18,ativa,,,,,,
CT0007181,GA0049,CLI001528,PAR001,digital,automovel,60000.0,60,0.171,1191.0,2023-08-12,ativa,,,,,,
CT0006571,GS0001,CLI004760,PAR005,bancario,Serviços,11400.0,24,0.179,569.52,2025-04-07,ativa,,,,,,
CT0002862,GA0009,CLI005871,PAR008,correspondente,Auto,70600.0,80,0.1752,1054.76,2025-02-07,ativa,,,,,,
CT0006993,GS0023,CLI003140,PAR004,telemarketing,serviço,16800.0,24,0.1815,841.05,2025-06-26,cancelada,2025-08-26,,,,,
CT0004602,GI0031,CLI006775,PAR010,correspondente,imóvel,249300.0,200,0.19,1508.27,2024-03-14,ativa,,,,,,
CT0004242,GI0007,CLI005334,PAR003,correspondente,Imovel,455500.0,150,0.1944,3687.73,2023-12-12,contemplada,,CTP000468,GI0007,2025-05-12,lance_livre,137267.2
CT0004452,GA0004,CLI005401,PAR002,loja,auto,59500.0,80,0.1822,894.14,2025-11-16,ativa,,,,,,
CT0000493,GA0033,CLI003855,PAR005,bancario,Automóvel,52400.0,60,0.1696,1038.92,2025-08-08,ativa,,,,,,
CT0008473,GI0042,CLI002575,PAR003,correspondente,Imóveis,376200.0,150,0.1943,3045.46,2024-07-07,contemplada,,CTP000899,GI0042,2025-06-07,sorteio,0.0
CT0008580,GI0021,CLI002841,PAR005,bancario,Imóveis,607700.0,200,0.1987,3703.02,2026-01-22,ativa,,,,,,
CT0004099,GS0020,CLI006449,PAR010,correspondente,serviço,18600.0,48,0.1965,471.39,2023-09-02,cancelada,2025-06-02,CTP000450,GS0020,2023-11-02,lance_livre,5516.83
CT0003320,GC0028,CLI005271,PAR007,digital,celular,6300.0,18,0.2347,439.14,2024-10-26,cancelada,2026-01-26,CTP000354,GC0028,2025-01-26,sorteio,0.0
CT0003606,GC0005,CLI005867,PAR007,digital,celular,8000.0,24,0.2591,426.37,2025-06-30,cancelada,2025-07-30,,,,,
CT0008345,GC0040,CLI002967,PAR007,,celular,3200.0,15,0.2142,263.3,2025-08-31,cancelada,2026-06-30,CTP000883,GC0040,2025-09-30,lance_livre,829.56
CT0002706,GA0005,CLI003918,PAR002,loja,Automóvel,88500.0,80,0.1656,1311.57,2023-10-20,ativa,,,,,,
CT0007491,GI0036,CLI001813,PAR011,correspondente,Imovel,570100.0,180,0.1938,3844.37,2023-12-18,ativa,,,,,,
CT0001106,GC0046,CLI005317,PAR009,digital,celular,2500.0,12,0.2422,262.96,2024-08-15,cancelada,2025-04-15,,,,,
CT0007403,GS0024,CLI005614,PAR009,digital,Servicos,12900.0,36,0.2231,445.44,2026-03-15,ativa,,,,,,
CT0005335,GA0013,CLI000695,PAR001,digital,AUTO,79600.0,72,0.1561,1300.24,2026-03-07,ativa,,,,,,
CT0002332,GS0022,CLI005194,PAR002,loja,Servicos,6000.0,24,0.1741,298.52,2024-09-20,ativa,,,,,,
CT0000289,GA0071,CLI003999,PAR001,digital,Auto,81300.0,72,0.1539,1325.53,2023-05-25,contemplada,,CTP000037,GA0071,2026-07-25,lance_livre,14076.16
CT0005618,GA0072,CLI003237,PAR012,interno,AUTO,112600.0,60,0.1603,2215.03,2024-12-05,contemplada,,CTP000598,GA0072,2025-09-05,sorteio,0.0
CT0002230,GI0033,CLI005439,PAR003,correspondente,Imóveis,570500.0,200,0.2152,3523.41,2026-06-08,cancelada,2026-08-08,,,,,
CT0008003,GA0045,CLI003125,PAR010,correspondente,automovel,80700.0,60,0.1656,1594.63,2025-03-24,ativa,,,,,,
CT0003490,GA0026,CLI000661,PAR012,interno,automovel,73200.0,72,0.1853,1225.39,2024-12-31,ativa,,,,,,
CT0001459,GA0023,CLI005551,PAR008,correspondente,auto,48400.0,72,0.187,811.37,2025-01-05,ativa,,,,,,
CT0004481,GC0030,CLI001376,PAR012,interno,Celular,5200.0,15,0.244,438.19,2025-12-27,cancelada,2026-01-27,,,,,
CT0001259,GC0009,CLI004120,PAR006,loja,Celular,6400.0,24,0.2243,331.81,2025-04-06,cancelada,2026-07-06,,,,,
CT0001777,GA0034,CLI002288,PAR002,loja,Auto,96200.0,80,0.1685,1429.17,2025-02-12,ativa,,,,,,
CT0007994,GI0009,CLI001894,PAR009,digital,imóvel,285900.0,180,0.2096,1953.01,2026-03-06,contemplada,,CTP000843,GI0009,2026-06-06,sorteio,0.0
CT0002339,GI0035,CLI005532,PAR005,bancario,imoveis,361100.0,150,0.1962,2927.8,2024-08-07,contemplada,,CTP000254,GI0035,2024-11-07,lance_fixo,90275.0
CT0004748,GS0028,CLI002033,PAR007,digital,Serviços,17300.0,24,0.212,888.07,2025-04-11,cancelada,2025-05-11,,,,,
CT0002410,GC0062,CLI002264,PAR004,,Celular,4200.0,24,0.2419,220.83,2024-06-14,cancelada,2024-11-14,,,,,
CT0006483,GA0051,CLI002120,PAR002,loja,Auto,65600.0,60,0.1698,1300.85,2024-08-15,ativa,,,,,,
CT0005186,GA0079,CLI002799,PAR003,correspondente,AUTO,77900.0,72,0.1477,1263.39,2026-04-21,ativa,,,,,,
CT0003986,GI0030,CLI006145,PAR001,digital,imóvel,211200.0,200,0.1938,1281.77,2025-06-25,ativa,,,,,,
CT0004464,GA0022,CLI001452,PAR012,interno,auto,70500.0,80,0.1652,1044.46,2023-08-12,cancelada,2024-06-12,,,,,
CT0005057,GA0022,CLI000491,PAR010,correspondente,auto,121700.0,80,0.1714,1812.42,2025-12-09,ativa,,,,,,
CT0002664,GA0071,CLI006673,PAR001,digital,Auto,110200.0,72,0.1662,1815.54,2026-02-09,ativa,,,,,,
CT0003181,GA0011,CLI001175,PAR007,digital,AUTO,52600.0,72,0.1828,878.71,2024-12-30,ativa,,,,,,
CT0006150,GI0010,CLI001709,PAR003,correspondente,imoveis,232700.0,180,0.1772,1547.71,2025-06-27,ativa,,,,,,
CT0005243,GA0054,CLI001276,PAR006,loja,Automóvel,64100.0,72,0.1612,1051.6,2025-09-22,contemplada,,CTP000561,GA0054,2025-12-22,lance_livre,24360.57
CT0004268,GA0011,CLI001467,PAR008,correspondente,automovel,125500.0,72,0.1801,2091.84,2023-12-03,contemplada,,CTP000469,GA0011,2024-01-03,sorteio,0.0
CT0007189,GA0088,CLI002252,PAR001,digital,AUTO,68900.0,80,0.1593,1015.67,2024-11-29,cancelada,2025-07-29,,,,,
CT0005755,GI0021,CLI006094,PAR008,correspondente,Imovel,267900.0,200,0.2087,1645.84,2024-11-03,ativa,,,,,,
CT0007695,GI0012,CLI004051,PAR001,digital,imóvel,298700.0,150,0.1883,2406.13,2023-10-09,contemplada,,CTP000811,GI0012,2023-12-09,sorteio,0.0
CT0000932,GI0002,CLI004905,PAR005,bancario,Imóveis,315800.0,180,0.1949,2131.47,2024-10-10,ativa,,,,,,
CT0008027,GS0013,CLI001295,PAR008,correspondente,serviço,17300.0,36,0.2124,592.24,2024-06-07,ativa,,,,,,
CT0008219,GS0036,CLI003642,PAR002,loja,Servicos,10800.0,24,0.2034,550.53,2026-04-21,ativa,,,,,,
CT0004627,GI0043,CLI006566,PAR010,correspondente,imoveis,565300.0,150,0.1731,4496.4,2024-10-20,ativa,,,,,,
CT0000454,GC0015,CLI004908,PAR004,telemarketing,smartphone,3600.0,24,0.2195,185.92,2025-05-22,cancelada,2026-06-22,,,,,
CT0004495,GC0012,CLI003400,PAR007,digital,celular,7100.0,15,0.2265,590.01,2025-06-18,cancelada,2025-12-18,,,,,
CT0007422,GI0033,CLI001726,PAR006,loja,imoveis,201200.0,200,0.1954,1222.69,2025-04-15,contemplada,,CTP000782,GI0033,2026-05-15,lance_livre,85936.82
CT0006301,GI0033,CLI000319,PAR003,correspondente,imoveis,447400.0,200,0.2062,2743.01,2026-04-19,ativa,,,,,,
CT0004377,GC0068,CLI006136,PAR007,digital,celular,2700.0,24,0.2244,139.99,2025-05-08,cancelada,2026-01-08,,,,,
CT0006058,GI0042,CLI004490,PAR003,correspondente,imoveis,506200.0,150,0.1989,4113.38,2025-07-11,ativa,,,,,,
CT0001799,GA0084,CLI002052,PAR005,bancario,auto,66700.0,60,0.1681,1320.77,2026-05-22,ativa,,,,,,
CT0001117,GA0036,CLI001155,PAR011,correspondente,AUTO,46400.0,72,0.1546,756.96,2026-06-21,contemplada,,CTP000118,GA0036,2026-08-21,sorteio,0.0
CT0003049,GI0014,CLI004750,PAR011,correspondente,IMOVEIS,590600.0,150,0.2094,4840.56,2025-05-29,cancelada,2026-04-29,,,,,
CT0005404,GA0009,CLI000898,PAR004,telemarketing,auto,100000.0,80,0.1878,1509.75,2023-07-25,cancelada,2024-04-25,CTP000576,GA0009,2023-12-25,lance_livre,29980.81
CT0007031,GS0012,CLI001049,PAR004,telemarketing,Servicos,29800.0,36,0.2145,1021.89,2025-10-28,cancelada,2026-07-28,,,,,
CT0005514,GC0061,CLI006914,PAR002,loja,CELULAR,7400.0,24,0.2302,385.48,2025-08-09,contemplada,,CTP000584,GC0061,2025-11-09,lance_livre,1173.25
CT0006566,GS0035,CLI000886,PAR001,digital,serviço,17100.0,24,0.2019,870.6,2024-03-27,quitada,,,,,,
CT0002986,GC0046,CLI002328,PAR004,telemarketing,smartphone,8200.0,12,0.228,852.8,2024-07-21,quitada,,,,,,
CT0001049,GC0005,CLI004712,PAR007,digital,Celular,6200.0,24,0.2308,323.12,2024-12-04,ativa,,,,,,
CT0004918,GI0038,CLI002487,PAR012,interno,imoveis,464200.0,150,0.1854,3730.31,2023-07-29,ativa,,,,,,
CT0008461,GS0020,CLI003260,PAR005,bancario,Servicos,33000.0,48,0.1866,829.54,2024-07-12,contemplada,,CTP000898,GS0020,2025-08-12,lance_livre,6225.15
CT0007226,GA0016,CLI002591,PAR005,bancario,auto,63000.0,80,0.1505,921.77,2025-12-13,ativa,,,,,,
CT0001821,GA0075,CLI003309,PAR006,loja,AUTO,67500.0,60,0.1824,1352.7,2025-04-12,contemplada,,CTP000203,GA0075,2026-07-12,sorteio,0.0
CT0001619,GC0015,CLI003953,PAR007,digital,smartphone,3900.0,24,0.2099,199.86,2025-09-11,cancelada,2025-12-11,,,,,
CT0000995,GC0005,CLI001754,PAR009,digital,Celular,3000.0,24,0.2206,155.07,2026-03-03,ativa,,,,,,
CT0004412,GA0069,CLI001495,PAR006,loja,automovel,125200.0,80,0.1588,1844.82,2026-04-23,ativa,,,,,,
CT0004639,GC0000,CLI005211,PAR007,digital,Celular,3400.0,18,0.2396,237.92,2025-05-06,cancelada,2025-06-06,,,,,
CT0003059,GI0020,CLI003667,PAR004,telemarketing,Imóveis,228300.0,180,0.2144,1565.63,2024-10-06,ativa,,,,,,
CT0000225,GA0037,CLI003628,PAR002,loja,Auto,97400.0,80,0.1526,1427.64,2025-10-22,ativa,,,,,,
CT0003941,GC0014,CLI006771,PAR006,loja,celular,3400.0,24,0.2253,176.42,2024-12-10,ativa,,,,,,
CT0006527,GA0079,CLI005175,PAR001,digital,Automóvel,45700.0,72,0.1863,765.67,2024-10-20,cancelada,2026-02-20,,,,,
CT0004604,GC0049,CLI001512,PAR004,telemarketing,Celular,3000.0,24,0.2258,155.72,2025-09-10,cancelada,2025-10-10,,,,,
CT0006079,GC0056,CLI002579,PAR009,digital,celular,6300.0,12,0.2226,652.36,2023-09-20,quitada,,,,,,
CT0000818,GS0021,CLI006051,PAR007,digital,SERVICOS,17700.0,36,0.2098,604.65,2025-01-13,ativa,,,,,,
CT0008221,GS0004,CLI002795,PAR011,correspondente,Servicos,12200.0,36,0.1992,413.17,2025-09-21,ativa,,,,,,
CT0000754,GI0043,CLI005058,PAR006,loja,imóvel,290000.0,150,0.2043,2366.98,2026-05-11,ativa,,,,,,
CT0002585,GC0056,CLI000071,PAR099,digital,Celular,2300.0,12,0.25,243.42,2026-06-04,ativa,,,,,,
CT0006056,GC0061,CLI000122,PAR007,digital,smartphone,8900.0,24,0.2092,455.83,2025-05-20,cancelada,2025-08-20,,,,,
CT0008422,GC0055,CLI006677,PAR002,loja,Celular,8800.0,24,0.2434,463.25,2023-04-18,quitada,,,,,,
CT0002790,GA0073,CLI005972,PAR002,loja,Automóvel,106400.0,80,0.1734,1587.22,2023-12-29,ativa,,,,,,
CT0007419,GC0001,CLI001540,PAR001,digital,smartphone,3300.0,24,0.2128,169.51,2024-08-05,quitada,,,,,,
CT0008081,GA0017,CLI005876,PAR007,digital,Automóvel,122900.0,60,0.1618,2420.72,2025-06-01,cancelada,2026-04-01,,,,,
CT0004392,GC0062,CLI003962,PAR009,digital,CELULAR,2600.0,24,0.2244,134.81,2025-06-20,cancelada,2026-02-20,,,,,
CT0001684,GS0028,CLI006395,PAR001,digital,Serviços,30500.0,24,0.2038,1555.25,2024-10-02,cancelada,2025-09-02,,,,,
CT0007134,GA0014,CLI002674,PAR007,digital,automovel,78900.0,80,0.181,1184.49,2025-05-18,contemplada,,CTP000750,GA0014,2025-09-18,sorteio,0.0
CT0003702,GC0017,CLI004842,PAR002,loja,CELULAR,7100.0,12,0.2153,730.89,2025-07-17,quitada,,,,,,
CT0002581,GA0013,CLI000739,PAR001,digital,automovel,114400.0,72,0.1623,1878.54,2024-03-06,cancelada,2024-08-06,,,,,
CT0000694,GI0040,CLI001432,PAR003,correspondente,IMOVEIS,189600.0,200,0.1968,1153.53,2024-05-23,ativa,,,,,,
CT0005074,GA0082,CLI000722,PAR001,digital,auto,113400.0,80,0.16,1672.65,2025-06-13,ativa,,,,,,
CT0007321,GA0022,CLI007163,PAR001,digital,Automóvel,104500.0,80,0.1749,1560.84,2024-02-13,ativa,,,,,,
CT0002511,GC0058,CLI001285,PAR007,digital,celular,2300.0,12,0.2451,242.48,2025-02-01,quitada,,,,,,
CT0002673,GC0026,CLI001181,PAR001,digital,Celular,9000.0,24,0.2382,471.82,2025-04-11,cancelada,2025-11-11,,,,,
CT0005763,GS0025,CLI001028,PAR007,digital,serviço,34200.0,48,0.176,852.15,2025-07-08,cancelada,2025-08-08,,,,,
CT0005346,GA0042,CLI000811,PAR005,bancario,AUTO,52000.0,60,0.1752,1035.84,2025-10-30,ativa,,,,,,
CT0007367,GC0066,CLI006965,PAR009,digital,smartphone,4900.0,12,0.2413,515.03,2024-07-06,quitada,,,,,,
CT0000753,GA0063,CLI007133,PAR009,digital,auto,75700.0,60,0.166,1496.34,2025-09-27,cancelada,2025-12-27,,,,,
CT0008469,GA0066,CLI000205,PAR004,telemarketing,Auto,107600.0,72,0.1615,1765.69,2026-01-15,cancelada,2026-05-15,,,,,
CT0002561,GA0061,CLI004939,PAR002,loja,AUTO,58500.0,80,0.1624,864.63,2026-04-29,ativa,,,,,,
CT0004068,GC0042,CLI001146,PAR008,correspondente,smartphone,2300.0,12,0.241,241.69,2025-07-16,cancelada,2025-12-16,,,,,
CT0000267,GA0034,CLI005011,PAR001,digital,auto,86800.0,80,0.1631,1283.66,2023-08-12,ativa,,,,,,
CT0008565,GA0034,CLI000764,PAR003,correspondente,auto,88500.0,80,0.1596,1304.93,2025-09-17,ativa,,,,,,
CT0002100,GA0074,CLI006673,PAR002,loja,automovel,124200.0,80,0.149,1814.87,2024-07-03,ativa,,,,,,
CT0000234,GI0025,CLI001768,PAR003,correspondente,Imovel,208800.0,150,0.2024,1701.58,2024-02-29,ativa,,,,,,
CT0005638,GC0043,CLI000736,PAR009,digital,CELULAR,7000.0,18,0.2436,491.4,2024-03-02,quitada,,,,,,
CT0006758,GA0049,CLI004443,PAR011,correspondente,auto,49200.0,60,0.1565,964.73,2024-04-22,ativa,,,,,,
CT0004359,GA0065,CLI000836,PAR006,loja,automovel,109700.0,60,0.1769,2188.33,2024-03-27,cancelada,2026-08-27,,,,,
CT0004523,GA0007,CLI002762,PAR002,loja,Auto,84900.0,72,0.1779,1412.52,2026-01-25,ativa,,,,,,
CT0000258,GA0083,CLI001438,PAR005,bancario,auto,104700.0,60,0.1911,2113.37,2024-05-06,ativa,,,,,,
CT0007260,GA0089,CLI003021,PAR008,correspondente,AUTO,96000.0,72,0.1831,1604.13,2026-02-02,ativa,,,,,,
CT0007930,GC0064,CLI003374,PAR007,digital,Celular,5800.0,24,0.2359,303.51,2025-04-08,cancelada,2025-06-08,,,,,
CT0000801,GC0049,CLI000264,PAR009,,celular,7200.0,24,0.2096,368.88,2024-06-17,cancelada,2025-04-17,,,,,
CT0001154,GA0061,CLI001721,PAR010,correspondente,AUTO,100700.0,80,0.1512,1474.25,2024-04-03,contemplada,,CTP000123,GA0061,2025-02-03,sorteio,0.0
CT0006853,GC0055,CLI006627,PAR009,digital,Celular,4900.0,24,0.2307,255.35,2024-03-17,cancelada,2024-07-17,CTP000721,GC0055,2024-04-17,lance_livre,1015.11
CT0001497,GC0062,CLI003936,PAR006,loja,celular,6500.0,24,0.2381,340.74,2023-04-15,cancelada,2024-05-15,,,,,
CT0005951,GA0047,CLI002733,PAR002,loja,auto,72900.0,60,0.1562,1429.08,2026-01-28,ativa,,,,,,
CT0000096,GA0000,CLI000078,PAR005,bancario,Automóvel,63100.0,60,0.17,1251.48,2023-10-14,contemplada,,CTP000009,GA0000,2025-04-14,lance_livre,18603.86
CT0005281,GI0002,CLI000175,PAR001,digital,imóvel,425300.0,180,0.2113,2909.29,2026-01-21,ativa,,,,,,
CT0005592,GA0019,CLI004438,PAR002,loja,AUTO,78100.0,60,0.1575,1532.71,2024-05-24,ativa,,,,,,
CT0005196,GI0009,CLI007165,PAR011,correspondente,Imóveis,330400.0,180,0.2029,2244.7,2025-04-12,ativa,,,,,,
CT0000343,GI0011,CLI001404,PAR011,correspondente,imóvel,537100.0,200,0.2061,3292.69,2025-04-10,ativa,,,,,,
CT0007801,GC0029,CLI002285,PAR007,digital,celular,4300.0,24,0.252,227.9,2024-11-26,cancelada,2025-09-26,,,,,
CT0006955,GC0040,CLI006742,PAR007,,celular,8300.0,15,0.2252,689.01,2024-08-19,cancelada,2024-09-19,,,,,
CT0000885,GA0051,CLI001201,PAR002,,automovel,128900.0,60,0.1675,2551.15,2026-03-12,ativa,,,,,,
CT0002820,GI0011,CLI003342,PAR003,correspondente,imoveis,276100.0,200,0.185,1663.5,2024-04-26,ativa,,,,,,
CT0001568,GA0047,CLI000765,PAR006,loja,AUTO,81100.0,60,0.1923,1638.63,2025-03-12,contemplada,,CTP000175,GA0047,2026-06-12,sorteio,0.0
CT0000458,GC0048,CLI000203,PAR012,interno,CELULAR,8800.0,18,0.2382,615.12,2025-06-11,ativa,,,,,,
CT0005720,GC0017,CLI005202,PAR001,digital,CELULAR,7500.0,12,0.2349,784.31,2026-06-22,cancelada,2026-08-22,,,,,
CT0006287,GC0053,CLI001543,PAR007,digital,smartphone,6100.0,24,0.2409,320.48,2025-03-14,cancelada,2026-05-14,,,,,
CT0004426,GA0026,CLI000784,PAR012,interno,auto,59900.0,72,0.1782,996.84,2023-11-04,ativa,,,,,,
CT0008216,GS0003,CLI000364,PAR099,digital,Servicos,17500.0,36,0.2068,596.36,2023-12-30,ativa,,,,,,
CT0002591,GA0079,CLI006406,PAR001,digital,Automóvel,58700.0,72,0.1663,967.16,2024-09-04,cancelada,2024-10-04,,,,,
CT0003107,GA0007,CLI004095,PAR001,digital,auto,97300.0,72,0.1842,1627.34,2025-05-25,cancelada,2025-12-25,,,,,
CT0005640,GS0001,CLI004788,PAR006,loja,serviço,31500.0,24,0.2125,1617.66,2024-02-11,quitada,,,,,,
CT0008098,GC0005,CLI000853,PAR008,correspondente,Celular,8800.0,24,0.2186,454.15,2025-08-10,ativa,,,,,,
CT0000308,GA0071,CLI004419,PAR003,correspondente,AUTO,122600.0,72,0.1752,2035.16,2023-01-17,contemplada,,CTP000039,GA0071,2026-05-17,lance_livre,20846.02
CT0007634,GI0008,CLI006761,PAR012,interno,imoveis,564500.0,180,0.2142,3870.59,2024-12-09,cancelada,2025-01-09,,,,,
CT0007663,GA0028,CLI004267,PAR002,loja,Auto,57400.0,72,0.1598,940.56,2025-07-29,ativa,,,,,,
CT0004243,GC0012,CLI001941,PAR007,digital,Celular,8000.0,15,0.2174,659.95,2025-03-17,quitada,,,,,,
CT0006467,GS0039,CLI002194,PAR007,digital,Servicos,30800.0,48,0.1925,778.02,2025-06-09,ativa,,,,,,
CT0008274,GS0004,CLI002434,PAR007,digital,Servicos,31100.0,36,0.2085,1061.29,2024-11-30,contemplada,,CTP000877,GS0004,2025-02-28,sorteio,0.0
CT0003399,GA0057,CLI002586,PAR002,loja,auto,65500.0,60,0.1491,1276.27,2024-12-16,cancelada,2025-11-16,CTP000370,GA0057,2025-03-16,lance_fixo,16375.0
CT0000502,GA0023,CLI001560,PAR012,interno,Automóvel,100700.0,72,0.1682,1661.83,2024-01-11,ativa,,,,,,
CT0002932,GC0018,CLI004767,PAR004,telemarketing,CELULAR,9000.0,12,0.2434,947.55,2025-02-16,cancelada,2025-06-16,,,,,
CT0000314,GI0000,CLI003459,PAR002,loja,imoveis,586000.0,150,0.1945,4744.65,2025-11-30,ativa,,,,,,
CT0007257,GI0002,CLI006129,PAR001,digital,imóvel,555200.0,180,0.2165,3813.92,2023-12-30,ativa,,,,,,
CT0004938,GA0009,CLI002609,PAR001,digital,Auto,115700.0,80,0.1607,1707.59,2025-05-12,ativa,,,,,,
CT0000465,GC0067,CLI003146,PAR004,telemarketing,smartphone,8400.0,15,0.2274,698.54,2025-11-24,cancelada,2025-12-24,,,,,
CT0007024,GA0077,CLI003222,PAR005,bancario,automovel,84300.0,80,0.1631,1246.69,2023-03-15,ativa,,,,,,
CT0007992,GA0088,CLI001281,PAR002,loja,auto,90500.0,80,0.171,1347.32,2023-06-24,cancelada,2025-06-24,CTP000842,GA0088,2025-03-24,sorteio,0.0
CT0006246,GI0023,CLI000681,PAR001,digital,imoveis,342000.0,200,0.1938,2075.6,2025-10-18,cancelada,2025-11-18,,,,,
CT0005326,GC0056,CLI005725,PAR008,correspondente,Celular,4800.0,12,0.2145,493.8,2025-02-26,cancelada,2025-07-26,,,,,
CT0002121,GI0032,CLI006654,PAR005,bancario,imóvel,558200.0,180,0.2105,3815.92,2024-11-08,ativa,,,,,,
CT0007152,GS0021,CLI001912,PAR012,interno,serviço,8900.0,36,0.1971,300.89,2025-04-02,ativa,,,,,,
CT0007295,GI0013,CLI006491,PAR005,bancario,Imóveis,483100.0,150,0.1805,3866.41,2024-10-01,ativa,,,,,,
CT0003948,GA0072,CLI004018,PAR004,telemarketing,automovel,49500.0,60,0.1503,965.5,2023-09-24,cancelada,2025-06-24,CTP000426,GA0072,2024-07-24,sorteio,0.0
CT0007681,GS0004,CLI002311,PAR001,digital,Serviços,20200.0,36,0.195,681.75,2023-08-09,quitada,,,,,,
CT0006550,GA0054,CLI003834,PAR001,digital,AUTO,74200.0,72,0.1615,1217.6,2024-12-07,ativa,,,,,,
CT0001986,GS0036,CLI004612,PAR007,digital,servicos,20800.0,24,0.2053,1061.93,2025-07-11,ativa,,,,,,
CT0008504,GA0007,CLI001451,PAR002,loja,Automóvel,121900.0,72,0.1724,2018.8,2026-02-20,ativa,,,,,,
CT0004764,GC0048,CLI002278,PAR099,digital,Celular,5800.0,18,0.2396,405.87,2025-12-31,cancelada,2026-01-31,,,,,
CT0006524,GA0087,CLI003790,PAR005,bancario,automovel,125800.0,60,0.161,2476.16,2024-02-03,ativa,,,,,,
CT0000886,GS0005,CLI001792,PAR012,interno,serviço,27900.0,48,0.2078,713.66,2023-03-24,cancelada,2023-05-24,,,,,
CT0008058,GS0001,CLI003549,PAR001,digital,servicos,16500.0,24,0.2079,844.18,2025-05-02,contemplada,,CTP000853,GS0001,2025-09-02,lance_livre,5400.07
CT0005161,GC0064,CLI005041,PAR006,loja,Celular,7700.0,24,0.233,402.0,2025-10-01,cancelada,2026-03-01,,,,,
CT0005017,GA0010,CLI004049,PAR002,loja,auto,56000.0,72,0.1636,920.58,2023-10-09,cancelada,2025-08-09,,,,,
CT0005029,GC0067,CLI002491,PAR004,telemarketing,Celular,5000.0,15,0.2069,408.97,2024-07-07,cancelada,2024-10-07,,,,,
CT0006816,GS0006,CLI000563,PAR002,loja,Servicos,16100.0,36,0.202,546.51,2026-01-24,ativa,,,,,,
CT0002989,GC0061,CLI006863,PAR001,,Celular,3200.0,24,0.2244,165.92,2024-03-03,quitada,,,,,,
CT0000503,GI0040,CLI004903,PAR003,correspondente,imoveis,540500.0,200,0.1878,3264.08,2025-08-15,cancelada,2026-04-15,,,,,
CT0002772,GS0030,CLI006849,PAR009,digital,Servicos,6700.0,36,0.192,225.57,2025-08-11,ativa,,,,,,
CT0001111,GA0070,CLI000285,PAR012,interno,Auto,126100.0,60,0.1719,2504.98,2026-03-03,ativa,,,,,,
CT0001965,GC0016,CLI005891,PAR007,digital,Celular,4500.0,12,0.2433,473.74,2024-10-30,quitada,,,,,,
CT0002913,GC0022,CLI003039,PAR004,telemarketing,smartphone,5300.0,24,0.2267,275.31,2026-04-29,ativa,,,,,,
CT0001342,GA0009,CLI006956,PAR009,digital,AUTO,87700.0,80,0.164,1297.96,2026-04-22,ativa,,,,,,
CT0006792,GA0004,CLI002588,PAR008,correspondente,auto,79300.0,80,0.1644,1174.04,2023-07-28,ativa,,,,,,
CT0007356,GC0049,CLI001405,PAR002,loja,CELULAR,2400.0,24,0.2273,124.73,2025-03-02,ativa,,,,,,
CT0002131,GC0026,CLI006224,PAR007,digital,Celular,6100.0,24,0.238,319.74,2025-01-25,cancelada,2025-04-25,,,,,
CT0005496,GC0019,CLI005441,PAR009,digital,Celular,5300.0,18,0.2255,366.73,2025-02-24,cancelada,2025-07-24,,,,,
CT0001496,GA0007,CLI000346,PAR010,correspondente,automovel,93800.0,72,0.1704,1550.83,2024-05-25,ativa,,,,,,
CT0005807,GC0057,CLI005943,PAR006,loja,smartphone,5800.0,24,0.2368,303.73,2026-02-07,ativa,,,,,,
CT0007371,GA0010,CLI005212,PAR010,correspondente,auto,115400.0,72,0.1844,1930.39,2026-07-01,ativa,,,,,,
CT0007122,GA0086,CLI002930,PAR010,correspondente,Auto,64100.0,60,0.1566,1257.0,2025-06-28,cancelada,2025-07-28,,,,,
CT0004714,GC0024,CLI006582,PAR009,digital,Celular,4000.0,12,0.2308,416.93,2023-09-03,quitada,,CTP000505,GC0024,2023-11-03,lance_fixo,1000.0
CT0003721,GI0005,CLI002396,PAR001,digital,IMOVEIS,619300.0,200,0.202,3783.92,2025-08-09,ativa,,,,,,
CT0000883,GS0001,CLI001871,PAR007,digital,SERVICOS,23300.0,24,0.1977,1182.18,2025-04-17,ativa,,,,,,
CT0008349,GA0027,CLI004663,PAR001,digital,AUTO,80100.0,72,0.1879,1343.79,2026-01-28,ativa,,,,,,
CT0002576,GC0028,CLI003250,PAR010,correspondente,smartphone,3700.0,18,0.2293,256.8,2026-04-21,ativa,,,,,,
CT0006442,GA0074,CLI006119,PAR002,loja,AUTO,121600.0,80,0.1843,1830.54,2025-02-13,ativa,,,,,,
CT0001129,GC0039,CLI002171,PAR009,digital,celular,6000.0,12,0.2195,619.75,2025-12-22,contemplada,,CTP000120,GC0039,2026-06-22,lance_livre,2349.72
CT0007811,GS0033,CLI006934,PAR005,bancario,Serviços,33700.0,48,0.1897,849.31,2024-09-08,cancelada,2026-05-08,,,,,
CT0007193,GC0056,CLI005422,PAR007,digital,CELULAR,8700.0,12,0.234,909.15,2025-07-14,cancelada,2025-09-14,,,,,
CT0003073,GA0006,CLI004440,PAR002,loja,Automóvel,68100.0,80,0.1816,1022.86,2023-12-19,ativa,,,,,,
CT0000088,GA0000,CLI003022,PAR008,correspondente,auto,68200.0,60,0.1972,1383.55,2023-10-01,ativa,,,,,,
CT0005140,GA0005,CLI002642,PAR006,loja,auto,85500.0,80,0.1658,1267.32,2024-02-24,contemplada,,CTP000547,GA0005,2025-03-24,sorteio,0.0
CT0005024,GC0021,CLI001841,PAR007,digital,celular,3800.0,12,0.2473,401.31,2025-02-19,cancelada,2025-03-19,,,,,
CT0006364,GI0037,CLI001960,PAR012,interno,imóvel,528000.0,200,0.1834,3176.98,2024-08-19,ativa,,,,,,
CT0002639,GI0006,CLI000494,PAR012,interno,IMOVEIS,574300.0,180,0.1992,3889.93,2024-08-30,ativa,,,,,,
CT0006289,GI0008,CLI003694,PAR010,correspondente,imóvel,607300.0,180,0.2012,4120.19,2024-06-10,cancelada,2024-12-10,,,,,
CT0007909,GI0017,CLI000782,PAR011,correspondente,Imovel,302400.0,150,0.2103,2480.28,2023-07-24,ativa,,,,,,
CT0006063,GS0025,CLI002727,PAR001,digital,Servicos,11500.0,48,0.2014,292.63,2023-10-26,cancelada,2026-04-26,,,,,
CT0001116,GA0065,CLI004793,PAR002,loja,auto,55200.0,60,0.1692,1094.06,2023-02-12,cancelada,2023-08-12,,,,,
CT0000172,GS0038,CLI005650,PAR004,,serviço,31400.0,36,0.1927,1057.74,2023-06-10,cancelada,2024-04-10,,,,,
CT0008050,GA0035,CLI005057,PAR010,correspondente,auto,100100.0,80,0.1742,1494.24,2024-11-04,ativa,,,,,,
CT0008214,GA0033,CLI002361,PAR012,interno,AUTO,123300.0,60,0.1575,2419.76,2025-04-17,contemplada,,CTP000868,GA0033,2025-08-17,sorteio,0.0
CT0002701,GA0032,CLI004532,PAR010,correspondente,Automóvel,58600.0,60,0.1969,1188.51,2024-11-19,ativa,,,,,,
CT0007598,GA0021,CLI002939,PAR006,loja,Auto,117100.0,80,0.1711,1743.47,2024-11-14,contemplada,,CTP000799,GA0021,2025-03-14,lance_livre,35107.15
CT0003951,GC0024,CLI007080,PAR004,telemarketing,celular,3300.0,12,0.2459,348.12,2025-11-27,ativa,,,,,,
CT0007445,GC0041,CLI003054,PAR006,loja,Celular,3600.0,24,0.2428,189.42,2024-05-26,quitada,,,,,,
CT0007475,GA0061,CLI002061,PAR005,bancario,auto,104500.0,80,0.1524,1531.45,2026-02-05,ativa,,,,,,
CT0005128,GI0025,CLI004045,PAR011,correspondente,Imovel,559500.0,150,0.2004,4552.09,2023-11-18,ativa,,,,,,
CT0000054,GS0017,CLI003114,PAR008,correspondente,SERVICOS,14600.0,36,0.2053,496.93,2024-07-20,ativa,,,,,,
CT0002640,GC0012,CLI000237,PAR006,loja,CELULAR,4000.0,15,0.2391,335.76,2025-04-15,quitada,,,,,,
CT0001657,GS0021,CLI001961,PAR002,loja,Servicos,11600.0,36,0.1704,383.57,2025-02-28,cancelada,2025-05-28,,,,,
CT0007652,GA0018,CLI002047,PAR002,loja,Automóvel,45700.0,72,0.1605,749.29,2026-04-18,ativa,,,,,,
CT0001507,GI0042,CLI001632,PAR005,bancario,imóvel,485600.0,150,0.1997,3948.58,2023-10-03,ativa,,,,,,
CT0000093,GS0002,CLI002105,PAR011,correspondente,servicos,16300.0,36,0.2083,556.15,2026-02-16,cancelada,2026-03-16,,,,,
CT0001134,GS0025,CLI005702,PAR005,bancario,Servicos,33900.0,48,0.1821,848.98,2024-05-27,ativa,,,,,,
CT0007231,GA0060,CLI004271,PAR002,loja,automovel,58200.0,80,0.169,865.0,2025-11-02,contemplada,,CTP000762,GA0060,2026-02-02,sorteio,0.0
CT0002109,GI0021,CLI006026,PAR012,interno,Imóveis,646000.0,200,0.1873,3899.58,2023-02-21,ativa,,,,,,
CT0007167,GA0057,CLI004082,PAR010,correspondente,Auto,72000.0,60,0.1645,1421.4,2025-11-04,ativa,,,,,,
CT0004630,GA0028,CLI000559,PAR001,digital,automovel,60000.0,72,0.1711,992.58,2023-05-06,ativa,,,,,,
CT0006856,GC0064,CLI005516,PAR009,digital,CELULAR,4400.0,24,0.2153,226.47,2025-04-05,cancelada,2025-06-05,,,,,
CT0007310,GS0023,CLI006980,PAR008,correspondente,serviço,10500.0,24,0.2075,537.03,2024-07-31,cancelada,2024-12-31,,,,,
CT0002433,GI0040,CLI001919,PAR001,digital,Imóveis,546200.0,200,0.2072,3351.48,2025-02-07,ativa,,,,,,
CT0003478,GC0027,CLI005157,PAR010,correspondente,CELULAR,6900.0,15,0.2462,582.45,2024-12-12,quitada,,,,,,
CT0001376,GA0048,CLI001385,PAR007,digital,Auto,102300.0,80,0.1559,1503.68,2025-05-07,cancelada,2026-03-07,,,,,
CT0003194,GC0025,CLI000751,PAR004,telemarketing,Celular,4900.0,15,0.223,406.05,2026-05-24,ativa,,,,,,
CT0008275,GC0013,CLI005528,PAR007,digital,smartphone,4500.0,18,0.2409,315.22,2024-10-12,cancelada,2026-01-12,,,,,
CT0006406,GC0044,CLI007123,PAR004,,Celular,8900.0,12,0.2163,916.92,2025-11-29,cancelada,2026-04-29,,,,,
CT0001098,GC0033,CLI006498,PAR006,loja,CELULAR,5800.0,15,0.2084,474.98,2026-01-09,ativa,,,,,,
CT0008295,GI0038,CLI000114,PAR003,correspondente,Imovel,280600.0,150,0.1832,2250.79,2024-11-23,cancelada,2026-05-23,,,,,
CT0000968,GC0008,CLI001335,PAR007,digital,CELULAR,7700.0,18,0.2332,536.09,2025-05-22,cancelada,2025-09-22,,,,,
CT0005902,GC0010,CLI002861,PAR004,telemarketing,Celular,8700.0,12,0.2142,894.79,2026-04-02,cancelada,2026-05-02,,,,,
CT0006577,GS0016,CLI002630,PAR007,digital,Serviços,27700.0,24,0.1886,1394.93,2025-02-26,cancelada,2025-11-26,,,,,
CT0008285,GS0038,CLI005681,PAR004,telemarketing,Serviços,7100.0,36,0.1741,235.5,2025-01-25,ativa,,,,,,
CT0002990,GA0067,CLI000592,PAR004,telemarketing,Auto,65600.0,80,0.1715,977.03,2025-07-27,cancelada,2026-08-27,CTP000325,GA0067,2025-09-27,sorteio,0.0
CT0002985,GA0009,CLI007167,PAR011,correspondente,auto,65500.0,80,0.1723,976.2,2026-04-22,ativa,,,,,,
CT0006471,GC0022,CLI001041,PAR002,loja,Celular,7400.0,24,0.2396,388.38,2025-07-11,ativa,,,,,,
CT0001681,GC0035,CLI000860,PAR006,loja,Celular,6400.0,24,0.2315,333.73,2024-03-01,quitada,,,,,,
CT0004064,GI0000,CLI000941,PAR002,loja,IMOVEIS,348100.0,150,0.1871,2801.28,2025-05-21,ativa,,,,,,
CT0006656,GI0012,CLI005784,PAR002,loja,IMOVEIS,584700.0,150,0.1998,4754.78,2024-01-30,ativa,,,,,,
CT0006001,GS0020,CLI007026,PAR001,digital,SERVICOS,7400.0,48,0.1936,187.1,2024-02-02,contemplada,,CTP000634,GS0020,2025-12-02,lance_fixo,1850.0
CT0007550,GC0025,CLI001352,PAR006,loja,CELULAR,6100.0,15,0.2169,503.01,2025-05-01,cancelada,2025-06-01,,,,,
CT0003894,GA0016,CLI002168,PAR004,telemarketing,auto,71000.0,80,0.1777,1062.96,2024-08-17,ativa,,,,,,
CT0008480,GS0031,CLI000135,PAR001,digital,Servicos,26000.0,36,0.2065,885.81,2025-01-26,ativa,,,,,,
CT0004324,GC0062,CLI001352,PAR004,telemarketing,CELULAR,7600.0,24,0.2208,392.92,2025-07-04,ativa,,,,,,
CT0002569,GA0061,CLI001190,PAR001,digital,automovel,91900.0,80,0.1902,1390.22,2025-04-22,ativa,,,,,,
CT0008175,GC0025,CLI002000,PAR007,digital,Celular,2100.0,15,0.2184,173.38,2024-12-12,quitada,,,,,,
CT0001839,GC0047,CLI006111,PAR007,,Celular,2500.0,15,0.2457,210.95,2025-07-30,cancelada,2025-08-30,,,,,
CT0000352,GS0007,CLI001513,PAR009,digital,serviço,32700.0,24,0.2031,1666.47,2024-07-02,quitada,,CTP000044,GS0007,2026-02-02,lance_fixo,8175.0
CT0004777,GS0038,CLI004946,PAR012,interno,Serviços,22300.0,36,0.2039,758.14,2026-05-26,ativa,,,,,,
CT0003317,GC0065,CLI005726,PAR006,loja,Celular,6300.0,18,0.2145,432.07,2026-04-02,cancelada,2026-05-02,,,,,
CT0005713,GC0052,CLI001500,PAR007,digital,celular,6800.0,12,0.2232,704.48,2024-08-24,cancelada,2025-01-24,,,,,
CT0003991,GS0034,CLI001380,PAR009,digital,SERVICOS,26800.0,36,0.1925,902.64,2025-10-14,contemplada,,CTP000436,GS0034,2025-11-14,sorteio,0.0
CT0005574,GI0005,CLI002110,PAR002,loja,imoveis,582400.0,200,0.2145,3594.86,2024-06-08,ativa,,,,,,
CT0007061,GA0043,CLI003081,PAR006,loja,Automóvel,125900.0,72,0.1634,2069.31,2026-05-05,ativa,,,,,,
CT0006391,GI0025,CLI002735,PAR001,digital,imóvel,631000.0,150,0.2148,5194.39,2026-02-01,contemplada,,CTP000669,GI0025,2026-08-01,sorteio,0.0
CT0000552,GA0002,CLI000131,PAR004,telemarketing,AUTO,99700.0,60,0.184,2000.65,2025-10-01,ativa,,,,,,
CT0002739,GA0002,CLI001225,PAR005,bancario,AUTO,102400.0,60,0.1899,2064.9,2025-08-22,ativa,,,,,,
CT0006248,GC0020,CLI004676,PAR009,digital,Celular,7200.0,24,0.2171,371.13,2025-01-28,ativa,,,,,,
CT0005830,GC0045,CLI004569,PAR001,digital,celular,7300.0,18,0.2516,515.7,2026-02-20,ativa,,,,,,
CT0002964,GC0024,CLI006847,PAR004,,CELULAR,7800.0,12,0.2216,807.04,2026-01-28,cancelada,2026-04-28,,,,,
CT0006717,GS0029,CLI000899,PAR009,digital,serviço,28400.0,24,0.2001,1443.78,2024-02-08,quitada,,,,,,
CT0003092,GA0037,CLI000298,PAR009,digital,auto,79400.0,80,0.1668,1177.9,2025-03-19,ativa,,,,,,
CT0007434,GA0078,CLI000815,PAR004,telemarketing,Automóvel,68700.0,72,0.1499,1116.28,2025-08-11,ativa,,,,,,
CT0005825,GA0003,CLI006879,PAR009,digital,auto,58200.0,60,0.1583,1142.95,2024-12-30,ativa,,,,,,
CT0005769,GC0043,CLI006154,PAR001,digital,CELULAR,6100.0,18,0.2034,414.6,2025-11-09,contemplada,,CTP000612,GC0043,2026-04-09,sorteio,0.0
CT0005724,GA0024,CLI006729,PAR009,digital,Automóvel,112600.0,72,0.18,1876.67,2025-04-30,ativa,,,,,,
CT0006905,GA0010,CLI005930,PAR002,loja,Automóvel,57400.0,72,0.1701,948.77,2023-03-26,contemplada,,CTP000731,GA0010,2026-05-26,lance_livre,9768.5
CT0000472,GA0047,CLI002792,PAR006,loja,auto,67200.0,60,0.1602,1321.82,2024-06-10,ativa,,,,,,
CT0001870,GA0002,CLI002975,PAR006,loja,automovel,48400.0,60,0.1647,955.66,2025-09-20,ativa,,,,,,
CT0001549,GI0043,CLI007043,PAR008,correspondente,imoveis,244100.0,150,0.1881,1965.98,2024-02-08,ativa,,,,,,
CT0005622,GA0064,CLI001733,PAR008,correspondente,Auto,112600.0,72,0.1473,1825.53,2023-08-19,ativa,,,,,,
CT0005711,GC0044,CLI004943,PAR007,digital,CELULAR,8400.0,12,0.2417,883.19,2025-01-23,cancelada,2025-07-23,,,,,
CT0004541,GI0021,CLI004811,PAR001,digital,IMOVEIS,461100.0,200,0.2037,2821.24,2025-11-15,ativa,,,,,,
CT0001785,GA0042,CLI006359,PAR002,loja,Auto,89200.0,60,0.17,1769.13,2025-02-12,cancelada,2025-07-12,,,,,
CT0001581,GI0001,CLI002971,PAR012,interno,Imóveis,374200.0,200,0.2002,2282.99,2026-07-19,ativa,,,,,,
CT0004584,GC0008,CLI006277,PAR007,digital,CELULAR,2400.0,18,0.2089,163.85,2024-11-20,cancelada,2025-04-20,,,,,
CT0003381,GA0073,CLI004147,PAR099,bancario,AUTO,123000.0,80,0.1549,1806.41,2026-02-23,cancelada,2026-05-23,,,,,
CT0005160,GA0087,CLI004303,PAR005,bancario,Automóvel,85600.0,60,0.1714,1699.73,2025-06-19,cancelada,2025-12-19,,,,,
CT0007689,GS0025,CLI006204,PAR002,loja,SERVICOS,25200.0,48,0.1972,639.03,2026-02-09,cancelada,2026-03-09,,,,,
CT0007729,GA0045,CLI006450,PAR004,telemarketing,Automóvel,103300.0,60,0.1436,2003.33,2024-05-08,cancelada,2026-04-08,CTP000817,GA0045,2024-09-08,sorteio,0.0
CT0003594,GA0089,CLI004683,PAR005,bancario,Automóvel,83000.0,72,0.1587,1358.78,2025-07-11,ativa,,,,,,
CT0000607,GA0058,CLI003148,PAR005,bancario,Auto,122300.0,80,0.1789,1832.82,2025-07-06,ativa,,,,,,
CT0007732,GA0026,CLI002966,PAR005,bancario,automovel,118900.0,72,0.1466,1926.51,2024-09-06,ativa,,,,,,
CT0000358,GS0014,CLI006356,PAR009,digital,Servicos,29000.0,36,0.1937,977.7,2025-04-19,contemplada,,CTP000045,GS0014,2026-02-19,sorteio,0.0
CT0007861,GC0058,CLI002862,PAR004,telemarketing,smartphone,2800.0,12,0.2414,294.33,2025-07-25,cancelada,2025-08-25,,,,,
CT0005846,GA0047,CLI000668,PAR012,interno,Automóvel,71000.0,60,0.1619,1398.58,2024-02-06,ativa,,,,,,
CT0007908,GC0029,CLI004224,PAR001,digital,celular,3700.0,24,0.241,194.4,2024-10-11,cancelada,2024-12-11,,,,,
CT0001625,GS0030,CLI004988,PAR008,correspondente,Serviços,11600.0,36,0.1882,389.31,2026-02-05,ativa,,,,,,
CT0004256,GA0087,CLI000805,PAR002,loja,Automóvel,98800.0,60,0.1757,1968.92,2025-04-14,ativa,,,,,,
CT0005615,GI0040,CLI003153,PAR005,bancario,IMOVEIS,577100.0,200,0.2041,3532.14,2025-05-29,ativa,,,,,,
CT0003519,GA0055,CLI005717,PAR009,digital,automovel,76300.0,80,0.194,1157.85,2024-07-04,ativa,,,,,,
CT0006721,GA0064,CLI006672,PAR005,bancario,auto,103900.0,72,0.1827,1735.56,2024-03-19,ativa,,,,,,
CT0005582,GA0039,CLI004861,PAR006,loja,Auto,94800.0,60,0.1606,1865.35,2023-11-02,contemplada,,CTP000596,GA0039,2025-04-02,sorteio,0.0
CT0004035,GI0039,CLI002178,PAR012,interno,imoveis,506900.0,200,0.1907,3068.52,2024-01-03,contemplada,,CTP000439,GI0039,2025-06-03,lance_livre,262705.68
CT0006167,GC0025,CLI006082,PAR004,telemarketing,CELULAR,4000.0,15,0.2479,338.11,2025-07-22,ativa,,,,,,
CT0000010,GI0003,CLI005511,PAR003,correspondente,Imovel,414000.0,150,0.19,3339.6,2024-04-13,ativa,,,,,,
CT0003708,GI0016,CLI005915,PAR003,correspondente,Imóveis,589900.0,200,0.1923,3575.68,2026-07-12,contemplada,,CTP000396,GI0016,2026-08-12,lance_livre,302278.78
CT0002782,GA0033,CLI001159,PAR008,correspondente,AUTO,83800.0,60,0.1854,1683.54,2024-05-01,ativa,,,,,,
CT0006756,GI0039,CLI002649,PAR005,bancario,imóvel,414400.0,200,0.2061,2540.48,2025-05-12,contemplada,,CTP000713,GI0039,2025-12-12,sorteio,0.0
CT0007191,GA0009,CLI000569,PAR005,bancario,auto,125100.0,80,0.1695,1860.08,2024-03-17,contemplada,,CTP000759,GA0009,2025-07-17,sorteio,0.0
CT0004669,GS0000,CLI004344,PAR001,digital,SERVICOS,12500.0,36,0.2046,425.21,2025-12-29,cancelada,2026-07-29,,,,,
CT0007975,GI0023,CLI004621,PAR008,correspondente,IMOVEIS,209500.0,200,0.1947,1272.4,2023-04-23,ativa,,,,,,
CT0006832,GS0024,CLI006921,PAR006,loja,Servicos,14400.0,36,0.1968,486.72,2026-02-15,ativa,,,,,,
CT0006558,GS0010,CLI002212,PAR012,interno,servicos,14900.0,24,0.2043,760.09,2023-10-08,cancelada,2024-03-08,,,,,
CT0006833,GC0005,CLI007132,PAR007,digital,Celular,4300.0,24,0.2153,221.32,2025-05-31,ativa,,,,,,
CT0004881,GI0018,CLI003572,PAR001,digital,imóvel,507900.0,200,0.1788,3044.35,2024-11-26,ativa,,,,,,
CT0002533,GS0016,CLI004705,PAR001,digital,Servicos,31900.0,24,0.1969,1617.46,2024-07-21,quitada,,,,,,
CT0004519,GI0028,CLI001051,PAR003,correspondente,imoveis,334000.0,200,0.2142,2061.11,2025-12-28,ativa,,,,,,
CT0000295,GI0018,CLI002993,PAR010,correspondente,imóvel,615000.0,200,0.2029,3760.42,2024-01-09,ativa,,,,,,
CT0006164,GC0054,CLI001318,PAR007,digital,celular,8700.0,12,0.2383,912.27,2025-11-22,cancelada,2026-03-22,,,,,
CT0002834,GA0021,CLI000510,PAR008,correspondente,auto,49200.0,80,0.1591,725.15,2023-07-30,contemplada,,CTP000308,GA0021,2025-11-30,lance_livre,21851.01
CT0002987,GC0032,CLI003409,PAR009,digital,smartphone,5400.0,18,0.2122,369.66,2025-09-06,cancelada,2026-02-06,,,,,
CT0003629,GC0046,CLI005627,PAR008,correspondente,Celular,3700.0,12,0.2348,386.9,2023-10-03,cancelada,2024-07-03,,,,,
CT0007684,GC0029,CLI002249,PAR007,digital,celular,3600.0,24,0.2218,186.27,2025-01-17,cancelada,2025-04-17,,,,,
CT0003881,GC0021,CLI007115,PAR007,digital,smartphone,4900.0,12,0.2395,514.3,2025-06-12,cancelada,2026-06-12,,,,,
CT0006169,GA0023,CLI000268,PAR001,digital,AUTO,69600.0,72,0.1827,1162.61,2026-07-02,ativa,,,,,,
CT0000498,GA0078,CLI001351,PAR001,digital,Auto,86100.0,72,0.1512,1400.56,2023-10-28,cancelada,2023-11-28,,,,,
CT0007281,GC0058,CLI001724,PAR007,digital,CELULAR,8400.0,12,0.2536,891.52,2025-06-17,cancelada,2025-09-17,,,,,
CT0008197,GA0001,CLI005078,PAR008,correspondente,automovel,65700.0,72,0.1791,1094.18,2023-10-29,ativa,,,,,,
CT0001800,GC0002,CLI004173,PAR004,telemarketing,smartphone,5700.0,12,0.2253,591.52,2023-08-31,cancelada,2023-10-31,,,,,
CT0004717,GC0054,CLI001107,PAR006,loja,celular,7800.0,12,0.2284,811.46,2023-11-26,cancelada,2024-04-26,,,,,
CT0007820,GA0086,CLI002115,PAR006,loja,auto,61600.0,60,0.1611,1212.6,2024-07-16,ativa,,,,,,
CT0006795,GS0030,CLI000396,PAR007,digital,serviço,32400.0,36,0.1968,1095.12,2025-02-13,cancelada,2025-06-13,,,,,
CT0001003,GA0050,CLI006907,PAR001,digital,automovel,63300.0,80,0.1941,960.66,2024-12-15,ativa,,,,,,
CT0001811,GC0007,CLI004105,PAR004,telemarketing,smartphone,7900.0,24,0.2347,413.01,2024-03-23,cancelada,2024-11-23,,,,,
CT0004594,GC0032,CLI006161,PAR001,digital,CELULAR,3500.0,18,0.2258,242.24,2025-05-02,cancelada,2026-07-02,,,,,
CT0002716,GA0056,CLI000688,PAR007,digital,automovel,45300.0,72,0.1768,752.99,2025-03-19,cancelada,2026-02-19,,,,,
CT0007843,GI0000,CLI002114,PAR001,digital,Imóveis,377000.0,150,0.2068,3083.36,2024-09-30,ativa,,,,,,
CT0003516,GC0020,CLI000489,PAR007,digital,Celular,8200.0,24,0.2317,427.66,2025-01-17,ativa,,,,,,
CT0000173,GI0005,CLI004747,PAR005,bancario,imoveis,447100.0,200,0.2052,2738.93,2025-02-12,ativa,,,,,,
CT0005758,GA0079,CLI003462,PAR002,loja,AUTO,108000.0,72,0.1874,1811.1,2026-06-13,ativa,,,,,,
CT0006584,GA0084,CLI001671,PAR005,bancario,AUTO,80300.0,60,0.1886,1617.51,2026-04-10,ativa,,,,,,
CT0005236,GA0057,CLI005433,PAR005,bancario,Auto,122900.0,60,0.1755,2448.78,2024-09-26,cancelada,2025-03-26,CTP000560,GA0057,2025-01-26,sorteio,0.0
CT0004704,GA0010,CLI006090,PAR001,digital,automovel,77700.0,72,0.1738,1288.31,2025-10-18,ativa,,,,,,
CT0007142,GI0022,CLI007008,PAR003,correspondente,Imovel,397600.0,200,0.1816,2388.78,2024-09-19,ativa,,,,,,
CT0007118,GA0050,CLI003498,PAR099,bancario,Auto,52900.0,80,0.1682,785.7,2024-05-21,ativa,,,,,,
CT0004009,GI0015,CLI005363,PAR002,loja,Imovel,223700.0,180,0.1911,1505.13,2024-10-24,ativa,,,,,,
CT0006686,GS0012,CLI005963,PAR008,correspondente,Servicos,25900.0,36,0.2131,887.15,2025-05-11,cancelada,2025-09-11,,,,,
CT0007614,GI0035,CLI000023,PAR099,correspondente,imoveis,446800.0,150,0.2088,3660.19,2024-11-15,ativa,,,,,,
CT0006205,GI0031,CLI002013,PAR004,telemarketing,imóvel,527200.0,200,0.1921,3195.1,2025-06-15,ativa,,,,,,
CT0006552,GS0018,CLI001509,PAR008,correspondente,SERVICOS,11200.0,24,0.1912,565.23,2024-03-29,quitada,,,,,,
CT0002769,GC0038,CLI006588,PAR007,digital,smartphone,1900.0,18,0.2149,130.35,2025-09-01,cancelada,2026-03-01,,,,,
CT0006374,GC0056,CLI006452,PAR004,telemarketing,smartphone,1900.0,12,0.215,195.54,2023-12-06,quitada,,CTP000668,GC0056,2024-10-06,lance_livre,888.78
CT0001484,GI0001,CLI004418,PAR011,correspondente,Imóveis,288000.0,200,0.1988,1755.07,2025-05-23,ativa,,,,,,
CT0007592,GC0031,CLI005064,PAR002,loja,Celular,1900.0,24,0.2193,98.11,2025-02-25,ativa,,,,,,
CT0004484,GC0020,CLI006086,PAR007,digital,CELULAR,7800.0,24,0.2265,405.11,2025-10-15,cancelada,2025-12-15,,,,,
CT0001499,GC0000,CLI001584,PAR006,loja,smartphone,5300.0,18,0.2151,363.67,2024-07-27,quitada,,,,,,
CT0000548,GI0028,CLI004179,PAR006,loja,Imóveis,204200.0,200,0.2006,1246.23,2024-07-02,contemplada,,CTP000074,GI0028,2025-02-02,sorteio,0.0
CT0002822,GA0022,CLI005157,PAR006,loja,Automóvel,87900.0,80,0.1603,1296.85,2025-11-08,ativa,,,,,,
CT0004595,GA0071,CLI002276,PAR002,loja,AUTO,53500.0,72,0.1726,886.17,2025-08-24,ativa,,,,,,
CT0006325,GI0022,CLI006294,PAR003,correspondente,Imovel,199400.0,200,0.2075,1223.82,2023-10-31,contemplada,,CTP000659,GI0022,2024-07-31,sorteio,0.0
CT0008495,GI0012,CLI007054,PAR001,digital,Imovel,564400.0,150,0.1945,4569.76,2024-05-09,ativa,,,,,,
CT0000561,GC0010,CLI004513,PAR006,loja,Celular,6100.0,12,0.2486,644.87,2026-04-08,ativa,,,,,,
CT0000643,GC0012,CLI003571,PAR007,digital,celular,6200.0,15,0.2444,522.62,2025-04-30,cancelada,2025-09-30,,,,,
CT0007049,GC0026,CLI003330,PAR009,digital,smartphone,5400.0,24,0.2349,282.35,2025-06-07,cancelada,2025-12-07,,,,,
CT0006885,GC0059,CLI005395,PAR007,digital,celular,4900.0,12,0.239,514.09,2025-05-26,cancelada,2025-07-26,,,,,
CT0005888,GC0017,CLI006909,PAR007,digital,CELULAR,8700.0,12,0.2236,901.61,2025-10-14,ativa,,,,,,
CT0004631,GI0012,CLI001435,PAR004,telemarketing,imoveis,473900.0,150,0.2032,3864.5,2026-02-14,ativa,,,,,,
CT0000763,GS0008,CLI005333,PAR007,digital,Servicos,33000.0,48,0.2112,846.45,2025-02-18,ativa,,,,,,
CT0007325,GC0003,CLI003899,PAR006,loja,CELULAR,5300.0,12,0.231,552.52,2025-02-19,quitada,,,,,,
CT0006847,GC0065,CLI005328,PAR004,telemarketing,CELULAR,3900.0,18,0.227,270.18,2024-09-13,cancelada,2024-12-13,,,,,
CT0004969,GS0012,CLI001637,PAR003,correspondente,Servicos,30400.0,36,0.1952,1026.17,2026-06-14,ativa,,,,,,
CT0004656,GA0035,CLI003738,PAR001,digital,Auto,127200.0,80,0.1671,1887.49,2026-07-03,ativa,,,,,,
CT0006742,GC0015,CLI001340,PAR006,loja,smartphone,1900.0,24,0.2126,97.58,2026-06-28,ativa,,,,,,
CT0006151,GI0044,CLI001087,PAR006,loja,IMOVEIS,207300.0,150,0.216,1708.15,2025-04-23,ativa,,,,,,
CT0000947,GA0073,CLI004937,PAR001,digital,Automóvel,57700.0,80,0.1906,873.15,2024-02-29,ativa,,,,,,
CT0002527,GA0019,CLI000712,PAR001,digital,auto,96900.0,60,0.1651,1913.94,2023-08-03,cancelada,2025-08-03,,,,,
CT0006963,GA0018,CLI000648,PAR003,correspondente,Automóvel,97900.0,72,0.1724,1621.33,2025-05-22,ativa,,,,,,
CT0000990,GA0070,CLI002399,PAR010,correspondente,AUTO,63600.0,60,0.1661,1257.27,2026-04-11,ativa,,,,,,
CT0003361,GA0083,CLI006780,PAR006,loja,automovel,71400.0,60,0.1661,1411.46,2023-07-07,contemplada,,CTP000360,GA0083,2024-04-07,sorteio,0.0
CT0000330,GI0000,CLI002442,PAR006,loja,IMOVEIS,583600.0,150,0.2156,4807.31,2023-03-23,ativa,,,,,,
CT0006648,GC0042,CLI004466,PAR004,telemarketing,CELULAR,8900.0,12,0.2124,914.03,2023-09-24,cancelada,2023-11-24,,,,,
CT0005497,GC0005,CLI000511,PAR009,digital,CELULAR,4100.0,24,0.236,214.57,2024-11-18,cancelada,2025-09-18,,,,,
CT0007531,GS0028,CLI003430,PAR001,digital,serviço,12900.0,24,0.2268,670.15,2025-09-08,ativa,,,,,,
CT0003811,GA0088,CLI002196,PAR012,interno,auto,96600.0,80,0.1843,1454.19,2024-10-29,ativa,,,,,,
CT0001686,GA0078,CLI002457,PAR012,interno,AUTO,114600.0,72,0.1785,1907.61,2025-08-18,ativa,,,,,,
CT0006814,GA0028,CLI006606,PAR010,correspondente,auto,89900.0,72,0.1502,1461.12,2024-01-03,cancelada,2024-04-03,,,,,
CT0005431,GI0034,CLI003897,PAR003,correspondente,imóvel,295800.0,180,0.1909,1989.91,2025-10-27,ativa,,,,,,
CT0007334,GA0024,CLI004883,PAR012,interno,Auto,129500.0,72,0.1645,2130.45,2023-09-14,ativa,,,,,,
CT0003203,GI0032,CLI005606,PAR004,telemarketing,Imóveis,594600.0,180,0.2104,4064.42,2023-12-06,cancelada,2024-06-06,,,,,
CT0000121,GC0012,CLI005326,PAR007,digital,celular,8200.0,15,0.2347,685.9,2024-09-08,cancelada,2025-01-08,,,,,
CT0000340,GA0039,CLI001157,PAR002,loja,Auto,76700.0,60,0.156,1503.32,2026-03-29,ativa,,,,,,
CT0003725,GC0059,CLI001326,PAR001,digital,smartphone,3200.0,12,0.2221,331.23,2025-05-26,cancelada,2025-06-26,,,,,
CT0006945,GA0016,CLI002164,PAR006,loja,auto,91600.0,80,0.1738,1366.9,2024-12-04,ativa,,,,,,
CT0004102,GS0006,CLI004189,PAR011,correspondente,Servicos,9300.0,36,0.2045,316.33,2026-04-08,ativa,,,,,,
CT0003222,GI0010,CLI001352,PAR003,correspondente,imóvel,574600.0,180,0.2089,3922.92,2025-07-07,ativa,,,,,,
CT0005767,GI0009,CLI003517,PAR003,correspondente,Imovel,645500.0,180,0.2,4375.06,2023-09-04,contemplada,,CTP000611,GI0009,2024-08-04,lance_fixo,161375.0
CT0005045,GA0026,CLI003181,PAR001,digital,auto,55900.0,72,0.1876,937.57,2024-07-01,cancelada,2024-08-01,,,,,
CT0007812,GA0033,CLI004428,PAR002,,auto,118400.0,60,0.1669,2342.15,2025-09-10,ativa,,,,,,
CT0002518,GA0044,CLI005531,PAR001,digital,Auto,114000.0,60,0.1656,2252.64,2025-05-05,ativa,,,,,,
CT0004772,GC0055,CLI006199,PAR012,interno,smartphone,2500.0,24,0.2518,132.48,2025-08-05,ativa,,,,,,
CT0002445,GI0039,CLI001333,PAR002,loja,imóvel,318000.0,200,0.1927,1928.19,2026-06-18,ativa,,,,,,
CT0004480,GA0057,CLI003927,PAR002,loja,Automóvel,50500.0,60,0.1652,997.54,2026-07-26,ativa,,,,,,
CT0001074,GA0062,CLI000297,PAR001,digital,auto,79200.0,60,0.1594,1556.81,2026-04-12,ativa,,,,,,
CT0005113,GC0066,CLI004612,PAR007,digital,smartphone,3700.0,12,0.2477,390.87,2025-09-03,cancelada,2026-03-03,,,,,
CT0003525,GA0032,CLI003108,PAR010,correspondente,automovel,90600.0,60,0.1751,1804.6,2025-01-21,cancelada,2025-03-21,,,,,
CT0002243,GA0073,CLI006300,PAR006,loja,Automóvel,70800.0,80,0.1667,1050.23,2026-04-30,cancelada,2026-07-30,,,,,
CT0006673,GI0005,CLI001191,PAR005,bancario,imoveis,428000.0,200,0.1825,2573.35,2024-11-12,ativa,,,,,,
CT0000094,GA0035,CLI003791,PAR009,digital,automovel,49500.0,80,0.1665,734.15,2024-11-17,ativa,,,,,,
CT0002044,GS0010,CLI000256,PAR004,telemarketing,Serviços,30600.0,24,0.2085,1566.34,2024-05-31,cancelada,2024-11-30,CTP000225,GS0010,2024-09-30,sorteio,0.0
CT0006635,GI0019,CLI006423,PAR005,bancario,imóvel,475500.0,150,0.1864,3824.29,2026-04-19,ativa,,,,,,
CT0004947,GI0017,CLI000671,PAR010,correspondente,IMOVEIS,323900.0,150,0.2072,2649.93,2024-02-22,ativa,,,,,,
CT0008318,GC0067,CLI005671,PAR012,interno,smartphone,7100.0,15,0.2321,592.66,2025-07-09,ativa,,,,,,
CT0007313,GA0046,CLI004941,PAR007,digital,AUTO,112000.0,72,0.1753,1859.36,2025-01-27,ativa,,,,,,
CT0003769,GA0026,CLI002930,PAR010,correspondente,Auto,88100.0,72,0.1625,1446.92,2025-10-28,ativa,,,,,,
CT0005923,GC0038,CLI001582,PAR007,digital,celular,2000.0,18,0.215,137.22,2025-01-15,cancelada,2025-03-15,,,,,
CT0004179,GC0022,CLI004207,PAR012,interno,CELULAR,7600.0,24,0.2277,395.11,2024-03-29,quitada,,,,,,
CT0000532,GC0065,CLI002421,PAR001,digital,celular,7200.0,18,0.2247,497.88,2025-09-19,cancelada,2026-01-19,,,,,
CT0004088,GS0017,CLI005343,PAR004,telemarketing,servicos,34700.0,36,0.2122,1187.7,2024-04-02,cancelada,2025-01-02,,,,,
CT0005967,GA0055,CLI002684,PAR001,digital,Automóvel,125800.0,80,0.1566,1850.2,2024-09-22,ativa,,,,,,
CT0000833,GI0012,CLI005083,PAR006,loja,Imóveis,282600.0,150,0.1944,2287.93,2024-08-29,ativa,,,,,,
CT0001268,GC0038,CLI000151,PAR001,digital,CELULAR,4700.0,18,0.2301,326.42,2023-12-25,quitada,,,,,,
CT0007883,GC0017,CLI004533,PAR007,digital,celular,4700.0,12,0.2191,485.31,2024-11-20,quitada,,,,,,
CT0003273,GC0053,CLI002402,PAR004,telemarketing,CELULAR,5600.0,24,0.2142,287.98,2024-10-17,cancelada,2024-11-17,,,,,
CT0002630,GC0024,CLI000379,PAR004,telemarketing,celular,7400.0,12,0.2447,779.9,2024-07-04,quitada,,CTP000289,GC0024,2024-11-04,sorteio,0.0
CT0001440,GS0000,CLI006565,PAR006,loja,SERVICOS,34400.0,36,0.1814,1148.0,2025-12-11,cancelada,2026-01-11,,,,,
CT0002073,GA0083,CLI006099,PAR007,digital,auto,85500.0,60,0.1659,1689.91,2025-09-20,cancelada,2026-01-20,,,,,
CT0002466,GA0071,CLI003567,PAR011,correspondente,automovel,122500.0,72,0.1893,2057.49,2024-03-30,ativa,,,,,,
CT0004653,GI0023,CLI004520,PAR012,interno,Imovel,489400.0,200,0.1918,2965.27,2025-03-08,ativa,,,,,,
CT0002328,GC0032,CLI006647,PAR001,digital,smartphone,4000.0,18,0.2306,277.91,2025-05-18,ativa,,,,,,
CT0005645,GI0001,CLI004850,PAR003,correspondente,imoveis,501700.0,200,0.2043,3071.16,2024-06-14,ativa,,,,,,
CT0002364,GC0060,CLI001435,PAR009,digital,Celular,4400.0,24,0.2302,229.2,2024-07-17,cancelada,2024-10-17,,,,,
CT0002531,GC0049,CLI005136,PAR007,,CELULAR,2900.0,24,0.2276,150.75,2025-04-07,cancelada,2025-07-07,,,,,
CT0007993,GC0011,CLI006150,PAR009,digital,CELULAR,2600.0,12,0.2307,270.98,2024-07-08,quitada,,,,,,
CT0000019,GC0035,CLI002417,PAR004,telemarketing,celular,5600.0,24,0.2126,287.61,2026-02-02,ativa,,,,,,
CT0005602,GA0019,CLI000404,PAR002,loja,Auto,99400.0,60,0.1703,1971.93,2024-10-11,ativa,,,,,,
CT0000108,GS0007,CLI003651,PAR001,digital,Servicos,22700.0,24,0.217,1170.0,2025-04-08,ativa,,,,,,
CT0008122,GS0014,CLI002845,PAR008,correspondente,Servicos,26900.0,36,0.2097,918.86,2023-10-10,cancelada,2025-04-10,,,,,
CT0007112,GA0029,CLI005098,PAR009,digital,AUTO,99800.0,60,0.1623,1966.56,2024-09-19,cancelada,2025-01-19,,,,,
CT0008161,GA0022,CLI005907,PAR002,loja,AUTO,74500.0,80,0.1689,1107.16,2024-12-22,contemplada,,CTP000865,GA0022,2025-06-22,sorteio,0.0
CT0005016,GS0012,CLI005606,PAR004,telemarketing,Serviços,7200.0,36,0.1786,239.72,2024-07-24,cancelada,2024-08-24,,,,,
CT0005058,GA0022,CLI004387,PAR007,digital,auto,110000.0,80,0.1562,1617.28,2025-04-08,ativa,,,,,,
CT0004816,GI0032,CLI006761,PAR003,correspondente,Imóveis,394200.0,180,0.2087,2690.85,2024-08-13,ativa,,,,,,
CT0003904,GC0010,CLI002641,PAR009,digital,smartphone,6000.0,12,0.2293,624.65,2024-12-22,quitada,,,,,,
CT0002700,GA0045,CLI002201,PAR005,bancario,Auto,58000.0,60,0.1624,1142.99,2025-09-26,contemplada,,CTP000297,GA0045,2026-06-26,lance_fixo,14500.0
CT0005453,GC0028,CLI002214,PAR007,digital,Celular,3000.0,18,0.2143,205.72,2025-02-23,cancelada,2025-05-23,,,,,
CT0007368,GC0035,CLI000142,PAR007,digital,celular,3700.0,24,0.2224,191.54,2025-09-01,cancelada,2025-11-01,,,,,
CT0008431,GA0020,CLI002152,PAR002,loja,AUTO,118800.0,80,0.1752,1774.87,2026-04-12,ativa,,,,,,
CT0004127,GI0003,CLI003058,PAR005,bancario,IMOVEIS,379100.0,150,0.1921,3063.38,2023-05-03,contemplada,,CTP000454,GI0003,2026-04-03,sorteio,0.0
CT0004899,GC0001,CLI006099,PAR001,digital,celular,7300.0,24,0.2167,376.16,2024-06-14,cancelada,2024-11-14,,,,,
CT0007543,GC0004,CLI004357,PAR009,digital,smartphone,8300.0,12,0.2386,870.53,2025-10-18,cancelada,2026-03-18,,,,,
CT0008137,GA0074,CLI006729,PAR099,digital,auto,64700.0,80,0.179,969.69,2026-01-01,ativa,,,,,,
CT0007395,GC0004,CLI005408,PAR007,,smartphone,6500.0,12,0.226,674.92,2025-07-14,cancelada,2026-03-14,,,,,
CT0006791,GC0015,CLI002900,PAR007,digital,Celular,2900.0,24,0.2477,153.18,2025-03-14,cancelada,2025-07-14,,,,,
CT0004664,GC0000,CLI006382,PAR007,digital,CELULAR,6100.0,18,0.1985,412.94,2024-11-20,quitada,,,,,,
CT0007311,GA0039,CLI004899,PAR004,telemarketing,AUTO,99900.0,60,0.1875,2010.49,2025-12-02,cancelada,2026-01-02,,,,,
CT0001124,GI0024,CLI001097,PAR003,correspondente,imóvel,402500.0,180,0.1788,2680.65,2024-02-17,ativa,,,,,,
CT0003771,GI0036,CLI007030,PAR012,interno,imoveis,557000.0,180,0.1926,3752.32,2023-11-08,ativa,,,,,,
CT0006068,GA0033,CLI000482,PAR004,telemarketing,automovel,90400.0,60,0.1829,1812.37,2024-09-24,cancelada,2024-12-24,,,,,
CT0005454,GA0057,CLI005407,PAR001,digital,automovel,87900.0,60,0.1797,1757.56,2023-07-23,cancelada,2023-10-23,,,,,
CT0001032,GS0025,CLI000681,PAR004,telemarketing,Serviços,16300.0,48,0.1863,409.64,2023-08-07,cancelada,2023-10-07,,,,,
CT0007250,GC0023,CLI005031,PAR004,telemarketing,celular,7400.0,18,0.2387,517.47,2025-01-29,cancelada,2025-02-28,,,,,
CT0006020,GS0000,CLI004135,PAR004,telemarketing,Serviços,32900.0,36,0.2093,1123.44,2025-04-05,cancelada,2025-07-05,,,,,
CT0007289,GI0043,CLI002308,PAR005,bancario,Imóveis,338800.0,150,0.1867,2725.53,2023-12-06,ativa,,,,,,
CT0006264,GI0033,CLI006706,PAR010,correspondente,imoveis,592200.0,200,0.1818,3558.53,2024-04-21,contemplada,,CTP000651,GI0033,2025-09-21,sorteio,0.0
CT0007408,GC0016,CLI004182,PAR009,digital,smartphone,3700.0,12,0.2196,382.21,2025-10-25,contemplada,,CTP000779,GC0016,2026-02-25,sorteio,0.0
CT0007900,GI0008,CLI003601,PAR003,correspondente,IMOVEIS,509500.0,180,0.1918,3430.07,2026-03-25,ativa,,,,,,
CT0004260,GA0011,CLI004322,PAR012,interno,automovel,116600.0,72,0.1582,1908.03,2025-10-26,ativa,,,,,,
CT0007471,GA0035,CLI001160,PAR005,bancario,auto,85900.0,80,0.1787,1287.1,2024-08-15,ativa,,,,,,
CT0007927,GC0031,CLI005357,PAR099,digital,Celular,6300.0,24,0.2323,328.73,2025-07-10,cancelada,2025-09-10,,,,,
CT0004317,GA0022,CLI003456,PAR006,,AUTO,82600.0,80,0.1763,1235.18,2025-10-19,cancelada,2026-02-19,CTP000473,GA0022,2026-01-19,lance_livre,11256.14
CT0008073,GA0065,CLI001497,PAR002,loja,Automóvel,100000.0,60,0.1852,2008.67,2025-04-16,ativa,,,,,,
CT0004048,GC0039,CLI005174,PAR007,digital,celular,2200.0,12,0.2279,228.78,2025-08-09,quitada,,,,,,
CT0004396,GA0038,CLI004104,PAR010,correspondente,auto,76400.0,72,0.1915,1285.54,2023-07-01,cancelada,2025-09-01,,,,,
CT0000924,GS0031,CLI005082,PAR004,telemarketing,servicos,21500.0,36,0.2022,729.92,2023-07-12,quitada,,,,,,
CT0000959,GA0026,CLI000730,PAR004,telemarketing,Automóvel,73300.0,72,0.1707,1212.2,2026-06-14,ativa,,,,,,
CT0003280,GS0019,CLI004237,PAR009,digital,serviço,17100.0,36,0.205,581.88,2025-01-24,ativa,,,,,,
CT0003723,GI0016,CLI004445,PAR005,bancario,imoveis,270400.0,200,0.2142,1668.64,2025-11-20,ativa,,,,,,
CT0006379,GC0004,CLI006697,PAR005,bancario,celular,2700.0,12,0.2328,281.88,2023-06-30,quitada,,,,,,
CT0002681,GI0024,CLI001646,PAR001,digital,imoveis,606600.0,180,0.1817,4049.73,2025-05-06,ativa,,,,,,
CT0005555,GS0036,CLI006153,PAR001,digital,serviço,23700.0,24,0.2038,1208.5,2025-03-06,cancelada,2026-02-06,,,,,
CT0007622,GC0065,CLI000532,PAR004,telemarketing,smartphone,5300.0,18,0.2043,360.49,2025-06-20,cancelada,2025-09-20,,,,,
CT0005319,GC0047,CLI002167,PAR007,digital,celular,9000.0,15,0.2304,750.24,2025-04-04,cancelada,2026-03-04,,,,,
CT0005000,GI0026,CLI003339,PAR008,correspondente,imoveis,531200.0,150,0.199,4316.89,2025-07-18,ativa,,,,,,
CT0007904,GS0014,CLI002797,PAR006,loja,serviço,8700.0,36,0.2,294.83,2024-06-29,cancelada,2025-12-29,CTP000836,GS0014,2024-10-29,lance_livre,3128.67
CT0006015,GA0017,CLI001633,PAR008,correspondente,Automóvel,45200.0,60,0.1725,898.35,2025-08-10,ativa,,,,,,
CT0003496,GC0061,CLI001010,PAR001,digital,celular,2600.0,24,0.2281,135.21,2023-03-13,quitada,,,,,,
CT0001861,GC0030,CLI004813,PAR006,loja,celular,6000.0,15,0.228,499.2,2025-09-04,ativa,,,,,,
CT0006290,GC0010,CLI000188,PAR009,digital,CELULAR,4200.0,12,0.2192,433.72,2024-02-23,cancelada,2024-05-23,,,,,
CT0000682,GA0063,CLI004203,PAR008,correspondente,Automóvel,102700.0,60,0.1685,2034.32,2026-04-06,ativa,,,,,,
CT0001616,GI0042,CLI002458,PAR005,,Imovel,603000.0,150,0.2107,4947.41,2024-01-25,cancelada,2025-07-25,CTP000180,GI0042,2024-06-25,sorteio,0.0
CT0002006,GS0027,CLI003183,PAR004,telemarketing,serviço,7300.0,48,0.2047,186.26,2024-08-12,cancelada,2025-09-12,,,,,
CT0005247,GA0076,CLI004409,PAR002,loja,Auto,119500.0,72,0.1758,1984.7,2023-12-18,ativa,,,,,,
CT0008076,GI0011,CLI006045,PAR003,correspondente,imóvel,544500.0,200,0.1935,3303.75,2026-05-10,ativa,,,,,,
CT0000823,GS0003,CLI004087,PAR009,digital,Servicos,22100.0,36,0.1891,742.25,2024-11-15,ativa,,,,,,
CT0007074,GC0056,CLI002579,PAR001,digital,celular,5800.0,12,0.2349,606.54,2026-01-10,ativa,,,,,,
CT0002380,GC0036,CLI004097,PAR009,digital,CELULAR,6100.0,24,0.2307,317.89,2024-07-31,quitada,,,,,,
CT0000670,GI0005,CLI005190,PAR001,digital,Imovel,459400.0,200,0.203,2809.23,2023-10-07,ativa,,,,,,
CT0006127,GA0067,CLI004156,PAR001,digital,AUTO,53900.0,80,0.1621,796.44,2026-02-16,cancelada,2026-08-16,,,,,
CT0000905,GI0041,CLI001306,PAR005,bancario,Imóveis,296300.0,180,0.1968,2002.99,2023-11-06,ativa,,,,,,
CT0004376,GA0064,CLI007098,PAR007,digital,automovel,93500.0,72,0.1605,1533.01,2025-08-05,cancelada,2025-11-05,,,,,
CT0000550,GC0027,CLI001721,PAR004,telemarketing,Celular,8800.0,15,0.2327,734.92,2025-06-23,cancelada,2025-12-23,,,,,
CT0004033,GC0047,CLI006513,PAR007,digital,CELULAR,3200.0,15,0.2296,266.58,2025-03-29,cancelada,2026-01-29,,,,,
CT0001604,GA0006,CLI004310,PAR001,digital,Auto,60300.0,80,0.1755,901.11,2024-10-24,ativa,,,,,,
CT0008506,GI0028,CLI004175,PAR005,bancario,Imovel,381300.0,200,0.1873,2301.72,2025-03-30,contemplada,,CTP000904,GI0028,2026-04-30,lance_livre,190318.05
CT0002724,GA0073,CLI002480,PAR008,correspondente,automovel,105400.0,80,0.186,1588.9,2026-04-04,ativa,,,,,,
CT0007108,GS0028,CLI006309,PAR004,telemarketing,serviço,23600.0,24,0.2073,1206.85,2023-04-06,cancelada,2023-07-06,,,,,
CT0000599,GA0045,CLI005548,PAR001,digital,auto,121900.0,60,0.1919,2462.18,2026-07-03,ativa,,,,,,
CT0004530,GC0036,CLI002779,PAR001,digital,celular,8500.0,24,0.2308,442.99,2024-09-20,cancelada,2025-04-20,,,,,
CT0004030,GS0000,CLI002236,PAR005,bancario,Servicos,31100.0,36,0.1976,1051.87,2024-01-26,ativa,,,,,,
CT0001093,GC0024,CLI005488,PAR008,correspondente,celular,2100.0,12,0.242,220.85,2025-07-23,quitada,,,,,,
CT0001592,GS0031,CLI001312,PAR007,digital,SERVICOS,8000.0,36,0.2149,274.42,2025-09-10,cancelada,2026-06-10,,,,,
CT0006452,GS0011,CLI002530,PAR007,digital,Servicos,12400.0,48,0.2027,315.86,2025-03-17,ativa,,,,,,
CT0002039,GI0004,CLI004872,PAR003,correspondente,Imóveis,595300.0,200,0.1958,3618.83,2026-05-26,ativa,,,,,,
CT0007759,GI0041,CLI006876,PAR003,correspondente,imóvel,188200.0,180,0.1762,1250.69,2025-01-24,contemplada,,CTP000821,GI0041,2025-08-24,lance_fixo,47050.0
CT0004075,GS0006,CLI003897,PAR004,telemarketing,serviço,15300.0,36,0.2025,519.56,2026-02-13,cancelada,2026-04-13,,,,,
CT0001934,GC0038,CLI004712,PAR002,loja,smartphone,3800.0,18,0.2314,264.18,2024-10-18,quitada,,,,,,
CT0000609,GC0030,CLI006020,PAR006,loja,smartphone,7200.0,15,0.229,599.52,2024-03-04,quitada,,,,,,
CT0004706,GC0062,CLI000444,PAR001,digital,Celular,7100.0,24,0.2121,364.5,2025-10-12,cancelada,2026-02-12,,,,,
CT0001505,GC0008,CLI006664,PAR007,,CELULAR,5300.0,18,0.2219,365.67,2024-07-19,cancelada,2025-12-19,,,,,
CT0008385,GC0039,CLI001700,PAR001,digital,celular,1900.0,12,0.2239,196.95,2024-12-28,cancelada,2025-01-28,,,,,
CT0004142,GA0037,CLI005287,PAR008,correspondente,AUTO,52500.0,80,0.1906,794.46,2024-03-19,ativa,,,,,,
CT0005599,GA0089,CLI001592,PAR005,bancario,Auto,71100.0,72,0.1815,1186.48,2024-11-25,ativa,,,,,,
CT0004727,GA0047,CLI004432,PAR005,bancario,AUTO,111700.0,60,0.1867,2246.47,2025-04-27,contemplada,,CTP000507,GA0047,2026-06-27,sorteio,0.0
CT0004136,GC0012,CLI006543,PAR001,digital,CELULAR,4700.0,15,0.2335,392.76,2024-12-03,cancelada,2025-10-03,,,,,
CT0004124,GA0028,CLI004433,PAR005,bancario,Automóvel,122100.0,72,0.1681,2014.82,2025-01-23,ativa,,,,,,
CT0003946,GA0059,CLI003221,PAR006,,auto,93200.0,60,0.1597,1832.47,2023-06-08,ativa,,,,,,
CT0008320,GA0043,CLI006383,PAR002,loja,auto,85900.0,72,0.1744,1424.99,2025-02-22,cancelada,2026-07-22,,,,,
CT0005823,GA0049,CLI004020,PAR001,digital,AUTO,49900.0,60,0.1486,971.89,2025-02-05,ativa,,,,,,
CT0007382,GC0010,CLI004740,PAR007,digital,Celular,6700.0,12,0.2315,698.75,2025-03-26,cancelada,2025-09-26,,,,,
CT0000386,GA0071,CLI003705,PAR001,digital,AUTO,54000.0,72,0.19,907.5,2025-09-19,contemplada,,CTP000049,GA0071,2026-04-19,sorteio,0.0
CT0007526,GA0087,CLI006602,PAR099,telemarketing,Auto,84700.0,60,0.1772,1690.05,2023-10-25,cancelada,2026-05-25,CTP000792,GA0087,2025-08-25,lance_livre,45674.91
CT0005419,GC0010,CLI001463,PAR012,interno,celular,7800.0,12,0.2452,822.38,2025-01-07,quitada,,,,,,
CT0007767,GA0070,CLI003363,PAR006,loja,auto,125400.0,60,0.1685,2483.97,2025-07-15,ativa,,,,,,
CT0002354,GI0012,CLI003725,PAR005,bancario,imóvel,567200.0,150,0.1905,4577.3,2024-03-20,ativa,,,,,,
CT0008243,GA0062,CLI006085,PAR009,digital,Auto,48500.0,60,0.182,971.62,2026-07-13,ativa,,,,,,
CT0005106,GA0074,CLI007064,PAR009,digital,auto,101200.0,80,0.168,1502.82,2025-01-15,ativa,,,,,,
CT0005134,GS0036,CLI002442,PAR004,telemarketing,Serviços,10600.0,24,0.1913,534.99,2025-12-29,ativa,,,,,,
CT0005037,GI0027,CLI002843,PAR010,correspondente,Imóveis,646800.0,150,0.1894,5214.93,2025-02-08,cancelada,2025-07-08,,,,,
CT0004511,GS0004,CLI000021,PAR004,telemarketing,SERVICOS,32600.0,36,0.2127,1116.28,2026-04-16,ativa,,,,,,
CT0001245,GI0034,CLI001602,PAR003,correspondente,imoveis,257500.0,180,0.2071,1755.43,2025-04-03,ativa,,,,,,
CT0004469,GI0008,CLI002253,PAR012,interno,Imovel,559200.0,180,0.2114,3825.55,2025-05-03,ativa,,,,,,
CT0008312,GI0000,CLI003673,PAR003,correspondente,Imovel,477700.0,150,0.1787,3817.46,2026-04-10,cancelada,2026-08-10,,,,,
CT0003047,GA0050,CLI000033,PAR006,loja,Auto,61300.0,80,0.1709,912.53,2026-06-22,ativa,,,,,,
CT0000971,GC0063,CLI000120,PAR004,telemarketing,Celular,4200.0,15,0.2256,348.77,2024-01-16,cancelada,2025-04-16,,,,,
CT0001872,GA0051,CLI003727,PAR005,bancario,Automóvel,112600.0,60,0.1706,2234.36,2025-04-01,ativa,,,,,,
CT0003357,GA0066,CLI006114,PAR012,interno,Automóvel,129600.0,72,0.1826,2164.68,2024-03-14,cancelada,2024-06-14,,,,,
CT0001235,GI0020,CLI001538,PAR003,correspondente,imoveis,486900.0,180,0.2002,3300.64,2024-09-26,contemplada,,CTP000134,GI0020,2025-02-26,sorteio,0.0
CT0003742,GA0008,CLI001566,PAR011,correspondente,Automóvel,93500.0,80,0.1712,1392.21,2023-12-08,ativa,,,,,,
CT0007524,GI0034,CLI003498,PAR010,correspondente,imóvel,377200.0,180,0.1955,2547.15,2024-06-16,ativa,,,,,,
CT0004702,GC0042,CLI002293,PAR001,,Celular,3400.0,12,0.2425,357.71,2025-07-07,cancelada,2026-07-07,,,,,
CT0005950,GC0041,CLI006966,PAR004,telemarketing,celular,7000.0,24,0.214,359.92,2024-08-28,cancelada,2025-01-28,,,,,
CT0004920,GI0040,CLI004975,PAR011,correspondente,imóvel,625600.0,200,0.1778,3746.72,2026-06-17,ativa,,,,,,
CT0007636,GI0042,CLI006287,PAR001,digital,Imóveis,251800.0,150,0.2038,2054.35,2026-04-05,ativa,,,,,,
CT0003126,GA0027,CLI001724,PAR011,correspondente,Auto,69400.0,72,0.1854,1161.87,2024-07-13,cancelada,2025-08-13,,,,,
CT0005992,GC0056,CLI006981,PAR006,loja,CELULAR,7400.0,12,0.2274,769.23,2023-10-26,cancelada,2024-01-26,,,,,
CT0005668,GS0026,CLI002671,PAR001,digital,Serviços,11500.0,48,0.1985,291.93,2023-10-05,ativa,,,,,,
CT0000526,GA0068,CLI007021,PAR002,loja,Automóvel,80100.0,72,0.1857,1341.34,2024-03-08,ativa,,,,,,
CT0006904,GA0089,CLI005039,PAR002,loja,AUTO,116800.0,72,0.1585,1911.79,2023-09-28,contemplada,,CTP000730,GA0089,2025-03-28,lance_livre,33971.46
CT0005919,GS0026,CLI007064,PAR005,bancario,serviço,22600.0,48,0.195,572.06,2025-09-09,ativa,,,,,,
CT0007809,GI0033,CLI005902,PAR003,correspondente,Imovel,389300.0,200,0.2043,2383.1,2026-03-24,contemplada,,CTP000826,GI0033,2026-08-24,sorteio,0.0
CT0003934,GA0055,CLI005794,PAR005,bancario,auto,114900.0,80,0.1854,1731.26,2025-03-09,ativa,,,,,,
CT0001652,GC0036,CLI004509,PAR007,digital,celular,3900.0,24,0.2224,201.89,2025-05-25,cancelada,2025-08-25,,,,,
CT0002183,GI0041,CLI006704,PAR003,correspondente,IMOVEIS,319300.0,180,0.19,2146.41,2025-06-28,ativa,,,,,,
CT0006028,GC0005,CLI001800,PAR004,telemarketing,Celular,9000.0,24,0.2125,462.19,2025-09-27,cancelada,2026-04-27,,,,,
CT0003729,GA0070,CLI005334,PAR007,digital,auto,90300.0,60,0.1611,1777.56,2025-07-12,cancelada,2025-08-12,,,,,
CT0006772,GC0004,CLI003350,PAR009,digital,Celular,4500.0,12,0.2328,469.8,2026-03-06,ativa,,,,,,
CT0003695,GA0052,CLI003382,PAR010,correspondente,AUTO,97200.0,60,0.1467,1890.05,2024-07-08,ativa,,,,,,
CT0001398,GI0039,CLI002907,PAR005,bancario,IMOVEIS,547100.0,200,0.1875,3303.12,2024-01-24,ativa,,,,,,
CT0003143,GI0027,CLI000123,PAR012,interno,imóvel,263700.0,150,0.1973,2140.01,2025-12-12,ativa,,,,,,
CT0006272,GA0027,CLI006419,PAR009,digital,Auto,57900.0,72,0.1629,951.25,2023-09-26,ativa,,,,,,
CT0006605,GC0010,CLI005541,PAR001,digital,CELULAR,5600.0,12,0.2527,593.93,2026-07-17,ativa,,,,,,
CT0002387,GC0007,CLI005664,PAR007,digital,smartphone,2300.0,24,0.2136,118.22,2025-09-17,cancelada,2025-11-17,,,,,
CT0002747,GC0043,CLI005264,PAR009,digital,celular,5600.0,18,0.2246,387.21,2026-03-24,ativa,,,,,,
CT0007320,GS0029,CLI003824,PAR007,digital,Serviços,14500.0,24,0.2002,737.2,2025-06-27,cancelada,2025-08-27,,,,,
CT0003620,GA0022,CLI006755,PAR002,loja,AUTO,76900.0,80,0.1814,1154.85,2024-01-01,ativa,,,,,,
CT0006024,GS0009,CLI001034,PAR005,bancario,Serviços,22100.0,48,0.2105,566.54,2025-01-22,ativa,,,,,,
CT0001453,GA0007,CLI002080,PAR006,loja,auto,74400.0,72,0.1624,1221.81,2025-08-08,ativa,,,,,,
CT0007140,GC0043,CLI005227,PAR004,telemarketing,CELULAR,6200.0,18,0.2331,431.62,2025-01-12,cancelada,2025-05-12,,,,,
CT0003189,GC0050,CLI003910,PAR006,loja,Celular,6100.0,18,0.2436,428.22,2025-09-26,cancelada,2025-12-26,,,,,
CT0003518,GA0056,CLI000662,PAR002,loja,AUTO,91800.0,72,0.1724,1520.31,2025-07-20,contemplada,,CTP000380,GA0056,2026-07-20,sorteio,0.0
CT0006405,GC0044,CLI002571,PAR007,digital,Celular,4600.0,12,0.2232,476.56,2025-04-08,quitada,,,,,,
CT0002459,GI0010,CLI003040,PAR005,bancario,imóvel,457800.0,180,0.1841,3062.43,2025-03-29,contemplada,,CTP000269,GI0010,2025-08-29,sorteio,0.0
CT0000149,GA0088,CLI000236,PAR009,digital,auto,60100.0,80,0.1546,882.42,2024-08-10,ativa,,,,,,
CT0001635,GA0009,CLI006429,PAR010,correspondente,automovel,48000.0,80,0.1803,720.18,2024-11-01,cancelada,2026-04-01,,,,,
CT0004279,GA0005,CLI005975,PAR006,loja,auto,78500.0,80,0.182,1179.46,2025-06-08,ativa,,,,,,
CT0002015,GC0007,CLI001303,PAR005,bancario,Celular,2000.0,24,0.2332,104.43,2025-08-11,ativa,,,,,,
CT0007842,GI0004,CLI000737,PAR011,,Imovel,395900.0,200,0.1893,2393.81,2026-01-01,ativa,,,,,,
CT0001663,GA0050,CLI000860,PAR005,bancario,auto,75300.0,80,0.1634,1113.88,2025-07-14,ativa,,,,,,
CT0007854,GA0026,CLI004895,PAR002,loja,AUTO,121300.0,72,0.1537,1977.36,2025-10-11,ativa,,,,,,
CT0001150,GC0008,CLI001880,PAR004,telemarketing,Celular,5400.0,18,0.2314,375.42,2025-05-31,cancelada,2026-06-30,,,,,
CT0004876,GS0009,CLI003335,PAR005,bancario,Servicos,16100.0,48,0.22,415.92,2025-01-10,contemplada,,CTP000528,GS0009,2025-12-10,sorteio,0.0
CT0005576,GS0005,CLI004054,PAR010,correspondente,servicos,16200.0,48,0.1969,410.7,2024-06-10,ativa,,,,,,
CT0000478,GI0028,CLI007089,PAR003,correspondente,Imovel,244400.0,200,0.1958,1485.71,2023-09-30,contemplada,,CTP000060,GI0028,2024-09-30,sorteio,0.0
CT0007043,GS0031,CLI000215,PAR012,interno,SERVICOS,22400.0,36,0.186,750.4,2026-05-21,ativa,,,,,,
CT0007105,GS0037,CLI007093,PAR005,bancario,Servicos,11700.0,48,0.1857,293.89,2025-07-29,ativa,,,,,,
CT0007242,GI0018,CLI001417,PAR008,correspondente,Imóveis,634100.0,200,0.2267,3952.66,2025-12-21,ativa,,,,,,
CT0004005,GC0059,CLI000551,PAR009,digital,CELULAR,4700.0,12,0.2425,494.48,2023-09-08,cancelada,2024-03-08,,,,,
CT0003104,GC0037,CLI006954,PAR008,correspondente,celular,2400.0,24,0.2415,126.15,2026-01-24,ativa,,,,,,
CT0001817,GA0070,CLI003498,PAR005,bancario,Auto,87400.0,60,0.1744,1739.84,2025-10-05,ativa,,,,,,
CT0006225,GS0036,CLI006692,PAR007,digital,serviço,19800.0,24,0.1956,1002.87,2024-12-30,cancelada,2025-04-30,,,,,
CT0005848,GS0016,CLI001871,PAR004,,Serviços,28900.0,24,0.2069,1477.39,2024-08-12,cancelada,2025-06-12,,,,,
CT0000896,GS0004,CLI003421,PAR007,digital,Servicos,18500.0,36,0.198,625.92,2025-08-21,cancelada,2025-11-21,,,,,
CT0003554,GA0071,CLI005424,PAR010,correspondente,Automóvel,73100.0,72,0.1651,1203.21,2024-01-15,cancelada,2026-03-15,CTP000383,GA0071,2024-03-15,lance_livre,27542.18
CT0006236,GS0024,CLI006978,PAR010,correspondente,serviço,6900.0,36,0.2054,234.87,2024-09-22,ativa,,,,,,
CT0008531,GC0003,CLI006070,PAR004,telemarketing,CELULAR,4800.0,12,0.2305,500.2,2025-01-22,cancelada,2025-03-22,CTP000906,GC0003,2025-03-22,sorteio,0.0
CT0005402,GA0079,CLI005993,PAR002,loja,Automóvel,100000.0,72,0.173,1656.94,2024-12-08,cancelada,2026-04-08,,,,,
CT0003956,GS0036,CLI005750,PAR007,digital,Serviços,12500.0,24,0.2133,642.34,2025-08-02,contemplada,,CTP000428,GS0036,2025-12-02,lance_fixo,3125.0
CT0004654,GC0069,CLI002432,PAR009,digital,smartphone,4300.0,24,0.245,226.65,2025-08-20,ativa,,,,,,
CT0006050,GC0052,CLI004892,PAR006,loja,Celular,5400.0,12,0.2291,562.1,2025-03-12,quitada,,,,,,
CT0006288,GA0039,CLI004783,PAR004,telemarketing,Auto,104000.0,60,0.1647,2053.48,2025-10-06,cancelada,2026-04-06,,,,,
CT0002892,GI0017,CLI001410,PAR001,digital,Imovel,466600.0,150,0.2023,3802.17,2025-09-10,ativa,,,,,,
CT0003751,GC0053,CLI003956,PAR009,digital,Celular,2800.0,24,0.223,145.02,2023-09-12,quitada,,,,,,
CT0001237,GC0038,CLI000718,PAR004,telemarketing,CELULAR,8200.0,18,0.2178,563.89,2024-05-31,cancelada,2025-04-30,,,,,
CT0002795,GA0021,CLI006968,PAR002,,auto,74700.0,80,0.1487,1091.27,2024-05-21,cancelada,2026-01-21,,,,,
CT0002843,GA0042,CLI005468,PAR004,,AUTO,97300.0,60,0.177,1941.13,2025-09-06,cancelada,2025-12-06,,,,,
CT0007512,GA0035,CLI007050,PAR002,loja,AUTO,54100.0,80,0.1688,803.93,2025-07-02,ativa,,,,,,
CT0000652,GI0028,CLI007106,PAR003,correspondente,imoveis,353200.0,200,0.2144,2179.95,2025-01-27,contemplada,,CTP000086,GI0028,2025-09-27,sorteio,0.0
CT0003323,GI0035,CLI006733,PAR003,,Imóveis,594700.0,150,0.1937,4811.92,2025-04-06,ativa,,,,,,
CT0007659,GS0031,CLI000635,PAR007,digital,servicos,28500.0,36,0.2274,987.53,2024-09-30,ativa,,,,,,
CT0006073,GA0052,CLI003386,PAR007,digital,auto,75900.0,60,0.154,1485.11,2025-03-17,cancelada,2026-06-17,,,,,
CT0003290,GS0009,CLI002800,PAR001,digital,SERVICOS,27200.0,48,0.2024,692.69,2024-01-12,ativa,,,,,,
CT0004546,GC0009,CLI004159,PAR007,digital,Celular,4900.0,24,0.2201,253.19,2025-07-14,cancelada,2025-09-14,,,,,
CT0001145,GA0082,CLI002778,PAR010,correspondente,Automóvel,55000.0,80,0.1741,820.94,2026-01-04,cancelada,2026-03-04,,,,,
CT0000979,GC0038,CLI000002,PAR006,loja,CELULAR,3900.0,18,0.2393,272.85,2023-01-03,cancelada,2023-12-03,,,,,
CT0002252,GA0010,CLI002829,PAR002,,auto,101100.0,72,0.1654,1664.5,2026-05-02,ativa,,,,,,
CT0000806,GA0034,CLI006340,PAR002,loja,automovel,86300.0,80,0.1688,1282.42,2023-11-18,ativa,,,,,,
CT0001913,GA0013,CLI006067,PAR004,telemarketing,Auto,70300.0,72,0.1802,1171.86,2025-05-15,ativa,,,,,,
CT0007546,GA0020,CLI004526,PAR005,bancario,automovel,116600.0,80,0.1901,1763.72,2025-11-19,ativa,,,,,,
CT0002541,GS0008,CLI001388,PAR012,interno,servicos,14100.0,48,0.2002,358.43,2024-07-02,ativa,,,,,,
CT0006545,GA0049,CLI000781,PAR002,loja,auto,84700.0,60,0.1635,1670.71,2024-05-15,ativa,,,,,,
CT0001008,GC0043,CLI001498,PAR007,digital,Celular,2700.0,18,0.2309,187.64,2025-08-06,cancelada,2026-04-06,,,,,
CT0008042,GI0007,CLI002746,PAR011,,IMOVEIS,579700.0,150,0.1946,4694.02,2024-01-20,ativa,,,,,,
CT0007711,GA0039,CLI004748,PAR010,correspondente,automovel,97300.0,60,0.1792,1944.7,2026-07-12,ativa,,,,,,
CT0007468,GC0041,CLI006957,PAR007,digital,CELULAR,5100.0,24,0.2157,262.59,2025-04-11,cancelada,2025-07-11,,,,,
CT0002166,GI0004,CLI000062,PAR003,correspondente,Imovel,484500.0,200,0.1971,2948.42,2025-04-25,contemplada,,CTP000237,GI0004,2025-07-25,sorteio,0.0
CT0005909,GC0015,CLI003032,PAR009,digital,smartphone,5500.0,24,0.2165,283.36,2025-04-07,ativa,,,,,,
CT0002419,GI0023,CLI001833,PAR008,correspondente,Imovel,343800.0,200,0.1939,2086.69,2025-10-05,ativa,,,,,,
CT0007045,GC0048,CLI006444,PAR004,telemarketing,Celular,5700.0,18,0.1868,382.15,2024-06-28,cancelada,2024-11-28,,,,,
CT0006161,GC0030,CLI006318,PAR009,digital,celular,3400.0,15,0.2267,282.59,2025-03-16,quitada,,,,,,
CT0002962,GA0018,CLI006763,PAR005,bancario,Auto,119200.0,72,0.1686,1967.79,2025-11-26,ativa,,,,,,
CT0006489,GC0002,CLI001395,PAR006,loja,celular,6500.0,12,0.2294,676.76,2025-07-15,cancelada,2026-03-15,,,,,
CT0006671,GI0031,CLI003138,PAR099,correspondente,Imovel,447600.0,200,0.2014,2733.49,2023-07-21,ativa,,,,,,
CT0006386,GA0044,CLI005859,PAR008,correspondente,auto,77300.0,60,0.1518,1509.67,2025-06-26,ativa,,,,,,
CT0007440,GC0056,CLI005501,PAR007,digital,celular,1900.0,12,0.2104,194.81,2025-08-01,cancelada,2025-11-01,,,,,
CT0008173,GC0024,CLI003772,PAR009,digital,Celular,8100.0,12,0.2247,840.17,2026-05-25,ativa,,,,,,
CT0008132,GI0021,CLI000047,PAR003,correspondente,imoveis,583800.0,200,0.206,3578.69,2023-06-27,ativa,,,,,,
CT0002497,GS0021,CLI003020,PAR001,digital,SERVICOS,29200.0,36,0.1879,979.74,2025-05-21,ativa,,,,,,
CT0004733,GA0021,CLI006605,PAR007,digital,auto,69300.0,80,0.156,1018.71,2025-03-14,cancelada,2025-06-14,,,,,
CT0000653,GC0056,CLI006056,PAR004,telemarketing,celular,3000.0,12,0.2218,310.45,2026-01-05,cancelada,2026-05-05,,,,,
CT0000402,GA0077,CLI004089,PAR007,digital,Auto,123100.0,80,0.1766,1841.27,2025-05-01,ativa,,,,,,
CT0003832,GS0002,CLI002464,PAR006,,SERVICOS,25100.0,36,0.2074,855.77,2026-06-03,ativa,,,,,,
CT0004378,GA0052,CLI001024,PAR001,digital,Auto,66100.0,60,0.1581,1297.87,2023-12-07,cancelada,2025-11-07,CTP000476,GA0052,2025-01-07,sorteio,0.0
CT0005076,GC0041,CLI003140,PAR004,telemarketing,Celular,8600.0,24,0.2364,450.21,2024-07-02,cancelada,2025-04-02,,,,,
CT0006783,GC0046,CLI004219,PAR001,digital,celular,5100.0,12,0.2394,535.25,2025-04-13,quitada,,CTP000716,GC0046,2025-06-13,sorteio,0.0
CT0000710,GC0020,CLI002010,PAR007,digital,Celular,6100.0,24,0.254,323.81,2025-06-05,cancelada,2025-09-05,,,,,
CT0003116,GC0015,CLI001436,PAR007,digital,CELULAR,6500.0,24,0.2337,339.54,2025-02-19,cancelada,2025-04-19,,,,,
CT0000165,GS0024,CLI001400,PAR004,telemarketing,serviço,26400.0,36,0.1949,890.93,2023-02-25,cancelada,2025-11-25,CTP000021,GS0024,2024-12-25,sorteio,0.0
CT0008467,GI0040,CLI001187,PAR003,correspondente,imóvel,572400.0,200,0.1925,3470.18,2025-06-17,ativa,,,,,,
CT0001530,GA0088,CLI002065,PAR009,digital,auto,79500.0,80,0.2018,1214.16,2024-06-12,ativa,,,,,,
CT0005527,GS0039,CLI000229,PAR005,bancario,serviço,16200.0,48,0.1858,406.96,2024-12-25,ativa,,,,,,
CT0007210,GC0061,CLI004383,PAR007,digital,CELULAR,4300.0,24,0.2455,226.74,2025-04-13,cancelada,2025-05-13,,,,,
CT0007822,GI0014,CLI005061,PAR010,correspondente,Imóveis,236000.0,150,0.1932,1908.77,2024-11-22,ativa,,,,,,
CT0001599,GS0033,CLI004658,PAR004,telemarketing,serviço,30500.0,48,0.2154,784.99,2024-08-16,cancelada,2025-02-16,,,,,
CT0002815,GC0069,CLI005323,PAR004,telemarketing,Celular,5400.0,24,0.2403,283.57,2024-07-02,cancelada,2024-12-02,,,,,
CT0000495,GI0023,CLI004018,PAR011,correspondente,Imóveis,196800.0,200,0.1805,1181.29,2025-05-10,ativa,,,,,,
CT0003890,GI0030,CLI001260,PAR012,interno,imóvel,234300.0,200,0.2017,1431.22,2024-09-09,ativa,,,,,,
CT0002887,GC0025,CLI002065,PAR007,digital,CELULAR,2300.0,15,0.2361,192.6,2025-04-30,quitada,,CTP000316,GC0025,2025-08-30,sorteio,0.0
CT0007530,GA0056,CLI005882,PAR002,loja,Auto,104300.0,72,0.1808,1739.49,2024-10-25,contemplada,,CTP000793,GA0056,2025-12-25,lance_fixo,26075.0
CT0007305,GC0036,CLI001999,PAR007,digital,smartphone,6300.0,24,0.2188,325.19,2024-11-19,cancelada,2024-12-19,,,,,
CT0001900,GA0062,CLI001848,PAR008,correspondente,AUTO,69500.0,60,0.1678,1375.87,2024-06-17,ativa,,,,,,
CT0007662,GA0030,CLI004826,PAR010,correspondente,auto,113100.0,72,0.1689,1867.56,2024-12-15,cancelada,2025-01-15,,,,,
CT0007645,GS0025,CLI004617,PAR001,digital,serviço,7300.0,48,0.2239,189.18,2025-07-18,ativa,,,,,,
CT0000016,GC0026,CLI003761,PAR001,digital,celular,2300.0,24,0.2259,119.4,2023-06-19,cancelada,2025-06-19,,,,,
CT0001525,GI0022,CLI004940,PAR001,digital,Imóveis,466900.0,200,0.2087,2868.4,2025-03-09,ativa,,,,,,
CT0006829,GA0084,CLI000387,PAR001,,automovel,85600.0,60,0.1785,1709.86,2024-01-20,ativa,,,,,,
CT0000008,GS0037,CLI000593,PAR009,digital,serviço,12600.0,48,0.2047,321.48,2025-02-05,cancelada,2026-02-05,,,,,
CT0002865,GA0089,CLI007066,PAR099,loja,Auto,84300.0,72,0.1898,1416.47,2024-04-11,ativa,,,,,,
CT0000186,GA0054,CLI002459,PAR010,correspondente,Auto,103400.0,72,0.1802,1723.62,2024-04-09,ativa,,,,,,
CT0003692,GA0089,CLI006892,PAR002,loja,Auto,118300.0,72,0.1557,1931.74,2024-07-13,ativa,,,,,,
CT0004105,GC0053,CLI004556,PAR006,loja,celular,8700.0,24,0.2429,457.8,2023-05-04,cancelada,2024-06-04,,,,,
CT0007209,GC0064,CLI006057,PAR007,digital,smartphone,6700.0,24,0.2308,349.18,2025-02-19,cancelada,2025-05-19,,,,,
CT0007324,GA0075,CLI004842,PAR008,correspondente,AUTO,124300.0,60,0.1858,2498.02,2025-03-16,ativa,,,,,,
CT0006376,GS0004,CLI005842,PAR003,correspondente,Serviços,16400.0,36,0.1958,553.86,2024-09-05,ativa,,,,,,
CT0003682,GA0067,CLI005047,PAR001,digital,AUTO,115400.0,80,0.1998,1759.56,2024-10-18,ativa,,,,,,
CT0006848,GA0031,CLI000465,PAR002,loja,Auto,118000.0,72,0.1979,1996.0,2025-12-04,ativa,,,,,,
CT0003770,GA0033,CLI003797,PAR007,digital,auto,47600.0,60,0.1731,946.53,2025-09-13,ativa,,,,,,
CT0008030,GA0045,CLI005767,PAR003,correspondente,AUTO,90700.0,60,0.1653,1791.78,2023-06-28,contemplada,,CTP000851,GA0045,2025-10-28,sorteio,0.0
CT0001933,GA0021,CLI000271,PAR010,correspondente,Auto,67800.0,80,0.163,1002.59,2026-05-06,contemplada,,CTP000211,GA0021,2026-07-06,sorteio,0.0
CT0007203,GC0010,CLI002402,PAR005,bancario,CELULAR,5800.0,12,0.2234,600.98,2026-04-04,cancelada,2026-05-04,,,,,
CT0008100,GC0033,CLI006856,PAR004,telemarketing,smartphone,7600.0,15,0.2142,625.33,2025-12-27,cancelada,2026-01-27,,,,,
CT0001307,GI0024,CLI005383,PAR005,bancario,IMOVEIS,258300.0,180,0.1974,1746.97,2023-06-13,ativa,,,,,,
CT0000856,GA0021,CLI005809,PAR002,loja,Automóvel,47900.0,80,0.1501,700.6,2024-10-26,ativa,,,,,,
CT0004462,GC0005,CLI001752,PAR001,digital,celular,2400.0,24,0.2453,126.53,2026-03-21,ativa,,,,,,
CT0002091,GA0079,CLI004185,PAR007,digital,automovel,108700.0,72,0.1737,1802.16,2024-12-26,ativa,,,,,,
CT0001651,GC0002,CLI005341,PAR007,digital,Celular,6400.0,12,0.2293,666.29,2025-01-03,cancelada,2025-05-03,,,,,
CT0005725,GA0030,CLI003599,PAR001,digital,auto,87300.0,72,0.1734,1447.0,2025-11-07,cancelada,2026-03-07,,,,,
CT0003383,GA0014,CLI004535,PAR009,digital,Automóvel,54500.0,80,0.1551,800.54,2024-08-10,ativa,,,,,,
CT0002599,GA0071,CLI002648,PAR001,digital,Auto,52300.0,72,0.1732,866.73,2023-08-11,ativa,,,,,,
CT0004028,GA0018,CLI000137,PAR012,,auto,45500.0,72,0.1471,737.54,2024-08-21,ativa,,,,,,
CT0003261,GA0039,CLI004814,PAR001,digital,AUTO,126300.0,60,0.1635,2491.27,2023-10-07,ativa,,,,,,
CT0007913,GA0014,CLI006326,PAR007,digital,Automóvel,100400.0,80,0.1693,1492.57,2025-04-15,ativa,,,,,,
CT0004917,GC0046,CLI002519,PAR009,digital,celular,3000.0,12,0.2448,316.2,2025-11-28,ativa,,,,,,
CT0006324,GI0006,CLI004249,PAR005,bancario,Imovel,340200.0,180,0.1937,2293.89,2024-06-03,contemplada,,CTP000658,GI0006,2025-06-03,sorteio,0.0
CT0006786,GA0006,CLI006174,PAR001,digital,auto,90900.0,80,0.1764,1359.41,2026-04-19,ativa,,,,,,
CT0007785,GI0024,CLI002436,PAR005,bancario,imoveis,399500.0,180,0.198,2703.28,2024-12-05,contemplada,,CTP000823,GI0024,2026-06-05,lance_livre,144824.81
CT0008510,GI0034,CLI006609,PAR001,digital,imoveis,274700.0,180,0.2241,1898.63,2026-02-02,ativa,,,,,,
CT0003968,GA0089,CLI000614,PAR004,telemarketing,Automóvel,128600.0,72,0.1774,2138.69,2025-11-10,cancelada,2026-05-10,CTP000431,GA0089,2026-04-10,sorteio,0.0
CT0006992,GI0040,CLI004578,PAR005,bancario,Imovel,254700.0,200,0.1911,1542.34,2024-11-27,ativa,,,,,,
CT0000595,GC0014,CLI005203,PAR001,digital,Celular,8400.0,24,0.2496,444.36,2023-11-08,cancelada,2024-12-08,CTP000076,GC0014,2024-07-08,lance_livre,2431.98
CT0006982,GS0036,CLI001653,PAR004,telemarketing,serviço,10500.0,24,0.1935,530.91,2024-08-02,cancelada,2024-09-02,,,,,
CT0007680,GA0010,CLI003094,PAR001,digital,Automóvel,110700.0,72,0.1775,1841.16,2025-05-13,ativa,,,,,,
CT0006130,GA0074,CLI005046,PAR004,telemarketing,automovel,67000.0,80,0.1801,1005.08,2024-11-21,cancelada,2025-01-21,,,,,
CT0008337,GI0013,CLI006349,PAR001,digital,Imóveis,190100.0,150,0.1876,1530.43,2025-04-17,ativa,,,,,,
CT0004154,GC0011,CLI005568,PAR008,correspondente,CELULAR,3600.0,12,0.2331,375.93,2023-04-20,cancelada,2023-09-20,,,,,
CT0001191,GA0013,CLI005238,PAR002,loja,AUTO,117600.0,72,0.1506,1911.98,2025-12-04,ativa,,,,,,
CT0000116,GA0066,CLI002308,PAR099,loja,Auto,100900.0,72,0.1865,1690.78,2023-08-24,ativa,,,,,,
CT0002799,GC0011,CLI001490,PAR007,digital,CELULAR,1900.0,12,0.239,199.34,2024-09-06,cancelada,2025-03-06,,,,,
CT0003633,GC0063,CLI003451,PAR007,digital,celular,4300.0,15,0.2383,360.71,2025-01-25,cancelada,2025-08-25,,,,,
CT0000657,GI0034,CLI000073,PAR005,bancario,Imóveis,180100.0,180,0.1953,1215.98,2025-03-20,ativa,,,,,,
CT0000505,GS0003,CLI006691,PAR002,loja,Serviços,15600.0,36,0.1942,526.15,2025-06-18,contemplada,,CTP000063,GS0003,2025-08-18,lance_livre,7901.88
CT0000589,GS0025,CLI007181,PAR009,digital,SERVICOS,11800.0,48,0.1855,296.35,2026-05-22,ativa,,,,,,
CT0007129,GI0035,CLI002610,PAR003,correspondente,Imovel,332500.0,150,0.202,2708.77,2023-07-05,ativa,,,,,,
CT0003038,GA0081,CLI005024,PAR001,digital,automovel,84200.0,72,0.1583,1377.96,2026-01-11,ativa,,,,,,
CT0002944,GA0001,CLI006544,PAR009,digital,automovel,75500.0,72,0.1596,1236.94,2024-08-26,ativa,,,,,,
CT0004611,GI0008,CLI005444,PAR012,,Imovel,600300.0,180,0.1947,4051.02,2025-06-22,ativa,,,,,,
CT0006388,GA0041,CLI005471,PAR002,loja,AUTO,76200.0,72,0.1595,1248.3,2025-03-16,cancelada,2026-02-16,,,,,
CT0006212,GC0047,CLI002908,PAR007,digital,CELULAR,8300.0,15,0.2252,689.01,2025-06-02,cancelada,2025-08-02,,,,,
CT0004200,GI0000,CLI003886,PAR005,bancario,Imóveis,182900.0,150,0.1831,1466.98,2025-08-12,ativa,,,,,,
CT0007683,GA0015,CLI001536,PAR002,loja,automovel,48600.0,80,0.1676,721.47,2024-08-10,cancelada,2024-10-10,,,,,
CT0004023,GA0054,CLI006367,PAR007,digital,Auto,116600.0,72,0.1422,1882.12,2025-03-30,ativa,,,,,,
CT0004229,GS0013,CLI005578,PAR009,digital,Serviços,15600.0,36,0.1888,523.81,2025-08-30,ativa,,,,,,
CT0001319,GI0026,CLI000641,PAR003,correspondente,IMOVEIS,301100.0,150,0.2162,2481.47,2025-05-06,ativa,,,,,,
CT0006858,GC0040,CLI003227,PAR004,telemarketing,CELULAR,7900.0,15,0.2422,664.76,2025-06-15,cancelada,2025-10-15,,,,,
CT0004646,GI0018,CLI004456,PAR010,correspondente,imoveis,244600.0,200,0.2004,1492.55,2023-03-20,ativa,,,,,,
CT0004741,GC0046,CLI005310,PAR001,digital,CELULAR,8700.0,12,0.238,912.05,2025-05-04,quitada,,,,,,
CT0004949,GI0007,CLI006185,PAR003,correspondente,imoveis,218100.0,150,0.1854,1752.65,2023-10-19,ativa,,,,,,
CT0004186,GC0024,CLI001307,PAR006,,celular,3200.0,12,0.2181,330.16,2023-01-29,quitada,,CTP000460,GC0024,2023-07-29,lance_livre,1571.98
CT0001723,GC0012,CLI005837,PAR099,digital,Celular,4400.0,15,0.2178,363.09,2025-02-28,cancelada,2025-06-28,,,,,
CT0001514,GI0036,CLI006026,PAR010,correspondente,imoveis,337200.0,180,0.2427,2365.46,2026-03-23,ativa,,,,,,
CT0004934,GA0072,CLI005044,PAR008,correspondente,auto,122700.0,60,0.1678,2429.05,2023-01-31,cancelada,2023-05-31,,,,,
CT0007868,GA0076,CLI000632,PAR007,digital,Automóvel,96100.0,72,0.1565,1570.3,2025-05-04,cancelada,2025-08-04,,,,,
CT0000237,GC0017,CLI003088,PAR006,loja,smartphone,3600.0,12,0.2304,375.12,2024-02-07,quitada,,,,,,
CT0001540,GC0050,CLI005614,PAR009,digital,Celular,5500.0,18,0.2325,382.71,2026-05-09,ativa,,,,,,
CT0003816,GC0019,CLI006461,PAR006,loja,smartphone,3700.0,18,0.2274,256.41,2023-07-28,cancelada,2023-08-28,,,,,
CT0004050,GS0002,CLI003392,PAR011,correspondente,Serviços,29200.0,36,0.2079,995.96,2025-10-09,ativa,,,,,,
CT0004381,GI0007,CLI000258,PAR005,bancario,imoveis,234200.0,150,0.2092,1919.19,2025-08-11,ativa,,,,,,
CT0003930,GA0035,CLI002043,PAR002,loja,Automóvel,99200.0,80,0.1385,1436.54,2023-06-21,ativa,,,,,,
CT0002167,GA0011,CLI002550,PAR009,digital,automovel,107000.0,72,0.1458,1732.51,2026-06-28,ativa,,,,,,
CT0001591,GI0017,CLI000158,PAR008,correspondente,IMOVEIS,325800.0,150,0.2016,2653.32,2024-03-22,cancelada,2025-09-22,,,,,
CT0002931,GA0044,CLI006167,PAR007,digital,Automóvel,68400.0,60,0.1585,1343.49,2025-09-24,ativa,,,,,,
CT0005091,GA0005,CLI003916,PAR006,loja,automovel,52400.0,80,0.1679,778.07,2025-03-16,cancelada,2025-04-16,,,,,
CT0006865,GI0041,CLI006572,PAR007,digital,imoveis,188800.0,180,0.1867,1265.69,2025-04-13,ativa,,,,,,
CT0005421,GI0027,CLI005261,PAR003,correspondente,Imóveis,216700.0,150,0.1921,1751.08,2024-06-27,ativa,,,,,,
CT0002647,GA0053,CLI003384,PAR099,,Automóvel,122000.0,80,0.1548,1791.57,2025-12-10,ativa,,,,,,
CT0007850,GI0014,CLI001541,PAR005,bancario,imoveis,282100.0,150,0.2148,2322.25,2025-03-18,ativa,,,,,,
CT0007322,GA0023,CLI006564,PAR012,interno,AUTO,116700.0,72,0.1649,1920.53,2024-03-27,contemplada,,CTP000768,GA0023,2026-01-27,sorteio,0.0
CT0003398,GI0024,CLI003001,PAR005,bancario,Imóveis,414100.0,180,0.1792,2758.83,2023-04-13,ativa,,,,,,
CT0001829,GA0086,CLI003251,PAR002,loja,auto,64500.0,60,0.1858,1296.24,2024-11-17,ativa,,,,,,
CT0003265,GA0057,CLI006207,PAR001,digital,automovel,81900.0,60,0.165,1617.53,2026-05-25,ativa,,,,,,
CT0002508,GA0070,CLI000989,PAR010,correspondente,AUTO,100600.0,60,0.17,1995.23,2024-09-22,contemplada,,CTP000272,GA0070,2025-02-22,sorteio,0.0
CT0000475,GC0021,CLI002636,PAR004,telemarketing,Celular,5900.0,12,0.2249,612.08,2024-05-20,cancelada,2024-06-20,,,,,
CT0007527,GC0059,CLI007188,PAR007,digital,Celular,5800.0,12,0.2243,601.41,2025-04-23,quitada,,,,,,
CT0002198,GI0017,CLI004281,PAR001,digital,IMOVEIS,484200.0,150,0.1943,3919.76,2024-08-30,ativa,,,,,,
CT0002296,GC0011,CLI005702,PAR006,loja,CELULAR,7600.0,12,0.2373,796.29,2023-09-17,quitada,,,,,,
CT0007547,GI0010,CLI001327,PAR012,interno,imoveis,186600.0,180,0.1874,1251.67,2023-05-22,contemplada,,CTP000795,GI0010,2025-05-22,lance_fixo,46650.0
CT0004510,GI0021,CLI003999,PAR005,bancario,IMOVEIS,464000.0,200,0.2053,2842.7,2025-08-15,ativa,,,,,,
CT0000699,GA0039,CLI006088,PAR001,digital,auto,73000.0,60,0.1769,1456.23,2026-03-20,cancelada,2026-04-20,,,,,
CT0000705,GC0002,CLI001674,PAR004,,Celular,7000.0,12,0.2421,736.23,2023-10-30,cancelada,2024-10-30,,,,,
CT0004286,GS0009,CLI003869,PAR009,digital,Serviços,22300.0,48,0.2046,568.93,2026-02-10,ativa,,,,,,
CT0007224,GI0034,CLI003887,PAR003,,Imóveis,281700.0,180,0.2101,1925.11,2026-03-16,ativa,,,,,,
CT0003849,GA0067,CLI004223,PAR005,bancario,automovel,109200.0,80,0.1695,1623.67,2026-07-22,ativa,,,,,,
CT0000481,GC0068,CLI003682,PAR001,,CELULAR,3700.0,24,0.2241,191.8,2026-05-14,ativa,,,,,,
CT0001932,GC0002,CLI000543,PAR007,digital,CELULAR,7700.0,12,0.2236,797.98,2025-06-11,cancelada,2025-10-11,,,,,
CT0005980,GC0008,CLI000564,PAR011,correspondente,CELULAR,4100.0,18,0.2083,279.78,2025-05-16,ativa,,,,,,
CT0002641,GC0020,CLI002586,PAR007,digital,celular,6500.0,24,0.2175,335.16,2024-10-20,cancelada,2024-12-20,,,,,
CT0003818,GS0001,CLI005890,PAR001,digital,Serviços,21100.0,24,0.206,1077.86,2023-12-08,quitada,,,,,,
CT0008465,GC0058,CLI002520,PAR009,digital,CELULAR,6200.0,12,0.2213,641.34,2025-10-30,cancelada,2026-01-30,,,,,
CT0007976,GI0005,CLI004491,PAR012,interno,Imóveis,403200.0,200,0.1958,2451.05,2026-05-21,ativa,,,,,,
CT0000560,GS0018,CLI004630,PAR012,interno,Servicos,31200.0,24,0.1955,1580.15,2024-05-21,quitada,,,,,,
CT0003253,GC0016,CLI000471,PAR004,telemarketing,Celular,2600.0,12,0.2404,273.09,2026-04-23,ativa,,,,,,
CT0006096,GI0014,CLI005139,PAR005,bancario,IMOVEIS,370800.0,150,0.174,2951.57,2024-10-19,cancelada,2024-11-19,,,,,
CT0003561,GI0003,CLI001614,PAR001,digital,imoveis,647400.0,150,0.2039,5282.35,2024-08-26,ativa,,,,,,
CT0001463,GC0021,CLI004601,PAR007,digital,Celular,2300.0,12,0.2145,236.61,2025-05-18,quitada,,,,,,
CT0007296,GC0010,CLI002927,PAR006,loja,Celular,7200.0,12,0.2433,757.98,2025-06-16,quitada,,,,,,
CT0002621,GC0008,CLI004858,PAR009,digital,Celular,5500.0,18,0.2074,375.04,2024-04-10,quitada,,,,,,
CT0005280,GA0053,CLI003630,PAR009,digital,AUTO,81200.0,80,0.1687,1206.53,2024-03-10,ativa,,,,,,
CT0000770,GC0020,CLI000916,PAR006,loja,Celular,3400.0,24,0.2271,176.67,2025-09-24,cancelada,2026-07-24,,,,,
CT0007835,GA0074,CLI000131,PAR010,correspondente,automovel,58000.0,80,0.1839,872.83,2025-04-21,ativa,,,,,,
CT0005167,GS0034,CLI001313,PAR009,,SERVICOS,6800.0,36,0.2171,233.67,2025-09-14,cancelada,2026-01-14,,,,,
CT0004360,GI0018,CLI003300,PAR003,correspondente,Imóveis,322000.0,200,0.1838,1938.12,2024-08-01,ativa,,,,,,
CT0004866,GC0046,CLI004601,PAR007,digital,celular,3900.0,12,0.2545,414.21,2025-06-27,cancelada,2025-08-27,,,,,
CT0002880,GC0060,CLI006469,PAR012,interno,Celular,6200.0,24,0.2196,320.23,2025-10-09,ativa,,,,,,
CT0003249,GC0000,CLI002807,PAR006,loja,celular,4700.0,18,0.2219,324.27,2025-01-17,quitada,,,,,,
CT0007844,GC0034,CLI000889,PAR009,digital,smartphone,3600.0,12,0.2414,378.42,2024-04-24,cancelada,2024-10-24,,,,,
CT0004588,GC0010,CLI006777,PAR001,digital,CELULAR,7500.0,12,0.2303,781.44,2025-07-14,cancelada,2026-05-14,,,,,
CT0006463,GC0051,CLI007079,PAR009,digital,celular,2200.0,24,0.2326,114.82,2025-05-22,cancelada,2025-09-22,,,,,
CT0001595,GS0000,CLI004614,PAR007,digital,SERVICOS,9100.0,36,0.2057,309.83,2025-05-01,cancelada,2025-11-01,,,,,
CT0001537,GA0088,CLI005930,PAR012,interno,Automóvel,107200.0,80,0.1728,1598.35,2024-11-23,ativa,,,,,,
CT0000751,GA0015,CLI002066,PAR008,correspondente,AUTO,100500.0,80,0.1631,1486.27,2023-03-10,cancelada,2025-01-10,,,,,
CT0004993,GA0000,CLI004292,PAR004,telemarketing,AUTO,99300.0,60,0.1651,1961.34,2023-06-14,ativa,,,,,,
CT0003932,GS0020,CLI000064,PAR007,digital,Servicos,28900.0,48,0.1944,731.17,2024-09-01,cancelada,2024-12-01,,,,,
CT0007685,GI0008,CLI001520,PAR012,interno,Imovel,182400.0,180,0.2161,1252.58,2025-03-17,ativa,,,,,,
CT0007381,GI0042,CLI002553,PAR005,,Imovel,397900.0,150,0.2149,3275.78,2025-03-18,ativa,,,,,,
CT0005779,GI0020,CLI000512,PAR002,loja,IMOVEIS,228000.0,180,0.1957,1539.89,2026-03-02,ativa,,,,,,
CT0002480,GA0059,CLI007066,PAR012,interno,Automóvel,110400.0,60,0.1734,2195.86,2025-10-27,ativa,,,,,,
CT0008109,GS0032,CLI001332,PAR007,digital,Serviços,25000.0,36,0.2143,857.15,2025-05-22,cancelada,2025-06-22,,,,,
CT0007265,GA0047,CLI006189,PAR012,interno,AUTO,103600.0,60,0.1789,2070.1,2026-01-17,ativa,,,,,,
CT0002368,GI0003,CLI000865,PAR012,interno,Imóveis,229100.0,150,0.2127,1882.74,2024-09-26,ativa,,,,,,
CT0004199,GA0043,CLI001217,PAR011,correspondente,automovel,115400.0,72,0.169,1905.7,2024-10-17,contemplada,,CTP000462,GA0043,2026-06-17,sorteio,0.0
CT0006601,GA0023,CLI006115,PAR006,loja,auto,54200.0,72,0.1574,886.32,2026-07-24,ativa,,,,,,
CT0006825,GI0006,CLI002821,PAR011,correspondente,imoveis,636700.0,180,0.1908,4282.87,2025-11-03,ativa,,,,,,
CT0004512,GA0076,CLI001792,PAR009,digital,auto,71200.0,72,0.1875,1194.08,2025-01-18,cancelada,2025-06-18,,,,,
CT0002005,GA0066,CLI003194,PAR004,telemarketing,Automóvel,47300.0,72,0.1744,784.65,2023-12-01,cancelada,2024-09-01,,,,,
CT0003360,GS0027,CLI005447,PAR002,loja,Serviços,22900.0,48,0.1767,570.93,2023-12-23,cancelada,2025-09-23,,,,,
CT0007022,GI0029,CLI000343,PAR002,loja,imóvel,648900.0,200,0.2033,3969.0,2025-05-16,ativa,,,,,,
CT0003176,GA0005,CLI002289,PAR010,correspondente,auto,123200.0,80,0.1462,1795.95,2026-03-24,ativa,,,,,,
CT0004960,GA0049,CLI001701,PAR004,telemarketing,auto,122200.0,60,0.1966,2477.81,2024-12-26,cancelada,2025-07-26,,,,,
CT0002306,GI0018,CLI004659,PAR005,bancario,imoveis,437700.0,200,0.1965,2662.31,2024-06-04,contemplada,,CTP000250,GI0018,2025-01-04,sorteio,0.0
CT0001108,GC0032,CLI004892,PAR007,digital,smartphone,7800.0,18,0.2282,540.89,2024-08-08,cancelada,2025-12-08,,,,,
CT0004291,GC0059,CLI002141,PAR009,digital,celular,5900.0,12,0.2308,614.98,2026-04-20,ativa,,,,,,
CT0007679,GA0031,CLI004258,PAR002,loja,auto,128600.0,72,0.1737,2132.08,2024-11-01,ativa,,,,,,
CT0000706,GA0024,CLI004608,PAR001,digital,Automóvel,104600.0,72,0.1505,1700.48,2025-08-13,ativa,,,,,,
CT0005156,GI0014,CLI005996,PAR010,correspondente,imóvel,595400.0,150,0.2036,4856.88,2024-03-10,ativa,,,,,,
CT0008237,GS0017,CLI005953,PAR001,digital,Serviços,9900.0,36,0.1825,330.69,2025-04-18,ativa,,,,,,
CT0005470,GA0026,CLI005445,PAR004,telemarketing,Auto,81500.0,72,0.1748,1352.45,2024-07-08,cancelada,2024-09-08,,,,,
CT0006569,GC0044,CLI003937,PAR007,digital,Celular,2100.0,12,0.2342,219.49,2024-08-16,cancelada,2024-09-16,,,,,
CT0000404,GS0005,CLI006438,PAR007,,servicos,24800.0,48,0.1946,627.54,2024-10-06,ativa,,,,,,
CT0003363,GC0046,CLI002031,PAR004,telemarketing,Celular,2800.0,12,0.2306,291.81,2024-08-22,cancelada,2024-10-22,,,,,
CT0001638,GA0052,CLI001271,PAR007,digital,automovel,84500.0,60,0.1605,1662.54,2025-07-08,cancelada,2025-11-08,,,,,
CT0007549,GA0074,CLI006110,PAR004,telemarketing,Auto,51000.0,80,0.1713,759.45,2024-09-18,contemplada,,CTP000796,GA0074,2026-01-18,sorteio,0.0
CT0001415,GS0039,CLI007094,PAR001,digital,servicos,12700.0,48,0.1903,320.23,2025-07-13,ativa,,,,,,
CT0001339,GA0068,CLI004132,PAR002,loja,Automóvel,88700.0,72,0.16,1453.69,2025-01-13,ativa,,,,,,
CT0001105,GC0001,CLI002595,PAR007,digital,Celular,3700.0,24,0.2341,193.34,2024-08-08,cancelada,2026-08-08,CTP000116,GC0001,2025-05-08,sorteio,0.0
CT0002088,GI0003,CLI002498,PAR003,correspondente,IMOVEIS,230300.0,150,0.1871,1853.3,2026-03-11,ativa,,,,,,
CT0002324,GA0012,CLI001056,PAR001,digital,automovel,49600.0,80,0.1526,727.01,2023-09-04,ativa,,,,,,
CT0000273,GA0083,CLI006845,PAR009,digital,Automóvel,93200.0,60,0.1866,1874.25,2024-08-04,ativa,,,,,,
CT0008566,GC0015,CLI006498,PAR007,,CELULAR,4100.0,24,0.229,213.37,2025-06-03,cancelada,2025-07-03,,,,,
CT0005397,GI0013,CLI005848,PAR001,digital,imóvel,369700.0,150,0.1991,3004.68,2024-03-14,ativa,,,,,,
CT0001352,GA0087,CLI001969,PAR007,digital,automovel,93000.0,60,0.167,1839.85,2025-08-01,cancelada,2025-11-01,,,,,
CT0000807,GA0080,CLI000125,PAR001,digital,AUTO,48000.0,60,0.1468,933.44,2025-02-20,ativa,,,,,,
CT0007638,GS0012,CLI000583,PAR007,digital,servicos,21500.0,36,0.2177,739.18,2025-06-20,cancelada,2026-01-20,,,,,
CT0002842,GA0014,CLI001652,PAR004,telemarketing,automovel,105400.0,80,0.191,1595.49,2023-04-09,cancelada,2024-10-09,CTP000311,GA0014,2024-06-09,lance_livre,40235.99
CT0003544,GI0002,CLI000879,PAR012,interno,imoveis,617400.0,180,0.1996,4183.23,2024-08-07,ativa,,,,,,
CT0006493,GA0031,CLI004541,PAR012,interno,Auto,106200.0,72,0.1601,1740.65,2026-06-10,ativa,,,,,,
CT0004217,GS0020,CLI000639,PAR004,telemarketing,SERVICOS,27500.0,48,0.1967,697.07,2025-10-10,cancelada,2025-12-10,,,,,
CT0002132,GA0009,CLI005484,PAR002,loja,auto,102300.0,80,0.1458,1490.77,2026-06-22,ativa,,,,,,
CT0002250,GI0042,CLI000936,PAR006,loja,Imóveis,276000.0,150,0.1981,2241.3,2025-06-25,cancelada,2026-04-25,,,,,
CT0005862,GC0032,CLI003389,PAR005,,smartphone,8100.0,18,0.214,555.3,2024-06-03,cancelada,2024-10-03,,,,,
CT0000137,GA0088,CLI000581,PAR011,correspondente,auto,99400.0,80,0.1669,1474.72,2025-06-12,cancelada,2026-06-12,,,,,
CT0003358,GA0056,CLI003677,PAR008,correspondente,automovel,55900.0,72,0.1785,930.5,2025-11-20,ativa,,,,,,
CT0000858,GA0088,CLI005385,PAR007,digital,automovel,110300.0,80,0.2002,1682.35,2024-10-23,cancelada,2025-12-23,,,,,
CT0001762,GA0022,CLI005580,PAR008,correspondente,automovel,117900.0,80,0.1649,1746.25,2023-08-26,ativa,,,,,,
CT0004269,GI0009,CLI004239,PAR012,interno,Imovel,192300.0,180,0.2029,1306.46,2025-04-17,ativa,,,,,,
CT0000831,GS0018,CLI006548,PAR002,loja,servicos,11300.0,24,0.2106,579.41,2025-04-17,ativa,,,,,,
CT0001487,GI0041,CLI004779,PAR005,bancario,imóvel,465600.0,180,0.2228,3214.71,2025-12-22,ativa,,,,,,
CT0001442,GA0052,CLI006997,PAR012,interno,auto,104200.0,60,0.1695,2065.76,2024-10-05,ativa,,,,,,
CT0003152,GA0063,CLI007003,PAR007,digital,auto,79000.0,60,0.1654,1560.78,2025-04-11,ativa,,,,,,
CT0006178,GA0065,CLI000371,PAR007,digital,automovel,112200.0,60,0.1768,2238.02,2024-10-28,contemplada,,CTP000644,GA0065,2025-08-28,sorteio,0.0
CT0007655,GI0025,CLI000666,PAR006,loja,IMOVEIS,553500.0,150,0.2041,4516.93,2026-02-15,contemplada,,CTP000806,GI0025,2026-08-15,sorteio,0.0
CT0008358,GS0020,CLI001283,PAR009,digital,Servicos,28000.0,48,0.1922,707.12,2025-01-04,cancelada,2026-08-04,CTP000884,GS0020,2026-03-04,lance_livre,3779.86
CT0000212,GS0017,CLI004951,PAR005,bancario,Servicos,21200.0,36,0.2056,721.74,2025-03-23,cancelada,2025-05-23,,,,,
CT0005560,GS0014,CLI006397,PAR006,loja,Serviços,23200.0,36,0.1851,776.62,2023-04-19,quitada,,,,,,
CT0006201,GC0029,CLI001672,PAR004,telemarketing,celular,6000.0,24,0.2504,317.6,2025-08-31,ativa,,,,,,
CT0000407,GC0032,CLI007132,PAR004,telemarketing,CELULAR,7000.0,18,0.2683,501.01,2024-02-26,quitada,,,,,,
CT0001153,GC0067,CLI006119,PAR001,digital,smartphone,4400.0,15,0.2433,370.57,2025-12-20,ativa,,,,,,
CT0005564,GA0065,CLI001529,PAR006,loja,auto,88600.0,60,0.1943,1793.12,2024-03-16,ativa,,,,,,
CT0000772,GC0060,CLI004578,PAR007,digital,Celular,7900.0,24,0.2309,411.75,2025-05-07,cancelada,2025-08-07,,,,,
CT0004133,GA0059,CLI003952,PAR006,loja,automovel,55000.0,60,0.1652,1086.43,2025-12-17,cancelada,2026-08-17,,,,,
CT0006356,GC0059,CLI005830,PAR004,telemarketing,celular,8400.0,12,0.2324,876.68,2025-03-14,quitada,,,,,,
CT0007621,GC0006,CLI005861,PAR009,digital,Celular,3900.0,18,0.2353,271.98,2024-05-04,quitada,,,,,,
CT0000280,GS0013,CLI001143,PAR008,correspondente,serviço,13600.0,36,0.215,466.56,2025-02-09,ativa,,,,,,
CT0006222,GS0017,CLI003822,PAR007,digital,SERVICOS,33700.0,36,0.1898,1132.51,2025-09-04,cancelada,2026-07-04,,,,,
CT0005844,GA0014,CLI002706,PAR002,loja,Auto,72300.0,80,0.1541,1061.09,2023-06-21,contemplada,,CTP000618,GA0014,2024-12-21,sorteio,0.0
CT0003348,GC0035,CLI001484,PAR007,digital,celular,6500.0,24,0.2336,339.52,2024-09-01,cancelada,2024-12-01,,,,,
CT0007616,GI0005,CLI001323,PAR003,correspondente,imóvel,540900.0,200,0.2033,3308.41,2024-06-21,contemplada,,CTP000801,GI0005,2024-10-21,sorteio,0.0
CT0000738,GS0037,CLI000745,PAR012,interno,Servicos,14100.0,48,0.1993,358.17,2025-03-13,ativa,,,,,,
CT0000103,GI0015,CLI000244,PAR010,correspondente,Imóveis,433000.0,180,0.1927,2917.22,2026-02-07,ativa,,,,,,
CT0007607,GA0033,CLI002817,PAR009,digital,auto,53700.0,60,0.1632,1058.96,2026-06-26,ativa,,,,,,
CT0007087,GI0012,CLI004469,PAR002,loja,Imóveis,507400.0,150,0.2104,4162.03,2024-10-28,ativa,,,,,,
CT0003079,GA0050,CLI006010,PAR007,digital,Automóvel,115700.0,80,0.1506,1692.98,2025-04-01,ativa,,,,,,
CT0004999,GC0044,CLI000245,PAR007,digital,smartphone,5800.0,12,0.23,604.17,2024-11-03,cancelada,2025-08-03,,,,,
CT0001950,GA0068,CLI004075,PAR001,digital,Automóvel,58700.0,72,0.1718,971.65,2026-02-12,ativa,,,,,,
CT0005012,GS0006,CLI005970,PAR009,digital,serviço,16700.0,36,0.1784,555.92,2025-04-18,ativa,,,,,,
CT0007776,GA0069,CLI005044,PAR008,correspondente,automovel,113900.0,80,0.1642,1686.0,2025-09-12,cancelada,2026-07-12,,,,,
CT0007702,GI0044,CLI005282,PAR005,bancario,Imóveis,282900.0,150,0.2027,2306.01,2024-10-21,ativa,,,,,,
CT0000662,GC0017,CLI002714,PAR009,digital,smartphone,8300.0,12,0.2383,870.32,2025-10-24,cancelada,2026-04-24,,,,,
CT0002942,GS0009,CLI006720,PAR008,,SERVICOS,22800.0,48,0.2004,579.69,2024-06-14,cancelada,2024-12-14,,,,,
CT0003740,GC0028,CLI005378,PAR001,digital,celular,8700.0,18,0.2377,607.89,2025-12-05,cancelada,2026-01-05,,,,,
CT0005998,GC0069,CLI005544,PAR001,digital,smartphone,2100.0,24,0.2323,109.58,2026-04-30,ativa,,,,,,
CT0007917,GA0083,CLI003812,PAR003,,Automóvel,53300.0,60,0.1411,1031.44,2024-04-29,ativa,,,,,,
CT0001730,GC0006,CLI004813,PAR005,bancario,celular,5800.0,18,0.2221,400.23,2023-09-05,quitada,,,,,,
CT0005381,GC0029,CLI004796,PAR004,telemarketing,CELULAR,6400.0,24,0.2461,337.63,2026-07-23,ativa,,,,,,
CT0000633,GA0049,CLI002529,PAR002,loja,AUTO,116400.0,60,0.1772,2322.57,2024-07-06,ativa,,,,,,
CT0003247,GA0055,CLI001605,PAR006,loja,Automóvel,60200.0,80,0.1651,891.79,2024-12-21,cancelada,2025-11-21,CTP000347,GA0055,2025-10-21,lance_livre,32318.29
CT0003628,GA0012,CLI002138,PAR006,loja,Auto,100300.0,80,0.1568,1475.41,2025-04-29,ativa,,,,,,
CT0005180,GI0023,CLI004138,PAR002,loja,IMOVEIS,367900.0,200,0.2207,2282.27,2024-08-23,ativa,,,,,,
CT0006986,GA0081,CLI006819,PAR099,digital,Automóvel,83100.0,72,0.1924,1399.31,2024-04-28,cancelada,2025-12-28,,,,,
CT0006012,GA0051,CLI000480,PAR006,loja,Auto,88100.0,60,0.1701,1747.46,2025-12-25,ativa,,,,,,
CT0001543,GA0048,CLI004240,PAR004,telemarketing,Auto,47600.0,80,0.1691,707.51,2026-06-13,ativa,,,,,,
CT0001311,GA0055,CLI006168,PAR012,interno,Automóvel,96100.0,80,0.1515,1407.26,2024-06-27,ativa,,,,,,
CT0001927,GI0008,CLI002133,PAR004,telemarketing,Imovel,614400.0,180,0.2023,4172.12,2024-04-15,ativa,,,,,,
CT0000681,GC0025,CLI003514,PAR009,digital,celular,2600.0,15,0.2208,215.07,2025-07-11,cancelada,2025-12-11,,,,,
CT0003942,GI0036,CLI005599,PAR008,correspondente,IMOVEIS,268100.0,180,0.2084,1829.63,2026-07-06,ativa,,,,,,
CT0006384,GA0069,CLI007016,PAR007,digital,automovel,79100.0,80,0.1964,1202.72,2025-08-09,ativa,,,,,,
CT0001886,GA0088,CLI002303,PAR002,loja,AUTO,86300.0,80,0.1513,1263.54,2024-04-12,ativa,,,,,,
CT0000551,GS0006,CLI000149,PAR007,digital,SERVICOS,26200.0,36,0.1896,880.32,2025-08-07,cancelada,2025-12-07,,,,,
CT0007086,GC0036,CLI001922,PAR007,digital,Celular,7400.0,24,0.2285,384.95,2025-06-27,ativa,,,,,,
CT0003067,GI0012,CLI006399,PAR003,correspondente,imoveis,326900.0,150,0.206,2671.86,2026-04-09,ativa,,,,,,
CT0003467,GC0043,CLI005272,PAR007,digital,Celular,2500.0,18,0.2493,176.29,2025-01-29,cancelada,2025-07-29,,,,,
CT0007204,GC0047,CLI004188,PAR001,,smartphone,8400.0,15,0.2268,698.21,2024-10-02,cancelada,2025-10-02,,,,,
CT0007323,GA0031,CLI001013,PAR001,digital,AUTO,114200.0,72,0.1818,1906.19,2025-01-11,contemplada,,CTP000769,GA0031,2025-09-11,lance_fixo,28550.0
CT0000169,GA0054,CLI001557,PAR003,correspondente,AUTO,128400.0,72,0.1468,2080.79,2024-09-24,ativa,,,,,,
CT0001850,GC0038,CLI006993,PAR001,digital,celular,2800.0,18,0.2313,194.65,2026-01-29,ativa,,,,,,
CT0002384,GI0033,CLI005064,PAR001,digital,imóvel,242200.0,200,0.2224,1504.55,2024-11-04,cancelada,2025-09-04,,,,,
CT0006224,GC0028,CLI006185,PAR007,digital,celular,8100.0,18,0.2306,562.77,2025-08-25,ativa,,,,,,
CT0001688,GS0000,CLI003322,PAR001,digital,SERVICOS,19500.0,36,0.1866,653.57,2025-05-29,contemplada,,CTP000187,GS0000,2025-12-29,lance_livre,4061.77
CT0004073,GC0044,CLI001232,PAR009,digital,smartphone,3800.0,12,0.2476,401.41,2025-06-18,quitada,,,,,,
CT0007388,GI0035,CLI005210,PAR005,bancario,Imovel,556500.0,150,0.1975,4516.93,2023-10-23,ativa,,,,,,
CT0002712,GC0055,CLI005559,PAR007,digital,celular,5000.0,24,0.2469,263.94,2024-08-11,cancelada,2025-12-11,,,,,
CT0003450,GC0036,CLI001234,PAR001,digital,celular,8400.0,24,0.2077,429.69,2024-05-05,cancelada,2024-07-05,,,,,
CT0003024,GC0004,CLI004170,PAR007,digital,Celular,6000.0,12,0.1957,607.85,2025-06-03,cancelada,2025-12-03,,,,,
CT0003739,GA0020,CLI005930,PAR012,,Automóvel,54600.0,80,0.1639,808.01,2023-12-20,contemplada,,CTP000400,GA0020,2026-06-20,sorteio,0.0
CT0006639,GI0002,CLI005066,PAR001,digital,imoveis,296400.0,180,0.207,2020.46,2025-10-15,ativa,,,,,,
CT0003754,GS0030,CLI000859,PAR004,telemarketing,Servicos,20000.0,36,0.1766,664.78,2024-12-18,cancelada,2025-02-18,,,,,
CT0007677,GS0016,CLI002013,PAR007,digital,serviço,11500.0,24,0.1784,574.23,2025-05-23,cancelada,2026-04-23,,,,,
CT0005896,GC0003,CLI006851,PAR007,digital,celular,4600.0,12,0.2238,476.79,2025-03-20,cancelada,2025-12-20,,,,,
CT0006975,GI0000,CLI002148,PAR009,digital,imoveis,393600.0,150,0.186,3164.54,2026-03-24,ativa,,,,,,
CT0005855,GI0034,CLI006785,PAR001,digital,Imóveis,259700.0,180,0.21,1774.62,2023-12-27,cancelada,2024-06-27,,,,,
CT0002801,GC0033,CLI002316,PAR007,digital,celular,5400.0,15,0.2434,454.82,2025-03-02,quitada,,,,,,
CT0000397,GC0061,CLI006203,PAR005,bancario,CELULAR,3600.0,24,0.236,188.4,2026-02-24,cancelada,2026-04-24,,,,,
CT0000545,GC0051,CLI001280,PAR004,,CELULAR,2800.0,24,0.2053,142.95,2026-04-15,ativa,,,,,,
CT0000693,GA0000,CLI006540,PAR005,bancario,Auto,83100.0,60,0.1541,1626.13,2025-06-06,ativa,,,,,,
CT0000437,GA0072,CLI002333,PAR099,digital,Automóvel,115900.0,60,0.1826,2323.02,2026-07-13,ativa,,,,,,
CT0004965,GC0065,CLI000994,PAR004,telemarketing,Celular,7500.0,18,0.2389,524.54,2026-07-06,ativa,,,,,,
CT0001747,GC0029,CLI002444,PAR008,correspondente,CELULAR,5400.0,24,0.2197,278.93,2025-10-17,cancelada,2026-03-17,CTP000194,GC0029,2025-12-17,lance_fixo,1350.0
CT0000726,GA0046,CLI006336,PAR001,digital,automovel,114200.0,72,0.1905,1919.99,2026-07-07,ativa,,,,,,
CT0005800,GS0025,CLI000764,PAR008,correspondente,serviço,30100.0,48,0.1911,759.46,2024-04-09,ativa,,,,,,
CT0003612,GS0016,CLI000095,PAR001,digital,serviço,6600.0,24,0.1961,334.43,2025-05-30,contemplada,,CTP000389,GS0016,2026-02-28,sorteio,0.0
CT0001258,GS0004,CLI007117,PAR001,,servicos,11600.0,36,0.1929,390.82,2026-05-31,ativa,,,,,,
CT0008477,GA0080,CLI000082,PAR002,loja,auto,79800.0,60,0.1744,1588.55,2025-09-20,ativa,,,,,,
CT0000563,GA0087,CLI004817,PAR099,telemarketing,auto,107300.0,60,0.1829,2151.19,2025-02-20,ativa,,,,,,
CT0008559,GC0066,CLI007050,PAR007,digital,celular,2500.0,12,0.2327,260.98,2024-12-31,cancelada,2025-04-30,,,,,
CT0005395,GC0011,CLI006176,PAR006,loja,smartphone,4600.0,12,0.2235,476.68,2026-02-02,cancelada,2026-03-02,,,,,
CT0000336,GS0034,CLI004756,PAR010,correspondente,serviço,25100.0,36,0.1966,848.24,2025-01-23,cancelada,2025-06-23,,,,,
CT0000210,GA0047,CLI001421,PAR012,interno,Automóvel,47500.0,60,0.1812,950.95,2025-04-25,ativa,,,,,,
CT0005350,GI0039,CLI002856,PAR010,correspondente,Imóveis,341200.0,200,0.2192,2114.08,2023-09-27,cancelada,2024-03-27,,,,,
CT0005489,GA0057,CLI000303,PAR001,digital,auto,58200.0,60,0.1727,1156.92,2024-07-27,ativa,,,,,,
CT0001555,GC0059,CLI000717,PAR007,digital,celular,5400.0,12,0.2342,564.39,2025-07-12,cancelada,2025-10-12,,,,,
CT0004192,GC0040,CLI005983,PAR004,telemarketing,celular,8800.0,15,0.2277,731.98,2025-05-25,cancelada,2025-10-25,,,,,
CT0005387,GC0003,CLI003140,PAR012,interno,celular,8800.0,12,0.249,930.6,2024-03-05,quitada,,,,,,
CT0007433,GS0031,CLI001718,PAR004,telemarketing,serviço,24100.0,36,0.2188,829.31,2024-05-21,cancelada,2024-07-21,,,,,
CT0003535,GA0035,CLI004863,PAR002,loja,Auto,110800.0,80,0.1698,1647.87,2023-02-19,ativa,,,,,,
CT0006823,GA0000,CLI003969,PAR002,loja,AUTO,120500.0,60,0.161,2371.84,2024-09-08,cancelada,2024-10-08,,,,,
CT0002385,GI0031,CLI003570,PAR002,loja,Imóveis,341400.0,200,0.1853,2057.45,2025-06-11,ativa,,,,,,
CT0002470,GA0057,CLI002729,PAR006,loja,automovel,60600.0,60,0.1723,1204.22,2023-06-08,cancelada,2025-12-08,,,,,
CT0001065,GI0018,CLI000411,PAR005,bancario,imoveis,186200.0,200,0.1758,1113.29,2024-08-21,ativa,,,,,,
CT0003129,GI0023,CLI006862,PAR001,digital,IMOVEIS,594300.0,200,0.212,3660.89,2024-12-22,ativa,,,,,,
CT0000293,GA0019,CLI005610,PAR007,digital,automovel,48900.0,60,0.1746,973.6,2025-03-16,ativa,,,,,,
CT0005978,GC0009,CLI005648,PAR001,digital,celular,2200.0,24,0.2544,116.82,2024-12-18,ativa,,,,,,
CT0004299,GI0023,CLI000289,PAR006,loja,imoveis,643800.0,200,0.1908,3897.57,2024-01-01,ativa,,,,,,
CT0000380,GS0014,CLI004586,PAR008,correspondente,servicos,28700.0,36,0.1918,966.07,2024-09-26,cancelada,2024-12-26,,,,,
CT0002738,GA0017,CLI006486,PAR012,interno,automovel,87000.0,60,0.1679,1722.46,2023-11-16,ativa,,,,,,
CT0005956,GA0005,CLI001830,PAR002,loja,Automóvel,57200.0,80,0.158,842.27,2025-10-31,contemplada,,CTP000628,GA0005,2026-01-31,sorteio,0.0
CT0008178,GI0028,CLI003184,PAR003,correspondente,IMOVEIS,426900.0,200,0.1983,2600.46,2026-02-12,cancelada,2026-05-12,,,,,
CT0004041,GC0032,CLI003674,PAR012,interno,Celular,8300.0,18,0.2395,580.77,2023-09-19,quitada,,CTP000440,GC0032,2024-05-19,sorteio,0.0
CT0007807,GI0007,CLI005079,PAR005,bancario,Imovel,329600.0,150,0.2037,2688.88,2025-11-28,ativa,,,,,,
CT0002343,GI0024,CLI003644,PAR001,digital,Imovel,288500.0,180,0.2075,1967.41,2025-11-16,contemplada,,CTP000255,GI0024,2026-08-16,lance_livre,65776.8
CT0005867,GC0051,CLI000844,PAR008,correspondente,celular,6200.0,24,0.2305,323.05,2026-02-25,cancelada,2026-07-25,,,,,
CT0001894,GC0066,CLI005182,PAR011,correspondente,CELULAR,6800.0,12,0.2336,710.37,2024-05-11,quitada,,,,,,
CT0004203,GA0026,CLI005534,PAR001,digital,AUTO,84700.0,72,0.1524,1379.2,2026-04-05,cancelada,2026-07-05,,,,,
CT0001452,GA0074,CLI006353,PAR001,digital,auto,127800.0,80,0.1637,1890.96,2025-06-27,contemplada,,CTP000162,GA0074,2025-07-27,lance_livre,55989.06
CT0006355,GS0005,CLI003856,PAR007,digital,servicos,6100.0,48,0.2107,156.4,2025-01-11,cancelada,2026-02-11,,,,,
CT0001776,GI0036,CLI005654,PAR005,,IMOVEIS,208500.0,180,0.194,1406.22,2025-08-27,ativa,,,,,,
CT0001045,GC0063,CLI004546,PAR099,digital,smartphone,7800.0,15,0.2336,651.87,2025-06-11,cancelada,2026-05-11,,,,,
CT0008218,GA0026,CLI003886,PAR005,bancario,AUTO,114400.0,72,0.1653,1883.31,2024-02-05,ativa,,,,,,
CT0005957,GA0036,CLI000927,PAR006,loja,Automóvel,112300.0,72,0.1767,1866.52,2024-09-25,ativa,,,,,,
CT0003303,GC0053,CLI000727,PAR007,digital,Celular,3600.0,24,0.218,185.7,2024-11-06,ativa,,,,,,
CT0005927,GA0037,CLI003968,PAR009,digital,AUTO,81800.0,80,0.1465,1192.75,2024-01-11,contemplada,,CTP000627,GA0037,2024-09-11,sorteio,0.0
CT0003608,GC0028,CLI000124,PAR004,telemarketing,Celular,8300.0,18,0.2498,585.52,2024-11-17,cancelada,2025-02-17,,,,,
CT0002889,GC0004,CLI002995,PAR007,digital,celular,4300.0,12,0.2107,441.0,2025-02-12,quitada,,,,,,
CT0007796,GC0003,CLI004761,PAR007,digital,celular,2100.0,12,0.2391,220.34,2025-07-13,cancelada,2025-10-13,,,,,
CT0001951,GS0038,CLI005878,PAR003,correspondente,serviço,30200.0,36,0.1729,1000.71,2024-06-22,ativa,,,,,,
CT0005729,GC0040,CLI006122,PAR003,correspondente,CELULAR,1900.0,15,0.2397,159.56,2026-04-12,cancelada,2026-05-12,,,,,
CT0008040,GS0020,CLI000965,PAR010,correspondente,serviço,34800.0,48,0.2209,899.65,2026-04-29,cancelada,2026-06-29,,,,,
CT0002744,GA0051,CLI001637,PAR005,,auto,46900.0,60,0.1508,915.18,2026-06-07,ativa,,,,,,
CT0000619,GS0001,CLI001916,PAR005,bancario,servicos,30800.0,24,0.1941,1558.1,2024-07-07,quitada,,,,,,
CT0005153,GI0018,CLI003194,PAR011,correspondente,imoveis,235600.0,200,0.193,1428.91,2024-11-29,cancelada,2026-05-29,,,,,
CT0003380,GA0064,CLI000235,PAR001,digital,Automóvel,67700.0,72,0.181,1129.27,2023-12-02,ativa,,,,,,
CT0000359,GI0000,CLI006173,PAR005,bancario,Imóveis,360700.0,150,0.193,2916.86,2026-07-07,ativa,,,,,,
CT0000528,GA0046,CLI004865,PAR003,correspondente,automovel,69000.0,72,0.1417,1113.3,2024-11-21,cancelada,2025-05-21,,,,,
CT0004976,GI0005,CLI004941,PAR010,correspondente,Imóveis,547100.0,200,0.1954,3324.73,2026-06-10,ativa,,,,,,
CT0005562,GS0027,CLI002008,PAR001,digital,serviço,10300.0,48,0.1985,261.47,2023-12-26,contemplada,,CTP000591,GS0027,2024-11-26,sorteio,0.0
CT0007254,GA0013,CLI006243,PAR002,loja,automovel,83100.0,72,0.1742,1378.31,2024-06-16,cancelada,2024-12-16,,,,,
CT0005286,GI0037,CLI003667,PAR005,bancario,Imovel,241700.0,200,0.1972,1470.99,2024-12-30,ativa,,,,,,
CT0005400,GS0008,CLI001734,PAR007,digital,serviço,24000.0,48,0.1934,606.7,2025-05-14,ativa,,,,,,
CT0008188,GC0029,CLI001209,PAR007,digital,CELULAR,2500.0,24,0.2258,129.77,2024-10-28,cancelada,2025-03-28,,,,,
CT0000854,GS0028,CLI006678,PAR001,digital,Serviços,18300.0,24,0.1875,920.72,2024-10-05,ativa,,,,,,
CT0007786,GI0037,CLI000269,PAR003,correspondente,imóvel,604200.0,200,0.199,3682.6,2025-02-20,contemplada,,CTP000824,GI0037,2026-01-20,sorteio,0.0
CT0005609,GI0012,CLI004440,PAR003,correspondente,Imovel,329800.0,150,0.1686,2613.34,2025-11-03,ativa,,,,,,
CT0001798,GC0069,CLI003970,PAR007,digital,celular,6500.0,24,0.2345,339.76,2025-01-03,cancelada,2025-06-03,,,,,
CT0004813,GA0081,CLI004888,PAR002,loja,Auto,99300.0,72,0.1719,1643.83,2025-04-25,contemplada,,CTP000516,GA0081,2026-05-25,sorteio,0.0
CT0001544,GC0064,CLI003568,PAR009,digital,smartphone,8700.0,24,0.219,449.14,2024-12-15,ativa,,,,,,
CT0002438,GC0008,CLI003916,PAR007,digital,Celular,6000.0,18,0.2446,421.53,2024-07-10,cancelada,2024-12-10,,,,,
CT0003764,GI0004,CLI002240,PAR003,correspondente,Imóveis,573200.0,200,0.2006,3498.24,2024-07-28,ativa,,,,,,
CT0002148,GC0004,CLI001795,PAR007,digital,CELULAR,5000.0,12,0.204,510.0,2025-07-16,cancelada,2025-12-16,,,,,
CT0004525,GC0048,CLI006468,PAR004,telemarketing,Celular,6700.0,18,0.2297,465.17,2024-12-28,cancelada,2025-01-28,,,,,
CT0008036,GA0043,CLI000951,PAR001,digital,Auto,55000.0,72,0.1814,917.74,2025-12-19,ativa,,,,,,
CT0002476,GI0042,CLI002469,PAR003,correspondente,imóvel,257000.0,150,0.1814,2058.4,2025-07-17,ativa,,,,,,
CT0007349,GS0011,CLI002318,PAR001,digital,serviço,32900.0,48,0.1837,825.04,2026-02-14,ativa,,,,,,
CT0002570,GS0015,CLI006645,PAR008,correspondente,servicos,29300.0,24,0.1885,1475.38,2023-10-10,quitada,,CTP000283,GS0015,2025-01-10,sorteio,0.0
CT0001614,GS0009,CLI003100,PAR001,digital,serviço,19500.0,48,0.1986,495.06,2026-03-27,cancelada,2026-08-27,,,,,
CT0008268,GC0039,CLI000608,PAR006,loja,smartphone,6200.0,12,0.2213,641.34,2023-07-26,cancelada,2024-06-26,,,,,
CT0008019,GA0046,CLI004879,PAR001,digital,auto,82600.0,72,0.1766,1372.77,2023-04-25,cancelada,2024-11-25,,,,,
CT0007076,GA0013,CLI006288,PAR012,interno,Auto,91100.0,72,0.1705,1506.31,2025-02-09,ativa,,,,,,
CT0004931,GA0007,CLI005601,PAR004,telemarketing,Auto,89600.0,72,0.1667,1476.78,2025-12-08,cancelada,2026-02-08,,,,,
CT0003132,GA0028,CLI006394,PAR009,digital,automovel,104200.0,72,0.1653,1715.39,2025-09-11,cancelada,2025-11-11,,,,,
CT0006390,GI0028,CLI001973,PAR012,interno,imoveis,515700.0,200,0.1985,3141.9,2025-02-22,ativa,,,,,,
CT0003959,GA0085,CLI000199,PAR006,loja,automovel,101000.0,60,0.1739,2009.73,2025-11-18,ativa,,,,,,
CT0007418,GA0048,CLI005169,PAR001,digital,Auto,67600.0,80,0.1688,1004.54,2025-01-11,cancelada,2026-03-11,CTP000781,GA0048,2025-03-11,sorteio,0.0
CT0002428,GA0038,CLI003153,PAR007,digital,AUTO,106800.0,72,0.1868,1790.09,2024-11-25,cancelada,2026-07-25,,,,,
CT0002609,GS0003,CLI002848,PAR004,telemarketing,Serviços,27000.0,36,0.2079,920.93,2023-11-05,cancelada,2025-01-05,,,,,
CT0002954,GS0028,CLI005511,PAR004,telemarketing,SERVICOS,11400.0,24,0.1947,576.98,2025-05-21,cancelada,2025-06-21,,,,,
CT0002177,GC0026,CLI002316,PAR007,digital,celular,6800.0,24,0.2319,354.7,2025-05-15,cancelada,2025-06-15,,,,,
CT0004804,GC0047,CLI006776,PAR007,digital,smartphone,3100.0,15,0.2131,254.84,2024-12-21,cancelada,2025-01-21,,,,,
CT0001292,GI0015,CLI003876,PAR003,correspondente,IMOVEIS,313600.0,180,0.1958,2118.19,2025-08-28,contemplada,,CTP000140,GI0015,2026-08-28,sorteio,0.0
CT0006943,GC0037,CLI003991,PAR009,digital,celular,8200.0,24,0.2413,430.94,2024-10-18,ativa,,,,,,
CT0001834,GA0030,CLI001981,PAR005,bancario,auto,103200.0,72,0.1628,1695.35,2024-01-11,cancelada,2024-10-11,,,,,
CT0000733,GC0044,CLI006857,PAR012,interno,CELULAR,5900.0,12,0.2547,626.73,2025-09-23,ativa,,,,,,
CT0000081,GI0026,CLI000433,PAR001,digital,Imovel,497200.0,150,0.1896,4009.42,2024-10-02,cancelada,2026-01-02,,,,,
CT0006852,GA0042,CLI006577,PAR001,digital,automovel,48600.0,60,0.1654,960.17,2024-07-18,cancelada,2025-06-18,,,,,
CT0006023,GI0031,CLI005768,PAR003,correspondente,Imóveis,254800.0,200,0.2068,1562.94,2024-04-19,ativa,,,,,,
CT0006090,GC0068,CLI003871,PAR004,telemarketing,celular,7900.0,24,0.2483,417.48,2024-09-03,cancelada,2025-12-03,CTP000638,GC0068,2025-09-03,lance_livre,1785.27
CT0003899,GS0030,CLI006247,PAR001,digital,Serviços,7200.0,36,0.2243,248.86,2026-03-09,ativa,,,,,,
CT0007496,GI0009,CLI001876,PAR003,correspondente,IMOVEIS,501600.0,180,0.2275,3476.37,2025-11-20,ativa,,,,,,
CT0002129,GC0014,CLI006978,PAR007,digital,celular,4300.0,24,0.215,221.27,2025-07-28,cancelada,2025-09-28,,,,,
CT0005139,GC0041,CLI003635,PAR007,digital,celular,3100.0,24,0.2141,159.4,2024-09-12,cancelada,2024-12-12,,,,,
CT0005965,GI0014,CLI004713,PAR001,digital,Imovel,532800.0,150,0.1927,4307.51,2024-08-11,contemplada,,CTP000629,GI0014,2024-12-11,sorteio,0.0
CT0006295,GC0032,CLI001655,PAR004,telemarketing,CELULAR,5500.0,18,0.2436,386.1,2025-07-24,cancelada,2025-08-24,,,,,
CT0005304,GI0041,CLI004521,PAR011,correspondente,imóvel,294000.0,180,0.1921,1979.76,2026-05-12,ativa,,,,,,
CT0008383,GC0019,CLI004124,PAR004,telemarketing,celular,8200.0,18,0.2222,565.89,2024-07-06,cancelada,2024-12-06,,,,,
CT0004442,GA0057,CLI001594,PAR004,telemarketing,Automóvel,112100.0,60,0.1407,2168.57,2023-08-02,cancelada,2023-10-02,,,,,
CT0006323,GS0023,CLI000440,PAR006,,serviço,10900.0,24,0.2028,555.36,2026-03-21,ativa,,,,,,
CT0007161,GS0029,CLI002857,PAR004,telemarketing,Servicos,29200.0,24,0.2053,1490.78,2025-03-25,cancelada,2025-06-25,,,,,
CT0005212,GA0088,CLI004770,PAR004,telemarketing,Auto,110500.0,80,0.1609,1631.12,2024-05-08,ativa,,,,,,
CT0004015,GA0037,CLI003835,PAR012,interno,AUTO,118200.0,80,0.1585,1741.23,2023-07-01,ativa,,,,,,
CT0000600,GI0036,CLI001894,PAR009,digital,IMOVEIS,486100.0,180,0.2183,3344.1,2025-03-07,ativa,,,,,,
CT0008081,GA0017,CLI005876,PAR007,digital,Automóvel,122900.0,60,0.1618,2420.72,2025-06-01,cancelada,2026-04-01,,,,,
CT0001974,GC0050,CLI003798,PAR009,digital,CELULAR,5600.0,18,0.234,390.13,2026-01-02,cancelada,2026-03-02,,,,,
CT0007584,GI0006,CLI003833,PAR006,loja,imóvel,394700.0,180,0.1955,2665.32,2023-12-09,contemplada,,CTP000798,GI0006,2026-07-09,sorteio,0.0
CT0005425,GC0049,CLI005782,PAR004,telemarketing,smartphone,7800.0,24,0.2362,408.27,2023-08-13,cancelada,2023-11-13,,,,,
CT0003706,GI0025,CLI004938,PAR005,bancario,imóvel,460000.0,150,0.1882,3705.15,2023-07-13,ativa,,,,,,
CT0000929,GI0002,CLI000766,PAR003,correspondente,imóvel,580600.0,180,0.2082,3961.63,2025-11-05,ativa,,,,,,
CT0005313,GA0056,CLI005377,PAR001,digital,Auto,76400.0,72,0.1674,1259.96,2025-11-04,ativa,,,,,,
CT0002154,GS0001,CLI005438,PAR006,loja,Serviços,9000.0,24,0.2096,461.1,2025-05-26,ativa,,,,,,
CT0005916,GA0085,CLI004080,PAR005,bancario,Automóvel,66400.0,60,0.1828,1331.1,2026-03-16,ativa,,,,,,
CT0000795,GA0024,CLI004796,PAR002,loja,Auto,48100.0,72,0.151,782.29,2026-06-12,ativa,,,,,,
CT0001612,GS0034,CLI004687,PAR004,telemarketing,servicos,29700.0,36,0.187,995.78,2024-04-27,cancelada,2024-05-27,,,,,
CT0003592,GC0008,CLI000313,PAR009,digital,Celular,8300.0,18,0.2277,575.33,2024-08-23,cancelada,2024-11-23,,,,,
CT0004320,GC0027,CLI000992,PAR007,digital,smartphone,6100.0,15,0.2186,503.7,2025-08-12,cancelada,2025-11-12,,,,,
CT0007437,GI0012,CLI002148,PAR003,correspondente,Imóveis,226900.0,150,0.1995,1844.7,2024-10-08,ativa,,,,,,
CT0003858,GA0046,CLI000513,PAR009,,auto,97300.0,72,0.1633,1599.1,2024-08-29,ativa,,,,,,
CT0007571,GS0035,CLI000119,PAR006,loja,servicos,12700.0,24,0.2073,649.45,2023-05-16,cancelada,2023-12-16,,,,,
CT0007873,GS0005,CLI003885,PAR004,telemarketing,Serviços,26800.0,48,0.1989,680.55,2024-02-13,cancelada,2025-12-13,,,,,
CT0005428,GS0020,CLI002806,PAR099,digital,servicos,34300.0,48,0.1843,860.57,2025-09-10,ativa,,,,,,
CT0002606,GI0017,CLI005084,PAR010,correspondente,IMOVEIS,585200.0,150,0.1963,4745.19,2025-04-18,cancelada,2025-10-18,,,,,
CT0004343,GA0067,CLI001263,PAR003,correspondente,Auto,94200.0,80,0.1666,1397.22,2026-01-28,ativa,,,,,,
CT0007205,GC0059,CLI000023,PAR099,digital,celular,3200.0,12,0.2304,333.44,2025-09-07,cancelada,2026-08-07,,,,,
CT0004593,GC0045,CLI006706,PAR008,correspondente,CELULAR,8900.0,18,0.2293,617.71,2025-04-24,cancelada,2026-01-24,,,,,
CT0006340,GS0015,CLI001360,PAR001,,Servicos,26600.0,24,0.1953,1346.96,2025-09-25,ativa,,,,,,
CT0000433,GC0060,CLI007128,PAR004,telemarketing,Celular,2100.0,24,0.2255,108.98,2025-03-06,cancelada,2025-06-06,,,,,
CT0001582,GS0031,CLI000621,PAR006,loja,SERVICOS,16700.0,36,0.209,570.12,2025-11-10,cancelada,2026-02-10,,,,,
CT0001869,GS0027,CLI002511,PAR009,digital,Servicos,22900.0,48,0.2028,583.38,2023-11-16,ativa,,,,,,
CT0006291,GA0071,CLI003955,PAR005,bancario,Automóvel,97500.0,72,0.1575,1594.53,2024-03-17,contemplada,,CTP000654,GA0071,2026-07-17,sorteio,0.0
CT0000329,GS0006,CLI006953,PAR005,bancario,Serviços,32200.0,36,0.1929,1084.87,2025-09-14,ativa,,,,,,
CT0003670,GS0021,CLI005234,PAR004,telemarketing,SERVICOS,15900.0,36,0.1887,533.84,2025-05-13,cancelada,2025-09-13,,,,,
CT0000517,GS0003,CLI000847,PAR007,digital,SERVICOS,16000.0,36,0.2178,550.13,2024-10-18,cancelada,2025-01-18,,,,,
CT0006561,GS0029,CLI002197,PAR009,digital,serviço,16100.0,24,0.1883,810.57,2024-05-26,quitada,,CTP000688,GS0029,2025-11-26,lance_livre,6491.71
CT0008508,GS0038,CLI000705,PAR007,digital,serviço,17600.0,36,0.1873,590.24,2024-07-10,cancelada,2024-12-10,,,,,
CT0001144,GS0018,CLI003381,PAR004,telemarketing,Serviços,31400.0,24,0.2155,1616.45,2024-10-18,cancelada,2025-05-18,,,,,
CT0007275,GS0019,CLI004350,PAR009,digital,Serviços,20700.0,36,0.195,698.62,2026-05-03,cancelada,2026-06-03,,,,,
CT0000098,GC0009,CLI004157,PAR010,correspondente,Celular,5200.0,24,0.2314,271.14,2024-09-06,cancelada,2025-11-06,,,,,
CT0004684,GI0033,CLI006835,PAR012,interno,Imóveis,445500.0,200,0.1754,2662.75,2024-10-29,ativa,,,,,,
CT0001282,GA0043,CLI002885,PAR012,interno,Automóvel,101600.0,72,0.1637,1670.33,2025-01-06,cancelada,2026-04-06,,,,,
CT0002329,GS0023,CLI005011,PAR005,bancario,serviço,30900.0,24,0.19,1557.88,2024-03-27,cancelada,2026-01-27,,,,,
CT0001923,GS0023,CLI002700,PAR004,telemarketing,SERVICOS,33700.0,24,0.1814,1686.97,2024-02-17,cancelada,2024-03-17,,,,,
CT0001645,GC0052,CLI003050,PAR007,digital,smartphone,5900.0,12,0.2317,615.42,2025-03-22,quitada,,,,,,
CT0000824,GI0004,CLI003417,PAR003,correspondente,Imóveis,310000.0,200,0.183,1864.65,2025-09-29,ativa,,,,,,
CT0008158,GC0039,CLI006408,PAR007,digital,Celular,8900.0,12,0.2412,935.39,2025-03-01,cancelada,2025-06-01,,,,,
CT0004574,GA0081,CLI004160,PAR012,interno,AUTO,64400.0,72,0.149,1045.61,2025-04-18,cancelada,2025-05-18,,,,,
CT0006444,GC0051,CLI000374,PAR007,digital,CELULAR,5100.0,24,0.2475,269.34,2025-09-11,ativa,,,,,,
CT0000899,GA0062,CLI002847,PAR003,correspondente,auto,122700.0,60,0.172,2437.64,2024-05-16,ativa,,,,,,
CT0007862,GS0016,CLI001429,PAR008,correspondente,Servicos,28100.0,24,0.1996,1427.95,2023-08-07,quitada,,,,,,
CT0001036,GA0065,CLI006248,PAR007,digital,Automóvel,51100.0,60,0.1464,993.38,2024-07-26,cancelada,2025-03-26,,,,,
CT0002048,GS0031,CLI001799,PAR007,digital,SERVICOS,15300.0,36,0.2198,526.91,2025-10-18,cancelada,2026-05-18,,,,,
CT0001778,GI0043,CLI006712,PAR003,correspondente,Imovel,436100.0,150,0.2141,3587.94,2024-04-21,cancelada,2025-09-21,CTP000200,GI0043,2025-09-21,lance_livre,89663.67
CT0001329,GS0018,CLI003106,PAR006,loja,SERVICOS,29100.0,24,0.2085,1489.56,2023-10-18,cancelada,2024-09-18,,,,,
CT0006326,GA0071,CLI005343,PAR007,digital,automovel,98400.0,72,0.1764,1635.08,2025-06-12,ativa,,,,,,
CT0007463,GI0025,CLI002836,PAR006,loja,imoveis,475300.0,150,0.1744,3784.66,2025-08-08,ativa,,,,,,
CT0000126,GA0059,CLI006012,PAR001,digital,AUTO,124100.0,60,0.17,2461.32,2024-09-06,ativa,,,,,,
CT0004937,GC0028,CLI002565,PAR007,,Celular,6400.0,18,0.2118,437.97,2025-06-29,cancelada,2026-04-29,,,,,
CT0001058,GS0002,CLI005944,PAR006,loja,servicos,25800.0,36,0.1869,864.95,2025-12-16,ativa,,,,,,
CT0005216,GS0035,CLI002164,PAR006,loja,SERVICOS,23300.0,24,0.2108,1194.9,2023-10-28,cancelada,2024-06-28,,,,,
CT0007055,GC0004,CLI002875,PAR007,digital,smartphone,3800.0,12,0.2275,395.04,2025-03-10,cancelada,2025-05-10,,,,,
CT0002981,GC0040,CLI000497,PAR004,telemarketing,CELULAR,3100.0,15,0.2174,255.73,2024-05-18,quitada,,,,,,
CT0002400,GC0044,CLI002060,PAR007,digital,Celular,2700.0,12,0.2385,283.16,2024-07-17,cancelada,2025-06-17,,,,,
CT0004964,GI0026,CLI002927,PAR012,interno,imóvel,633800.0,150,0.1993,5151.95,2026-01-26,ativa,,,,,,
CT0008257,GI0001,CLI002223,PAR005,bancario,imoveis,404500.0,200,0.198,2463.41,2023-05-20,ativa,,,,,,
CT0001171,GC0036,CLI000336,PAR007,digital,CELULAR,3900.0,24,0.231,203.29,2025-10-19,cancelada,2026-02-19,,,,,
CT0001897,GC0066,CLI004628,PAR007,digital,CELULAR,2400.0,12,0.2139,246.78,2025-10-13,cancelada,2025-11-13,,,,,
CT0000588,GI0004,CLI006276,PAR010,,IMOVEIS,457100.0,200,0.2014,2791.51,2026-05-30,ativa,,,,,,
CT0000704,GC0027,CLI005400,PAR004,telemarketing,smartphone,8000.0,15,0.2169,659.68,2023-05-03,cancelada,2024-06-03,,,,,
CT0002614,GA0003,CLI006006,PAR001,digital,auto,101300.0,60,0.1668,2003.71,2025-09-08,ativa,,,,,,
CT0002181,GS0018,CLI005749,PAR007,digital,serviço,26300.0,24,0.198,1334.72,2025-06-01,ativa,,,,,,
CT0007775,GA0022,CLI004843,PAR011,correspondente,automovel,91800.0,80,0.1612,1355.43,2023-12-20,ativa,,,,,,
CT0001787,GA0059,CLI002949,PAR007,digital,AUTO,97500.0,60,0.1747,1941.39,2025-05-30,ativa,,,,,,
CT0002402,GS0005,CLI003017,PAR004,telemarketing,Serviços,21600.0,48,0.2135,555.08,2025-12-30,cancelada,2026-01-30,CTP000262,GS0005,2026-01-30,lance_fixo,5400.0
CT0006907,GA0058,CLI004263,PAR002,loja,automovel,113000.0,80,0.1576,1663.36,2026-06-01,ativa,,,,,,
CT0006071,GC0020,CLI000972,PAR004,telemarketing,celular,5000.0,24,0.2303,260.48,2025-04-27,cancelada,2025-08-27,,,,,
CT0006654,GC0031,CLI005781,PAR002,loja,celular,2100.0,24,0.2522,111.32,2024-09-04,contemplada,,CTP000700,GC0031,2024-11-04,lance_livre,386.84
CT0005753,GC0031,CLI004023,PAR007,digital,smartphone,8500.0,24,0.2265,441.47,2025-02-15,cancelada,2026-06-15,,,,,
CT0000533,GI0030,CLI004697,PAR012,interno,Imovel,485500.0,200,0.1957,2951.11,2023-10-08,contemplada,,CTP000071,GI0030,2024-11-08,sorteio,0.0
CT0007863,GC0043,CLI004161,PAR001,digital,Celular,4300.0,18,0.2326,299.23,2025-12-09,cancelada,2026-05-09,,,,,
CT0002175,GA0031,CLI006754,PAR001,digital,automovel,48800.0,72,0.1705,806.89,2023-04-13,cancelada,2024-12-13,,,,,
CT0003133,GA0062,CLI002649,PAR008,correspondente,AUTO,102000.0,60,0.1791,2038.47,2024-06-06,cancelada,2024-11-06,,,,,
CT0001731,GS0008,CLI002446,PAR004,telemarketing,SERVICOS,29900.0,48,0.202,761.2,2024-04-26,cancelada,2024-06-26,,,,,
CT0005999,GC0034,CLI001760,PAR012,interno,Celular,7500.0,12,0.2202,775.12,2025-11-11,ativa,,,,,,
CT0001502,GC0032,CLI005071,PAR004,telemarketing,celular,6000.0,18,0.2103,410.1,2024-12-18,quitada,,,,,,
CT0005005,GI0041,CLI003768,PAR008,,Imóveis,405900.0,180,0.211,2775.91,2025-07-28,ativa,,,,,,
CT0003296,GA0087,CLI002616,PAR099,digital,Auto,123700.0,60,0.1511,2414.42,2025-03-15,ativa,,,,,,
CT0001680,GC0059,CLI004398,PAR004,telemarketing,smartphone,2300.0,12,0.2363,240.79,2023-11-05,quitada,,,,,,
CT0007406,GC0044,CLI000494,PAR001,digital,CELULAR,5100.0,12,0.232,532.1,2025-04-05,cancelada,2026-01-05,,,,,
CT0005876,GI0010,CLI005166,PAR002,loja,imoveis,300000.0,180,0.19,2016.67,2025-08-27,ativa,,,,,,
CT0000830,GI0002,CLI004730,PAR006,loja,imóvel,411800.0,180,0.1912,2770.96,2023-11-14,ativa,,,,,,
CT0004496,GA0031,CLI006429,PAR001,digital,auto,49100.0,72,0.1698,811.38,2024-11-28,ativa,,,,,,
CT0000461,GA0083,CLI006548,PAR002,loja,automovel,65100.0,60,0.1364,1254.69,2024-02-23,ativa,,,,,,
CT0004542,GA0002,CLI006382,PAR008,correspondente,Auto,96600.0,60,0.1666,1910.43,2023-11-17,cancelada,2025-11-17,,,,,
CT0005391,GC0041,CLI002492,PAR006,loja,celular,2900.0,24,0.2326,151.36,2023-10-12,quitada,,,,,,
CT0002646,GC0030,CLI000369,PAR006,loja,Celular,6500.0,15,0.2249,539.46,2024-10-09,quitada,,,,,,
CT0006172,GA0076,CLI001937,PAR009,digital,AUTO,78100.0,72,0.176,1297.33,2025-04-07,contemplada,,CTP000643,GA0076,2026-02-07,lance_livre,40566.27
CT0007000,GA0016,CLI003118,PAR005,bancario,Automóvel,66600.0,80,0.1597,982.1,2026-01-24,ativa,,,,,,
CT0007287,GS0001,CLI000944,PAR001,digital,Servicos,8200.0,24,0.2064,419.02,2024-04-30,quitada,,,,,,
CT0004400,GA0042,CLI001964,PAR001,digital,auto,127000.0,60,0.1633,2504.65,2024-10-23,ativa,,,,,,
CT0002458,GC0019,CLI001261,PAR011,correspondente,smartphone,6800.0,18,0.2248,470.26,2024-10-31,quitada,,,,,,
CT0004997,GC0005,CLI006515,PAR006,loja,CELULAR,5900.0,24,0.2332,308.08,2024-08-25,quitada,,,,,,
CT0008537,GC0029,CLI002117,PAR007,digital,smartphone,1800.0,24,0.2087,92.15,2025-04-15,ativa,,,,,,
CT0001012,GC0048,CLI003654,PAR007,,smartphone,4200.0,18,0.2245,290.38,2025-10-07,cancelada,2025-12-07,,,,,
CT0000656,GS0000,CLI000708,PAR005,bancario,servicos,15700.0,36,0.1877,526.69,2024-02-18,ativa,,,,,,
CT0002074,GA0055,CLI000004,PAR005,bancario,AUTO,71600.0,80,0.1606,1056.64,2025-11-11,ativa,,,,,,
CT0002812,GC0012,CLI002578,PAR007,digital,Celular,4100.0,15,0.2688,352.27,2024-12-30,cancelada,2025-10-30,,,,,
CT0002866,GS0034,CLI007105,PAR009,digital,serviço,7500.0,36,0.2013,254.44,2023-11-28,ativa,,,,,,
CT0001132,GA0078,CLI005080,PAR009,,auto,117000.0,72,0.1593,1916.36,2026-06-22,ativa,,,,,,
CT0000579,GC0025,CLI006655,PAR007,digital,CELULAR,2500.0,15,0.236,209.33,2024-12-14,cancelada,2025-02-14,,,,,
CT0005643,GI0025,CLI002496,PAR006,loja,IMOVEIS,638700.0,150,0.2173,5268.42,2025-02-27,cancelada,2026-04-27,,,,,
CT0003248,GC0061,CLI006667,PAR006,loja,celular,1800.0,24,0.2281,93.61,2025-04-18,ativa,,,,,,
CT0004081,GC0041,CLI006132,PAR009,digital,celular,7200.0,24,0.2388,377.64,2024-05-30,cancelada,2025-09-30,CTP000447,GC0041,2025-08-30,sorteio,0.0
CT0003135,GC0015,CLI004199,PAR001,digital,CELULAR,7500.0,24,0.2286,390.19,2023-10-20,quitada,,,,,,
CT0004393,GC0057,CLI004087,PAR004,telemarketing,smartphone,7300.0,24,0.2234,378.2,2025-10-30,cancelada,2026-01-30,,,,,
CT0004929,GC0007,CLI006038,PAR007,digital,CELULAR,3100.0,24,0.2123,159.17,2025-04-05,ativa,,,,,,
CT0004671,GI0008,CLI003334,PAR006,loja,Imóveis,390900.0,180,0.1891,2625.76,2026-03-14,ativa,,,,,,
CT0002269,GI0043,CLI000151,PAR012,interno,Imóveis,400600.0,150,0.2035,3267.56,2023-08-24,ativa,,,,,,
CT0000022,GA0028,CLI005007,PAR009,digital,Automóvel,68300.0,72,0.1775,1135.96,2025-08-31,ativa,,,,,,
CT0001161,GC0001,CLI000506,PAR001,digital,smartphone,3700.0,24,0.2233,191.68,2024-06-18,cancelada,2024-08-18,,,,,
CT0002656,GA0068,CLI004038,PAR008,correspondente,AUTO,119500.0,72,0.1697,1974.57,2025-10-11,ativa,,,,,,
CT0001252,GA0073,CLI003073,PAR002,loja,automovel,85100.0,80,0.16,1255.22,2026-07-27,ativa,,,,,,
CT0005208,GI0000,CLI004976,PAR012,interno,imoveis,571800.0,150,0.211,4692.57,2026-04-17,ativa,,,,,,
CT0000559,GI0025,CLI001022,PAR011,correspondente,Imovel,535700.0,150,0.217,4417.74,2023-03-24,ativa,,,,,,
CT0000667,GS0004,CLI003090,PAR007,digital,Servicos,19100.0,36,0.187,640.38,2025-02-18,cancelada,2025-05-18,,,,,
CT0008389,GC0067,CLI001756,PAR007,digital,CELULAR,4400.0,15,0.2383,369.1,2025-03-03,cancelada,2026-06-03,CTP000888,GC0067,2026-04-03,sorteio,0.0
CT0003501,GA0012,CLI000803,PAR005,bancario,Automóvel,121900.0,80,0.1844,1835.2,2024-01-31,cancelada,2024-08-31,,,,,
CT0000574,GC0031,CLI000875,PAR001,digital,CELULAR,7300.0,24,0.2525,387.05,2026-04-11,cancelada,2026-05-11,,,,,
CT0001742,GC0041,CLI005189,PAR007,digital,smartphone,7800.0,24,0.2168,401.96,2025-01-25,cancelada,2025-04-25,,,,,
CT0000182,GA0081,CLI005491,PAR001,digital,automovel,54700.0,72,0.1857,916.0,2025-06-29,contemplada,,CTP000023,GA0081,2026-03-29,sorteio,0.0
CT0003096,GI0015,CLI001509,PAR012,interno,imóvel,576200.0,180,0.1989,3901.83,2024-01-13,contemplada,,CTP000334,GI0015,2025-08-13,sorteio,0.0
CT0001813,GC0024,CLI003201,PAR007,digital,Celular,3800.0,12,0.2221,393.33,2025-04-23,cancelada,2025-06-23,,,,,
CT0004158,GI0004,CLI007097,PAR006,,IMOVEIS,520300.0,200,0.1969,3165.77,2024-06-15,ativa,,,,,,
CT0008355,GI0012,CLI003018,PAR001,digital,imóvel,601700.0,150,0.2076,4924.31,2025-01-08,cancelada,2025-04-08,,,,,
CT0001585,GA0085,CLI003869,PAR004,telemarketing,Automóvel,112600.0,60,0.1753,2243.18,2024-10-30,cancelada,2025-06-30,,,,,
CT0002099,GA0080,CLI003341,PAR002,loja,AUTO,55000.0,60,0.178,1098.17,2025-01-26,ativa,,,,,,
CT0007648,GI0001,CLI004323,PAR003,correspondente,imoveis,415400.0,200,0.2015,2537.06,2024-05-02,cancelada,2025-03-02,CTP000805,GI0001,2024-07-02,sorteio,0.0
CT0001718,GA0007,CLI001591,PAR008,correspondente,AUTO,101800.0,72,0.1781,1693.98,2026-05-29,ativa,,,,,,
CT0008075,GC0048,CLI005658,PAR009,digital,celular,8900.0,18,0.2392,622.6,2026-07-03,ativa,,,,,,
CT0003217,GA0064,CLI003758,PAR001,digital,Auto,65400.0,72,0.1798,1089.82,2026-06-30,ativa,,,,,,
CT0004013,GA0071,CLI004157,PAR006,loja,Auto,87400.0,72,0.175,1450.6,2025-09-12,ativa,,,,,,
CT0006067,GA0001,CLI003225,PAR009,digital,auto,128400.0,72,0.1834,2146.06,2024-03-21,cancelada,2024-11-21,,,,,
CT0006854,GS0026,CLI002249,PAR002,loja,SERVICOS,26100.0,48,0.2188,673.6,2025-06-02,ativa,,,,,,
CT0003776,GA0085,CLI001461,PAR004,telemarketing,automovel,124300.0,60,0.1738,2473.16,2025-09-14,ativa,,,,,,
CT0000414,GC0020,CLI001875,PAR007,digital,smartphone,5600.0,24,0.2242,290.31,2025-08-11,cancelada,2025-09-11,,,,,
CT0005206,GI0009,CLI004192,PAR005,bancario,imóvel,593700.0,180,0.2115,4061.9,2025-03-20,ativa,,,,,,
CT0003413,GS0024,CLI004529,PAR002,loja,Serviços,20900.0,36,0.189,701.89,2024-09-12,cancelada,2025-09-12,,,,,
CT0004700,GA0059,CLI006436,PAR001,digital,AUTO,69700.0,60,0.1626,1373.79,2023-08-07,cancelada,2025-02-07,,,,,
CT0000581,GS0007,CLI005300,PAR001,digital,servicos,9400.0,24,0.2131,482.96,2025-12-06,ativa,,,,,,
CT0007236,GI0023,CLI005622,PAR008,,IMOVEIS,290600.0,200,0.2034,1777.6,2025-06-04,cancelada,2025-09-04,,,,,
CT0006642,GI0007,CLI000363,PAR009,digital,imoveis,265700.0,150,0.2204,2197.16,2024-12-02,ativa,,,,,,
CT0004515,GC0062,CLI000145,PAR004,telemarketing,Celular,5700.0,24,0.2213,294.81,2025-05-10,cancelada,2025-09-10,,,,,
CT0003595,GA0021,CLI006831,PAR099,interno,auto,90000.0,80,0.1766,1346.18,2024-11-26,contemplada,,CTP000384,GA0021,2025-12-26,sorteio,0.0
CT0008296,GI0022,CLI004173,PAR003,correspondente,Imóveis,281400.0,200,0.1925,1705.99,2023-08-19,ativa,,,,,,
CT0002042,GA0002,CLI000360,PAR006,,auto,95300.0,60,0.1554,1866.93,2026-03-10,ativa,,,,,,
CT0005783,GA0080,CLI005739,PAR012,interno,AUTO,98000.0,60,0.2026,1996.91,2024-10-28,ativa,,,,,,
CT0006798,GC0045,CLI001705,PAR007,digital,Celular,2000.0,18,0.2195,137.72,2024-10-04,cancelada,2024-11-04,,,,,
CT0008047,GS0034,CLI001607,PAR012,,servicos,21700.0,36,0.198,734.18,2024-06-19,ativa,,,,,,
CT0004532,GC0031,CLI005793,PAR001,digital,smartphone,5300.0,24,0.2325,276.59,2025-12-18,ativa,,,,,,
CT0005116,GS0035,CLI000687,PAR009,digital,servicos,28400.0,24,0.2116,1457.39,2024-12-27,cancelada,2025-01-27,,,,,
CT0006652,GS0030,CLI000675,PAR008,correspondente,serviço,31100.0,36,0.2124,1064.66,2025-10-09,cancelada,2026-01-09,,,,,
CT0005142,GA0087,CLI006179,PAR007,digital,AUTO,128600.0,60,0.1589,2526.78,2024-08-13,ativa,,,,,,
CT0003166,GC0014,CLI006838,PAR008,correspondente,CELULAR,6800.0,24,0.252,360.4,2024-12-18,cancelada,2025-04-18,,,,,
CT0004131,GA0076,CLI000173,PAR002,loja,auto,58900.0,72,0.1675,971.44,2025-05-02,ativa,,,,,,
CT0007073,GA0084,CLI004747,PAR001,digital,Auto,82100.0,60,0.1765,1637.21,2024-10-20,ativa,,,,,,
CT0006902,GC0007,CLI004959,PAR005,bancario,celular,6400.0,24,0.2087,327.65,2023-03-14,cancelada,2023-09-14,,,,,
CT0005803,GA0074,CLI004885,PAR008,correspondente,auto,65600.0,80,0.1743,979.33,2026-03-31,ativa,,,,,,
CT0006568,GI0013,CLI003193,PAR006,loja,Imóveis,262900.0,150,0.1917,2123.71,2023-12-16,ativa,,,,,,
CT0003298,GC0022,CLI003595,PAR009,digital,smartphone,8700.0,24,0.2085,445.33,2025-10-01,ativa,,,,,,
CT0000522,GS0004,CLI004754,PAR006,loja,servicos,17700.0,36,0.1846,592.26,2024-10-12,cancelada,2025-01-12,CTP000069,GS0004,2024-11-12,sorteio,0.0
CT0004037,GC0063,CLI006376,PAR001,digital,CELULAR,5100.0,15,0.247,430.78,2024-01-13,cancelada,2024-06-13,,,,,
CT0003003,GC0036,CLI004324,PAR001,digital,CELULAR,3400.0,24,0.2482,179.66,2026-03-26,cancelada,2026-04-26,,,,,
CT0003278,GC0039,CLI000710,PAR009,digital,celular,2500.0,12,0.2241,259.19,2026-02-09,ativa,,,,,,
CT0001338,GA0051,CLI004298,PAR001,digital,Automóvel,50800.0,60,0.1595,998.64,2024-09-21,contemplada,,CTP000148,GA0051,2025-10-21,lance_livre,24846.81
CT0005520,GI0026,CLI005684,PAR005,bancario,imoveis,377200.0,150,0.189,3040.23,2025-06-09,ativa,,,,,,
CT0000601,GI0037,CLI002355,PAR005,bancario,IMOVEIS,353600.0,200,0.1952,2148.47,2025-11-14,ativa,,,,,,
CT0001937,GC0008,CLI003742,PAR007,digital,Celular,5800.0,18,0.2469,408.22,2024-12-29,cancelada,2025-06-29,,,,,
CT0004471,GA0067,CLI002952,PAR011,correspondente,Automóvel,50000.0,80,0.1764,747.75,2023-12-05,contemplada,,CTP000484,GA0067,2025-12-05,lance_fixo,12500.0
CT0003343,GA0064,CLI005159,PAR001,digital,Auto,56300.0,72,0.1557,919.33,2025-01-01,contemplada,,CTP000358,GA0064,2026-04-01,sorteio,0.0
CT0003842,GC0008,CLI000211,PAR007,digital,CELULAR,5900.0,18,0.238,412.34,2025-08-30,ativa,,,,,,
CT0000928,GS0013,CLI004702,PAR006,loja,serviço,26200.0,36,0.1913,881.56,2025-05-12,ativa,,,,,,
CT0007879,GA0089,CLI004799,PAR009,digital,AUTO,106000.0,72,0.1634,1742.23,2023-08-12,cancelada,2024-09-12,,,,,
CT0000558,GC0068,CLI001197,PAR008,correspondente,CELULAR,7200.0,24,0.2446,379.38,2023-08-05,cancelada,2023-10-05,,,,,
CT0001236,GA0070,CLI005181,PAR002,loja,Auto,49000.0,60,0.173,974.28,2025-04-14,contemplada,,CTP000135,GA0070,2026-01-14,sorteio,0.0
CT0005934,GC0038,CLI000705,PAR007,digital,CELULAR,4000.0,18,0.2181,275.13,2025-05-02,cancelada,2025-11-02,,,,,
CT0005393,GA0046,CLI006442,PAR004,telemarketing,auto,85400.0,72,0.1604,1400.09,2025-08-15,ativa,,,,,,
CT0005135,GS0007,CLI003029,PAR008,correspondente,Serviços,9900.0,24,0.1859,497.43,2023-07-17,quitada,,,,,,
CT0000629,GC0040,CLI002640,PAR012,interno,celular,5800.0,15,0.222,480.24,2026-07-17,ativa,,,,,,
CT0002242,GC0058,CLI001734,PAR002,loja,celular,7200.0,12,0.2284,749.04,2024-12-24,cancelada,2025-06-24,,,,,
CT0008334,GA0014,CLI005830,PAR004,telemarketing,Automóvel,88900.0,80,0.1837,1337.61,2026-03-06,cancelada,2026-08-06,,,,,
CT0001764,GS0023,CLI005611,PAR004,telemarketing,Serviços,22500.0,24,0.1982,1142.06,2025-05-07,cancelada,2025-08-07,,,,,
CT0004395,GS0007,CLI002789,PAR001,digital,Serviços,27700.0,24,0.1826,1388.0,2025-10-29,cancelada,2025-12-29,,,,,
CT0006198,GS0033,CLI007114,PAR007,digital,servicos,16700.0,48,0.2082,427.31,2025-04-23,cancelada,2026-03-23,,,,,
CT0004614,GI0023,CLI004008,PAR003,correspondente,imóvel,196500.0,200,0.2176,1215.94,2024-12-11,ativa,,,,,,
CT0000515,GA0028,CLI007108,PAR002,,auto,121900.0,72,0.1837,2037.93,2024-09-30,contemplada,,CTP000065,GA0028,2026-06-30,lance_fixo,30475.0
CT0002521,GA0063,CLI003486,PAR008,correspondente,Automóvel,77500.0,60,0.1698,1536.83,2023-11-30,ativa,,,,,,
CT0005785,GC0031,CLI005046,PAR008,correspondente,smartphone,4900.0,24,0.2345,256.13,2025-04-23,ativa,,,,,,
CT0004591,GI0008,CLI004340,PAR012,interno,Imóveis,272600.0,180,0.2116,1865.19,2025-03-05,contemplada,,CTP000494,GI0008,2025-04-05,lance_fixo,68150.0
CT0000781,GS0030,CLI002615,PAR099,telemarketing,serviço,23500.0,36,0.1778,781.9,2024-08-04,cancelada,2024-11-04,,,,,
CT0008269,GC0004,CLI004417,PAR007,digital,Celular,3100.0,12,0.2291,322.68,2025-01-05,quitada,,,,,,
CT0003387,GA0003,CLI006029,PAR002,loja,Automóvel,74700.0,60,0.1779,1491.39,2024-03-05,ativa,,,,,,
CT0004468,GS0015,CLI005949,PAR007,digital,Serviços,27700.0,24,0.1932,1400.23,2025-12-01,cancelada,2026-01-01,,,,,
CT0002474,GA0021,CLI006259,PAR002,loja,automovel,71300.0,80,0.1633,1054.62,2026-03-15,ativa,,,,,,
CT0002763,GA0041,CLI004622,PAR001,,Auto,47400.0,72,0.1691,782.82,2024-06-13,contemplada,,CTP000300,GA0041,2026-03-13,sorteio,0.0
CT0001572,GC0031,CLI000456,PAR099,digital,celular,3800.0,24,0.2337,198.5,2025-01-19,cancelada,2026-02-19,,,,,
CT0005179,GC0036,CLI002220,PAR004,telemarketing,celular,5200.0,24,0.2295,270.73,2024-09-24,cancelada,2024-12-24,,,,,
CT0002452,GA0043,CLI000920,PAR003,correspondente,auto,89000.0,72,0.1818,1485.56,2024-11-16,ativa,,,,,,
CT0005545,GS0030,CLI005155,PAR004,telemarketing,Servicos,7600.0,36,0.2176,261.27,2025-09-10,contemplada,,CTP000589,GS0030,2026-04-10,lance_livre,3677.11
CT0002832,GA0040,CLI004390,PAR008,correspondente,auto,121100.0,72,0.1881,2031.96,2025-06-24,ativa,,,,,,
CT0005879,GC0063,CLI005282,PAR007,digital,celular,6000.0,15,0.2269,498.76,2025-01-15,cancelada,2025-12-15,,,,,
CT0007480,GI0013,CLI002626,PAR009,digital,Imovel,238700.0,150,0.2025,1945.41,2025-05-13,ativa,,,,,,
CT0001298,GI0040,CLI005501,PAR008,correspondente,imoveis,510800.0,200,0.214,3151.64,2024-04-29,cancelada,2025-10-29,,,,,
CT0007003,GI0007,CLI006206,PAR003,correspondente,Imovel,327800.0,150,0.1958,2656.93,2024-08-18,ativa,,,,,,
CT0001238,GA0076,CLI000646,PAR005,bancario,Automóvel,80200.0,72,0.158,1312.16,2023-10-09,ativa,,,,,,
CT0007157,GA0055,CLI005966,PAR010,correspondente,Auto,73100.0,80,0.1504,1069.45,2024-02-24,ativa,,,,,,
CT0002645,GA0034,CLI001683,PAR010,correspondente,Automóvel,76300.0,80,0.174,1138.78,2024-06-07,ativa,,,,,,
CT0004132,GC0035,CLI004209,PAR007,digital,Celular,8500.0,24,0.2128,436.62,2025-08-09,ativa,,,,,,
CT0006510,GS0035,CLI005824,PAR005,bancario,Servicos,23800.0,24,0.1943,1204.18,2025-03-14,ativa,,,,,,
CT0001658,GA0087,CLI006651,PAR002,loja,Automóvel,105000.0,60,0.1808,2101.4,2024-08-29,cancelada,2025-09-29,,,,,
CT0002143,GC0040,CLI000419,PAR001,digital,Celular,7100.0,15,0.21,582.2,2024-07-15,cancelada,2024-11-15,,,,,
CT0001221,GI0005,CLI002982,PAR001,digital,IMOVEIS,609300.0,200,0.2065,3736.53,2026-02-03,ativa,,,,,,
CT0002188,GC0063,CLI003039,PAR007,digital,celular,5100.0,15,0.2252,423.37,2025-07-14,cancelada,2025-12-14,,,,,
CT0002547,GS0022,CLI003027,PAR012,interno,serviço,11200.0,24,0.1994,569.05,2024-08-02,quitada,,,,,,
CT0007792,GC0026,CLI003199,PAR099,digital,smartphone,6100.0,24,0.247,322.03,2024-12-11,cancelada,2025-04-11,,,,,
CT0001583,GI0011,CLI001892,PAR005,bancario,imóvel,245200.0,200,0.1783,1469.12,2023-04-02,ativa,,,,,,
CT0003416,GC0054,CLI001916,PAR006,loja,smartphone,7400.0,12,0.24,777.0,2025-07-14,quitada,,,,,,
CT0000584,GS0035,CLI003008,PAR007,,SERVICOS,18700.0,24,0.1987,949.57,2025-01-30,ativa,,,,,,
CT0003113,GI0029,CLI003774,PAR003,correspondente,IMOVEIS,362900.0,200,0.1898,2195.18,2026-05-12,ativa,,,,,,
CT0005410,GC0032,CLI001730,PAR004,telemarketing,CELULAR,5000.0,18,0.2408,350.22,2025-03-28,cancelada,2025-08-28,,,,,
CT0001590,GA0085,CLI006608,PAR005,bancario,auto,86200.0,60,0.1861,1732.76,2024-09-09,ativa,,,,,,
CT0006999,GS0036,CLI001859,PAR006,loja,SERVICOS,34500.0,24,0.1802,1725.29,2023-12-19,quitada,,CTP000738,GS0036,2024-08-19,lance_fixo,8625.0
CT0005949,GC0019,CLI006889,PAR001,digital,Celular,5600.0,18,0.244,393.24,2025-09-24,cancelada,2025-12-24,,,,,
CT0002335,GA0063,CLI001535,PAR008,correspondente,Auto,68900.0,60,0.163,1358.48,2024-08-05,ativa,,,,,,
CT0002214,GI0037,CLI000171,PAR001,digital,Imóveis,643700.0,200,0.1813,3866.38,2024-06-25,ativa,,,,,,
CT0005130,GA0045,CLI004216,PAR002,loja,Auto,67500.0,60,0.1636,1331.55,2023-10-17,contemplada,,CTP000546,GA0045,2026-04-17,lance_livre,36670.39
CT0002804,GS0031,CLI004205,PAR007,digital,serviço,31900.0,36,0.2133,1092.84,2025-08-22,cancelada,2025-12-22,,,,,
CT0003678,GA0044,CLI002464,PAR006,loja,automovel,53800.0,60,0.1708,1067.75,2023-11-06,ativa,,,,,,
CT0005210,GS0016,CLI001139,PAR007,digital,Servicos,24300.0,24,0.1878,1222.9,2025-01-25,cancelada,2025-08-25,,,,,
CT0005808,GC0057,CLI005993,PAR007,digital,celular,7000.0,24,0.2285,364.15,2025-02-15,cancelada,2025-04-15,,,,,
CT0006731,GS0031,CLI002310,PAR001,digital,servicos,21900.0,36,0.2005,742.47,2026-02-20,ativa,,,,,,
CT0004610,GA0003,CLI004416,PAR007,digital,AUTO,98300.0,60,0.1726,1953.88,2025-01-26,cancelada,2026-05-26,,,,,
CT0000154,GA0017,CLI003314,PAR001,digital,Automóvel,120000.0,60,0.1677,2375.4,2025-07-12,contemplada,,CTP000019,GA0017,2026-01-12,sorteio,0.0
CT0001641,GS0024,CLI004094,PAR099,telemarketing,servicos,8900.0,36,0.2072,303.39,2023-11-06,ativa,,,,,,
CT0002649,GI0027,CLI001434,PAR005,bancario,imoveis,203000.0,150,0.2051,1657.97,2025-03-21,ativa,,,,,,
CT0002725,GC0064,CLI000602,PAR009,digital,Celular,7400.0,24,0.233,386.34,2025-06-30,cancelada,2025-09-30,,,,,
CT0003703,GA0059,CLI004987,PAR010,correspondente,auto,74900.0,60,0.1824,1501.0,2024-07-29,ativa,,,,,,
CT0003180,GA0045,CLI002506,PAR007,digital,Automóvel,54000.0,60,0.1463,1049.67,2025-10-04,ativa,,,,,,
CT0001876,GC0009,CLI004974,PAR012,interno,Celular,8800.0,24,0.2245,456.32,2025-01-27,cancelada,2025-05-27,,,,,
CT0008065,GI0016,CLI001941,PAR008,correspondente,imóvel,629000.0,200,0.2011,3840.36,2025-10-30,ativa,,,,,,
CT0001147,GA0086,CLI007050,PAR002,loja,automovel,109000.0,60,0.1495,2124.59,2024-04-05,cancelada,2024-09-05,,,,,
CT0008207,GA0057,CLI004577,PAR012,interno,Automóvel,76900.0,60,0.1704,1525.7,2025-08-13,ativa,,,,,,
CT0008238,GA0072,CLI006755,PAR004,telemarketing,AUTO,104600.0,60,0.1486,2037.26,2024-04-11,cancelada,2024-05-11,,,,,
CT0008484,GA0068,CLI007168,PAR005,bancario,Automóvel,122600.0,72,0.193,2065.47,2025-04-20,ativa,,,,,,
CT0008234,GC0061,CLI004108,PAR006,loja,smartphone,4800.0,24,0.2172,247.44,2024-04-13,cancelada,2024-05-13,,,,,
CT0004165,GA0037,CLI005053,PAR008,correspondente,AUTO,101600.0,80,0.164,1503.68,2024-04-21,cancelada,2026-08-21,,,,,
CT0006494,GA0047,CLI005858,PAR002,loja,auto,51100.0,60,0.1733,1016.29,2025-06-28,cancelada,2026-04-28,,,,,
CT0002047,GA0040,CLI000646,PAR006,,auto,50300.0,72,0.1716,832.47,2024-08-02,ativa,,,,,,
CT0003635,GI0001,CLI000759,PAR012,interno,imóvel,291100.0,200,0.2268,1814.72,2023-08-11,ativa,,,,,,
CT0006790,GC0020,CLI003556,PAR009,,Celular,3600.0,24,0.2247,186.71,2024-08-13,quitada,,,,,,
CT0005267,GA0025,CLI004207,PAR003,correspondente,automovel,77000.0,72,0.1656,1267.93,2024-10-24,ativa,,,,,,
CT0003348,GC0035,CLI001484,PAR007,digital,celular,6500.0,24,0.2336,339.52,2024-09-01,cancelada,2024-12-01,,,,,
CT0004475,GC0027,CLI002567,PAR006,loja,smartphone,5500.0,15,0.2103,451.11,2023-11-11,quitada,,,,,,
CT0002090,GS0023,CLI004455,PAR004,telemarketing,Servicos,30500.0,24,0.1761,1520.04,2026-05-20,ativa,,,,,,
CT0008443,GC0033,CLI006326,PAR004,telemarketing,smartphone,4800.0,15,0.2468,405.38,2025-01-01,cancelada,2025-05-01,,,,,
CT0006877,GA0063,CLI004009,PAR002,loja,auto,112200.0,60,0.1615,2209.4,2023-12-26,ativa,,,,,,
CT0005054,GC0021,CLI003862,PAR001,digital,celular,3800.0,12,0.2041,387.63,2026-05-07,cancelada,2026-08-07,,,,,
CT0007107,GC0058,CLI002178,PAR007,digital,CELULAR,3800.0,12,0.2369,398.02,2025-01-07,quitada,,CTP000749,GC0058,2025-07-07,sorteio,0.0
CT0004479,GC0006,CLI002200,PAR004,telemarketing,celular,7800.0,18,0.2291,541.28,2024-04-07,quitada,,,,,,
CT0007867,GC0015,CLI000881,PAR006,loja,celular,7700.0,24,0.2252,399.5,2026-03-30,ativa,,,,,,
CT0005861,GI0006,CLI003596,PAR003,,Imovel,186700.0,180,0.1982,1263.54,2025-07-26,ativa,,,,,,
CT0000306,GI0019,CLI000670,PAR006,loja,imóvel,254600.0,150,0.2079,2084.16,2024-02-19,ativa,,,,,,
CT0004625,GS0037,CLI001940,PAR008,correspondente,SERVICOS,7600.0,48,0.2089,194.58,2024-06-23,ativa,,,,,,
CT0004252,GC0035,CLI004911,PAR009,digital,smartphone,4200.0,24,0.228,218.4,2023-09-02,cancelada,2025-02-02,,,,,
CT0001026,GC0010,CLI005553,PAR012,interno,CELULAR,6800.0,12,0.2173,701.14,2024-12-20,quitada,,,,,,
CT0002808,GA0082,CLI004129,PAR008,correspondente,Automóvel,124900.0,80,0.1652,1850.39,2024-08-17,ativa,,,,,,
CT0002839,GS0009,CLI005309,PAR009,digital,SERVICOS,18900.0,48,0.1906,476.67,2023-10-22,contemplada,,CTP000310,GS0009,2024-01-22,sorteio,0.0
CT0008172,GI0009,CLI004383,PAR001,digital,Imovel,610000.0,180,0.2122,4175.79,2025-10-16,ativa,,,,,,
CT0003397,GI0021,CLI004938,PAR003,correspondente,imoveis,201400.0,200,0.2042,1232.77,2024-08-18,ativa,,,,,,
CT0008121,GA0067,CLI000958,PAR011,correspondente,auto,96900.0,80,0.1821,1456.04,2024-02-09,cancelada,2024-12-09,,,,,
CT0002411,GC0002,CLI001672,PAR009,digital,CELULAR,7600.0,12,0.2174,783.69,2025-02-19,quitada,,CTP000264,GC0002,2025-03-19,lance_livre,3333.8
CT0002165,GA0065,CLI002257,PAR001,digital,Auto,90400.0,60,0.1556,1771.24,2025-04-22,cancelada,2026-05-22,,,,,
CT0007355,GC0018,CLI000820,PAR009,digital,CELULAR,2500.0,12,0.2214,258.62,2024-07-18,quitada,,,,,,
CT0005237,GA0018,CLI006941,PAR099,interno,AUTO,93700.0,72,0.1615,1537.59,2024-01-01,ativa,,,,,,
CT0001439,GA0086,CLI004122,PAR004,telemarketing,Auto,75200.0,60,0.1603,1479.31,2024-12-23,cancelada,2025-03-23,,,,,
CT0000159,GA0072,CLI001983,PAR004,telemarketing,Auto,45800.0,60,0.1709,909.05,2025-03-22,ativa,,,,,,
CT0001429,GC0012,CLI002264,PAR004,telemarketing,celular,8900.0,15,0.2427,749.2,2025-03-30,quitada,,,,,,
CT0002946,GI0006,CLI002147,PAR006,loja,imóvel,495700.0,180,0.1794,3303.01,2024-07-02,contemplada,,CTP000321,GI0006,2026-05-02,lance_fixo,123925.0
CT0002507,GA0074,CLI004068,PAR001,digital,AUTO,47800.0,80,0.1564,702.9,2025-10-23,ativa,,,,,,
CT0008126,GS0009,CLI001447,PAR011,correspondente,servicos,34300.0,48,0.1829,859.57,2025-02-06,cancelada,2025-03-06,,,,,
CT0004238,GC0011,CLI001335,PAR099,digital,Celular,4000.0,12,0.2504,423.47,2024-03-31,quitada,,,,,,
CT0006363,GA0074,CLI004853,PAR006,loja,automovel,62900.0,80,0.1594,927.3,2026-03-25,ativa,,,,,,
CT0007924,GC0002,CLI003128,PAR008,correspondente,Celular,5500.0,12,0.2212,568.88,2026-05-23,ativa,,,,,,
CT0001569,GA0062,CLI004082,PAR002,loja,Auto,89300.0,60,0.1685,1768.88,2024-04-21,ativa,,,,,,
CT0003163,GI0021,CLI001976,PAR003,correspondente,Imovel,370000.0,200,0.2041,2264.59,2025-06-02,ativa,,,,,,
CT0007513,GA0024,CLI001472,PAR002,loja,auto,62300.0,72,0.1652,1025.53,2023-12-24,ativa,,,,,,
CT0006628,GA0028,CLI000986,PAR002,loja,auto,67400.0,72,0.1572,1101.99,2023-12-19,contemplada,,CTP000699,GA0028,2024-04-19,sorteio,0.0
CT0001318,GA0064,CLI000520,PAR002,loja,Auto,72500.0,72,0.157,1185.17,2023-12-20,contemplada,,CTP000145,GA0064,2024-10-20,sorteio,0.0
CT0008525,GA0056,CLI006438,PAR006,loja,auto,81000.0,72,0.1718,1340.78,2024-12-10,cancelada,2025-11-10,,,,,
CT0005893,GA0042,CLI005024,PAR004,telemarketing,automovel,129900.0,60,0.1656,2566.82,2025-11-26,ativa,,,,,,
CT0001903,GI0004,CLI005305,PAR009,,Imovel,430100.0,200,0.2175,2661.24,2026-05-28,ativa,,,,,,
CT0006110,GA0013,CLI004759,PAR006,loja,Automóvel,76200.0,72,0.1453,1233.28,2026-03-24,contemplada,,CTP000639,GA0013,2026-04-24,sorteio,0.0
CT0001341,GC0068,CLI000743,PAR004,telemarketing,Celular,2900.0,24,0.2291,150.93,2024-04-24,cancelada,2024-12-24,,,,,
CT0007872,GI0036,CLI004285,PAR005,bancario,Imóveis,269100.0,180,0.1941,1815.08,2023-08-18,contemplada,,CTP000832,GI0036,2025-10-18,lance_livre,100585.48
CT0008193,GC0050,CLI003160,PAR009,digital,Celular,3700.0,18,0.2258,256.08,2024-11-04,quitada,,,,,,
CT0001819,GI0037,CLI006805,PAR005,bancario,Imovel,204500.0,200,0.2094,1257.06,2024-06-03,contemplada,,CTP000202,GI0037,2024-08-03,sorteio,0.0
CT0005472,GI0011,CLI004872,PAR005,bancario,Imóveis,348500.0,200,0.1941,2115.57,2025-12-15,ativa,,,,,,
CT0008499,GI0035,CLI003392,PAR008,correspondente,imóvel,220300.0,150,0.2236,1826.43,2024-08-21,ativa,,,,,,
CT0007159,GA0037,CLI006009,PAR001,digital,auto,68700.0,80,0.1661,1018.56,2023-10-07,ativa,,,,,,
CT0002560,GC0046,CLI004370,PAR004,telemarketing,CELULAR,3100.0,12,0.2436,326.43,2025-01-09,cancelada,2025-02-09,,,,,
CT0006947,GS0037,CLI003171,PAR012,interno,Servicos,17700.0,48,0.1908,446.48,2024-04-12,cancelada,2024-06-12,,,,,
CT0004096,GA0009,CLI002981,PAR002,loja,Auto,85200.0,80,0.1674,1264.58,2025-01-30,ativa,,,,,,
CT0007753,GS0021,CLI004101,PAR012,interno,serviço,21600.0,36,0.2039,734.34,2026-04-24,ativa,,,,,,
CT0002687,GA0010,CLI001277,PAR009,digital,automovel,55100.0,72,0.159,902.26,2025-10-09,ativa,,,,,,
CT0001752,GC0038,CLI005034,PAR007,digital,smartphone,2500.0,18,0.2118,171.08,2024-12-23,quitada,,CTP000195,GC0038,2026-04-23,sorteio,0.0
CT0001109,GS0005,CLI004798,PAR008,correspondente,Servicos,11600.0,48,0.2105,297.37,2024-03-01,ativa,,,,,,
CT0007870,GC0009,CLI000490,PAR009,digital,smartphone,8600.0,24,0.2333,449.1,2024-03-09,cancelada,2026-02-09,,,,,
CT0004386,GC0038,CLI004914,PAR009,digital,Celular,3200.0,18,0.2398,223.96,2025-02-21,quitada,,,,,,
CT0004076,GA0042,CLI006824,PAR005,bancario,Automóvel,72100.0,60,0.1795,1441.4,2026-02-15,ativa,,,,,,
CT0007545,GI0021,CLI006933,PAR003,correspondente,imoveis,352500.0,200,0.1956,2142.49,2025-01-03,ativa,,,,,,
CT0000048,GC0008,CLI003614,PAR009,,smartphone,2500.0,18,0.2297,173.57,2024-10-22,cancelada,2026-01-22,,,,,
CT0003791,GA0005,CLI004622,PAR002,loja,automovel,105100.0,80,0.159,1548.91,2024-12-12,ativa,,,,,,
CT0005275,GA0002,CLI001467,PAR001,digital,AUTO,66400.0,60,0.1756,1323.13,2025-11-29,ativa,,,,,,
CT0006618,GS0018,CLI006493,PAR001,digital,SERVICOS,13900.0,24,0.208,711.22,2024-08-19,quitada,,,,,,
CT0002537,GC0037,CLI001595,PAR007,digital,Celular,3700.0,24,0.2394,194.16,2025-09-20,cancelada,2025-12-20,,,,,
CT0003631,GA0085,CLI005963,PAR002,loja,auto,119400.0,60,0.1554,2339.05,2025-10-18,ativa,,,,,,
CT0001014,GS0035,CLI007138,PAR001,digital,Servicos,8900.0,24,0.1874,447.74,2025-01-29,cancelada,2025-03-29,CTP000109,GS0035,2025-03-29,lance_fixo,2225.0
CT0004432,GS0037,CLI000677,PAR007,digital,serviço,30400.0,48,0.188,765.07,2025-07-22,cancelada,2025-12-22,,,,,
CT0002349,GI0031,CLI000546,PAR005,bancario,Imóveis,212500.0,200,0.1931,1288.92,2026-02-15,ativa,,,,,,
CT0006516,GC0037,CLI006536,PAR006,loja,Celular,2000.0,24,0.2402,105.02,2025-11-07,ativa,,,,,,
CT0003531,GA0077,CLI003908,PAR009,digital,Auto,79000.0,80,0.167,1172.16,2024-12-22,cancelada,2025-03-22,,,,,
CT0007896,GI0027,CLI006906,PAR003,correspondente,imoveis,530000.0,150,0.1987,4306.07,2024-07-05,ativa,,,,,,
CT0007747,GS0027,CLI004969,PAR004,telemarketing,serviço,15800.0,48,0.1888,397.9,2025-04-08,cancelada,2025-06-08,,,,,
CT0005011,GC0062,CLI003006,PAR007,digital,Celular,6600.0,24,0.2252,342.43,2025-08-24,ativa,,,,,,
CT0006138,GC0036,CLI001769,PAR008,correspondente,Celular,2600.0,24,0.2268,135.07,2025-06-14,ativa,,,,,,
CT0006377,GS0015,CLI000566,PAR003,correspondente,Serviços,32400.0,24,0.2039,1652.27,2023-07-11,quitada,,,,,,
CT0007493,GC0061,CLI005650,PAR007,digital,CELULAR,4100.0,24,0.2343,214.28,2025-04-10,cancelada,2025-05-10,,,,,
CT0007483,GA0074,CLI006779,PAR005,bancario,AUTO,92200.0,80,0.1699,1371.36,2024-10-18,contemplada,,CTP000787,GA0074,2024-12-18,sorteio,0.0
CT0003114,GC0044,CLI003247,PAR012,interno,Celular,2400.0,12,0.2373,251.46,2026-05-08,ativa,,,,,,
CT0002726,GA0028,CLI001510,PAR011,correspondente,Automóvel,122300.0,72,0.167,2016.25,2025-01-30,ativa,,,,,,
CT0007018,GA0043,CLI001236,PAR001,digital,automovel,54500.0,72,0.173,903.03,2026-02-24,ativa,,,,,,
CT0002128,GA0053,CLI004887,PAR007,digital,automovel,84700.0,80,0.1771,1267.43,2024-11-05,ativa,,,,,,
CT0004449,GC0005,CLI006721,PAR007,digital,Celular,8100.0,24,0.2391,424.95,2025-07-19,cancelada,2025-12-19,,,,,
CT0000325,GI0007,CLI005946,PAR001,digital,Imovel,428000.0,150,0.1988,3477.64,2025-11-24,ativa,,,,,,
CT0008387,GS0016,CLI006239,PAR007,digital,Servicos,7400.0,24,0.1951,374.66,2025-01-26,cancelada,2025-07-26,,,,,
CT0000348,GA0062,CLI005774,PAR012,interno,AUTO,76800.0,60,0.1648,1516.54,2026-01-12,ativa,,,,,,
CT0007223,GA0076,CLI007045,PAR002,loja,Automóvel,55100.0,72,0.1915,927.13,2024-11-19,ativa,,,,,,
CT0005490,GC0035,CLI004773,PAR009,digital,CELULAR,8200.0,24,0.2147,421.86,2025-04-12,ativa,,,,,,
CT0000144,GA0008,CLI001203,PAR007,digital,auto,76200.0,80,0.1745,1137.76,2025-08-18,ativa,,,,,,
CT0004172,GS0002,CLI005984,PAR001,digital,servicos,10400.0,36,0.2011,352.76,2024-05-12,ativa,,,,,,
CT0008022,GC0006,CLI000360,PAR009,digital,smartphone,7100.0,18,0.2227,490.18,2025-10-02,ativa,,,,,,
CT0004817,GS0029,CLI005190,PAR006,loja,Serviços,25400.0,24,0.2063,1297.83,2025-07-23,ativa,,,,,,
CT0004667,GS0026,CLI000965,PAR007,digital,serviço,22400.0,48,0.1881,563.78,2025-04-22,ativa,,,,,,
CT0008282,GC0003,CLI000663,PAR007,digital,smartphone,3900.0,12,0.2481,412.13,2025-07-14,cancelada,2026-01-14,,,,,
CT0006165,GA0023,CLI006121,PAR004,telemarketing,AUTO,60800.0,72,0.1625,998.56,2025-01-26,cancelada,2025-10-26,,,,,
CT0004840,GA0078,CLI003459,PAR002,loja,Automóvel,125200.0,72,0.1452,2026.15,2026-04-08,ativa,,,,,,
CT0005343,GA0050,CLI004795,PAR008,correspondente,auto,129400.0,80,0.1857,1950.22,2023-04-14,ativa,,,,,,
CT0006215,GS0015,CLI005879,PAR010,correspondente,Serviços,30400.0,24,0.1872,1529.12,2023-11-29,cancelada,2025-01-29,,,,,
CT0001705,GC0035,CLI000472,PAR007,digital,celular,6800.0,24,0.2271,353.35,2025-02-17,cancelada,2025-11-17,,,,,
CT0004747,GS0013,CLI002775,PAR012,interno,SERVICOS,17400.0,36,0.2129,595.9,2025-04-25,ativa,,,,,,
CT0006443,GA0022,CLI004803,PAR005,bancario,Automóvel,59600.0,80,0.1778,892.36,2025-12-07,ativa,,,,,,
CT0006956,GC0052,CLI001603,PAR007,digital,smartphone,4100.0,12,0.2479,433.2,2025-02-18,cancelada,2025-04-18,,,,,
CT0007332,GS0023,CLI002426,PAR002,loja,Serviços,28000.0,24,0.1968,1419.6,2024-08-02,quitada,,,,,,
CT0006435,GC0047,CLI004439,PAR007,digital,CELULAR,4400.0,15,0.2206,363.91,2024-09-11,cancelada,2025-01-11,,,,,
CT0003505,GA0033,CLI006601,PAR002,loja,Automóvel,79900.0,60,0.1607,1572.3,2023-12-28,contemplada,,CTP000379,GA0033,2026-05-28,sorteio,0.0
CT0002185,GA0050,CLI006840,PAR005,bancario,Auto,81500.0,80,0.1705,1212.82,2025-09-04,ativa,,,,,,
CT0001646,GA0002,CLI005840,PAR002,loja,Auto,121200.0,60,0.1721,2408.04,2026-04-16,ativa,,,,,,
CT0001038,GA0062,CLI001434,PAR004,telemarketing,auto,58300.0,60,0.2067,1191.94,2023-01-30,cancelada,2025-06-30,,,,,
CT0005826,GA0040,CLI002116,PAR004,telemarketing,AUTO,122200.0,72,0.1669,2014.43,2026-04-13,ativa,,,,,,
CT0006362,GA0009,CLI001772,PAR009,digital,Auto,69100.0,80,0.1787,1035.38,2025-09-20,ativa,,,,,,
CT0007464,GC0035,CLI005459,PAR009,digital,smartphone,3100.0,24,0.2263,160.98,2024-02-27,cancelada,2024-04-27,,,,,
CT0006247,GI0028,CLI004830,PAR003,,imoveis,278600.0,200,0.2117,1715.76,2024-11-06,ativa,,,,,,
CT0001512,GC0014,CLI006780,PAR007,digital,CELULAR,2500.0,24,0.2354,130.77,2025-03-13,cancelada,2025-07-13,,,,,
CT0002519,GI0016,CLI000474,PAR005,bancario,IMOVEIS,478700.0,200,0.2046,2931.08,2024-03-22,contemplada,,CTP000276,GI0016,2025-02-22,sorteio,0.0
CT0001231,GA0041,CLI001511,PAR002,loja,auto,109100.0,72,0.162,1791.06,2024-06-14,ativa,,,,,,
CT0000966,GC0050,CLI005969,PAR001,digital,smartphone,6900.0,18,0.2287,478.67,2023-08-11,quitada,,,,,,
CT0008548,GC0057,CLI005478,PAR007,digital,celular,5000.0,24,0.2058,255.38,2024-10-23,cancelada,2025-01-23,,,,,
CT0000811,GA0046,CLI005203,PAR012,,automovel,45700.0,72,0.1602,749.1,2024-12-31,ativa,,,,,,
CT0004425,GC0012,CLI006091,PAR007,digital,CELULAR,3300.0,15,0.2494,279.27,2025-05-27,cancelada,2026-06-27,CTP000478,GC0012,2026-06-27,sorteio,0.0
CT0007149,GI0021,CLI001422,PAR003,correspondente,IMOVEIS,517900.0,200,0.1928,3140.55,2026-06-06,ativa,,,,,,
CT0003944,GA0051,CLI002281,PAR001,digital,auto,84800.0,60,0.1688,1680.17,2026-07-26,ativa,,,,,,
CT0006477,GA0051,CLI007020,PAR011,correspondente,Automóvel,48000.0,60,0.1551,940.08,2026-05-07,ativa,,,,,,
CT0004328,GA0073,CLI005814,PAR007,digital,auto,129700.0,80,0.1569,1908.05,2025-04-24,cancelada,2025-08-24,,,,,
CT0000945,GS0019,CLI005481,PAR004,telemarketing,servicos,14300.0,36,0.1974,483.58,2024-02-07,cancelada,2024-04-07,,,,,
CT0005330,GA0075,CLI006292,PAR004,telemarketing,Automóvel,71000.0,60,0.1617,1398.35,2025-06-03,cancelada,2025-11-03,,,,,
CT0004803,GS0019,CLI001776,PAR001,digital,Serviços,17700.0,36,0.1994,599.54,2024-01-23,ativa,,,,,,
CT0004379,GI0034,CLI004398,PAR005,bancario,Imóveis,429000.0,180,0.1916,2887.65,2025-07-13,contemplada,,CTP000477,GI0034,2025-12-13,sorteio,0.0
CT0007944,GC0022,CLI002796,PAR001,digital,celular,2200.0,24,0.2261,114.23,2023-10-15,cancelada,2024-03-15,CTP000838,GC0022,2023-12-15,sorteio,0.0
CT0003263,GI0032,CLI000573,PAR012,interno,imóvel,421900.0,180,0.1997,2858.84,2025-10-27,contemplada,,CTP000348,GI0032,2026-07-27,sorteio,0.0
CT0000805,GI0040,CLI003110,PAR005,bancario,Imóveis,549800.0,200,0.2001,3354.05,2025-12-17,ativa,,,,,,
CT0001528,GC0029,CLI005952,PAR007,digital,smartphone,2100.0,24,0.2236,108.81,2025-03-26,cancelada,2025-09-26,,,,,
CT0000904,GC0042,CLI003446,PAR004,telemarketing,smartphone,6100.0,12,0.2317,636.28,2025-09-12,cancelada,2026-04-12,,,,,
CT0003396,GI0022,CLI005270,PAR003,correspondente,imóvel,631100.0,200,0.201,3852.87,2026-03-18,ativa,,,,,,
CT0000861,GI0004,CLI000926,PAR007,digital,IMOVEIS,258700.0,200,0.2139,1596.05,2024-08-20,ativa,,,,,,
CT0005163,GC0065,CLI005030,PAR004,telemarketing,celular,2500.0,18,0.2123,171.15,2024-05-18,cancelada,2024-06-18,,,,,
CT0005271,GA0013,CLI003332,PAR099,digital,auto,74500.0,72,0.1672,1228.42,2025-05-10,cancelada,2026-06-10,,,,,
CT0002413,GC0003,CLI001358,PAR003,correspondente,celular,3300.0,12,0.221,341.28,2025-12-14,ativa,,,,,,
CT0002162,GC0004,CLI000015,PAR006,loja,celular,1900.0,12,0.2576,202.29,2025-07-29,quitada,,,,,,
CT0002798,GS0021,CLI003958,PAR012,interno,Serviços,30300.0,36,0.1906,1018.92,2026-07-11,ativa,,,,,,
CT0006245,GA0009,CLI000398,PAR005,bancario,automovel,121300.0,80,0.1693,1803.28,2024-07-23,ativa,,,,,,
CT0002287,GC0051,CLI001382,PAR004,telemarketing,Celular,6600.0,24,0.2309,344.0,2023-09-05,cancelada,2025-05-05,,,,,
CT0000285,GC0066,CLI004401,PAR009,,celular,5300.0,12,0.2279,551.16,2025-10-08,ativa,,,,,,
CT0002657,GC0043,CLI006758,PAR001,digital,Celular,5100.0,18,0.2435,357.99,2024-07-26,quitada,,CTP000291,GC0043,2025-11-26,lance_fixo,1275.0
CT0003435,GA0026,CLI006685,PAR002,loja,automovel,59400.0,72,0.1528,967.56,2026-06-13,ativa,,,,,,
CT0003994,GI0029,CLI005478,PAR005,bancario,Imovel,293300.0,200,0.2134,1808.78,2025-02-08,ativa,,,,,,
CT0005529,GI0017,CLI003692,PAR011,correspondente,imoveis,294400.0,150,0.1933,2381.3,2026-04-27,ativa,,,,,,
CT0006109,GS0001,CLI004915,PAR004,telemarketing,Servicos,13000.0,24,0.2011,661.43,2026-02-06,cancelada,2026-06-06,,,,,
CT0003507,GA0026,CLI001105,PAR002,loja,AUTO,69000.0,72,0.1916,1161.12,2023-08-30,ativa,,,,,,
CT0000177,GI0028,CLI002671,PAR009,digital,Imovel,432200.0,200,0.1968,2629.5,2026-07-23,cancelada,2026-08-23,,,,,
CT0006266,GC0057,CLI004254,PAR006,loja,Celular,6900.0,24,0.2293,359.17,2025-08-08,ativa,,,,,,
CT0001469,GA0047,CLI005319,PAR002,,Auto,81900.0,60,0.1855,1645.51,2025-11-16,ativa,,,,,,
CT0000665,GC0002,CLI003738,PAR009,digital,Celular,5400.0,12,0.2254,560.43,2025-03-14,cancelada,2025-06-14,,,,,
CT0005462,GA0006,CLI001595,PAR001,digital,automovel,59000.0,80,0.1627,872.24,2025-05-04,ativa,,,,,,
CT0003373,GS0002,CLI004140,PAR005,bancario,servicos,31600.0,36,0.2027,1073.26,2025-10-07,cancelada,2026-03-07,,,,,
CT0002909,GA0072,CLI005151,PAR010,correspondente,automovel,123700.0,60,0.1682,2449.67,2025-05-11,cancelada,2026-03-11,,,,,
CT0001851,GC0049,CLI002413,PAR012,interno,celular,7200.0,24,0.2169,371.07,2025-10-18,ativa,,,,,,
CT0008010,GC0022,CLI006205,PAR007,digital,celular,8600.0,24,0.2344,449.49,2025-08-13,cancelada,2025-09-13,,,,,
CT0007542,GC0022,CLI001421,PAR007,digital,celular,6100.0,24,0.2593,325.16,2024-10-22,cancelada,2024-12-22,,,,,
CT0008488,GC0057,CLI002994,PAR007,digital,celular,3700.0,24,0.2552,196.59,2025-07-09,ativa,,,,,,
CT0006137,GS0034,CLI006175,PAR006,loja,Servicos,8400.0,36,0.1932,283.08,2025-01-29,ativa,,,,,,
CT0005747,GI0012,CLI001203,PAR005,bancario,imoveis,533600.0,150,0.1952,4322.87,2025-06-08,ativa,,,,,,
CT0001424,GA0040,CLI005413,PAR012,interno,Auto,81500.0,72,0.1679,1344.64,2025-04-25,ativa,,,,,,
CT0006372,GA0076,CLI006358,PAR005,bancario,Auto,77000.0,72,0.1721,1274.88,2024-03-23,ativa,,,,,,
CT0006037,GC0048,CLI001422,PAR004,telemarketing,CELULAR,3300.0,18,0.2418,231.33,2023-10-29,cancelada,2023-12-29,,,,,
CT0003310,GC0045,CLI001910,PAR007,,smartphone,6800.0,18,0.2216,469.05,2025-08-11,cancelada,2025-11-11,,,,,
CT0002960,GI0038,CLI004241,PAR005,bancario,Imovel,494800.0,150,0.1921,3998.31,2025-11-14,contemplada,,CTP000322,GI0038,2026-01-14,sorteio,0.0
CT0000035,GA0052,CLI005715,PAR009,digital,AUTO,54300.0,60,0.1572,1065.37,2025-07-16,ativa,,,,,,
CT0004498,GS0019,CLI003265,PAR004,telemarketing,SERVICOS,10800.0,36,0.1902,363.06,2024-10-31,cancelada,2025-02-28,,,,,
CT0006346,GS0016,CLI004815,PAR009,digital,serviço,19900.0,24,0.1977,1009.68,2024-05-31,quitada,,,,,,
CT0005022,GC0067,CLI002649,PAR007,digital,CELULAR,6200.0,15,0.2219,513.32,2025-01-02,cancelada,2025-03-02,,,,,
CT0008317,GC0036,CLI001548,PAR001,digital,celular,5300.0,24,0.2595,282.56,2023-10-04,cancelada,2023-11-04,,,,,
CT0000436,GS0021,CLI000113,PAR003,correspondente,serviço,7600.0,36,0.1887,255.17,2026-03-31,ativa,,,,,,
CT0004369,GC0050,CLI003111,PAR004,telemarketing,CELULAR,4800.0,18,0.2364,335.04,2025-01-02,cancelada,2025-06-02,,,,,
CT0008279,GC0040,CLI000335,PAR007,digital,CELULAR,6000.0,15,0.2172,494.88,2025-09-22,cancelada,2025-10-22,,,,,
CT0000441,GA0087,CLI005942,PAR004,telemarketing,Automóvel,118800.0,60,0.1801,2376.2,2023-11-26,cancelada,2024-01-26,,,,,
CT0006010,GS0004,CLI002046,PAR004,telemarketing,Serviços,30100.0,36,0.2005,1020.47,2025-08-10,ativa,,,,,,
CT0002033,GA0050,CLI004015,PAR005,bancario,Auto,116500.0,80,0.1855,1755.51,2025-09-09,contemplada,,CTP000223,GA0050,2026-02-09,sorteio,0.0
CT0000872,GI0003,CLI001914,PAR003,correspondente,imóvel,620700.0,150,0.2079,5081.05,2023-11-06,ativa,,,,,,
CT0000132,GA0049,CLI002979,PAR003,correspondente,Auto,96900.0,60,0.1801,1938.16,2024-01-28,ativa,,,,,,
CT0005883,GC0012,CLI001865,PAR004,telemarketing,Celular,4600.0,15,0.2332,384.31,2023-06-05,cancelada,2024-07-05,,,,,
CT0003487,GC0067,CLI002750,PAR001,digital,CELULAR,8900.0,15,0.2065,727.72,2025-06-08,cancelada,2025-09-08,,,,,
CT0002698,GI0002,CLI006000,PAR005,bancario,IMOVEIS,403600.0,180,0.1939,2721.83,2023-04-18,contemplada,,CTP000296,GI0002,2026-01-18,sorteio,0.0
CT0006965,GA0019,CLI000942,PAR007,digital,auto,108800.0,60,0.1754,2167.66,2024-09-18,contemplada,,CTP000734,GA0019,2025-06-18,sorteio,0.0
CT0003506,GI0019,CLI002310,PAR004,telemarketing,Imovel,619800.0,150,0.2096,5080.71,2023-12-10,cancelada,2024-02-10,,,,,
CT0001413,GA0069,CLI000377,PAR001,digital,automovel,45100.0,80,0.1532,661.39,2025-12-12,ativa,,,,,,
CT0007766,GS0024,CLI000105,PAR007,digital,Serviços,11200.0,36,0.2051,381.14,2024-12-25,ativa,,,,,,
CT0005887,GC0051,CLI005183,PAR007,digital,Celular,8400.0,24,0.2494,444.29,2024-10-16,ativa,,,,,,
CT0005871,GA0080,CLI006341,PAR005,bancario,Automóvel,95400.0,60,0.1911,1925.65,2026-01-16,ativa,,,,,,
CT0007857,GC0012,CLI000418,PAR001,digital,CELULAR,5500.0,15,0.2207,454.92,2026-07-24,ativa,,,,,,
CT0002424,GC0028,CLI007168,PAR007,digital,CELULAR,2600.0,18,0.2384,181.77,2025-06-11,cancelada,2026-04-11,,,,,
CT0001219,GA0025,CLI004077,PAR012,interno,auto,121700.0,72,0.1693,2010.25,2023-09-06,ativa,,,,,,
CT0004265,GC0041,CLI007137,PAR099,digital,celular,5200.0,24,0.2386,272.7,2026-01-02,ativa,,,,,,
CT0004497,GI0023,CLI003033,PAR011,correspondente,imóvel,260600.0,200,0.1925,1579.89,2024-06-27,ativa,,,,,,
CT0003029,GA0037,CLI003182,PAR008,correspondente,automovel,107500.0,80,0.1434,1563.32,2025-05-23,cancelada,2026-03-23,,,,,
CT0003985,GA0055,CLI007105,PAR005,bancario,AUTO,94300.0,80,0.1857,1421.22,2025-08-16,ativa,,,,,,
CT0006871,GI0013,CLI004781,PAR001,digital,imóvel,273300.0,150,0.226,2270.21,2025-11-22,ativa,,,,,,
CT0000736,GI0042,CLI000822,PAR011,correspondente,imóvel,363700.0,150,0.2074,2976.04,2025-07-08,ativa,,,,,,
CT0001263,GS0036,CLI006628,PAR011,correspondente,SERVICOS,13000.0,24,0.1996,660.62,2023-09-27,quitada,,CTP000138,GS0036,2023-10-27,sorteio,0.0
CT0000821,GS0012,CLI003635,PAR002,loja,Serviços,21300.0,36,0.2003,722.01,2025-01-03,contemplada,,CTP000094,GS0012,2025-08-03,sorteio,0.0
CT0003605,GI0037,CLI000874,PAR003,correspondente,imoveis,291100.0,200,0.2057,1784.01,2023-08-05,ativa,,,,,,
CT0005405,GA0063,CLI006278,PAR001,digital,auto,102000.0,60,0.1868,2051.56,2024-10-11,contemplada,,CTP000577,GA0063,2025-08-11,lance_livre,13162.81
CT0008037,GI0016,CLI001249,PAR011,correspondente,imoveis,584800.0,200,0.217,3616.99,2025-02-22,cancelada,2026-02-22,,,,,
CT0002207,GI0026,CLI006737,PAR003,correspondente,Imovel,275900.0,150,0.2156,2272.68,2024-03-23,cancelada,2026-03-23,,,,,
CT0002568,GC0058,CLI005820,PAR007,digital,smartphone,5200.0,12,0.2142,534.82,2025-09-21,ativa,,,,,,
CT0004587,GA0038,CLI001346,PAR002,loja,Automóvel,117900.0,72,0.1649,1940.27,2025-06-29,ativa,,,,,,
CT0002390,GI0036,CLI000829,PAR012,interno,imoveis,272400.0,180,0.1726,1804.8,2025-01-23,contemplada,,CTP000259,GI0036,2025-08-23,lance_livre,92756.01
CT0000304,GA0025,CLI006508,PAR006,loja,AUTO,67100.0,72,0.1725,1111.34,2025-04-02,ativa,,,,,,
CT0001421,GI0011,CLI006800,PAR001,digital,Imóveis,310900.0,200,0.197,1891.83,2026-04-03,ativa,,,,,,
CT0003072,GA0070,CLI002121,PAR009,digital,Automóvel,111900.0,60,0.1709,2221.03,2025-06-30,ativa,,,,,,
CT0000512,GS0024,CLI002600,PAR004,telemarketing,Servicos,21400.0,36,0.1992,724.75,2024-10-24,ativa,,,,,,
CT0003063,GS0000,CLI006459,PAR004,telemarketing,serviço,15000.0,36,0.1851,502.12,2025-03-02,cancelada,2025-08-02,,,,,
CT0003415,GA0002,CLI005169,PAR009,digital,automovel,100200.0,60,0.1738,1993.65,2023-09-03,cancelada,2026-01-03,,,,,
CT0003573,GC0010,CLI001441,PAR012,interno,smartphone,7500.0,12,0.2243,777.69,2025-02-20,quitada,,,,,,
CT0000788,GI0006,CLI000082,PAR003,correspondente,IMOVEIS,303800.0,180,0.2317,2112.59,2024-01-27,ativa,,,,,,
CT0002449,GC0031,CLI003028,PAR004,telemarketing,smartphone,2900.0,24,0.2264,150.61,2026-05-01,cancelada,2026-06-01,,,,,
CT0002885,GC0007,CLI001430,PAR009,digital,celular,7200.0,24,0.203,366.9,2025-09-23,cancelada,2025-12-23,,,,,
CT0005972,GI0034,CLI001612,PAR008,correspondente,imóvel,207500.0,180,0.1926,1397.86,2025-01-31,ativa,,,,,,
CT0003911,GA0065,CLI006455,PAR010,correspondente,automovel,50900.0,60,0.1807,1018.59,2026-01-09,cancelada,2026-03-09,,,,,
CT0005838,GI0033,CLI000492,PAR003,correspondente,IMOVEIS,547400.0,200,0.1911,3314.78,2025-11-07,ativa,,,,,,
CT0002693,GS0020,CLI007163,PAR012,interno,serviço,33100.0,48,0.2014,842.26,2025-03-24,contemplada,,CTP000295,GS0020,2026-06-24,sorteio,0.0
CT0003470,GC0020,CLI002471,PAR001,digital,Celular,7900.0,24,0.2289,411.1,2025-09-15,cancelada,2026-01-15,,,,,
CT0002699,GC0021,CLI002689,PAR004,telemarketing,Celular,5300.0,12,0.2344,554.03,2025-03-25,cancelada,2025-10-25,,,,,
CT0005183,GC0008,CLI002121,PAR003,correspondente,celular,4000.0,18,0.2264,276.98,2023-06-05,quitada,,,,,,
CT0007757,GA0006,CLI004928,PAR010,correspondente,automovel,72500.0,80,0.159,1068.47,2025-12-07,ativa,,,,,,
CT0005309,GI0011,CLI006435,PAR005,bancario,IMOVEIS,422000.0,200,0.1837,2539.81,2024-12-18,contemplada,,CTP000570,GI0011,2025-07-18,lance_livre,110475.15
CT0000925,GA0012,CLI001420,PAR006,loja,Auto,59200.0,80,0.1852,891.85,2023-12-08,cancelada,2024-06-08,CTP000105,GA0012,2024-03-08,sorteio,0.0
CT0001987,GA0075,CLI000505,PAR001,digital,automovel,129200.0,60,0.1619,2545.02,2025-12-07,ativa,,,,,,
CT0002453,GS0017,CLI005840,PAR007,digital,SERVICOS,14200.0,36,0.1916,477.91,2025-11-17,ativa,,,,,,
CT0005092,GA0081,CLI003151,PAR010,correspondente,Automóvel,125200.0,72,0.1727,2073.97,2025-04-20,ativa,,,,,,
CT0001842,GC0022,CLI003093,PAR001,digital,celular,6400.0,24,0.232,333.87,2025-05-25,cancelada,2026-06-25,,,,,
CT0002870,GS0032,CLI002276,PAR007,digital,Serviços,30100.0,36,0.1984,1018.72,2025-04-17,cancelada,2025-09-17,,,,,
CT0004768,GC0021,CLI004471,PAR012,interno,celular,3100.0,12,0.2461,327.08,2026-06-26,ativa,,,,,,
CT0004483,GS0016,CLI004001,PAR009,digital,servicos,23900.0,24,0.2031,1218.0,2026-04-17,ativa,,,,,,
CT0005780,GA0078,CLI004977,PAR001,digital,AUTO,60000.0,72,0.1817,1001.42,2024-08-15,contemplada,,CTP000613,GA0078,2026-03-15,sorteio,0.0
CT0007891,GI0033,CLI002680,PAR003,correspondente,Imóveis,187800.0,200,0.1878,1134.12,2023-05-11,contemplada,,CTP000835,GI0033,2025-08-11,lance_livre,80573.05
CT0005975,GI0041,CLI004032,PAR005,bancario,imóvel,213600.0,180,0.2056,1454.38,2025-09-21,ativa,,,,,,
CT0007277,GC0016,CLI005115,PAR009,digital,Celular,2700.0,12,0.2336,282.06,2024-09-18,cancelada,2025-08-18,,,,,
CT0004675,GC0022,CLI000032,PAR007,digital,smartphone,5900.0,24,0.2246,305.96,2025-07-25,cancelada,2025-10-25,,,,,
CT0004536,GC0062,CLI000730,PAR012,interno,CELULAR,4900.0,24,0.2242,254.02,2024-07-08,quitada,,,,,,
CT0001977,GS0034,CLI000342,PAR009,digital,servicos,19500.0,36,0.2113,666.95,2025-11-20,ativa,,,,,,
CT0001186,GC0047,CLI006339,PAR007,digital,smartphone,8800.0,15,0.2428,740.84,2025-04-28,cancelada,2025-07-28,,,,,
CT0003010,GS0002,CLI001045,PAR008,correspondente,Servicos,20400.0,36,0.2005,691.62,2025-11-07,ativa,,,,,,
CT0007906,GI0008,CLI002218,PAR005,bancario,imoveis,198700.0,180,0.1891,1334.71,2025-10-07,ativa,,,,,,
CT0003121,GA0013,CLI001039,PAR001,digital,automovel,86100.0,72,0.1895,1446.36,2025-05-30,cancelada,2025-07-30,,,,,
CT0003183,GA0089,CLI005039,PAR005,bancario,Auto,74100.0,72,0.17,1224.71,2024-03-07,ativa,,,,,,
CT0000944,GA0036,CLI006457,PAR001,digital,Auto,129700.0,72,0.175,2152.66,2026-03-14,ativa,,,,,,
CT0006899,GS0039,CLI003423,PAR009,digital,servicos,7500.0,48,0.2193,193.64,2026-01-22,ativa,,,,,,
CT0002755,GA0082,CLI005688,PAR006,loja,AUTO,80900.0,80,0.1726,1206.02,2023-04-10,ativa,,,,,,
CT0008536,GC0042,CLI003680,PAR007,digital,celular,8200.0,12,0.2337,856.7,2025-05-04,quitada,,,,,,
CT0003677,GI0015,CLI006464,PAR003,correspondente,IMOVEIS,429500.0,180,0.1842,2873.36,2024-06-05,ativa,,,,,,
CT0006632,GS0010,CLI006235,PAR001,digital,Serviços,16300.0,24,0.1861,819.14,2023-10-18,quitada,,,,,,
CT0005538,GA0017,CLI002317,PAR001,digital,AUTO,56100.0,60,0.1786,1120.69,2024-10-23,ativa,,,,,,
CT0008150,GC0044,CLI006274,PAR009,digital,celular,2600.0,12,0.2295,270.73,2024-02-09,quitada,,CTP000862,GC0044,2024-06-09,lance_fixo,650.0
CT0004084,GC0005,CLI001299,PAR006,loja,Celular,3400.0,24,0.2514,180.12,2023-02-08,cancelada,2023-05-08,,,,,
CT0001721,GC0054,CLI006706,PAR012,interno,Celular,5100.0,12,0.248,538.9,2024-10-04,cancelada,2025-09-04,,,,,
CT0005262,GA0088,CLI003701,PAR006,loja,AUTO,113500.0,80,0.1614,1676.11,2024-04-15,ativa,,,,,,
CT0008564,GS0007,CLI004713,PAR004,telemarketing,serviço,10000.0,24,0.2106,512.75,2026-01-08,cancelada,2026-03-08,,,,,
CT0006991,GA0013,CLI000956,PAR001,digital,Automóvel,55200.0,72,0.1772,917.85,2023-10-13,ativa,,,,,,
CT0008041,GI0038,CLI003146,PAR005,bancario,imóvel,302400.0,150,0.199,2457.5,2025-01-22,ativa,,,,,,
CT0004650,GC0047,CLI005237,PAR007,digital,Celular,7600.0,15,0.2315,634.09,2025-11-19,cancelada,2025-12-19,,,,,
CT0000030,GI0040,CLI000417,PAR005,bancario,Imovel,239000.0,200,0.1871,1442.48,2026-05-11,ativa,,,,,,
CT0004637,GA0033,CLI000746,PAR010,correspondente,AUTO,99300.0,60,0.1666,1963.82,2026-05-12,ativa,,,,,,
CT0003257,GI0001,CLI005575,PAR012,interno,imóvel,515200.0,200,0.1986,3139.11,2023-12-19,ativa,,,,,,
CT0006131,GI0008,CLI003636,PAR012,interno,imóvel,310700.0,180,0.1857,2081.17,2024-11-25,ativa,,,,,,
CT0003808,GA0002,CLI001720,PAR002,loja,Automóvel,63700.0,60,0.1624,1255.31,2025-10-01,ativa,,,,,,
CT0005255,GI0020,CLI003325,PAR010,correspondente,IMOVEIS,451200.0,180,0.1881,3028.3,2024-08-27,ativa,,,,,,
CT0006920,GC0042,CLI004491,PAR007,digital,CELULAR,7000.0,12,0.243,736.75,2024-11-29,cancelada,2025-03-29,,,,,
CT0006637,GC0029,CLI003074,PAR009,,Celular,2100.0,24,0.232,109.55,2026-05-30,ativa,,,,,,
CT0005822,GA0042,CLI006233,PAR001,digital,Auto,85700.0,60,0.1697,1699.29,2025-10-01,contemplada,,CTP000616,GA0042,2026-07-01,lance_livre,12052.85
CT0006836,GC0015,CLI003319,PAR002,loja,CELULAR,5000.0,24,0.236,261.67,2024-07-22,cancelada,2026-07-22,CTP000720,GC0015,2025-02-22,lance_livre,749.13
CT0001367,GI0019,CLI004287,PAR001,digital,imóvel,322700.0,150,0.2212,2670.23,2025-06-22,cancelada,2026-02-22,,,,,
CT0007506,GA0022,CLI000394,PAR007,,auto,78100.0,80,0.1536,1145.73,2025-08-07,contemplada,,CTP000789,GA0022,2026-08-07,sorteio,0.0
CT0000299,GA0079,CLI006358,PAR007,digital,Auto,123200.0,72,0.1791,2051.79,2025-08-12,ativa,,,,,,
CT0007778,GC0018,CLI006894,PAR009,digital,celular,1900.0,12,0.2147,195.49,2025-03-02,quitada,,,,,,
CT0006316,GS0024,CLI004052,PAR004,telemarketing,SERVICOS,20500.0,36,0.201,695.29,2023-12-11,cancelada,2025-02-11,,,,,
CT0000936,GA0042,CLI004774,PAR009,digital,AUTO,60100.0,60,0.1727,1194.69,2026-02-04,ativa,,,,,,
CT0006660,GA0036,CLI002992,PAR001,digital,Automóvel,91900.0,72,0.1529,1497.08,2024-01-19,ativa,,,,,,
CT0006105,GI0029,CLI005245,PAR003,,Imovel,399900.0,200,0.1915,2422.39,2026-03-24,ativa,,,,,,
CT0006213,GI0042,CLI000071,PAR008,correspondente,imoveis,600400.0,150,0.1796,4801.6,2024-10-04,ativa,,,,,,
CT0008587,GC0025,CLI004516,PAR007,digital,smartphone,6900.0,15,0.236,577.76,2025-02-25,cancelada,2025-06-25,,,,,
CT0003855,GA0057,CLI002783,PAR004,telemarketing,automovel,89500.0,60,0.1795,1789.25,2025-10-11,cancelada,2025-12-11,,,,,
CT0006004,GA0014,CLI001297,PAR005,bancario,auto,126800.0,80,0.1673,1881.87,2025-05-30,ativa,,,,,,
CT0008028,GC0032,CLI003322,PAR007,digital,smartphone,9000.0,18,0.238,629.0,2025-05-01,cancelada,2025-07-01,,,,,
CT0005051,GC0038,CLI005909,PAR010,correspondente,celular,2000.0,18,0.232,139.11,2024-02-05,cancelada,2025-01-05,,,,,
CT0000513,GI0030,CLI002633,PAR007,digital,Imóveis,197600.0,200,0.2232,1228.28,2025-01-25,ativa,,,,,,
CT0007435,GC0047,CLI001129,PAR007,digital,smartphone,6700.0,15,0.2243,555.79,2025-06-30,ativa,,,,,,
CT0000446,GC0031,CLI002014,PAR006,loja,CELULAR,4300.0,24,0.2426,226.22,2026-05-16,ativa,,,,,,
CT0002858,GC0025,CLI001986,PAR009,digital,celular,6900.0,15,0.2277,573.94,2025-05-27,cancelada,2025-07-27,,,,,
CT0007517,GA0021,CLI001185,PAR001,digital,automovel,96500.0,80,0.1937,1464.03,2025-07-11,ativa,,,,,,
CT0003120,GC0032,CLI001833,PAR007,digital,CELULAR,8100.0,18,0.2029,550.31,2025-01-02,cancelada,2025-08-02,,,,,
CT0006627,GI0041,CLI000788,PAR005,bancario,Imóveis,620500.0,180,0.2055,4224.57,2023-12-18,cancelada,2024-06-18,,,,,
CT0007922,GS0003,CLI000259,PAR007,digital,Serviços,8100.0,36,0.1791,269.8,2025-08-21,ativa,,,,,,
CT0003078,GC0026,CLI005858,PAR008,correspondente,Celular,5900.0,24,0.2419,310.22,2025-06-01,ativa,,,,,,
CT0001925,GI0044,CLI005033,PAR005,bancario,Imovel,575000.0,150,0.224,4768.67,2025-12-24,ativa,,,,,,
CT0008012,GS0035,CLI004836,PAR003,correspondente,Serviços,14100.0,24,0.1923,712.23,2025-06-09,contemplada,,CTP000846,GS0035,2025-11-09,sorteio,0.0
CT0001067,GI0044,CLI002504,PAR099,digital,imóvel,187100.0,150,0.2044,1527.23,2024-08-21,ativa,,,,,,
CT0005577,GA0064,CLI004161,PAR004,telemarketing,Automóvel,87600.0,72,0.1626,1438.83,2025-09-09,cancelada,2025-10-09,,,,,
CT0004433,GC0047,CLI002453,PAR007,digital,CELULAR,2200.0,15,0.2465,185.75,2024-12-17,cancelada,2025-03-17,,,,,
CT0002160,GA0033,CLI001017,PAR001,digital,automovel,74500.0,60,0.1791,1488.88,2026-01-29,ativa,,,,,,
CT0002575,GS0039,CLI007059,PAR003,correspondente,SERVICOS,25100.0,48,0.1806,627.81,2024-02-10,ativa,,,,,,
CT0001146,GA0063,CLI002339,PAR010,correspondente,AUTO,57000.0,60,0.1887,1148.27,2024-10-24,ativa,,,,,,
CT0008364,GS0019,CLI004005,PAR008,correspondente,serviço,12000.0,36,0.1792,399.73,2025-02-18,cancelada,2026-07-18,,,,,
CT0007758,GC0039,CLI004279,PAR004,telemarketing,CELULAR,7200.0,12,0.2284,749.04,2025-06-20,cancelada,2025-07-20,,,,,
CT0006345,GC0053,CLI004825,PAR004,telemarketing,celular,4300.0,24,0.2407,225.88,2025-07-31,cancelada,2026-02-28,,,,,
CT0000874,GC0050,CLI005970,PAR002,loja,celular,8000.0,18,0.2268,554.13,2025-05-17,ativa,,,,,,
CT0004478,GC0012,CLI002922,PAR007,digital,Celular,5300.0,15,0.2278,440.89,2025-08-16,cancelada,2025-12-16,,,,,
CT0003936,GS0008,CLI002112,PAR012,interno,serviço,24900.0,48,0.2181,642.26,2024-09-27,ativa,,,,,,
CT0007742,GA0053,CLI005882,PAR011,correspondente,automovel,80700.0,80,0.1733,1203.74,2025-12-20,ativa,,,,,,
CT0007688,GI0034,CLI001997,PAR011,correspondente,imóvel,539900.0,180,0.2023,3666.22,2026-07-01,ativa,,,,,,
CT0006104,GA0004,CLI001017,PAR006,loja,auto,88700.0,80,0.1782,1328.5,2025-05-19,ativa,,,,,,
CT0007258,GI0017,CLI005636,PAR011,correspondente,imóvel,295700.0,150,0.1908,2386.89,2024-10-21,ativa,,,,,,
CT0006221,GS0020,CLI006880,PAR009,digital,serviço,21600.0,48,0.2062,551.79,2026-04-07,ativa,,,,,,
CT0003895,GC0068,CLI006563,PAR009,digital,Celular,3100.0,24,0.2418,162.98,2024-04-10,quitada,,,,,,
CT0001566,GC0023,CLI002983,PAR007,digital,celular,2100.0,18,0.2347,146.38,2025-01-14,cancelada,2025-05-14,,,,,
CT0007247,GI0011,CLI001129,PAR008,correspondente,IMOVEIS,438400.0,200,0.1999,2674.02,2024-06-23,ativa,,,,,,
CT0005303,GS0017,CLI004702,PAR007,digital,SERVICOS,23100.0,36,0.233,804.01,2025-08-21,ativa,,,,,,
CT0004056,GI0009,CLI000119,PAR002,loja,imoveis,203700.0,180,0.2238,1407.57,2024-06-13,ativa,,,,,,
CT0006915,GA0067,CLI005177,PAR002,loja,auto,87200.0,80,0.1661,1292.85,2024-01-20,ativa,,,,,,
CT0003604,GA0058,CLI001232,PAR007,digital,Auto,62600.0,80,0.1937,949.72,2024-09-23,cancelada,2024-11-23,,,,,
CT0005359,GI0029,CLI001554,PAR003,,Imóveis,634400.0,200,0.1907,3840.34,2025-05-10,ativa,,,,,,
CT0006679,GA0042,CLI005441,PAR002,loja,Automóvel,129000.0,60,0.171,2560.65,2023-07-07,contemplada,,CTP000703,GA0042,2024-09-07,sorteio,0.0
CT0005722,GI0011,CLI002538,PAR005,bancario,imoveis,264000.0,200,0.197,1606.44,2026-06-19,ativa,,,,,,
CT0001584,GI0043,CLI003730,PAR005,bancario,imóvel,480100.0,150,0.2119,3942.9,2024-10-16,ativa,,,,,,
CT0002559,GA0068,CLI006418,PAR001,digital,auto,83700.0,72,0.1667,1379.54,2026-06-24,ativa,,,,,,
CT0008228,GC0066,CLI005060,PAR007,digital,Celular,5200.0,12,0.2211,537.81,2025-02-20,cancelada,2025-08-20,,,,,
CT0003406,GA0002,CLI004181,PAR010,correspondente,auto,62200.0,60,0.1768,1240.68,2024-11-26,ativa,,,,,,
CT0005354,GA0025,CLI001736,PAR010,correspondente,Auto,77900.0,72,0.1588,1275.4,2026-06-03,ativa,,,,,,
CT0001482,GA0026,CLI006589,PAR002,loja,auto,62300.0,72,0.1794,1037.81,2025-03-09,ativa,,,,,,
CT0001458,GI0010,CLI002944,PAR012,interno,imoveis,418500.0,180,0.1931,2820.46,2023-10-04,ativa,,,,,,
CT0006478,GS0019,CLI004907,PAR004,telemarketing,Servicos,26800.0,36,0.2132,918.05,2025-01-06,cancelada,2026-05-06,CTP000681,GS0019,2026-01-06,sorteio,0.0
CT0000263,GC0067,CLI005854,PAR011,correspondente,CELULAR,7400.0,15,0.2156,609.56,2025-06-10,ativa,,,,,,
CT0002669,GC0013,CLI006987,PAR012,interno,Celular,6900.0,18,0.2446,484.76,2026-05-30,cancelada,2026-08-30,,,,,
CT0000975,GA0018,CLI003934,PAR002,loja,automovel,76300.0,72,0.1386,1227.79,2026-05-23,cancelada,2026-06-23,,,,,
CT0006498,GA0051,CLI003063,PAR008,correspondente,AUTO,119900.0,60,0.1409,2319.87,2023-06-29,ativa,,,,,,
CT0002831,GI0029,CLI001591,PAR005,,IMOVEIS,500800.0,200,0.1977,3049.12,2025-01-20,ativa,,,,,,
CT0008366,GC0029,CLI006419,PAR006,loja,CELULAR,4300.0,24,0.2265,223.33,2025-07-02,contemplada,,CTP000886,GC0029,2026-01-02,sorteio,0.0
CT0003848,GC0041,CLI000874,PAR004,telemarketing,Celular,4500.0,24,0.225,233.44,2025-11-16,cancelada,2026-07-16,,,,,
CT0002257,GI0030,CLI005220,PAR012,interno,IMOVEIS,233600.0,200,0.2055,1431.38,2025-02-02,ativa,,,,,,
CT0003339,GC0023,CLI005759,PAR001,digital,celular,8700.0,18,0.2261,602.28,2023-06-11,cancelada,2024-06-11,,,,,
CT0006752,GS0034,CLI000709,PAR007,digital,servicos,9900.0,36,0.212,338.8,2024-10-01,ativa,,,,,,
CT0001327,GC0051,CLI004259,PAR007,digital,Celular,8600.0,24,0.2607,458.92,2024-12-10,cancelada,2025-06-10,,,,,
CT0004103,GI0023,CLI002879,PAR003,correspondente,imoveis,296100.0,200,0.2053,1814.06,2026-06-26,ativa,,,,,,
CT0004619,GS0027,CLI004476,PAR008,correspondente,servicos,31900.0,48,0.2137,819.9,2023-02-24,cancelada,2025-08-24,,,,,
CT0001713,GS0031,CLI003890,PAR007,digital,serviço,18900.0,36,0.2125,647.06,2025-01-27,ativa,,,,,,
CT0005534,GI0026,CLI002110,PAR001,digital,imóvel,400000.0,150,0.2132,3288.53,2025-11-25,ativa,,,,,,
CT0006866,GA0005,CLI004643,PAR012,interno,Auto,94200.0,80,0.1729,1404.64,2025-02-27,ativa,,,,,,
CT0002238,GS0036,CLI005613,PAR007,digital,serviço,27300.0,24,0.2082,1397.08,2024-07-21,cancelada,2025-01-21,,,,,
CT0004241,GI0029,CLI003084,PAR002,loja,imóvel,381900.0,200,0.2118,2352.12,2023-04-21,contemplada,,CTP000467,GI0029,2025-02-21,sorteio,0.0
CT0006141,GA0073,CLI007127,PAR009,,AUTO,110900.0,80,0.1661,1644.23,2026-07-09,ativa,,,,,,
CT0002503,GS0034,CLI003581,PAR009,digital,servicos,11700.0,36,0.1882,392.66,2025-07-03,ativa,,,,,,
CT0006466,GI0041,CLI002066,PAR005,bancario,Imovel,262400.0,180,0.2036,1783.74,2024-12-31,ativa,,,,,,
CT0004042,GI0016,CLI006196,PAR003,correspondente,imóvel,642700.0,200,0.2168,3974.46,2025-03-08,cancelada,2025-04-08,,,,,
CT0006655,GC0056,CLI006055,PAR004,telemarketing,Celular,5700.0,12,0.2201,589.05,2025-07-21,cancelada,2025-09-21,,,,,
CT0002213,GC0055,CLI003439,PAR007,digital,CELULAR,6600.0,24,0.2341,344.88,2025-07-23,cancelada,2025-10-23,,,,,
CT0002256,GA0009,CLI003427,PAR005,bancario,Auto,75300.0,80,0.1735,1123.38,2024-08-16,ativa,,,,,,
CT0008567,GI0005,CLI001346,PAR012,interno,Imovel,235100.0,200,0.1978,1431.52,2024-11-03,ativa,,,,,,
CT0004370,GS0002,CLI006368,PAR001,digital,Servicos,17900.0,36,0.1828,598.06,2025-11-22,ativa,,,,,,
CT0006733,GC0011,CLI001396,PAR012,interno,Celular,5800.0,12,0.2412,609.58,2026-06-12,ativa,,,,,,
CT0002622,GA0070,CLI006017,PAR002,loja,AUTO,97000.0,60,0.1666,1918.34,2025-07-01,ativa,,,,,,
CT0005263,GA0074,CLI005153,PAR002,loja,automovel,68200.0,80,0.1473,995.12,2024-12-06,cancelada,2025-10-06,,,,,
CT0000492,GA0033,CLI003886,PAR005,bancario,Auto,83600.0,60,0.1664,1653.05,2023-04-13,ativa,,,,,,
CT0000228,GA0028,CLI006389,PAR001,digital,Auto,122500.0,72,0.1688,2022.61,2025-04-22,contemplada,,CTP000026,GA0028,2026-07-22,sorteio,0.0
CT0000124,GI0038,CLI003454,PAR005,bancario,imóvel,483300.0,150,0.1832,3876.71,2024-02-01,cancelada,2026-05-01,CTP000011,GI0038,2025-11-01,sorteio,0.0
CT0005030,GC0002,CLI005617,PAR099,digital,Celular,7600.0,12,0.2482,803.19,2025-01-27,quitada,,,,,,
CT0001983,GC0003,CLI006178,PAR006,loja,celular,3400.0,12,0.2303,354.25,2025-02-22,quitada,,,,,,
CT0008380,GA0077,CLI000187,PAR005,bancario,AUTO,99300.0,80,0.1551,1458.59,2025-05-27,ativa,,,,,,
CT0003287,GC0002,CLI003675,PAR001,digital,celular,4200.0,12,0.2311,437.89,2024-02-25,quitada,,,,,,
CT0001135,GI0005,CLI006814,PAR008,correspondente,IMOVEIS,368800.0,200,0.2246,2295.04,2026-04-11,ativa,,,,,,
CT0007498,GS0030,CLI006395,PAR007,digital,Serviços,15200.0,36,0.1988,514.6,2024-09-29,cancelada,2024-12-29,,,,,
CT0008519,GA0063,CLI002748,PAR005,bancario,automovel,92500.0,60,0.1695,1833.81,2023-11-14,ativa,,,,,,
CT0003868,GA0044,CLI005726,PAR002,loja,automovel,45700.0,60,0.1757,910.72,2025-01-24,ativa,,,,,,
CT0005973,GS0033,CLI005184,PAR001,digital,SERVICOS,32300.0,48,0.2084,826.61,2024-07-29,ativa,,,,,,
CT0004894,GA0088,CLI000173,PAR002,loja,automovel,73200.0,80,0.1832,1100.93,2026-07-09,ativa,,,,,,
CT0008582,GA0008,CLI004748,PAR006,loja,automovel,98700.0,80,0.1832,1484.45,2025-11-12,ativa,,,,,,
CT0006895,GA0038,CLI002667,PAR004,telemarketing,AUTO,73100.0,72,0.1788,1217.12,2025-10-13,ativa,,,,,,
CT0001837,GC0001,CLI005432,PAR004,telemarketing,Celular,3500.0,24,0.2266,181.8,2024-08-07,cancelada,2024-12-07,,,,,
CT0008515,GA0071,CLI005238,PAR010,correspondente,Automóvel,66100.0,72,0.1977,1117.92,2026-01-18,ativa,,,,,,
CT0006809,GC0068,CLI001058,PAR009,digital,CELULAR,7300.0,24,0.2159,375.92,2025-04-10,ativa,,,,,,
CT0002029,GA0015,CLI001655,PAR002,loja,Auto,109700.0,80,0.167,1627.67,2025-09-13,ativa,,,,,,
CT0005333,GA0009,CLI003524,PAR005,bancario,automovel,58300.0,80,0.1733,869.62,2025-08-24,ativa,,,,,,
CT0001560,GI0039,CLI005755,PAR010,correspondente,Imóveis,202700.0,200,0.194,1230.39,2023-07-03,cancelada,2024-09-03,,,,,
CT0000259,GC0009,CLI005942,PAR099,digital,smartphone,7300.0,24,0.2407,383.46,2026-02-17,ativa,,,,,,
CT0001024,GS0018,CLI003881,PAR003,correspondente,Serviços,27500.0,24,0.1729,1366.86,2024-11-28,cancelada,2026-08-28,,,,,
CT0000744,GC0017,CLI001436,PAR007,digital,celular,8800.0,12,0.2354,920.63,2024-10-02,cancelada,2025-03-02,,,,,
CT0002344,GS0000,CLI004258,PAR003,correspondente,Serviços,18600.0,36,0.1867,623.46,2023-03-27,quitada,,CTP000256,GS0000,2025-10-27,lance_livre,9824.53
CT0005294,GI0034,CLI005145,PAR099,,imoveis,421400.0,180,0.2217,2906.96,2025-11-02,ativa,,,,,,
CT0007817,GC0042,CLI001286,PAR004,telemarketing,celular,6600.0,12,0.2308,687.94,2024-07-13,cancelada,2024-09-13,,,,,
CT0002975,GC0017,CLI000573,PAR007,digital,smartphone,4800.0,12,0.2189,495.56,2025-01-13,cancelada,2025-03-13,,,,,
CT0000188,GC0000,CLI003570,PAR007,digital,smartphone,4200.0,18,0.2324,292.23,2024-09-30,cancelada,2025-04-30,,,,,
CT0006439,GI0038,CLI004103,PAR012,interno,imóvel,374800.0,150,0.2062,3063.87,2023-07-26,contemplada,,CTP000676,GI0038,2025-08-26,lance_livre,66541.27
CT0002809,GA0064,CLI003481,PAR002,loja,auto,124400.0,72,0.1588,2036.7,2025-06-18,ativa,,,,,,
CT0000691,GC0039,CLI004885,PAR009,digital,smartphone,6500.0,12,0.2423,683.75,2025-10-04,ativa,,,,,,
CT0002704,GC0063,CLI006080,PAR007,digital,smartphone,7800.0,15,0.2226,646.15,2025-06-13,cancelada,2025-11-13,,,,,
CT0001621,GA0028,CLI001226,PAR004,telemarketing,auto,74600.0,72,0.1797,1243.02,2026-05-29,ativa,,,,,,
CT0000745,GS0012,CLI000599,PAR009,digital,servicos,17900.0,36,0.1991,606.16,2025-11-17,ativa,,,,,,
CT0003520,GA0017,CLI001243,PAR002,loja,Auto,123600.0,60,0.1601,2431.01,2024-09-18,ativa,,,,,,
CT0003254,GC0024,CLI003748,PAR009,digital,Celular,8200.0,12,0.2392,860.45,2024-05-26,quitada,,,,,,
CT0002216,GC0022,CLI005618,PAR006,loja,CELULAR,5200.0,24,0.2193,268.52,2023-07-18,quitada,,,,,,
CT0002108,GC0041,CLI006078,PAR007,,celular,6700.0,24,0.2246,347.45,2025-11-04,cancelada,2026-05-04,,,,,
CT0001623,GI0008,CLI007000,PAR005,bancario,Imóveis,363300.0,180,0.2023,2467.01,2023-05-19,ativa,,,,,,
CT0008544,GS0027,CLI000014,PAR001,digital,SERVICOS,15000.0,48,0.2053,382.91,2024-09-05,contemplada,,CTP000908,GS0027,2024-10-05,sorteio,0.0
CT0005358,GA0014,CLI000371,PAR005,bancario,AUTO,108500.0,80,0.1782,1625.06,2026-07-06,ativa,,,,,,
CT0008498,GI0042,CLI003868,PAR005,bancario,imoveis,575800.0,150,0.1835,4619.84,2024-08-20,cancelada,2026-01-20,,,,,
CT0007340,GA0076,CLI003311,PAR001,digital,AUTO,107000.0,72,0.1661,1762.68,2025-05-06,ativa,,,,,,
CT0003207,GI0012,CLI000936,PAR005,bancario,imóvel,302700.0,150,0.1824,2426.44,2024-01-06,ativa,,,,,,
CT0000050,GA0028,CLI007040,PAR010,correspondente,auto,125700.0,72,0.1661,2070.73,2026-04-25,ativa,,,,,,
CT0004036,GA0040,CLI005963,PAR002,loja,Auto,107900.0,72,0.173,1787.84,2026-05-27,ativa,,,,,,
CT0006328,GS0037,CLI004771,PAR007,digital,Servicos,22800.0,48,0.1929,576.13,2025-08-25,contemplada,,CTP000660,GS0037,2025-10-25,sorteio,0.0
CT0000183,GA0077,CLI001527,PAR003,correspondente,Auto,90300.0,80,0.1549,1326.17,2025-09-27,ativa,,,,,,
CT0000410,GI0012,CLI006243,PAR003,correspondente,imóvel,213600.0,150,0.1879,1720.05,2023-06-26,cancelada,2023-11-26,CTP000052,GI0012,2023-07-26,sorteio,0.0
CT0000196,GA0011,CLI000959,PAR099,digital,auto,111100.0,72,0.1596,1820.19,2025-06-29,ativa,,,,,,
CT0005151,GA0023,CLI005610,PAR002,loja,Automóvel,72200.0,72,0.1798,1203.13,2023-04-05,contemplada,,CTP000549,GA0023,2023-09-05,sorteio,0.0
CT0005306,GC0006,CLI003834,PAR001,digital,CELULAR,3400.0,18,0.2261,235.37,2024-05-04,quitada,,CTP000569,GC0006,2025-03-04,lance_fixo,850.0
CT0001180,GS0023,CLI003222,PAR008,correspondente,serviço,8500.0,24,0.1977,431.27,2026-03-21,ativa,,,,,,
CT0004354,GI0004,CLI007171,PAR007,digital,Imóveis,279800.0,200,0.1955,1700.48,2024-11-01,ativa,,,,,,
CT0008177,GS0004,CLI002096,PAR004,telemarketing,serviço,19500.0,36,0.1895,655.15,2024-02-19,cancelada,2024-06-19,,,,,
CT0004694,GC0039,CLI003272,PAR001,digital,celular,7300.0,12,0.2216,755.31,2023-06-14,cancelada,2023-11-14,,,,,
CT0007674,GS0004,CLI002712,PAR008,correspondente,Servicos,25300.0,36,0.1994,856.97,2024-05-10,ativa,,,,,,
CT0000863,GC0038,CLI000043,PAR006,loja,Celular,8600.0,18,0.2292,596.84,2023-12-29,quitada,,,,,,
CT0002526,GS0024,CLI003809,PAR012,interno,Servicos,29700.0,36,0.1953,1002.62,2023-12-30,ativa,,,,,,
CT0000620,GA0071,CLI003749,PAR004,telemarketing,auto,50500.0,72,0.1577,826.03,2023-09-18,contemplada,,CTP000080,GA0071,2026-02-18,lance_fixo,12625.0
CT0004974,GI0044,CLI005316,PAR012,interno,Imóveis,639500.0,150,0.1822,5125.38,2026-02-11,ativa,,,,,,
CT0005874,GC0042,CLI002317,PAR012,interno,celular,2800.0,12,0.2427,294.63,2026-05-16,ativa,,,,,,
CT0003931,GS0027,CLI006989,PAR002,loja,servicos,31600.0,48,0.1997,802.97,2024-01-22,contemplada,,CTP000425,GS0027,2025-05-22,sorteio,0.0
CT0003068,GS0017,CLI004422,PAR006,loja,SERVICOS,9100.0,36,0.1901,305.89,2025-07-10,ativa,,,,,,
CT0004992,GA0085,CLI001802,PAR005,bancario,automovel,124700.0,60,0.1703,2473.84,2025-09-07,ativa,,,,,,
CT0006702,GA0028,CLI000131,PAR005,bancario,Automóvel,62000.0,72,0.1879,1040.14,2024-10-10,contemplada,,CTP000704,GA0028,2025-06-10,sorteio,0.0
CT0003427,GA0038,CLI007010,PAR001,digital,Automóvel,50200.0,72,0.1589,821.96,2025-10-26,ativa,,,,,,
CT0006868,GI0019,CLI001764,PAR011,correspondente,Imovel,320800.0,150,0.1835,2573.89,2024-09-21,contemplada,,CTP000723,GI0019,2026-08-21,sorteio,0.0
CT0003778,GC0064,CLI005653,PAR001,digital,smartphone,4300.0,24,0.2183,221.86,2024-08-27,quitada,,,,,,
CT0007764,GS0021,CLI000928,PAR004,telemarketing,Serviços,29900.0,36,0.1707,988.94,2024-09-02,cancelada,2026-03-02,,,,,
CT0004171,GA0054,CLI000084,PAR002,loja,Automóvel,97100.0,72,0.1479,1575.04,2024-07-11,ativa,,,,,,
CT0008140,GA0004,CLI004274,PAR001,digital,Auto,127300.0,80,0.1693,1892.47,2025-10-23,ativa,,,,,,
CT0000085,GC0041,CLI002196,PAR006,loja,CELULAR,6100.0,24,0.2309,317.94,2023-11-27,quitada,,CTP000008,GC0041,2024-01-27,lance_fixo,1525.0
CT0003960,GA0087,CLI006344,PAR009,digital,auto,117900.0,60,0.1798,2357.61,2024-11-06,cancelada,2026-05-06,,,,,
CT0002864,GS0037,CLI005971,PAR009,digital,serviço,27400.0,48,0.1906,691.05,2025-11-14,ativa,,,,,,
CT0006845,GA0037,CLI005705,PAR012,interno,Auto,93900.0,80,0.168,1394.41,2023-12-18,ativa,,,,,,
CT0000571,GA0030,CLI001015,PAR002,loja,Automóvel,45500.0,72,0.1577,744.24,2023-04-17,ativa,,,,,,
CT0007690,GA0010,CLI002918,PAR009,digital,automovel,129300.0,72,0.1633,2125.01,2025-05-06,contemplada,,CTP000810,GA0010,2026-08-06,lance_fixo,32325.0
CT0002404,GI0006,CLI001529,PAR003,correspondente,IMOVEIS,252800.0,180,0.2175,1738.0,2025-05-26,ativa,,,,,,
CT0006049,GC0055,CLI005437,PAR004,telemarketing,smartphone,3200.0,24,0.228,166.4,2026-03-17,ativa,,,,,,
CT0004548,GC0003,CLI004529,PAR006,loja,celular,7900.0,12,0.2246,819.36,2025-09-05,cancelada,2026-01-05,,,,,
CT0006070,GS0028,CLI001002,PAR009,digital,SERVICOS,18200.0,24,0.2003,925.39,2023-09-17,cancelada,2025-09-17,,,,,
CT0006089,GA0061,CLI004338,PAR006,loja,AUTO,119200.0,80,0.1588,1756.41,2024-06-13,cancelada,2025-05-13,,,,,
CT0002916,GA0056,CLI000856,PAR010,correspondente,automovel,104300.0,72,0.1594,1708.49,2024-03-15,ativa,,,,,,
CT0001193,GC0018,CLI002955,PAR007,digital,Celular,5400.0,12,0.2284,561.78,2025-04-26,cancelada,2025-07-26,,,,,
CT0006824,GS0019,CLI002964,PAR008,correspondente,serviço,34400.0,36,0.2004,1166.16,2025-07-09,cancelada,2025-10-09,,,,,
CT0000286,GC0022,CLI002665,PAR004,telemarketing,smartphone,8700.0,24,0.206,444.42,2023-12-17,quitada,,,,,,
CT0007805,GA0052,CLI006963,PAR010,correspondente,AUTO,111200.0,60,0.1684,2202.5,2024-09-24,cancelada,2024-11-24,,,,,
CT0004910,GC0023,CLI000838,PAR001,digital,smartphone,3100.0,18,0.254,219.41,2024-09-14,quitada,,CTP000531,GC0023,2025-12-14,lance_livre,1377.47
CT0007989,GC0008,CLI006706,PAR007,digital,CELULAR,2300.0,18,0.2073,156.82,2025-11-19,ativa,,,,,,
CT0006149,GC0031,CLI001749,PAR007,digital,CELULAR,2800.0,24,0.2197,144.63,2025-05-02,cancelada,2026-01-02,,,,,
CT0007974,GC0046,CLI005784,PAR001,digital,smartphone,6400.0,12,0.2469,675.68,2026-03-13,ativa,,,,,,
CT0004130,GI0028,CLI007156,PAR005,bancario,Imovel,640700.0,200,0.2351,4020.71,2023-04-03,contemplada,,CTP000455,GI0028,2026-08-03,lance_livre,281125.05
CT0004504,GC0033,CLI001855,PAR002,loja,CELULAR,7200.0,15,0.2257,597.94,2024-05-31,cancelada,2025-04-30,CTP000488,GC0033,2024-11-30,sorteio,0.0
CT0005921,GC0010,CLI001552,PAR007,digital,Celular,7700.0,12,0.2368,806.45,2025-03-23,cancelada,2025-08-23,,,,,
CT0003664,GC0035,CLI003194,PAR004,telemarketing,Celular,3000.0,24,0.2235,155.44,2025-03-04,cancelada,2025-04-04,,,,,
CT0008576,GI0040,CLI002387,PAR001,digital,Imovel,200700.0,200,0.204,1228.28,2026-04-23,ativa,,,,,,
CT0001295,GC0049,CLI004862,PAR004,telemarketing,celular,2000.0,24,0.2313,104.28,2023-10-24,quitada,,,,,,
CT0002970,GI0002,CLI004432,PAR003,correspondente,IMOVEIS,334600.0,180,0.2022,2271.93,2024-11-05,contemplada,,CTP000324,GI0002,2025-12-05,lance_livre,84858.1
CT0004168,GI0007,CLI002442,PAR001,digital,Imóveis,350300.0,150,0.2047,2860.08,2024-08-29,ativa,,,,,,
CT0004529,GA0035,CLI003161,PAR001,digital,auto,108600.0,80,0.1459,1582.71,2025-12-23,ativa,,,,,,
CT0001486,GC0012,CLI004518,PAR007,digital,smartphone,4700.0,15,0.2201,388.56,2025-07-22,cancelada,2025-08-22,,,,,
CT0000564,GA0018,CLI006461,PAR002,loja,Auto,121300.0,72,0.1669,1999.6,2023-02-25,ativa,,,,,,
CT0000192,GS0035,CLI004547,PAR001,digital,servicos,16300.0,24,0.1947,824.98,2023-11-15,cancelada,2025-08-15,,,,,
CT0004439,GA0029,CLI005781,PAR001,,AUTO,128100.0,60,0.1939,2591.68,2025-12-10,ativa,,,,,,
CT0001852,GC0008,CLI004307,PAR001,digital,Celular,4100.0,18,0.2378,286.5,2025-01-05,cancelada,2025-05-05,,,,,
CT0002142,GI0018,CLI004647,PAR001,digital,Imovel,588000.0,200,0.1683,3493.6,2024-10-27,ativa,,,,,,
CT0000119,GC0049,CLI004290,PAR004,telemarketing,celular,5700.0,24,0.2169,293.76,2025-12-04,ativa,,,,,,
CT0000663,GS0037,CLI005988,PAR007,digital,SERVICOS,27300.0,48,0.1983,692.91,2025-09-23,ativa,,,,,,
CT0007573,GA0057,CLI006600,PAR001,digital,Automóvel,114400.0,60,0.2004,2326.9,2025-11-25,ativa,,,,,,
CT0001271,GA0069,CLI004407,PAR010,correspondente,AUTO,51500.0,80,0.1585,758.66,2024-10-03,ativa,,,,,,
CT0005318,GI0011,CLI004306,PAR005,bancario,imóvel,588800.0,200,0.209,3618.18,2023-11-13,ativa,,,,,,
CT0000623,GC0066,CLI001011,PAR006,loja,CELULAR,4000.0,12,0.2198,413.27,2024-11-23,quitada,,,,,,
CT0002819,GA0006,CLI001115,PAR008,correspondente,AUTO,108900.0,80,0.18,1633.5,2023-07-28,cancelada,2023-10-28,,,,,
CT0006549,GC0021,CLI000230,PAR008,correspondente,celular,4000.0,12,0.235,418.33,2024-01-15,quitada,,,,,,
CT0007996,GI0008,CLI004559,PAR006,loja,imóvel,485000.0,180,0.2246,3353.51,2024-12-21,contemplada,,CTP000844,GI0008,2026-05-21,lance_fixo,121250.0
CT0004722,GC0046,CLI003252,PAR006,loja,CELULAR,8100.0,12,0.2136,832.68,2025-06-13,quitada,,CTP000506,GC0046,2025-11-13,lance_livre,1426.39
CT0002236,GC0041,CLI005657,PAR009,digital,smartphone,7300.0,24,0.2292,379.96,2023-05-15,quitada,,,,,,
CT0008211,GC0020,CLI006265,PAR007,digital,celular,3800.0,24,0.2433,200.02,2024-08-26,quitada,,,,,,
CT0006500,GA0087,CLI001007,PAR002,loja,auto,63200.0,60,0.1618,1244.83,2023-10-27,ativa,,,,,,
CT0004220,GI0013,CLI006503,PAR003,correspondente,Imóveis,406100.0,150,0.2016,3307.28,2026-03-03,ativa,,,,,,
CT0000639,GA0009,CLI005687,PAR005,bancario,Auto,76500.0,80,0.1613,1129.62,2026-07-10,ativa,,,,,,
CT0003896,GA0033,CLI006726,PAR012,interno,AUTO,108800.0,60,0.1632,2145.54,2025-07-20,ativa,,,,,,
CT0007245,GC0028,CLI001273,PAR006,loja,CELULAR,3500.0,18,0.2381,244.63,2024-06-20,quitada,,,,,,
CT0003226,GC0068,CLI000103,PAR008,correspondente,Celular,3500.0,24,0.2498,185.18,2025-10-08,ativa,,,,,,
CT0003503,GC0051,CLI004267,PAR007,digital,celular,7600.0,24,0.2525,402.96,2025-05-15,cancelada,2025-06-15,,,,,
CT0008145,GI0024,CLI002495,PAR005,bancario,Imóveis,648700.0,180,0.2047,4413.68,2025-12-13,ativa,,,,,,
CT0002001,GA0062,CLI002364,PAR005,bancario,AUTO,128700.0,60,0.1533,2516.73,2025-10-18,ativa,,,,,,
CT0005853,GI0017,CLI001060,PAR011,correspondente,Imovel,212500.0,150,0.2126,1746.18,2025-06-23,contemplada,,CTP000620,GI0017,2025-12-23,lance_livre,114199.66
CT0001961,GC0036,CLI001917,PAR007,digital,smartphone,1900.0,24,0.2458,100.21,2024-10-13,cancelada,2025-10-13,,,,,
CT0005522,GA0045,CLI004760,PAR002,loja,auto,55600.0,60,0.1507,1084.85,2025-03-16,contemplada,,CTP000586,GA0045,2025-12-16,sorteio,0.0
CT0004725,GS0033,CLI003360,PAR008,correspondente,Serviços,13000.0,48,0.1988,330.09,2026-05-05,ativa,,,,,,
CT0006957,GC0005,CLI004155,PAR007,digital,Celular,6000.0,24,0.2097,307.43,2024-11-04,cancelada,2025-05-04,,,,,
CT0000211,GA0045,CLI004028,PAR002,loja,automovel,63100.0,60,0.181,1263.05,2024-12-08,ativa,,,,,,
CT0006144,GI0015,CLI002074,PAR009,digital,IMOVEIS,307000.0,180,0.2031,2086.07,2026-07-05,ativa,,,,,,
CT0000248,GA0007,CLI002808,PAR001,digital,Auto,99400.0,72,0.1906,1671.3,2025-08-21,ativa,,,,,,
CT0001929,GA0004,CLI002269,PAR001,digital,Auto,52300.0,80,0.1638,773.91,2025-11-23,ativa,,,,,,
CT0004659,GC0045,CLI006590,PAR001,digital,celular,2700.0,18,0.213,184.95,2026-02-01,contemplada,,CTP000503,GC0045,2026-06-01,lance_livre,517.97
CT0000618,GI0012,CLI004392,PAR004,telemarketing,Imovel,614300.0,150,0.2002,4997.13,2024-10-19,cancelada,2026-08-19,,,,,
CT0008518,GC0040,CLI003500,PAR004,telemarketing,celular,3400.0,15,0.2443,286.57,2025-04-21,cancelada,2025-10-21,,,,,
CT0005383,GC0031,CLI006810,PAR007,digital,Celular,8300.0,24,0.2182,428.21,2025-07-17,cancelada,2026-06-17,,,,,
CT0006732,GS0003,CLI005158,PAR005,bancario,serviço,28700.0,36,0.2072,978.35,2024-09-08,ativa,,,,,,
CT0000915,GC0030,CLI006449,PAR006,loja,CELULAR,4600.0,15,0.223,381.19,2025-02-05,cancelada,2025-07-05,,,,,
CT0002049,GC0034,CLI001707,PAR009,digital,celular,5100.0,12,0.2408,535.84,2024-03-29,quitada,,,,,,
CT0001956,GC0025,CLI004930,PAR007,digital,Celular,5800.0,15,0.2278,482.48,2025-01-21,cancelada,2025-07-21,,,,,
CT0008128,GS0025,CLI000947,PAR004,telemarketing,servicos,29200.0,48,0.2037,744.42,2025-04-10,cancelada,2025-08-10,,,,,
CT0007886,GA0022,CLI003851,PAR001,digital,automovel,68300.0,80,0.1736,1019.04,2024-02-05,contemplada,,CTP000834,GA0022,2024-09-05,lance_livre,13088.38
CT0001028,GI0037,CLI005779,PAR003,correspondente,imóvel,593700.0,200,0.2132,3660.75,2025-05-18,ativa,,,,,,
CT0008436,GC0060,CLI004041,PAR012,interno,smartphone,6300.0,24,0.217,324.71,2025-02-18,cancelada,2026-08-18,CTP000893,GC0060,2025-05-18,lance_fixo,1575.0
CT0004507,GC0053,CLI004426,PAR001,,CELULAR,6100.0,24,0.2511,323.07,2024-11-29,ativa,,,,,,
CT0005537,GC0053,CLI000904,PAR004,telemarketing,celular,6400.0,24,0.2054,326.77,2025-06-16,ativa,,,,,,
CT0001222,GC0022,CLI003721,PAR007,digital,smartphone,7400.0,24,0.2264,384.31,2024-09-21,cancelada,2026-01-21,,,,,
CT0002204,GA0029,CLI002858,PAR012,interno,automovel,129500.0,60,0.1792,2588.27,2025-09-03,ativa,,,,,,
CT0006381,GA0021,CLI001586,PAR009,digital,automovel,109800.0,80,0.1729,1637.26,2025-10-28,ativa,,,,,,
CT0002670,GS0004,CLI002624,PAR008,correspondente,SERVICOS,17400.0,36,0.1938,586.67,2025-01-26,ativa,,,,,,
CT0008244,GA0001,CLI003737,PAR005,,auto,81100.0,72,0.1843,1356.51,2025-01-07,ativa,,,,,,
CT0003891,GI0013,CLI005661,PAR003,correspondente,IMOVEIS,596000.0,150,0.2109,4890.78,2025-05-24,ativa,,,,,,
CT0000790,GC0027,CLI000633,PAR007,digital,Celular,8100.0,15,0.2382,679.43,2025-03-08,cancelada,2025-04-08,,,,,
CT0000646,GI0018,CLI003526,PAR002,loja,Imovel,180700.0,200,0.1755,1080.13,2023-05-23,ativa,,,,,,
CT0002580,GS0023,CLI002113,PAR004,telemarketing,Servicos,8800.0,24,0.1881,442.97,2025-01-05,cancelada,2025-06-05,,,,,
CT0008595,GA0041,CLI005446,PAR002,loja,AUTO,123500.0,72,0.1689,2039.29,2023-10-04,contemplada,,CTP000911,GA0041,2026-02-04,sorteio,0.0
CT0000205,GI0025,CLI005574,PAR010,correspondente,imóvel,223200.0,150,0.1851,1793.19,2024-11-19,ativa,,,,,,
CT0004121,GA0089,CLI003474,PAR004,telemarketing,AUTO,104800.0,72,0.172,1735.02,2025-03-21,cancelada,2025-10-21,,,,,
CT0004979,GI0000,CLI005243,PAR003,correspondente,imóvel,201400.0,150,0.2041,1643.56,2023-11-12,cancelada,2025-12-12,,,,,
CT0000837,GC0037,CLI004033,PAR001,digital,celular,5300.0,24,0.2109,271.82,2024-06-11,cancelada,2024-12-11,CTP000096,GC0037,2024-11-11,sorteio,0.0
CT0005165,GA0043,CLI005215,PAR006,loja,Automóvel,60800.0,72,0.167,1002.36,2025-11-28,ativa,,,,,,
CT0000991,GS0028,CLI001390,PAR001,digital,Serviços,12300.0,24,0.2001,625.3,2025-12-15,ativa,,,,,,
CT0000866,GI0003,CLI000867,PAR003,correspondente,IMOVEIS,637200.0,150,0.1943,5158.35,2026-06-26,ativa,,,,,,
CT0002890,GC0054,CLI001185,PAR007,digital,smartphone,4300.0,12,0.2499,455.05,2025-03-03,cancelada,2026-01-03,,,,,
CT0008004,GS0008,CLI005615,PAR012,interno,serviço,25000.0,48,0.1852,627.71,2025-07-08,ativa,,,,,,
CT0006238,GS0029,CLI000880,PAR001,digital,servicos,32000.0,24,0.1896,1612.8,2026-05-10,ativa,,,,,,
CT0005154,GC0026,CLI001667,PAR003,correspondente,celular,6700.0,24,0.2302,349.01,2025-04-14,contemplada,,CTP000550,GC0026,2026-03-14,sorteio,0.0
CT0000490,GC0053,CLI004761,PAR007,digital,smartphone,8500.0,24,0.2352,444.55,2024-12-29,ativa,,,,,,
CT0008401,GA0040,CLI003206,PAR002,loja,Automóvel,109400.0,72,0.187,1833.97,2024-08-25,ativa,,,,,,
CT0005845,GC0016,CLI001107,PAR007,digital,CELULAR,4800.0,12,0.2207,496.28,2024-11-13,cancelada,2025-07-13,CTP000619,GC0016,2025-04-13,sorteio,0.0
CT0001670,GC0008,CLI000144,PAR009,digital,CELULAR,6700.0,18,0.2429,470.08,2025-07-08,cancelada,2025-12-08,,,,,
CT0004971,GA0080,CLI001264,PAR006,loja,Auto,78500.0,60,0.1763,1565.16,2025-03-25,cancelada,2025-06-25,,,,,
CT0006641,GS0026,CLI003920,PAR010,correspondente,Serviços,7700.0,48,0.1975,195.31,2025-06-23,ativa,,,,,,
CT0002225,GA0048,CLI005917,PAR007,digital,Automóvel,58400.0,80,0.1874,881.4,2024-11-11,cancelada,2024-12-11,,,,,
CT0000780,GI0001,CLI002055,PAR003,correspondente,imoveis,424800.0,200,0.2015,2594.47,2026-04-26,ativa,,,,,,
CT0003312,GC0064,CLI002580,PAR009,digital,smartphone,5600.0,24,0.2457,295.33,2025-03-12,ativa,,,,,,
CT0003835,GI0043,CLI007066,PAR005,bancario,imoveis,426200.0,150,0.1981,3461.03,2025-07-02,contemplada,,CTP000412,GI0043,2026-06-02,sorteio,0.0
CT0002995,GI0001,CLI001101,PAR012,interno,imóvel,371800.0,200,0.2041,2275.6,2024-03-01,ativa,,,,,,
CT0000870,GI0029,CLI003200,PAR003,correspondente,imóvel,406900.0,200,0.2149,2512.4,2023-05-21,contemplada,,CTP000100,GI0029,2024-01-21,lance_livre,66173.76
CT0000844,GI0035,CLI000699,PAR003,correspondente,Imóveis,228700.0,150,0.1965,1854.76,2023-08-12,ativa,,,,,,
CT0007301,GA0083,CLI005411,PAR009,digital,auto,121100.0,60,0.1998,2461.96,2025-12-11,ativa,,,,,,
CT0006338,GA0016,CLI000996,PAR001,digital,Auto,96100.0,80,0.1632,1421.32,2024-02-22,ativa,,,,,,
CT0003462,GC0005,CLI002839,PAR011,correspondente,CELULAR,4200.0,24,0.2277,218.35,2025-06-14,ativa,,,,,,
CT0002016,GC0050,CLI006559,PAR001,digital,smartphone,8200.0,18,0.2478,577.55,2025-09-17,contemplada,,CTP000221,GC0050,2026-03-17,sorteio,0.0
CT0005291,GI0027,CLI003423,PAR005,bancario,imoveis,580400.0,150,0.1773,4632.75,2024-04-17,contemplada,,CTP000567,GI0027,2026-01-17,sorteio,0.0
CT0000516,GI0020,CLI004731,PAR007,digital,imóvel,341700.0,180,0.189,2295.09,2025-02-12,contemplada,,CTP000066,GI0020,2025-12-12,sorteio,0.0
CT0002071,GC0032,CLI001475,PAR006,loja,CELULAR,3000.0,18,0.2212,206.87,2024-11-12,cancelada,2026-01-12,,,,,
CT0003656,GI0006,CLI002743,PAR009,digital,IMOVEIS,535200.0,180,0.1969,3618.25,2025-04-09,ativa,,,,,,
CT0000114,GC0012,CLI000394,PAR007,digital,CELULAR,8400.0,15,0.2378,704.37,2024-12-29,cancelada,2025-01-29,,,,,
CT0001806,GI0040,CLI000480,PAR099,correspondente,imóvel,315500.0,200,0.2155,1949.0,2024-10-17,ativa,,,,,,
CT0007799,GC0003,CLI002782,PAR004,telemarketing,smartphone,3900.0,12,0.238,408.85,2023-10-18,cancelada,2023-12-18,,,,,
CT0003425,GA0055,CLI002147,PAR005,bancario,Auto,111300.0,80,0.1499,1627.62,2024-02-12,ativa,,,,,,
CT0005147,GC0019,CLI003697,PAR007,digital,celular,6600.0,18,0.24,462.0,2025-06-27,cancelada,2025-09-27,CTP000548,GC0019,2025-08-27,sorteio,0.0
CT0002947,GI0030,CLI004628,PAR010,correspondente,imóvel,534800.0,200,0.1962,3252.12,2024-09-27,ativa,,,,,,
CT0005096,GI0027,CLI004046,PAR003,correspondente,IMOVEIS,558700.0,150,0.2283,4649.5,2025-02-15,ativa,,,,,,
CT0005353,GI0019,CLI004557,PAR011,correspondente,Imovel,247200.0,150,0.1898,1993.75,2026-01-21,ativa,,,,,,
CT0007020,GA0017,CLI000454,PAR004,telemarketing,Auto,127200.0,60,0.1692,2521.1,2026-03-10,cancelada,2026-08-10,,,,,
CT0007460,GA0079,CLI000511,PAR011,correspondente,automovel,91700.0,72,0.1889,1539.67,2025-05-09,ativa,,,,,,
CT0008561,GC0035,CLI005623,PAR007,digital,smartphone,6100.0,24,0.2357,319.16,2025-04-25,cancelada,2025-12-25,,,,,
CT0006704,GI0018,CLI000677,PAR012,interno,Imóveis,583800.0,200,0.1987,3557.39,2025-07-19,ativa,,,,,,
CT0006810,GC0053,CLI003015,PAR001,digital,Celular,4900.0,24,0.2181,252.78,2025-11-01,ativa,,,,,,
CT0001696,GC0035,CLI005813,PAR009,digital,CELULAR,8400.0,24,0.2474,443.59,2025-10-02,cancelada,2026-06-02,,,,,
CT0003466,GS0013,CLI002254,PAR001,digital,Serviços,27700.0,36,0.2132,948.88,2025-08-20,ativa,,,,,,
CT0007932,GI0020,CLI002830,PAR003,correspondente,Imóveis,375500.0,180,0.2117,2569.46,2023-03-23,cancelada,2025-09-23,,,,,
CT0003928,GC0007,CLI000241,PAR001,digital,smartphone,8300.0,24,0.2124,426.2,2023-03-08,cancelada,2023-12-08,CTP000424,GC0007,2023-11-08,sorteio,0.0
CT0000997,GS0023,CLI001304,PAR004,telemarketing,servicos,33400.0,24,0.2026,1701.45,2024-05-12,cancelada,2025-04-12,,,,,
CT0001648,GS0035,CLI003299,PAR010,correspondente,Serviços,22800.0,24,0.193,1152.35,2025-11-18,ativa,,,,,,
CT0001548,GC0063,CLI003848,PAR005,bancario,celular,4500.0,15,0.2276,374.28,2023-11-09,quitada,,,,,,
CT0002112,GC0007,CLI002754,PAR009,digital,CELULAR,4700.0,24,0.2279,244.38,2025-02-18,ativa,,,,,,
CT0006665,GA0006,CLI005098,PAR001,digital,Automóvel,46400.0,80,0.1731,692.0,2024-05-30,ativa,,,,,,
CT0001064,GA0049,CLI004719,PAR004,telemarketing,AUTO,123400.0,60,0.1706,2448.67,2026-04-10,ativa,,,,,,
CT0001888,GC0043,CLI003181,PAR001,digital,smartphone,8400.0,18,0.2161,576.85,2025-04-03,cancelada,2026-05-03,CTP000209,GC0043,2025-12-03,sorteio,0.0
CT0005004,GA0077,CLI007051,PAR005,bancario,Auto,79400.0,80,0.149,1160.23,2024-12-08,ativa,,,,,,
CT0007200,GC0043,CLI004851,PAR007,digital,smartphone,3000.0,18,0.2315,208.58,2024-12-02,quitada,,,,,,
CT0000374,GA0066,CLI004660,PAR010,correspondente,Auto,118600.0,72,0.1805,1977.49,2026-04-20,ativa,,,,,,
CT0004689,GI0001,CLI005418,PAR012,interno,Imóveis,272100.0,200,0.2009,1661.03,2025-12-21,ativa,,,,,,
CT0003823,GC0009,CLI005518,PAR007,digital,CELULAR,3900.0,24,0.233,203.61,2025-11-12,cancelada,2026-02-12,CTP000411,GC0009,2025-12-12,lance_livre,1010.73
CT0004615,GC0030,CLI007069,PAR004,telemarketing,celular,6400.0,15,0.221,529.49,2024-02-27,cancelada,2024-12-27,,,,,
CT0004416,GC0028,CLI006139,PAR009,digital,celular,7700.0,18,0.2507,543.58,2025-11-13,cancelada,2026-02-13,,,,,
CT0003783,GS0019,CLI005697,PAR007,digital,Servicos,30400.0,36,0.2132,1041.37,2025-05-19,ativa,,,,,,
CT0003626,GS0023,CLI004375,PAR012,interno,Servicos,29300.0,24,0.2153,1508.1,2025-12-07,ativa,,,,,,
CT0003082,GS0023,CLI001133,PAR004,telemarketing,Servicos,25800.0,24,0.2049,1316.77,2024-07-18,quitada,,,,,,
CT0006767,GC0001,CLI006749,PAR004,telemarketing,Celular,8400.0,24,0.2469,443.42,2024-02-05,cancelada,2025-02-05,CTP000714,GC0001,2024-10-05,lance_fixo,2100.0
CT0001710,GC0049,CLI005186,PAR006,loja,Celular,8900.0,24,0.2376,466.36,2025-07-24,ativa,,,,,,
CT0002241,GC0035,CLI006191,PAR009,digital,CELULAR,8900.0,24,0.2346,465.25,2023-12-19,quitada,,,,,,
CT0007238,GA0035,CLI006772,PAR007,digital,Automóvel,46300.0,80,0.1788,693.81,2024-12-17,cancelada,2025-08-17,,,,,
CT0005477,GI0015,CLI006909,PAR001,digital,imóvel,493000.0,180,0.2139,3379.51,2025-03-23,cancelada,2025-06-23,,,,,
CT0002456,GS0034,CLI005103,PAR001,digital,Servicos,26700.0,36,0.2053,908.76,2023-12-28,cancelada,2025-09-28,,,,,
CT0004891,GI0024,CLI002554,PAR003,correspondente,Imóveis,459000.0,180,0.2119,3141.34,2026-07-11,ativa,,,,,,
CT0007262,GI0016,CLI001507,PAR005,bancario,imóvel,635200.0,200,0.1935,3854.08,2024-05-07,ativa,,,,,,
CT0000636,GI0043,CLI004288,PAR004,telemarketing,Imóveis,271000.0,150,0.1909,2187.69,2026-04-02,ativa,,,,,,
CT0002973,GC0037,CLI000349,PAR004,telemarketing,Celular,8200.0,24,0.2137,421.51,2024-10-23,cancelada,2026-01-23,,,,,
CT0001046,GA0056,CLI002953,PAR007,digital,AUTO,51500.0,72,0.1544,840.02,2025-03-16,ativa,,,,,,
CT0004580,GA0082,CLI004435,PAR010,correspondente,Automóvel,123700.0,80,0.1693,1838.96,2025-12-15,ativa,,,,,,
CT0002430,GA0019,CLI002762,PAR002,loja,Auto,112100.0,60,0.1594,2203.51,2024-01-29,contemplada,,CTP000267,GA0019,2024-02-29,sorteio,0.0
CT0003269,GA0055,CLI000602,PAR002,loja,Auto,77200.0,80,0.1577,1136.48,2026-03-16,ativa,,,,,,
CT0000934,GC0058,CLI007145,PAR007,,Celular,8900.0,12,0.2318,928.42,2025-01-25,cancelada,2025-06-25,,,,,
CT0007370,GI0038,CLI004396,PAR002,loja,Imovel,382800.0,150,0.1863,3078.48,2025-08-22,ativa,,,,,,
CT0007539,GA0055,CLI003551,PAR001,digital,Auto,64900.0,80,0.1591,956.54,2025-07-16,cancelada,2025-12-16,,,,,
CT0003228,GI0034,CLI006374,PAR011,correspondente,IMOVEIS,226200.0,180,0.2133,1549.85,2025-12-18,ativa,,,,,,
CT0001007,GC0015,CLI004134,PAR001,digital,CELULAR,4700.0,24,0.2315,245.09,2024-02-22,cancelada,2025-03-22,,,,,
CT0004029,GI0032,CLI001234,PAR012,interno,Imovel,194400.0,180,0.2133,1331.96,2026-05-06,ativa,,,,,,
CT0004823,GA0058,CLI002589,PAR001,digital,Automóvel,105200.0,80,0.175,1571.42,2023-08-28,cancelada,2024-06-28,,,,,
CT0007376,GS0027,CLI004752,PAR009,digital,SERVICOS,33600.0,48,0.1939,849.73,2025-06-17,contemplada,,CTP000775,GS0027,2026-07-17,lance_livre,12090.23
CT0007005,GC0059,CLI001112,PAR007,digital,smartphone,4300.0,12,0.2324,448.78,2025-02-20,cancelada,2025-12-20,,,,,
CT0005598,GA0064,CLI000975,PAR001,digital,AUTO,74900.0,72,0.166,1233.77,2025-10-21,cancelada,2026-03-21,,,,,
CT0006009,GA0033,CLI003330,PAR009,digital,Auto,75700.0,60,0.1703,1501.76,2025-07-07,ativa,,,,,,
CT0002665,GI0035,CLI007045,PAR002,loja,imoveis,245200.0,150,0.1758,1954.73,2023-12-16,ativa,,,,,,
CT0005563,GI0032,CLI002230,PAR010,correspondente,Imovel,594400.0,180,0.1885,3990.74,2023-12-12,ativa,,,,,,
CT0005947,GC0063,CLI004703,PAR007,digital,Celular,8900.0,15,0.2489,752.88,2025-06-02,cancelada,2026-02-02,,,,,
CT0004824,GC0019,CLI001456,PAR002,loja,smartphone,6400.0,18,0.2217,441.49,2025-10-26,ativa,,,,,,
CT0003981,GC0013,CLI002466,PAR007,digital,CELULAR,3700.0,18,0.2396,258.92,2025-07-21,cancelada,2026-01-21,,,,,
CT0008169,GA0033,CLI003090,PAR005,bancario,Automóvel,82300.0,60,0.1784,1643.81,2024-05-03,ativa,,,,,,
CT0003980,GI0017,CLI007184,PAR011,correspondente,Imóveis,460600.0,150,0.1928,3724.1,2024-07-22,ativa,,,,,,
CT0001430,GS0038,CLI003504,PAR003,correspondente,servicos,16300.0,36,0.1973,551.17,2024-12-01,ativa,,,,,,
CT0006981,GI0036,CLI001130,PAR003,correspondente,Imóveis,613000.0,180,0.1931,4131.28,2025-06-01,contemplada,,CTP000735,GI0036,2026-03-01,sorteio,0.0
CT0007707,GC0012,CLI001931,PAR009,digital,smartphone,8200.0,15,0.2571,698.15,2024-06-16,quitada,,,,,,
CT0000489,GA0050,CLI003116,PAR001,digital,auto,65700.0,80,0.1671,974.91,2025-11-24,ativa,,,,,,
CT0000746,GI0040,CLI003028,PAR012,interno,IMOVEIS,369900.0,200,0.2111,2276.92,2025-08-02,ativa,,,,,,
CT0003993,GI0029,CLI001681,PAR003,correspondente,Imóveis,391000.0,200,0.2005,2386.08,2024-01-08,ativa,,,,,,
CT0008015,GC0007,CLI003331,PAR007,digital,smartphone,7700.0,24,0.2249,399.41,2025-04-25,cancelada,2025-08-25,,,,,
CT0004085,GA0074,CLI004872,PAR011,correspondente,Auto,69300.0,80,0.1608,1022.87,2024-11-23,contemplada,,CTP000448,GA0074,2025-03-23,lance_fixo,17325.0
CT0008591,GC0061,CLI003736,PAR011,correspondente,CELULAR,2100.0,24,0.2385,110.12,2026-07-21,ativa,,,,,,
CT0005093,GS0011,CLI005205,PAR008,,Servicos,20400.0,48,0.192,515.1,2025-05-02,ativa,,,,,,
CT0005444,GS0005,CLI000692,PAR004,telemarketing,SERVICOS,29200.0,48,0.2074,746.67,2026-05-11,ativa,,,,,,
CT0002666,GI0032,CLI005794,PAR003,correspondente,imóvel,546700.0,180,0.1972,3696.91,2025-05-04,ativa,,,,,,
CT0008224,GS0010,CLI006932,PAR011,correspondente,SERVICOS,19800.0,24,0.1987,1005.43,2023-03-05,quitada,,,,,,
CT0001465,GA0048,CLI004672,PAR002,,AUTO,89500.0,80,0.1848,1347.87,2025-07-31,contemplada,,CTP000164,GA0048,2026-03-31,lance_livre,23974.81
CT0003905,GC0006,CLI003079,PAR006,loja,smartphone,7800.0,18,0.2366,544.53,2024-10-17,quitada,,,,,,
CT0004989,GC0062,CLI002587,PAR004,telemarketing,Celular,7200.0,24,0.2213,372.39,2024-08-18,cancelada,2025-10-18,,,,,
CT0007890,GC0009,CLI006407,PAR099,digital,CELULAR,5200.0,24,0.2404,273.09,2024-07-21,cancelada,2025-01-21,,,,,
CT0004606,GS0030,CLI001948,PAR009,digital,servicos,19900.0,36,0.217,683.79,2025-09-21,ativa,,,,,,
CT0001992,GI0012,CLI006553,PAR001,digital,imóvel,569200.0,150,0.2169,4693.62,2025-09-16,ativa,,,,,,
CT0000546,GA0019,CLI006458,PAR002,loja,Automóvel,69100.0,60,0.1821,1384.42,2025-01-26,ativa,,,,,,
CT0003140,GA0029,CLI002008,PAR002,loja,auto,84200.0,60,0.1761,1678.53,2026-03-23,ativa,,,,,,
CT0004811,GA0089,CLI000432,PAR001,digital,AUTO,106800.0,72,0.1858,1788.6,2025-10-07,ativa,,,,,,
CT0004886,GI0015,CLI005471,PAR002,loja,Imóveis,268300.0,180,0.2166,1843.22,2024-06-12,ativa,,,,,,
CT0000252,GS0022,CLI004031,PAR008,correspondente,Servicos,28000.0,24,0.2039,1427.88,2025-12-26,ativa,,,,,,
CT0007903,GA0054,CLI003472,PAR010,correspondente,AUTO,63100.0,72,0.1715,1044.22,2025-01-31,cancelada,2026-01-31,,,,,
CT0007535,GS0039,CLI000325,PAR001,digital,serviço,13400.0,48,0.1777,334.36,2024-01-25,ativa,,,,,,
CT0003517,GC0042,CLI003073,PAR009,digital,smartphone,5100.0,12,0.2276,530.23,2023-07-09,quitada,,,,,,
CT0000634,GC0036,CLI006253,PAR008,correspondente,smartphone,4700.0,24,0.2385,246.46,2025-04-23,cancelada,2025-09-23,,,,,
CT0007518,GS0001,CLI002215,PAR007,digital,Servicos,34800.0,24,0.1992,1767.84,2024-09-21,ativa,,,,,,
CT0000679,GI0043,CLI005516,PAR006,loja,imoveis,214000.0,150,0.2058,1748.81,2023-11-20,cancelada,2025-08-20,,,,,
CT0006592,GC0045,CLI006220,PAR006,loja,smartphone,4300.0,18,0.2339,299.54,2023-11-25,cancelada,2024-01-25,,,,,
CT0002648,GC0048,CLI001208,PAR010,correspondente,smartphone,4600.0,18,0.2254,318.27,2024-07-08,cancelada,2024-08-08,,,,,
CT0004921,GA0076,CLI002757,PAR004,telemarketing,auto,100700.0,72,0.1963,1701.13,2025-03-13,ativa,,,,,,
CT0001220,GA0022,CLI003469,PAR009,digital,automovel,67600.0,80,0.1623,999.04,2024-01-16,ativa,,,,,,
CT0006913,GA0028,CLI002936,PAR012,interno,Automóvel,122200.0,72,0.1753,2028.69,2025-09-19,ativa,,,,,,
CT0007136,GI0007,CLI006737,PAR005,bancario,imoveis,413000.0,150,0.2087,3383.02,2024-11-26,ativa,,,,,,
CT0005856,GI0038,CLI003713,PAR002,loja,Imóveis,349000.0,150,0.2062,2852.96,2025-04-12,ativa,,,,,,
CT0000690,GI0042,CLI000353,PAR003,correspondente,IMOVEIS,249900.0,150,0.1935,2021.69,2024-10-17,ativa,,,,,,
CT0000099,GA0006,CLI001142,PAR010,correspondente,Automóvel,49400.0,80,0.1754,738.16,2024-04-15,ativa,,,,,,
CT0000102,GS0023,CLI000975,PAR006,loja,serviço,11000.0,24,0.1821,550.96,2025-08-26,cancelada,2026-04-26,,,,,
CT0000603,GI0008,CLI007076,PAR008,correspondente,imóvel,416800.0,180,0.197,2818.03,2024-07-12,cancelada,2025-11-12,,,,,
CT0003582,GI0009,CLI001058,PAR012,interno,Imóveis,422800.0,180,0.2016,2869.4,2025-08-04,ativa,,,,,,
CT0008209,GC0031,CLI005204,PAR009,digital,celular,8500.0,24,0.2277,441.89,2025-12-24,ativa,,,,,,
CT0004454,GS0017,CLI007016,PAR007,digital,servicos,18900.0,36,0.2003,640.66,2025-07-20,ativa,,,,,,
CT0006361,GI0041,CLI006404,PAR012,,IMOVEIS,303700.0,180,0.1901,2041.71,2024-12-07,ativa,,,,,,
CT0004436,GA0043,CLI003088,PAR004,telemarketing,automovel,72700.0,72,0.1611,1192.58,2025-04-15,cancelada,2026-06-15,,,,,
CT0003565,GA0050,CLI006360,PAR006,loja,AUTO,63500.0,80,0.1842,955.83,2024-08-29,ativa,,,,,,
CT0002232,GI0020,CLI005657,PAR005,bancario,Imovel,518600.0,180,0.2141,3555.58,2023-05-31,ativa,,,,,,
CT0003679,GC0043,CLI006078,PAR008,correspondente,Celular,7300.0,18,0.2249,504.88,2025-03-25,ativa,,,,,,
CT0004325,GC0023,CLI005050,PAR004,telemarketing,CELULAR,4500.0,18,0.2444,316.1,2023-06-20,cancelada,2024-03-20,,,,,
CT0001062,GS0005,CLI004522,PAR010,correspondente,Servicos,8700.0,48,0.2152,223.88,2026-03-11,ativa,,,,,,
CT0003468,GA0069,CLI006224,PAR011,correspondente,Automóvel,101600.0,80,0.179,1522.73,2024-05-27,ativa,,,,,,
CT0005777,GS0011,CLI001953,PAR001,digital,servicos,20100.0,48,0.1762,500.91,2025-08-30,ativa,,,,,,
CT0002182,GI0000,CLI001274,PAR011,correspondente,imoveis,541100.0,150,0.1803,4329.88,2023-09-27,ativa,,,,,,
CT0001955,GI0031,CLI002386,PAR005,bancario,imóvel,585700.0,200,0.1738,3496.04,2024-09-14,ativa,,,,,,
CT0006917,GI0016,CLI004780,PAR003,correspondente,imoveis,487800.0,200,0.1891,2948.99,2025-12-21,ativa,,,,,,
CT0005198,GI0019,CLI005423,PAR011,correspondente,IMOVEIS,574300.0,150,0.1843,4610.86,2024-12-06,contemplada,,CTP000556,GI0019,2025-04-06,lance_livre,236286.77
CT0006806,GC0062,CLI002591,PAR009,digital,CELULAR,5400.0,24,0.2299,281.23,2024-09-25,cancelada,2026-05-25,,,,,
CT0006583,GI0039,CLI005005,PAR012,interno,IMOVEIS,585900.0,200,0.1828,3523.6,2024-10-27,ativa,,,,,,
CT0007006,GA0056,CLI000534,PAR002,loja,AUTO,60400.0,72,0.1652,994.25,2024-08-07,ativa,,,,,,
CT0001643,GC0029,CLI005911,PAR012,interno,CELULAR,7100.0,24,0.2306,369.97,2025-05-14,ativa,,,,,,
CT0001184,GI0013,CLI000782,PAR003,correspondente,Imóveis,420600.0,150,0.198,3415.27,2025-09-03,ativa,,,,,,
CT0000992,GI0005,CLI004615,PAR005,bancario,Imovel,287100.0,200,0.2166,1775.14,2023-07-18,ativa,,,,,,
CT0002841,GI0035,CLI004855,PAR012,interno,Imóveis,315100.0,150,0.1993,2561.34,2023-07-28,ativa,,,,,,
CT0005571,GC0043,CLI005063,PAR010,correspondente,celular,8500.0,18,0.2169,584.09,2024-07-20,cancelada,2025-09-20,,,,,
CT0000527,GC0046,CLI005460,PAR001,digital,CELULAR,1900.0,12,0.2239,196.95,2024-06-15,cancelada,2024-11-15,CTP000070,GC0046,2024-08-15,sorteio,0.0
CT0007314,GA0004,CLI002651,PAR012,interno,Auto,109100.0,80,0.1746,1629.14,2025-03-09,contemplada,,CTP000767,GA0004,2025-09-09,sorteio,0.0
CT0002770,GI0007,CLI005535,PAR011,correspondente,Imóveis,338100.0,150,0.198,2745.37,2024-09-05,ativa,,,,,,
CT0002094,GA0063,CLI004604,PAR006,loja,auto,77100.0,60,0.1623,1519.26,2024-04-15,cancelada,2024-05-15,,,,,
CT0005466,GI0017,CLI002602,PAR005,bancario,imoveis,332400.0,150,0.2001,2703.74,2023-04-15,cancelada,2023-06-15,,,,,
CT0007259,GC0015,CLI005945,PAR012,interno,celular,8300.0,24,0.219,428.49,2024-01-06,quitada,,,,,,
CT0000829,GS0018,CLI006467,PAR099,interno,Serviços,20400.0,24,0.2058,1041.93,2025-06-29,ativa,,,,,,
CT0000519,GA0026,CLI004538,PAR001,digital,auto,78900.0,72,0.1772,1311.93,2025-05-24,ativa,,,,,,
CT0002736,GA0014,CLI002339,PAR008,correspondente,automovel,108600.0,80,0.1612,1603.48,2023-11-11,cancelada,2025-08-11,,,,,
CT0004390,GA0048,CLI002408,PAR006,loja,automovel,83400.0,80,0.1735,1244.22,2025-12-06,ativa,,,,,,
CT0004364,GA0061,CLI004231,PAR005,bancario,automovel,101600.0,80,0.1881,1534.29,2025-05-16,ativa,,,,,,
CT0001967,GS0009,CLI003941,PAR009,,Serviços,7600.0,48,0.1951,192.39,2025-08-08,cancelada,2026-05-08,,,,,
CT0000218,GI0006,CLI000022,PAR002,loja,imóvel,328500.0,180,0.1957,2218.65,2024-08-29,contemplada,,CTP000025,GI0006,2024-11-29,sorteio,0.0
CT0002477,GI0021,CLI000319,PAR002,loja,imoveis,614500.0,200,0.2187,3805.91,2025-02-14,ativa,,,,,,
CT0004055,GA0086,CLI002251,PAR002,loja,auto,117000.0,60,0.1593,2299.64,2024-09-17,ativa,,,,,,
CT0000504,GC0053,CLI003799,PAR007,digital,Celular,6400.0,24,0.2363,335.01,2025-04-30,cancelada,2025-08-30,,,,,
CT0007730,GI0033,CLI000498,PAR003,correspondente,imóvel,228500.0,200,0.1812,1372.37,2024-05-28,ativa,,,,,,
CT0008415,GS0036,CLI001887,PAR011,correspondente,SERVICOS,11300.0,24,0.1993,574.09,2024-05-11,quitada,,CTP000890,GS0036,2026-04-11,sorteio,0.0
CT0007263,GC0060,CLI002905,PAR006,loja,CELULAR,6600.0,24,0.2478,348.64,2025-04-26,ativa,,,,,,
CT0008215,GA0036,CLI007009,PAR005,bancario,auto,54100.0,72,0.1664,891.45,2025-09-21,ativa,,,,,,
CT0003445,GI0006,CLI001697,PAR008,correspondente,imoveis,386900.0,180,0.2098,2643.39,2023-12-09,ativa,,,,,,
CT0000469,GI0021,CLI001038,PAR011,correspondente,Imovel,574400.0,200,0.2062,3521.65,2024-07-16,ativa,,,,,,
CT0004254,GI0020,CLI005182,PAR010,correspondente,imóvel,547800.0,180,0.2312,3807.82,2026-03-04,ativa,,,,,,
CT0004357,GI0032,CLI006460,PAR003,correspondente,Imovel,390600.0,180,0.1846,2613.98,2025-12-07,ativa,,,,,,
CT0005362,GA0037,CLI004200,PAR002,loja,automovel,60800.0,80,0.1837,914.81,2026-03-05,ativa,,,,,,
CT0006354,GA0024,CLI000029,PAR007,digital,Auto,92900.0,72,0.1448,1502.92,2025-02-20,cancelada,2025-07-20,,,,,
CT0001878,GS0014,CLI002792,PAR009,digital,Servicos,8500.0,36,0.2068,289.66,2023-12-05,cancelada,2024-11-05,,,,,
CT0002940,GI0007,CLI004977,PAR003,correspondente,imoveis,341200.0,150,0.2094,2796.48,2025-06-12,ativa,,,,,,
CT0006114,GA0068,CLI005836,PAR002,loja,automovel,123200.0,72,0.1858,2063.26,2025-08-11,cancelada,2025-11-11,,,,,
CT0007060,GC0019,CLI006322,PAR008,correspondente,CELULAR,8700.0,18,0.2357,606.92,2025-09-26,cancelada,2025-12-26,,,,,
CT0007127,GA0053,CLI001277,PAR002,loja,auto,113500.0,80,0.172,1691.15,2024-09-07,ativa,,,,,,
CT0004184,GS0015,CLI004693,PAR007,digital,SERVICOS,27800.0,24,0.2128,1427.99,2025-11-20,cancelada,2026-02-20,,,,,
CT0007826,GC0048,CLI003678,PAR007,digital,celular,7400.0,18,0.2164,508.3,2025-05-16,cancelada,2025-09-16,,,,,
CT0007869,GC0037,CLI005677,PAR006,loja,Celular,6600.0,24,0.241,346.78,2023-03-30,cancelada,2023-05-30,,,,,
CT0004111,GC0044,CLI000357,PAR004,telemarketing,smartphone,7900.0,12,0.2349,826.14,2026-01-16,ativa,,,,,,
CT0003786,GI0043,CLI001723,PAR012,interno,Imóveis,588700.0,150,0.2057,4810.46,2025-12-18,ativa,,,,,,
CT0006040,GA0050,CLI003805,PAR009,digital,automovel,92100.0,80,0.159,1357.32,2025-12-16,ativa,,,,,,
CT0008094,GC0007,CLI003096,PAR008,correspondente,smartphone,4800.0,24,0.2261,249.22,2026-05-19,ativa,,,,,,
CT0003607,GS0014,CLI003770,PAR006,loja,servicos,31500.0,36,0.2013,1068.64,2023-11-28,cancelada,2024-01-28,,,,,
CT0000628,GC0012,CLI002538,PAR009,digital,CELULAR,6600.0,15,0.2314,550.62,2023-12-30,cancelada,2024-05-30,,,,,
CT0001966,GI0032,CLI004790,PAR005,bancario,Imóveis,605200.0,180,0.2093,4133.18,2023-07-14,cancelada,2026-01-14,CTP000216,GI0032,2025-06-14,sorteio,0.0
CT0000573,GI0029,CLI000563,PAR004,telemarketing,imoveis,450900.0,200,0.1909,2729.97,2025-06-16,cancelada,2025-11-16,,,,,
CT0005864,GI0016,CLI001604,PAR003,correspondente,imóvel,474400.0,200,0.2193,2939.62,2026-03-09,contemplada,,CTP000622,GI0016,2026-07-09,sorteio,0.0
CT0004281,GA0087,CLI001660,PAR007,digital,Automóvel,109700.0,60,0.183,2199.49,2025-07-31,cancelada,2025-12-31,,,,,
CT0002682,GA0031,CLI006474,PAR001,digital,automovel,45000.0,72,0.1566,735.38,2026-03-19,ativa,,,,,,
CT0001408,GA0034,CLI004840,PAR001,digital,Automóvel,63000.0,80,0.1816,946.26,2024-08-18,cancelada,2026-07-18,,,,,
CT0002125,GI0032,CLI004975,PAR005,bancario,imóvel,618800.0,180,0.2065,4216.43,2023-08-31,ativa,,,,,,
CT0006892,GC0053,CLI005131,PAR006,loja,CELULAR,3400.0,24,0.2338,177.62,2023-09-01,quitada,,,,,,
CT0002484,GS0001,CLI002395,PAR001,digital,servicos,15600.0,24,0.1938,788.97,2025-02-01,cancelada,2025-08-01,,,,,
CT0001384,GC0024,CLI003755,PAR004,telemarketing,smartphone,3000.0,12,0.2446,316.15,2025-11-30,cancelada,2026-01-30,,,,,
CT0005170,GC0025,CLI002824,PAR005,bancario,CELULAR,5400.0,15,0.2374,452.66,2024-11-29,quitada,,CTP000552,GC0025,2025-03-29,lance_livre,1869.68
CT0003627,GS0023,CLI006192,PAR006,loja,Servicos,32800.0,24,0.2079,1678.13,2024-02-19,quitada,,,,,,
CT0003080,GS0000,CLI007148,PAR001,digital,SERVICOS,14000.0,36,0.2108,478.64,2024-10-25,ativa,,,,,,
CT0001596,GA0036,CLI001606,PAR007,digital,auto,48000.0,72,0.1903,806.87,2024-06-22,contemplada,,CTP000178,GA0036,2025-11-22,lance_livre,19907.52
CT0005064,GA0080,CLI006835,PAR004,telemarketing,Automóvel,128500.0,60,0.1582,2523.31,2026-05-08,cancelada,2026-08-08,,,,,
CT0004193,GC0005,CLI005387,PAR007,digital,CELULAR,4200.0,24,0.2461,221.57,2025-06-03,ativa,,,,,,
CT0001206,GC0000,CLI002925,PAR007,digital,celular,2600.0,18,0.2288,180.38,2025-02-19,cancelada,2025-06-19,,,,,
CT0003171,GI0042,CLI006051,PAR005,bancario,Imóveis,274300.0,150,0.2248,2276.32,2026-02-08,ativa,,,,,,
CT0001513,GA0072,CLI004187,PAR002,loja,Auto,63900.0,60,0.1829,1281.09,2025-10-20,ativa,,,,,,
CT0007603,GC0035,CLI002132,PAR002,loja,smartphone,6600.0,24,0.2254,342.49,2025-07-28,ativa,,,,,,
CT0008160,GA0019,CLI001832,PAR012,interno,Auto,92500.0,60,0.1736,1840.13,2026-05-11,ativa,,,,,,
CT0000677,GI0025,CLI003995,PAR002,loja,IMOVEIS,180900.0,150,0.1837,1451.66,2024-02-07,ativa,,,,,,
CT0001201,GC0042,CLI002707,PAR007,,celular,3900.0,12,0.2207,403.23,2024-11-02,cancelada,2025-01-02,,,,,
CT0007431,GA0019,CLI003957,PAR005,,auto,108100.0,60,0.1623,2130.11,2025-04-22,ativa,,,,,,
CT0008373,GC0019,CLI005107,PAR007,,smartphone,4700.0,18,0.2303,326.47,2024-12-12,quitada,,,,,,
CT0000378,GA0027,CLI001119,PAR001,digital,Auto,52200.0,72,0.1701,862.82,2025-12-27,ativa,,,,,,
CT0006881,GS0000,CLI002424,PAR012,interno,servicos,10100.0,36,0.1916,339.92,2024-05-27,contemplada,,CTP000727,GS0000,2025-05-27,sorteio,0.0
CT0000622,GA0032,CLI006460,PAR006,loja,Auto,82600.0,60,0.1482,1608.22,2024-08-17,ativa,,,,,,
CT0007828,GA0049,CLI003424,PAR005,bancario,AUTO,100000.0,60,0.171,1985.0,2026-04-01,ativa,,,,,,
CT0003137,GA0015,CLI004218,PAR002,loja,auto,110400.0,80,0.1573,1624.67,2025-10-12,ativa,,,,,,
CT0006075,GA0049,CLI000772,PAR012,interno,AUTO,126700.0,60,0.1645,2501.27,2025-07-06,ativa,,,,,,
CT0005299,GA0049,CLI002236,PAR008,correspondente,AUTO,93300.0,60,0.1745,1857.45,2025-04-10,ativa,,,,,,
CT0002632,GA0072,CLI001191,PAR002,loja,Automóvel,90100.0,60,0.1705,1787.73,2025-03-23,ativa,,,,,,
CT0001802,GC0002,CLI006582,PAR006,loja,Celular,6100.0,12,0.2378,639.38,2026-03-03,ativa,,,,,,
CT0001001,GC0022,CLI000125,PAR007,digital,smartphone,4500.0,24,0.2552,239.1,2024-12-29,cancelada,2026-06-29,,,,,
CT0007473,GS0024,CLI001626,PAR010,correspondente,Serviços,12400.0,36,0.1987,419.77,2024-07-26,cancelada,2024-09-26,,,,,
CT0000456,GC0008,CLI005830,PAR004,telemarketing,celular,5100.0,18,0.239,356.72,2024-06-22,cancelada,2025-01-22,,,,,
CT0005339,GA0068,CLI002371,PAR004,telemarketing,Automóvel,69200.0,72,0.1645,1138.44,2024-08-29,cancelada,2025-12-29,,,,,
CT0008487,GC0001,CLI006727,PAR007,digital,CELULAR,2900.0,24,0.262,154.91,2025-06-09,cancelada,2025-08-09,,,,,
CT0005590,GC0022,CLI002098,PAR007,digital,Celular,3400.0,24,0.2306,177.17,2025-08-06,cancelada,2026-01-06,,,,,
CT0001989,GS0019,CLI005193,PAR004,telemarketing,SERVICOS,23600.0,36,0.1994,799.38,2024-11-18,cancelada,2025-05-18,,,,,
CT0006649,GC0034,CLI006653,PAR009,digital,celular,2400.0,12,0.2281,249.62,2025-04-25,cancelada,2025-10-25,,,,,
CT0003838,GA0016,CLI001300,PAR005,bancario,auto,122000.0,80,0.1748,1822.07,2023-08-13,cancelada,2025-04-13,,,,,
CT0004944,GI0010,CLI006923,PAR001,digital,imóvel,620300.0,180,0.2057,4223.9,2024-08-30,contemplada,,CTP000535,GI0010,2025-09-30,sorteio,0.0
CT0001794,GI0011,CLI000716,PAR011,correspondente,IMOVEIS,607900.0,200,0.1995,3706.67,2025-03-06,ativa,,,,,,
CT0002604,GC0026,CLI000820,PAR099,digital,CELULAR,6800.0,24,0.2251,352.78,2025-11-16,ativa,,,,,,
CT0002249,GC0010,CLI004331,PAR007,digital,smartphone,3600.0,12,0.2413,378.39,2025-05-11,quitada,,,,,,
CT0001314,GC0038,CLI001879,PAR001,digital,Celular,8200.0,18,0.2351,571.77,2024-11-27,quitada,,CTP000144,GC0038,2026-03-27,sorteio,0.0
CT0001650,GI0009,CLI001034,PAR012,,IMOVEIS,304000.0,180,0.2055,2069.73,2025-03-27,ativa,,,,,,
CT0008424,GI0013,CLI005715,PAR005,bancario,imoveis,623600.0,150,0.2104,5115.18,2024-08-31,ativa,,,,,,
CT0007772,GA0006,CLI002052,PAR010,correspondente,automovel,53100.0,80,0.1736,792.25,2025-02-26,ativa,,,,,,
CT0007401,GS0017,CLI000754,PAR004,,Servicos,25700.0,36,0.1912,864.66,2023-11-06,cancelada,2024-01-06,,,,,
CT0005320,GC0039,CLI003971,PAR007,digital,CELULAR,5600.0,12,0.228,582.4,2025-05-29,quitada,,,,,,
CT0004134,GA0010,CLI004719,PAR006,loja,Automóvel,94800.0,72,0.1577,1550.64,2026-04-21,ativa,,,,,,
CT0008277,GC0000,CLI006774,PAR007,digital,smartphone,2700.0,18,0.2345,188.17,2025-09-17,cancelada,2025-10-17,,,,,
CT0006080,GA0034,CLI003245,PAR002,loja,automovel,59200.0,80,0.1652,877.05,2023-04-04,ativa,,,,,,
CT0005507,GA0046,CLI005724,PAR003,correspondente,auto,126100.0,72,0.1798,2101.32,2024-12-12,ativa,,,,,,
CT0001110,GS0003,CLI005358,PAR007,digital,Serviços,11300.0,36,0.2069,385.11,2024-11-14,cancelada,2025-02-14,,,,,
CT0007716,GI0016,CLI006191,PAR003,correspondente,IMOVEIS,552500.0,200,0.1799,3314.72,2024-11-29,contemplada,,CTP000812,GI0016,2025-09-29,lance_livre,300510.07
CT0005513,GA0012,CLI004941,PAR009,digital,Auto,51700.0,80,0.1796,775.24,2024-07-05,contemplada,,CTP000583,GA0012,2025-03-05,sorteio,0.0
CT0004228,GI0008,CLI004472,PAR005,bancario,Imóveis,573300.0,180,0.2081,3911.5,2024-07-27,ativa,,,,,,
CT0004730,GC0038,CLI005732,PAR012,interno,celular,6800.0,18,0.2437,477.4,2023-12-30,quitada,,CTP000508,GC0038,2025-05-30,sorteio,0.0
CT0008206,GC0053,CLI002779,PAR007,digital,CELULAR,2000.0,24,0.2415,105.12,2025-07-01,cancelada,2026-01-01,,,,,
CT0002172,GS0037,CLI003860,PAR005,bancario,Serviços,21700.0,48,0.1994,551.27,2023-11-29,ativa,,,,,,
CT0004562,GC0027,CLI005379,PAR007,digital,Celular,4400.0,15,0.2439,370.74,2025-05-28,cancelada,2026-07-28,CTP000491,GC0027,2025-07-28,sorteio,0.0
CT0003795,GS0010,CLI007023,PAR004,telemarketing,Serviços,16200.0,24,0.203,825.53,2025-06-30,cancelada,2026-05-30,,,,,
CT0007143,GS0025,CLI006929,PAR012,interno,Serviços,31500.0,48,0.2007,801.08,2025-01-24,ativa,,,,,,
CT0003553,GA0088,CLI006382,PAR002,loja,Auto,123900.0,80,0.1404,1797.17,2025-04-25,ativa,,,,,,
CT0007377,GI0002,CLI007179,PAR012,interno,Imovel,515900.0,180,0.1816,3443.92,2024-04-16,ativa,,,,,,
CT0007029,GA0002,CLI005525,PAR002,loja,AUTO,55500.0,60,0.1612,1092.61,2025-09-04,ativa,,,,,,
CT0004373,GS0017,CLI001442,PAR009,digital,SERVICOS,24600.0,36,0.2221,848.77,2025-05-27,cancelada,2025-09-27,,,,,
CT0005782,GI0012,CLI003207,PAR010,correspondente,Imóveis,535800.0,150,0.2207,4431.78,2025-07-16,ativa,,,,,,
CT0005749,GI0028,CLI006446,PAR003,correspondente,imóvel,493200.0,200,0.1942,2994.22,2023-06-19,cancelada,2025-09-19,,,,,
CT0007249,GA0024,CLI004685,PAR001,digital,Automóvel,103100.0,72,0.155,1682.53,2025-06-06,ativa,,,,,,
CT0006579,GC0000,CLI002772,PAR007,digital,CELULAR,6200.0,18,0.2307,430.8,2025-05-31,cancelada,2025-10-31,,,,,
CT0003538,GA0056,CLI001921,PAR009,digital,AUTO,72800.0,72,0.1624,1195.54,2024-02-03,cancelada,2025-04-03,,,,,
CT0008552,GA0037,CLI000763,PAR001,digital,automovel,81000.0,80,0.1701,1204.98,2024-05-06,ativa,,,,,,
CT0004344,GC0047,CLI001403,PAR009,digital,smartphone,2300.0,15,0.2191,190.0,2024-12-11,cancelada,2025-08-11,,,,,
CT0001453,GA0007,CLI002080,PAR006,loja,auto,74400.0,72,0.1624,1221.81,2025-08-08,ativa,,,,,,
CT0006486,GC0032,CLI007151,PAR009,,CELULAR,2200.0,18,0.232,153.02,2024-12-08,quitada,,,,,,
CT0005517,GI0019,CLI003595,PAR011,correspondente,imóvel,534900.0,150,0.1927,4324.49,2025-03-07,contemplada,,CTP000585,GI0019,2026-03-07,lance_livre,238744.74
CT0007836,GC0046,CLI004572,PAR001,digital,CELULAR,6900.0,12,0.2204,713.23,2024-11-09,quitada,,,,,,
CT0000031,GS0017,CLI003803,PAR009,digital,SERVICOS,19600.0,36,0.1896,658.56,2025-06-25,ativa,,,,,,
CT0002788,GA0066,CLI002880,PAR002,loja,auto,61400.0,72,0.1882,1030.33,2026-02-10,ativa,,,,,,
CT0008400,GC0007,CLI005282,PAR007,digital,celular,7500.0,24,0.2298,390.56,2024-09-08,cancelada,2026-02-08,,,,,
CT0007853,GC0062,CLI000236,PAR007,digital,CELULAR,5900.0,24,0.2257,306.23,2025-07-09,cancelada,2025-08-09,,,,,
CT0006517,GA0085,CLI006085,PAR002,loja,AUTO,63800.0,60,0.1705,1265.9,2023-03-22,contemplada,,CTP000682,GA0085,2023-09-22,lance_livre,33152.28
CT0008300,GI0011,CLI003932,PAR012,interno,Imóveis,345300.0,200,0.2137,2129.98,2025-07-12,ativa,,,,,,
CT0004034,GS0022,CLI003470,PAR007,digital,SERVICOS,24300.0,24,0.1997,1234.95,2024-11-16,cancelada,2025-02-16,,,,,
CT0000070,GC0062,CLI000254,PAR001,digital,CELULAR,2700.0,24,0.2209,139.6,2026-07-04,cancelada,2026-08-04,,,,,
CT0000661,GC0032,CLI001471,PAR001,digital,Celular,8000.0,18,0.2468,563.02,2024-06-03,cancelada,2025-09-03,,,,,
CT0000046,GC0032,CLI005858,PAR004,telemarketing,celular,3300.0,18,0.2232,227.92,2024-08-11,cancelada,2024-09-11,,,,,
CT0007978,GA0020,CLI003284,PAR007,digital,automovel,93300.0,80,0.1622,1378.74,2025-02-17,cancelada,2025-03-17,,,,,
CT0004178,GI0028,CLI001443,PAR001,digital,Imovel,257900.0,200,0.1969,1569.19,2023-12-01,cancelada,2025-09-01,,,,,
CT0004514,GI0017,CLI005693,PAR001,digital,imoveis,452400.0,150,0.1903,3650.26,2023-03-19,cancelada,2025-09-19,,,,,
CT0006173,GA0010,CLI003027,PAR009,digital,Auto,61600.0,72,0.16,1009.56,2024-04-15,ativa,,,,,,
CT0008451,GI0011,CLI003518,PAR001,digital,IMOVEIS,391000.0,200,0.1897,2364.96,2024-08-03,contemplada,,CTP000896,GI0011,2025-05-03,lance_livre,137206.06
CT0008220,GC0008,CLI003221,PAR004,,Celular,7900.0,18,0.2265,547.08,2023-11-15,cancelada,2023-12-15,,,,,
CT0002802,GA0076,CLI004825,PAR009,digital,automovel,115300.0,72,0.1871,1933.04,2025-09-14,ativa,,,,,,
CT0003201,GC0007,CLI005694,PAR009,digital,Celular,5600.0,24,0.2136,287.84,2025-04-11,ativa,,,,,,
CT0006093,GA0017,CLI002706,PAR002,loja,auto,69300.0,60,0.1502,1351.58,2024-06-11,ativa,,,,,,
CT0005970,GC0017,CLI001523,PAR007,digital,smartphone,4700.0,12,0.2119,482.49,2024-09-01,cancelada,2025-01-01,,,,,
CT0005020,GI0008,CLI003377,PAR005,bancario,Imóveis,608100.0,180,0.2022,4129.0,2026-01-31,ativa,,,,,,
CT0003089,GI0028,CLI006794,PAR004,telemarketing,imoveis,557000.0,200,0.1871,3361.77,2026-03-28,ativa,,,,,,
CT0008541,GA0026,CLI001245,PAR009,digital,automovel,45800.0,72,0.1601,750.67,2023-06-09,ativa,,,,,,
CT0001334,GC0023,CLI003720,PAR007,digital,Celular,2700.0,18,0.2568,191.52,2024-07-02,quitada,,,,,,
CT0006620,GA0076,CLI001076,PAR008,correspondente,automovel,79200.0,72,0.1683,1307.13,2026-06-05,ativa,,,,,,
CT0002626,GC0037,CLI002150,PAR009,digital,smartphone,1800.0,24,0.2235,93.26,2025-05-03,ativa,,,,,,
CT0003221,GC0026,CLI000602,PAR001,digital,Celular,4500.0,24,0.2447,237.13,2025-10-13,cancelada,2026-02-13,,,,,
CT0007008,GA0028,CLI004078,PAR001,digital,AUTO,122200.0,72,0.1732,2025.13,2025-12-13,ativa,,,,,,
CT0001685,GC0001,CLI000616,PAR007,digital,celular,5800.0,24,0.2282,301.65,2025-07-20,cancelada,2026-04-20,,,,,
CT0003243,GC0052,CLI003561,PAR004,telemarketing,Celular,3300.0,12,0.2138,339.3,2025-12-02,ativa,,,,,,
CT0003331,GI0006,CLI002051,PAR011,correspondente,imoveis,230200.0,180,0.2179,1583.14,2023-06-24,ativa,,,,,,
CT0001879,GS0007,CLI001860,PAR001,digital,SERVICOS,13400.0,24,0.1871,673.96,2025-10-10,cancelada,2026-07-10,,,,,
CT0005585,GI0008,CLI002064,PAR003,correspondente,IMOVEIS,193400.0,180,0.1897,1299.76,2023-01-30,cancelada,2026-01-30,,,,,
CT0006818,GC0003,CLI005931,PAR007,digital,celular,7700.0,12,0.222,796.95,2025-08-24,cancelada,2025-12-24,,,,,
CT0005209,GS0020,CLI002221,PAR009,digital,Serviços,18400.0,48,0.1966,466.36,2024-03-31,contemplada,,CTP000557,GS0020,2025-03-31,sorteio,0.0
CT0008157,GC0059,CLI005615,PAR006,,CELULAR,4400.0,12,0.2443,463.58,2023-05-19,quitada,,CTP000864,GC0059,2023-11-19,sorteio,0.0
CT0007121,GI0044,CLI005427,PAR001,digital,IMOVEIS,307600.0,150,0.2062,2514.53,2026-02-27,ativa,,,,,,
CT0003042,GI0005,CLI006557,PAR003,correspondente,Imovel,607800.0,200,0.2103,3738.88,2025-11-12,ativa,,,,,,
CT0001815,GA0057,CLI000389,PAR005,bancario,Auto,62600.0,60,0.1796,1251.58,2024-08-19,cancelada,2024-11-19,,,,,
CT0006335,GA0087,CLI005634,PAR008,correspondente,AUTO,47100.0,60,0.1757,938.62,2024-05-31,cancelada,2024-12-31,,,,,
CT0005873,GC0000,CLI000104,PAR004,telemarketing,smartphone,8200.0,18,0.2361,572.22,2025-12-06,cancelada,2026-04-06,,,,,
CT0004907,GC0066,CLI005452,PAR009,digital,celular,2300.0,12,0.2199,237.65,2025-04-25,quitada,,,,,,
CT0003756,GC0011,CLI003313,PAR011,correspondente,celular,8400.0,12,0.2401,882.07,2024-06-05,quitada,,,,,,
CT0007354,GS0003,CLI002096,PAR001,digital,Serviços,7000.0,36,0.1986,236.95,2023-10-11,cancelada,2025-01-11,,,,,
CT0005882,GC0038,CLI005011,PAR009,digital,Celular,6300.0,18,0.2077,429.69,2026-02-15,ativa,,,,,,
CT0006449,GC0056,CLI004226,PAR007,digital,celular,3900.0,12,0.2253,404.72,2024-06-29,quitada,,,,,,
CT0007851,GS0013,CLI006496,PAR008,correspondente,serviço,11100.0,36,0.2138,380.42,2024-07-24,cancelada,2026-06-24,,,,,
CT0000869,GI0031,CLI004018,PAR003,correspondente,imóvel,446900.0,200,0.1936,2711.79,2025-07-29,contemplada,,CTP000099,GI0031,2026-08-29,sorteio,0.0
CT0003599,GS0020,CLI002879,PAR004,telemarketing,SERVICOS,7900.0,48,0.2046,201.55,2024-09-22,cancelada,2024-12-22,,,,,
CT0004463,GS0002,CLI000876,PAR009,digital,SERVICOS,13200.0,36,0.1947,445.39,2025-12-23,ativa,,,,,,
CT0006610,GA0027,CLI001705,PAR011,correspondente,Auto,74700.0,72,0.1648,1229.23,2023-08-15,cancelada,2024-10-15,CTP000695,GA0027,2024-08-15,sorteio,0.0
CT0003824,GC0040,CLI002066,PAR009,digital,Celular,8000.0,15,0.2251,664.05,2025-09-08,cancelada,2026-01-08,,,,,
CT0003456,GI0015,CLI005456,PAR005,bancario,IMOVEIS,574300.0,180,0.1972,3883.54,2025-07-19,cancelada,2025-12-19,,,,,
CT0003747,GC0007,CLI006515,PAR007,digital,celular,7200.0,24,0.2544,382.32,2025-08-20,cancelada,2025-09-20,,,,,
CT0005840,GA0043,CLI005780,PAR005,bancario,Automóvel,124800.0,72,0.167,2057.47,2025-09-27,ativa,,,,,,
CT0006046,GC0033,CLI001510,PAR001,digital,celular,2700.0,15,0.2374,226.33,2024-07-24,cancelada,2025-08-24,,,,,
CT0003161,GC0016,CLI002241,PAR004,telemarketing,celular,2300.0,12,0.2302,239.62,2025-12-29,cancelada,2026-06-29,,,,,
CT0003870,GI0028,CLI005333,PAR005,bancario,imoveis,589900.0,200,0.2035,3608.71,2025-02-08,ativa,,,,,,
CT0004935,GS0022,CLI000827,PAR007,digital,Servicos,9900.0,24,0.2071,506.18,2024-10-10,cancelada,2025-01-10,,,,,
CT0003536,GS0005,CLI006498,PAR004,telemarketing,Servicos,14900.0,48,0.1803,372.59,2025-08-10,cancelada,2025-12-10,,,,,
CT0005569,GC0008,CLI001048,PAR004,telemarketing,CELULAR,8000.0,18,0.257,567.56,2025-04-30,cancelada,2026-06-30,CTP000593,GC0008,2026-01-30,lance_livre,2538.96
CT0007410,GC0067,CLI006840,PAR009,digital,celular,7700.0,15,0.2198,636.43,2024-06-17,quitada,,,,,,
CT0007552,GI0008,CLI004948,PAR005,bancario,imóvel,241300.0,180,0.2003,1635.88,2025-05-26,ativa,,,,,,
CT0006890,GA0019,CLI005642,PAR001,digital,auto,98000.0,60,0.1569,1922.27,2025-10-14,ativa,,,,,,
CT0005342,GA0025,CLI005026,PAR004,telemarketing,Automóvel,93000.0,72,0.1829,1553.75,2024-02-21,cancelada,2024-05-21,,,,,
CT0002086,GI0018,CLI000168,PAR007,digital,imoveis,575800.0,200,0.2016,3516.99,2025-07-01,ativa,,,,,,
CT0006538,GA0078,CLI001524,PAR001,digital,Automóvel,73700.0,72,0.1531,1200.8,2023-05-19,contemplada,,CTP000685,GA0078,2023-08-19,sorteio,0.0
CT0000507,GC0014,CLI000975,PAR005,bancario,celular,3200.0,24,0.2273,166.31,2023-08-16,quitada,,,,,,
CT0001033,GA0041,CLI004591,PAR010,correspondente,AUTO,48200.0,72,0.1535,785.59,2025-01-04,ativa,,,,,,
CT0006269,GA0030,CLI002412,PAR001,,AUTO,116800.0,72,0.1768,1941.48,2024-08-31,ativa,,,,,,
CT0003028,GC0057,CLI007151,PAR011,correspondente,CELULAR,8900.0,24,0.2416,467.84,2025-06-12,cancelada,2025-12-12,,,,,
CT0000930,GS0029,CLI004676,PAR010,correspondente,Serviços,17600.0,24,0.1893,886.82,2025-03-10,ativa,,,,,,
CT0006576,GI0035,CLI003415,PAR003,,IMOVEIS,419500.0,150,0.2054,3427.04,2026-02-01,ativa,,,,,,
CT0003046,GA0025,CLI006246,PAR002,loja,automovel,48500.0,72,0.1714,802.54,2023-07-26,cancelada,2024-02-26,,,,,
CT0008227,GA0062,CLI003546,PAR001,digital,automovel,116400.0,60,0.1865,2340.61,2025-09-09,ativa,,,,,,
CT0006438,GI0002,CLI004448,PAR001,digital,imóvel,481500.0,180,0.1757,3198.5,2024-06-18,ativa,,,,,,
CT0005122,GI0020,CLI005300,PAR005,bancario,Imóveis,351100.0,180,0.2172,2413.23,2025-02-19,ativa,,,,,,
CT0001455,GI0032,CLI005546,PAR001,digital,imóvel,566800.0,180,0.1956,3827.79,2025-07-29,contemplada,,CTP000163,GI0032,2025-10-29,lance_fixo,141700.0
CT0000026,GI0021,CLI003609,PAR003,correspondente,imóvel,464800.0,200,0.1869,2804.84,2023-12-23,ativa,,,,,,
CT0000230,GI0044,CLI002047,PAR003,correspondente,imoveis,412400.0,150,0.203,3362.43,2025-01-23,ativa,,,,,,
CT0002532,GI0032,CLI006452,PAR001,digital,Imovel,209900.0,180,0.205,1428.49,2025-01-19,ativa,,,,,,
CT0001009,GC0019,CLI007082,PAR007,digital,celular,3900.0,18,0.2335,271.59,2025-04-24,cancelada,2025-10-24,,,,,
CT0006745,GI0020,CLI006003,PAR011,correspondente,Imóveis,378000.0,180,0.2015,2565.15,2025-06-20,ativa,,,,,,
CT0007294,GI0005,CLI003324,PAR003,correspondente,imoveis,193900.0,200,0.1765,1160.01,2024-06-08,cancelada,2024-12-08,,,,,
CT0001048,GA0058,CLI003598,PAR001,digital,Auto,90200.0,80,0.1849,1358.52,2025-07-18,ativa,,,,,,
CT0002085,GA0055,CLI007191,PAR002,loja,Automóvel,58500.0,80,0.1624,864.63,2026-04-21,ativa,,,,,,
CT0003421,GA0027,CLI000211,PAR001,digital,Auto,66900.0,72,0.1855,1120.11,2025-06-03,ativa,,,,,,
CT0007462,GI0034,CLI003332,PAR003,correspondente,imóvel,356400.0,180,0.198,2411.64,2026-01-30,ativa,,,,,,
CT0002751,GA0077,CLI004545,PAR005,,Auto,119000.0,80,0.1722,1773.4,2024-05-04,ativa,,,,,,
CT0005028,GA0001,CLI001359,PAR004,telemarketing,Automóvel,68200.0,72,0.1572,1115.07,2024-11-19,ativa,,,,,,
CT0006499,GI0014,CLI005269,PAR003,correspondente,imóvel,559400.0,150,0.1928,4522.94,2026-05-02,ativa,,,,,,
CT0004812,GA0047,CLI000778,PAR001,digital,Auto,60400.0,60,0.1613,1189.18,2024-06-24,cancelada,2025-08-24,,,,,
CT0007492,GA0052,CLI004954,PAR010,,AUTO,99100.0,60,0.1453,1924.69,2024-01-14,cancelada,2024-04-14,,,,,
CT0005878,GI0022,CLI000151,PAR003,correspondente,imoveis,394700.0,200,0.1916,2391.09,2025-11-14,ativa,,,,,,
CT0006700,GS0019,CLI006691,PAR009,digital,Serviços,15600.0,36,0.1725,516.75,2025-10-15,ativa,,,,,,
CT0000015,GC0060,CLI004167,PAR006,loja,Celular,5100.0,24,0.242,268.18,2023-05-14,cancelada,2023-06-14,,,,,
CT0000401,GI0041,CLI003111,PAR003,correspondente,IMOVEIS,514300.0,180,0.2166,3533.24,2024-08-22,ativa,,,,,,
CT0001565,GA0080,CLI004938,PAR008,correspondente,automovel,55700.0,60,0.1831,1116.88,2024-12-29,cancelada,2026-01-29,,,,,
CT0002097,GA0025,CLI005429,PAR005,bancario,automovel,110600.0,72,0.1494,1796.33,2024-09-08,ativa,,,,,,
CT0003945,GA0066,CLI004668,PAR005,bancario,auto,63000.0,72,0.1914,1059.97,2024-07-29,ativa,,,,,,
CT0001501,GA0088,CLI004767,PAR010,correspondente,Auto,64200.0,80,0.1711,955.86,2023-03-24,ativa,,,,,,
CT0007047,GA0023,CLI001739,PAR004,telemarketing,Auto,85300.0,72,0.1733,1413.73,2025-11-14,cancelada,2025-12-14,,,,,
CT0005839,GI0009,CLI003680,PAR011,correspondente,Imóveis,305600.0,180,0.2,2071.29,2023-06-05,ativa,,,,,,
CT0001371,GC0034,CLI004326,PAR099,,Celular,5600.0,12,0.2396,587.81,2024-02-05,cancelada,2024-07-05,,,,,
CT0001928,GA0014,CLI001533,PAR001,digital,auto,46900.0,80,0.1656,695.06,2024-04-22,cancelada,2026-05-22,,,,,
CT0001254,GA0044,CLI004899,PAR009,,Auto,45700.0,60,0.1665,903.72,2026-03-11,ativa,,,,,,
CT0008200,GC0045,CLI004867,PAR007,digital,Celular,3900.0,18,0.2323,271.33,2025-05-28,cancelada,2025-09-28,,,,,
CT0005373,GA0039,CLI005605,PAR006,loja,auto,55600.0,60,0.1671,1100.05,2023-06-10,cancelada,2026-02-10,CTP000574,GA0039,2023-08-10,lance_livre,12897.55
CT0004052,GS0016,CLI005030,PAR009,,servicos,9600.0,24,0.186,482.4,2024-08-22,cancelada,2026-07-22,CTP000442,GS0016,2025-05-22,sorteio,0.0
CT0002919,GS0020,CLI003678,PAR004,telemarketing,serviço,10700.0,48,0.216,275.53,2025-12-30,cancelada,2026-01-30,,,,,
CT0002247,GI0028,CLI000228,PAR001,digital,Imovel,318900.0,200,0.202,1948.48,2025-02-10,ativa,,,,,,
CT0005734,GC0028,CLI001408,PAR007,digital,CELULAR,3000.0,18,0.2424,210.4,2025-09-19,cancelada,2026-03-19,,,,,
CT0004070,GS0014,CLI004739,PAR001,,serviço,21400.0,36,0.1834,715.35,2023-07-30,cancelada,2024-01-30,,,,,
CT0000468,GI0035,CLI001722,PAR002,loja,Imóveis,437200.0,150,0.2052,3571.05,2024-09-09,contemplada,,CTP000058,GI0035,2025-11-09,lance_livre,56862.45
CT0007632,GA0030,CLI001463,PAR004,telemarketing,auto,127100.0,72,0.1726,2105.27,2023-11-13,cancelada,2024-02-13,,,,,
CT0005282,GC0052,CLI000261,PAR004,telemarketing,Celular,7000.0,12,0.214,719.83,2023-01-22,quitada,,CTP000566,GC0052,2024-01-22,sorteio,0.0
CT0004986,GC0028,CLI006217,PAR004,telemarketing,Celular,3400.0,18,0.2205,234.32,2026-03-18,ativa,,,,,,
CT0006709,GA0056,CLI003229,PAR008,correspondente,auto,46700.0,72,0.1653,768.8,2025-01-08,cancelada,2025-02-08,,,,,
CT0006647,GA0042,CLI002529,PAR007,digital,Automóvel,56900.0,60,0.1959,1153.08,2025-10-01,cancelada,2025-11-01,,,,,
CT0003805,GA0015,CLI005602,PAR009,digital,Auto,58200.0,80,0.1777,871.33,2025-09-03,ativa,,,,,,
CT0007670,GA0038,CLI002768,PAR006,loja,automovel,95200.0,72,0.1781,1584.15,2024-03-18,cancelada,2025-07-18,,,,,
CT0001816,GA0013,CLI004663,PAR010,correspondente,Automóvel,89600.0,72,0.1728,1484.37,2023-10-17,cancelada,2024-03-17,,,,,
CT0002481,GI0005,CLI006407,PAR005,bancario,Imovel,251400.0,200,0.1902,1521.22,2026-06-10,ativa,,,,,,
CT0007519,GI0026,CLI006929,PAR008,correspondente,imóvel,272000.0,150,0.2001,2212.45,2026-04-16,ativa,,,,,,
CT0002215,GC0054,CLI003012,PAR007,digital,celular,3200.0,12,0.2477,338.05,2025-03-17,cancelada,2025-09-17,,,,,
CT0001660,GA0084,CLI004732,PAR004,telemarketing,auto,45300.0,60,0.1516,884.56,2024-10-10,ativa,,,,,,
CT0003807,GC0002,CLI002968,PAR002,loja,Celular,7000.0,12,0.2508,741.3,2025-01-16,quitada,,,,,,
CT0007999,GA0049,CLI004704,PAR007,digital,auto,56800.0,60,0.1863,1141.96,2024-09-17,cancelada,2026-06-17,,,,,
CT0005211,GI0015,CLI000907,PAR003,correspondente,IMOVEIS,348100.0,180,0.2069,2372.69,2025-07-11,ativa,,,,,,
CT0002821,GA0050,CLI004125,PAR009,digital,AUTO,98000.0,80,0.1723,1460.57,2024-08-08,cancelada,2025-10-08,,,,,
CT0001240,GI0044,CLI005116,PAR005,bancario,IMOVEIS,355200.0,150,0.1978,2883.75,2023-03-12,ativa,,,,,,
CT0000769,GA0038,CLI002989,PAR001,digital,automovel,78000.0,72,0.1712,1290.47,2023-12-15,cancelada,2025-09-15,,,,,
CT0001393,GA0038,CLI006875,PAR002,loja,auto,111500.0,72,0.1906,1874.75,2025-05-03,ativa,,,,,,
CT0001524,GC0000,CLI003053,PAR099,telemarketing,CELULAR,8500.0,18,0.2446,597.17,2024-07-09,cancelada,2024-12-09,,,,,
CT0008180,GC0064,CLI003873,PAR006,loja,smartphone,2900.0,24,0.2332,151.43,2024-09-22,cancelada,2025-09-22,,,,,
CT0008370,GC0008,CLI005254,PAR012,interno,celular,6100.0,18,0.2353,425.41,2025-07-01,ativa,,,,,,
CT0004274,GA0070,CLI000006,PAR006,loja,auto,88300.0,60,0.1928,1784.84,2024-11-20,ativa,,,,,,
CT0001917,GA0020,CLI006003,PAR003,correspondente,auto,119300.0,80,0.1713,1776.53,2024-02-24,ativa,,,,,,
CT0001644,GI0036,CLI004195,PAR001,digital,imoveis,520300.0,180,0.2068,3546.13,2025-05-01,cancelada,2025-08-01,,,,,
CT0005455,GS0003,CLI001319,PAR012,interno,Servicos,34300.0,36,0.2164,1178.01,2023-05-15,cancelada,2026-01-15,,,,,
CT0005628,GA0066,CLI003001,PAR010,correspondente,AUTO,55900.0,72,0.1747,927.55,2025-10-10,ativa,,,,,,
CT0007629,GI0008,CLI007095,PAR005,bancario,Imóveis,323300.0,180,0.1916,2176.17,2024-02-23,ativa,,,,,,
CT0008438,GI0020,CLI001870,PAR004,telemarketing,Imóveis,385500.0,180,0.1982,2608.98,2024-09-10,cancelada,2025-05-10,,,,,
CT0005112,GS0031,CLI004318,PAR002,loja,Serviços,12400.0,36,0.2002,420.29,2025-05-01,ativa,,,,,,
CT0005933,GC0059,CLI002194,PAR003,correspondente,celular,4000.0,12,0.237,419.0,2023-06-04,quitada,,,,,,
CT0002105,GA0089,CLI005281,PAR001,digital,AUTO,63000.0,72,0.1628,1034.95,2024-03-01,cancelada,2024-09-01,,,,,
CT0004236,GA0074,CLI004497,PAR001,digital,automovel,58900.0,80,0.1754,880.11,2024-06-25,ativa,,,,,,
CT0007218,GI0035,CLI000529,PAR001,digital,imóvel,458600.0,150,0.2029,3738.81,2024-11-14,ativa,,,,,,
CT0004491,GI0041,CLI002375,PAR005,bancario,Imóveis,267600.0,180,0.1928,1803.03,2026-02-18,ativa,,,,,,
CT0000393,GS0030,CLI005287,PAR004,telemarketing,servicos,25900.0,36,0.2001,877.79,2023-07-19,cancelada,2026-06-19,,,,,
CT0002967,GI0016,CLI000516,PAR007,digital,imoveis,392600.0,200,0.2013,2397.41,2024-11-16,cancelada,2025-02-16,,,,,
CT0000063,GA0000,CLI004458,PAR099,digital,automovel,51300.0,60,0.1823,1027.97,2024-06-26,contemplada,,CTP000006,GA0000,2025-06-26,lance_fixo,12825.0
CT0003250,GA0037,CLI002769,PAR001,digital,Auto,97600.0,80,0.1657,1446.55,2023-02-19,ativa,,,,,,
CT0006217,GI0000,CLI000437,PAR003,correspondente,Imóveis,311300.0,150,0.2033,2538.76,2026-02-12,ativa,,,,,,
CT0005533,GC0051,CLI005732,PAR007,digital,Celular,7200.0,24,0.2306,375.18,2025-08-04,ativa,,,,,,
CT0001431,GI0036,CLI003023,PAR099,correspondente,IMOVEIS,340800.0,180,0.1957,2301.73,2024-01-21,contemplada,,CTP000158,GI0036,2025-04-21,lance_fixo,85200.0
CT0001211,GA0073,CLI006770,PAR005,bancario,Automóvel,77700.0,80,0.1818,1167.25,2026-05-13,ativa,,,,,,
CT0004079,GA0049,CLI004973,PAR007,digital,auto,99700.0,60,0.1562,1954.45,2025-02-26,ativa,,,,,,
CT0006174,GC0045,CLI001873,PAR007,digital,CELULAR,2000.0,18,0.2455,140.61,2025-10-23,cancelada,2025-11-23,,,,,
CT0000077,GC0038,CLI002747,PAR007,digital,Celular,5500.0,18,0.2445,386.38,2025-04-23,ativa,,,,,,
CT0000956,GA0000,CLI002369,PAR005,bancario,Automóvel,119500.0,60,0.1841,2398.17,2025-01-01,ativa,,,,,,
CT0006850,GA0040,CLI003513,PAR008,correspondente,automovel,127500.0,72,0.1595,2088.7,2025-07-06,ativa,,,,,,
CT0008314,GI0040,CLI000220,PAR011,correspondente,imóvel,591100.0,200,0.2016,3610.44,2026-07-05,ativa,,,,,,
CT0008455,GI0027,CLI005834,PAR003,correspondente,Imovel,364100.0,150,0.2018,2965.72,2026-04-03,ativa,,,,,,
CT0003292,GC0007,CLI003451,PAR007,,CELULAR,4900.0,24,0.229,255.0,2025-11-03,cancelada,2026-02-03,,,,,
CT0000385,GA0073,CLI001561,PAR005,bancario,auto,52500.0,80,0.1592,773.85,2025-08-01,ativa,,,,,,
CT0008171,GA0046,CLI004195,PAR001,digital,automovel,116300.0,72,0.1747,1929.77,2026-06-28,ativa,,,,,,
CT0005290,GA0068,CLI005464,PAR008,correspondente,Automóvel,71400.0,72,0.1677,1177.8,2025-03-30,cancelada,2025-10-30,,,,,
CT0000377,GA0081,CLI005930,PAR004,telemarketing,auto,125600.0,72,0.1616,2061.24,2025-07-29,ativa,,,,,,
CT0004774,GS0038,CLI003048,PAR004,telemarketing,serviço,27300.0,36,0.2067,930.25,2026-06-12,ativa,,,,,,
CT0004460,GA0026,CLI006559,PAR001,digital,Auto,79700.0,72,0.1962,1346.27,2023-12-22,ativa,,,,,,
CT0007280,GA0028,CLI003434,PAR001,digital,auto,59700.0,72,0.1736,989.69,2023-12-11,cancelada,2026-05-11,CTP000765,GA0028,2024-10-11,sorteio,0.0
CT0004493,GC0001,CLI003873,PAR004,telemarketing,smartphone,4400.0,24,0.2328,229.68,2023-07-30,cancelada,2023-09-30,,,,,
CT0004321,GI0027,CLI000053,PAR004,telemarketing,Imóveis,332900.0,150,0.2017,2711.36,2025-04-19,ativa,,,,,,
CT0002525,GS0033,CLI004329,PAR006,loja,SERVICOS,22100.0,48,0.2027,562.95,2024-12-05,cancelada,2025-04-05,CTP000278,GS0033,2025-03-05,sorteio,0.0
CT0003014,GA0087,CLI002445,PAR010,,auto,52900.0,60,0.1823,1060.03,2026-02-28,ativa,,,,,,
CT0000360,GA0052,CLI001881,PAR001,digital,auto,122900.0,60,0.1774,2452.67,2024-01-12,ativa,,,,,,
CT0000301,GI0025,CLI003893,PAR010,correspondente,Imóveis,365900.0,150,0.2186,3021.36,2023-07-05,ativa,,,,,,
CT0001552,GS0017,CLI005178,PAR007,digital,Servicos,17900.0,36,0.1901,601.69,2024-09-01,cancelada,2025-01-01,,,,,
CT0002833,GA0025,CLI002722,PAR012,interno,AUTO,124600.0,72,0.1695,2058.5,2024-12-08,ativa,,,,,,
CT0007195,GA0077,CLI006660,PAR008,correspondente,auto,49300.0,80,0.1811,740.18,2024-07-06,cancelada,2025-09-06,,,,,
CT0002283,GA0016,CLI001457,PAR099,digital,auto,112500.0,80,0.1658,1667.53,2025-07-29,ativa,,,,,,
CT0005348,GC0001,CLI000414,PAR009,,CELULAR,5100.0,24,0.2349,266.67,2026-03-26,ativa,,,,,,
CT0006727,GS0033,CLI004470,PAR001,digital,servicos,26300.0,48,0.1762,655.42,2026-03-15,ativa,,,,,,
CT0004988,GA0028,CLI001022,PAR007,digital,Automóvel,70000.0,72,0.1669,1153.93,2025-06-01,cancelada,2025-11-01,,,,,
CT0004522,GA0078,CLI002227,PAR001,digital,Auto,107400.0,72,0.1689,1773.44,2025-11-23,ativa,,,,,,
CT0004540,GI0005,CLI006050,PAR005,bancario,Imóveis,196500.0,200,0.1912,1190.0,2024-06-07,ativa,,,,,,
CT0007215,GA0019,CLI003679,PAR002,loja,Automóvel,52600.0,60,0.1488,1024.65,2026-04-21,cancelada,2026-06-21,,,,,
CT0001758,GA0064,CLI002491,PAR007,digital,AUTO,111700.0,72,0.1866,1871.91,2025-06-29,ativa,,,,,,
CT0001529,GA0041,CLI004554,PAR010,correspondente,Auto,45900.0,72,0.1674,756.97,2024-06-20,cancelada,2025-10-20,CTP000171,GA0041,2024-10-20,sorteio,0.0
CT0001055,GA0005,CLI002208,PAR001,digital,AUTO,56800.0,80,0.1626,839.65,2023-07-01,ativa,,,,,,
CT0007936,GI0022,CLI003247,PAR005,bancario,Imovel,493400.0,200,0.2102,3034.9,2025-11-06,ativa,,,,,,
CT0004305,GI0006,CLI004918,PAR002,loja,Imovel,270300.0,180,0.1926,1820.92,2024-07-02,ativa,,,,,,
CT0004069,GI0016,CLI004310,PAR006,loja,Imóveis,256200.0,200,0.2217,1590.62,2025-03-24,ativa,,,,,,
CT0000449,GC0032,CLI003018,PAR007,digital,smartphone,7200.0,18,0.2319,500.76,2025-05-06,cancelada,2025-07-06,,,,,
CT0001112,GA0001,CLI001837,PAR001,digital,auto,104700.0,72,0.1702,1730.75,2025-07-16,ativa,,,,,,
CT0001475,GC0031,CLI000998,PAR004,telemarketing,celular,7700.0,24,0.2155,396.39,2024-05-24,cancelada,2025-04-24,,,,,
CT0002205,GA0051,CLI004652,PAR012,interno,Auto,61900.0,60,0.1456,1202.51,2025-10-23,ativa,,,,,,
CT0002667,GS0014,CLI001523,PAR001,digital,SERVICOS,14400.0,36,0.1863,482.52,2025-05-24,ativa,,,,,,
CT0000076,GA0081,CLI000473,PAR006,loja,AUTO,80000.0,72,0.1765,1329.44,2025-08-20,ativa,,,,,,
CT0008596,GA0018,CLI003552,PAR006,loja,AUTO,74700.0,72,0.1814,1246.45,2025-01-06,ativa,,,,,,
CT0004156,GA0038,CLI002795,PAR001,digital,auto,97500.0,72,0.1709,1612.68,2025-12-16,ativa,,,,,,
CT0001201,GC0042,CLI002707,PAR007,,celular,3900.0,12,0.2207,403.23,2024-11-02,cancelada,2025-01-02,,,,,
CT0001478,GA0036,CLI005535,PAR002,loja,Automóvel,105100.0,72,0.1827,1755.61,2026-02-25,ativa,,,,,,
CT0001611,GA0083,CLI001552,PAR005,bancario,automovel,120900.0,60,0.1653,2388.38,2024-01-14,contemplada,,CTP000179,GA0083,2025-06-14,lance_livre,62151.58
CT0002977,GS0009,CLI006742,PAR004,telemarketing,Serviços,9900.0,48,0.2083,253.34,2023-06-06,cancelada,2025-09-06,,,,,
CT0003479,GA0056,CLI000386,PAR009,digital,auto,51900.0,72,0.1657,854.69,2026-05-19,ativa,,,,,,
CT0001783,GC0003,CLI006377,PAR007,digital,CELULAR,4500.0,12,0.2261,467.29,2024-11-13,cancelada,2025-05-13,,,,,
CT0007969,GC0039,CLI003213,PAR006,loja,smartphone,8300.0,12,0.2474,876.62,2026-05-02,ativa,,,,,,
CT0007436,GI0038,CLI006631,PAR012,interno,Imóveis,559300.0,150,0.2044,4565.38,2025-03-23,ativa,,,,,,
CT0004219,GC0021,CLI002665,PAR009,digital,celular,4300.0,12,0.2497,454.98,2026-05-06,cancelada,2026-06-06,,,,,
CT0008195,GA0068,CLI004839,PAR002,,Automóvel,124200.0,72,0.1806,2071.04,2023-07-10,ativa,,,,,,
CT0002051,GA0016,CLI005932,PAR010,correspondente,AUTO,57500.0,80,0.1717,856.53,2025-04-14,ativa,,,,,,
CT0007456,GS0025,CLI000910,PAR002,loja,serviço,19900.0,48,0.2011,506.25,2026-05-13,ativa,,,,,,
CT0000857,GI0006,CLI003668,PAR003,correspondente,imoveis,438000.0,180,0.1827,2926.57,2026-05-19,ativa,,,,,,
CT0006971,GC0027,CLI002013,PAR009,digital,CELULAR,6900.0,15,0.2076,564.7,2026-04-27,ativa,,,,,,
CT0000243,GC0053,CLI007145,PAR006,loja,Celular,4300.0,24,0.2436,226.4,2024-09-26,ativa,,,,,,
CT0004356,GS0009,CLI006118,PAR007,digital,servicos,22500.0,48,0.1985,571.17,2025-06-01,cancelada,2025-08-01,,,,,
CT0004066,GA0078,CLI003634,PAR004,telemarketing,auto,116900.0,72,0.176,1941.84,2026-05-26,ativa,,,,,,
CT0003154,GI0041,CLI007061,PAR006,loja,IMOVEIS,512700.0,180,0.1768,3408.89,2024-06-04,ativa,,,,,,
CT0002351,GI0031,CLI004536,PAR003,correspondente,Imóveis,348800.0,200,0.2052,2136.75,2024-02-17,ativa,,,,,,
CT0006994,GC0058,CLI000227,PAR001,digital,CELULAR,2300.0,12,0.2497,243.36,2025-07-11,cancelada,2026-05-11,,,,,
CT0007240,GS0003,CLI001130,PAR001,digital,servicos,25100.0,36,0.2013,851.52,2026-06-06,ativa,,,,,,
CT0005379,GA0040,CLI001802,PAR001,digital,automovel,61000.0,72,0.192,1026.83,2025-08-31,contemplada,,CTP000575,GA0040,2026-05-31,lance_livre,24603.82
CT0007754,GI0006,CLI005291,PAR008,,imóvel,341300.0,180,0.2018,2316.67,2024-04-18,ativa,,,,,,
CT0006241,GA0043,CLI005289,PAR007,digital,automovel,127000.0,72,0.154,2070.81,2024-10-02,cancelada,2025-02-02,,,,,
CT0003738,GA0045,CLI002748,PAR005,bancario,auto,92500.0,60,0.1588,1817.32,2026-04-27,ativa,,,,,,
CT0004623,GI0018,CLI004666,PAR012,interno,Imovel,387400.0,200,0.2007,2364.5,2025-03-22,ativa,,,,,,
CT0004590,GC0023,CLI000635,PAR006,loja,celular,1900.0,18,0.232,132.16,2024-01-15,cancelada,2025-03-15,,,,,
CT0005172,GS0026,CLI004390,PAR007,digital,Serviços,17400.0,48,0.1901,438.66,2025-06-23,cancelada,2025-11-23,,,,,
CT0001809,GS0020,CLI006775,PAR004,telemarketing,Servicos,32700.0,48,0.1988,830.31,2025-10-14,cancelada,2026-02-14,,,,,
CT0003833,GA0061,CLI003766,PAR002,loja,Auto,109400.0,80,0.1308,1573.72,2023-12-10,ativa,,,,,,
CT0007998,GA0021,CLI000833,PAR002,loja,Automóvel,64100.0,80,0.1523,939.31,2024-12-12,ativa,,,,,,
CT0006412,GA0012,CLI000505,PAR001,digital,automovel,107200.0,80,0.1686,1592.72,2025-02-14,ativa,,,,,,
CT0001131,GA0053,CLI005070,PAR002,loja,Auto,51800.0,80,0.1559,761.4,2025-10-12,ativa,,,,,,
CT0003744,GA0018,CLI006860,PAR002,loja,AUTO,86300.0,72,0.1759,1433.42,2023-08-15,cancelada,2025-12-15,,,,,
CT0003660,GI0035,CLI002828,PAR003,correspondente,Imovel,418800.0,150,0.1996,3405.12,2024-02-13,ativa,,,,,,
CT0000983,GC0053,CLI005550,PAR007,digital,smartphone,8800.0,24,0.2406,462.22,2024-12-29,cancelada,2026-04-29,,,,,
CT0007495,GI0033,CLI004659,PAR003,correspondente,imóvel,534000.0,200,0.1851,3217.62,2025-02-18,ativa,,,,,,
CT0003375,GA0085,CLI006007,PAR002,loja,AUTO,65700.0,60,0.1611,1293.3,2026-04-15,contemplada,,CTP000366,GA0085,2026-08-15,sorteio,0.0
CT0001990,GI0037,CLI005070,PAR009,digital,imoveis,540300.0,200,0.1901,3269.09,2023-11-12,cancelada,2024-12-12,,,,,
CT0007701,GA0088,CLI002266,PAR012,interno,auto,50300.0,80,0.1334,725.2,2023-11-11,cancelada,2024-09-11,,,,,
CT0006055,GI0043,CLI000651,PAR003,correspondente,IMOVEIS,462600.0,150,0.2085,3788.69,2026-02-03,ativa,,,,,,
CT0005682,GI0031,CLI003701,PAR005,bancario,Imovel,392800.0,200,0.2093,2414.35,2025-08-10,ativa,,,,,,
CT0006643,GI0011,CLI003690,PAR012,interno,imoveis,198900.0,200,0.2007,1213.99,2026-06-10,ativa,,,,,,
CT0001559,GC0064,CLI002390,PAR009,,CELULAR,5900.0,24,0.2312,307.59,2024-10-03,cancelada,2025-04-03,,,,,
CT0003864,GI0044,CLI001679,PAR012,interno,imoveis,473500.0,150,0.1895,3817.99,2024-06-07,ativa,,,,,,
CT0007199,GI0015,CLI004050,PAR005,bancario,Imovel,220100.0,180,0.179,1466.11,2023-08-25,cancelada,2025-09-25,,,,,
CT0004658,GC0017,CLI005817,PAR007,digital,Celular,2500.0,12,0.2281,260.02,2025-04-08,cancelada,2025-09-08,,,,,
CT0007172,GC0040,CLI002290,PAR009,digital,CELULAR,3900.0,15,0.2256,323.86,2024-06-03,quitada,,CTP000757,GC0040,2024-09-03,lance_fixo,975.0
CT0003057,GS0008,CLI001265,PAR012,interno,servicos,22600.0,48,0.1997,574.28,2025-04-06,cancelada,2025-11-06,,,,,
CT0005422,GI0027,CLI001708,PAR003,correspondente,Imovel,548100.0,150,0.2107,4496.98,2025-08-29,ativa,,,,,,
CT0007279,GI0032,CLI005659,PAR005,bancario,IMOVEIS,632400.0,180,0.2015,4291.54,2024-10-16,ativa,,,,,,
CT0006420,GC0032,CLI001127,PAR004,telemarketing,celular,8000.0,18,0.2248,553.24,2025-07-02,cancelada,2025-11-02,,,,,
CT0007964,GA0020,CLI000976,PAR002,loja,automovel,96900.0,80,0.156,1424.43,2024-05-08,contemplada,,CTP000841,GA0020,2025-05-08,sorteio,0.0
CT0002953,GC0027,CLI005159,PAR006,loja,Celular,6000.0,15,0.236,502.4,2025-12-17,cancelada,2026-04-17,,,,,
CT0008440,GC0037,CLI005962,PAR009,digital,smartphone,2500.0,24,0.2283,130.03,2023-10-24,cancelada,2024-02-24,,,,,
CT0001139,GC0036,CLI000563,PAR007,digital,Celular,7500.0,24,0.2331,391.59,2025-02-01,cancelada,2025-05-01,,,,,
CT0000425,GC0019,CLI000422,PAR004,,Celular,5900.0,18,0.2314,410.18,2024-07-06,cancelada,2025-11-06,,,,,
CT0006501,GC0017,CLI006361,PAR001,digital,Celular,2600.0,12,0.2322,271.31,2025-02-17,quitada,,,,,,
CT0004782,GI0016,CLI001474,PAR012,interno,IMOVEIS,517000.0,200,0.1971,3146.2,2024-08-06,ativa,,,,,,
CT0007666,GI0012,CLI001079,PAR010,correspondente,imoveis,420800.0,150,0.2297,3505.83,2023-05-23,contemplada,,CTP000808,GI0012,2024-05-23,lance_fixo,105200.0
CT0006434,GC0045,CLI003989,PAR004,telemarketing,celular,2700.0,18,0.2462,189.93,2023-12-07,cancelada,2025-05-07,CTP000674,GC0045,2025-02-07,lance_fixo,675.0
CT0004673,GI0009,CLI000841,PAR012,interno,imóvel,305600.0,180,0.2215,2107.79,2025-03-14,ativa,,,,,,
CT0001734,GA0071,CLI004110,PAR008,correspondente,auto,126800.0,72,0.1585,2075.47,2023-11-22,contemplada,,CTP000192,GA0071,2026-02-22,sorteio,0.0
CT0001010,GC0051,CLI000019,PAR006,loja,Celular,5100.0,24,0.2415,268.07,2025-10-04,cancelada,2026-02-04,,,,,
CT0006911,GA0041,CLI004223,PAR003,,Auto,127600.0,72,0.1746,2117.1,2023-04-21,ativa,,,,,,
CT0000658,GS0025,CLI006315,PAR007,digital,SERVICOS,28700.0,48,0.1998,729.34,2025-06-16,cancelada,2025-07-16,,,,,
CT0007426,GA0075,CLI003104,PAR008,correspondente,Auto,119900.0,60,0.1603,2358.63,2025-03-20,ativa,,,,,,
CT0000236,GA0005,CLI000890,PAR005,bancario,automovel,84400.0,80,0.1558,1240.47,2024-01-05,contemplada,,CTP000028,GA0005,2026-03-05,sorteio,0.0
CT0000529,GC0056,CLI002248,PAR099,telemarketing,smartphone,7600.0,12,0.2498,804.21,2026-07-03,ativa,,,,,,
CT0001406,GA0007,CLI007030,PAR012,interno,automovel,108400.0,72,0.153,1766.02,2023-12-03,ativa,,,,,,
CT0008235,GI0002,CLI005424,PAR005,bancario,Imovel,218800.0,180,0.2192,1506.32,2023-03-20,contemplada,,CTP000871,GI0002,2024-02-20,sorteio,0.0
CT0003051,GC0039,CLI003840,PAR004,,Celular,8100.0,12,0.2315,844.76,2025-12-04,cancelada,2026-06-04,,,,,
CT0001701,GC0065,CLI005587,PAR007,digital,smartphone,5700.0,18,0.2251,394.28,2025-05-07,cancelada,2025-06-07,,,,,
CT0002939,GA0017,CLI000170,PAR008,correspondente,automovel,118200.0,60,0.1592,2323.02,2023-10-19,cancelada,2026-06-19,,,,,
CT0006013,GI0020,CLI007118,PAR003,correspondente,Imovel,375200.0,180,0.1879,2517.8,2024-03-13,ativa,,,,,,
CT0005567,GA0043,CLI003300,PAR002,loja,automovel,56900.0,72,0.1799,948.25,2025-04-16,ativa,,,,,,
CT0001233,GC0062,CLI000662,PAR006,loja,smartphone,5000.0,24,0.2356,261.58,2026-03-03,cancelada,2026-08-03,CTP000133,GC0062,2026-05-03,sorteio,0.0
CT0002197,GA0005,CLI005967,PAR005,bancario,Automóvel,102800.0,80,0.1341,1483.02,2024-08-19,contemplada,,CTP000240,GA0005,2025-05-19,sorteio,0.0
CT0001671,GA0024,CLI006154,PAR010,correspondente,AUTO,91500.0,72,0.1442,1479.5,2026-07-18,ativa,,,,,,
CT0004027,GI0041,CLI002610,PAR012,interno,Imóveis,350800.0,180,0.2002,2378.03,2024-12-12,ativa,,,,,,
CT0001353,GC0030,CLI004200,PAR004,,smartphone,5000.0,15,0.2303,416.77,2025-06-12,cancelada,2025-09-12,,,,,
CT0001899,GA0015,CLI003431,PAR002,loja,Automóvel,93200.0,80,0.1693,1385.53,2026-07-10,ativa,,,,,,
CT0008064,GC0039,CLI006106,PAR012,interno,Celular,4900.0,12,0.2286,509.84,2024-04-20,quitada,,,,,,
CT0001587,GA0018,CLI000374,PAR004,telemarketing,automovel,51900.0,72,0.1801,865.07,2026-06-06,ativa,,,,,,
CT0004234,GA0077,CLI005881,PAR006,loja,AUTO,95400.0,80,0.1715,1420.86,2026-05-02,cancelada,2026-07-02,,,,,
CT0007251,GI0044,CLI005140,PAR003,,Imóveis,267500.0,150,0.1942,2165.32,2025-02-12,ativa,,,,,,
CT0001916,GC0062,CLI005256,PAR007,digital,celular,7600.0,24,0.2464,401.03,2025-03-12,cancelada,2025-11-12,,,,,
CT0008523,GI0005,CLI007073,PAR002,loja,imoveis,415800.0,200,0.178,2490.64,2025-07-15,ativa,,,,,,
CT0001991,GA0000,CLI006047,PAR003,correspondente,automovel,122200.0,60,0.1666,2416.71,2024-10-28,cancelada,2025-02-28,,,,,
CT0005341,GA0084,CLI001130,PAR008,correspondente,auto,126900.0,60,0.2067,2594.47,2025-10-02,ativa,,,,,,
CT0007375,GI0025,CLI006142,PAR010,correspondente,Imóveis,260200.0,150,0.2072,2128.78,2025-09-13,ativa,,,,,,
CT0003634,GA0039,CLI003519,PAR002,loja,Auto,118900.0,60,0.1887,2395.24,2025-01-19,contemplada,,CTP000392,GA0039,2026-04-19,sorteio,0.0
CT0003726,GA0051,CLI005961,PAR010,correspondente,automovel,78100.0,60,0.1709,1550.15,2024-09-23,ativa,,,,,,
CT0003651,GA0032,CLI005114,PAR006,loja,Auto,77700.0,60,0.1674,1537.68,2023-04-14,cancelada,2026-07-14,CTP000393,GA0032,2024-06-14,lance_livre,10877.93
CT0001066,GC0024,CLI001212,PAR006,loja,Celular,8000.0,12,0.2291,832.73,2024-07-13,quitada,,CTP000113,GC0024,2025-03-13,sorteio,0.0
CT0001904,GI0002,CLI005997,PAR004,telemarketing,imoveis,509500.0,180,0.2046,3466.3,2025-03-14,cancelada,2025-05-14,,,,,
CT0006541,GA0002,CLI005167,PAR002,loja,automovel,66200.0,60,0.1626,1304.8,2024-10-14,ativa,,,,,,
CT0004248,GA0037,CLI002375,PAR012,interno,AUTO,109600.0,80,0.1576,1613.31,2025-06-08,ativa,,,,,,
CT0006997,GA0033,CLI005828,PAR002,loja,auto,113200.0,60,0.1681,2241.55,2024-10-15,contemplada,,CTP000737,GA0033,2026-01-15,lance_livre,34733.28
CT0000002,GA0083,CLI005615,PAR012,interno,Automóvel,89800.0,60,0.1901,1811.12,2025-12-01,ativa,,,,,,
CT0002319,GS0028,CLI005826,PAR010,correspondente,Serviços,27000.0,24,0.1721,1341.11,2025-10-10,ativa,,,,,,
CT0002156,GA0088,CLI003562,PAR003,correspondente,Auto,61300.0,80,0.1806,919.96,2026-04-19,ativa,,,,,,
CT0002152,GS0014,CLI004801,PAR007,digital,SERVICOS,32300.0,36,0.2192,1111.84,2025-03-11,cancelada,2025-06-11,,,,,
CT0001617,GA0019,CLI001593,PAR010,correspondente,auto,75900.0,60,0.1706,1506.11,2025-10-19,cancelada,2026-06-19,,,,,
CT0003622,GC0055,CLI004784,PAR009,digital,CELULAR,1900.0,24,0.2218,98.31,2025-01-05,contemplada,,CTP000391,GC0055,2026-05-05,sorteio,0.0
CT0008002,GS0012,CLI001097,PAR004,telemarketing,servicos,24400.0,36,0.1899,820.04,2025-01-09,ativa,,,,,,
CT0005774,GC0041,CLI003768,PAR007,digital,Celular,3400.0,24,0.2214,175.87,2025-11-13,ativa,,,,,,
CT0000697,GA0074,CLI006282,PAR002,loja,auto,101800.0,80,0.1662,1509.44,2026-02-16,ativa,,,,,,
CT0004531,GC0062,CLI002064,PAR007,digital,celular,3900.0,24,0.2151,200.7,2025-05-23,cancelada,2025-06-23,,,,,
CT0003652,GA0081,CLI004154,PAR012,interno,Auto,109900.0,72,0.152,1788.93,2025-05-09,cancelada,2025-11-09,,,,,
CT0003366,GC0047,CLI006524,PAR002,loja,smartphone,4100.0,15,0.2407,344.59,2023-10-28,quitada,,,,,,
CT0003523,GS0001,CLI001076,PAR001,digital,serviço,25900.0,24,0.2017,1318.42,2024-02-16,cancelada,2025-02-16,,,,,
CT0005931,GI0021,CLI006964,PAR006,loja,imoveis,186400.0,200,0.2163,1152.23,2024-11-13,cancelada,2026-06-13,,,,,
CT0003335,GA0065,CLI001856,PAR001,digital,auto,128800.0,60,0.1819,2580.08,2025-03-06,contemplada,,CTP000356,GA0065,2025-10-06,lance_livre,16929.48
CT0000577,GA0006,CLI003089,PAR099,loja,automovel,76100.0,80,0.1691,1131.13,2025-10-11,ativa,,,,,,
CT0003498,GS0030,CLI003587,PAR001,,SERVICOS,21200.0,36,0.1823,708.02,2025-08-26,contemplada,,CTP000378,GS0030,2025-09-26,sorteio,0.0
CT0004180,GC0063,CLI001431,PAR001,digital,smartphone,3400.0,15,0.2123,279.32,2024-09-21,cancelada,2024-10-21,,,,,
CT0002825,GA0043,CLI007095,PAR009,digital,AUTO,62700.0,72,0.1696,1035.94,2025-08-20,ativa,,,,,,
CT0007537,GA0019,CLI003761,PAR001,digital,Auto,100000.0,60,0.1751,1991.83,2024-12-08,ativa,,,,,,
CT0003718,GI0000,CLI000364,PAR008,correspondente,imoveis,532300.0,150,0.1903,4294.95,2025-01-23,ativa,,,,,,
CT0004380,GA0045,CLI003054,PAR009,digital,Automóvel,112000.0,60,0.1737,2228.24,2024-02-18,ativa,,,,,,
CT0007651,GA0066,CLI003887,PAR006,loja,auto,92300.0,72,0.1614,1514.49,2023-08-24,ativa,,,,,,
CT0008494,GA0005,CLI006892,PAR009,digital,automovel,72200.0,80,0.1832,1085.89,2024-05-28,contemplada,,CTP000902,GA0005,2025-06-28,sorteio,0.0
CT0007174,GS0030,CLI006340,PAR004,telemarketing,Serviços,22500.0,36,0.1932,758.25,2026-03-17,cancelada,2026-08-17,,,,,
CT0004602,GI0031,CLI006775,PAR010,correspondente,imóvel,249300.0,200,0.19,1508.27,2024-03-14,ativa,,,,,,
CT0004428,GS0036,CLI003943,PAR008,correspondente,Serviços,34400.0,24,0.2029,1752.82,2025-02-11,contemplada,,CTP000479,GS0036,2026-02-11,lance_fixo,8600.0
CT0000920,GI0032,CLI001450,PAR003,correspondente,IMOVEIS,577700.0,180,0.1979,3908.78,2024-09-04,ativa,,,,,,
CT0003514,GA0075,CLI002456,PAR001,digital,AUTO,81700.0,60,0.1476,1589.88,2026-05-19,ativa,,,,,,
CT0004820,GA0067,CLI004998,PAR012,interno,auto,110700.0,80,0.1819,1663.13,2023-12-17,ativa,,,,,,
CT0002610,GA0032,CLI003716,PAR006,loja,Auto,116700.0,60,0.1607,2296.46,2025-02-20,cancelada,2025-03-20,,,,,
CT0005586,GC0036,CLI005622,PAR007,digital,celular,2600.0,24,0.225,134.88,2024-09-05,cancelada,2025-01-05,,,,,
CT0002353,GC0030,CLI001390,PAR007,digital,Celular,5600.0,15,0.2459,472.6,2025-04-11,quitada,,,,,,
CT0008239,GA0047,CLI006807,PAR012,interno,auto,105900.0,60,0.1722,2104.23,2023-05-12,ativa,,,,,,
CT0008359,GI0004,CLI004983,PAR003,,imóvel,515700.0,200,0.2041,3156.34,2023-08-30,contemplada,,CTP000885,GI0004,2025-03-30,lance_livre,187569.93
CT0003610,GA0060,CLI006046,PAR005,bancario,Auto,52400.0,80,0.1762,783.51,2024-10-08,contemplada,,CTP000388,GA0060,2025-02-08,lance_fixo,13100.0
CT0006526,GA0027,CLI000835,PAR001,digital,Automóvel,121600.0,72,0.1694,2008.76,2023-12-02,cancelada,2024-02-02,,,,,
CT0002968,GA0052,CLI003598,PAR010,,Automóvel,84800.0,60,0.1666,1677.06,2025-12-05,contemplada,,CTP000323,GA0052,2026-05-05,sorteio,0.0
CT0006728,GA0089,CLI000304,PAR004,telemarketing,Auto,120500.0,72,0.1779,2004.82,2024-07-26,contemplada,,CTP000706,GA0089,2025-08-26,sorteio,0.0
CT0005337,GC0010,CLI003550,PAR008,correspondente,smartphone,8000.0,12,0.2379,838.6,2024-10-10,cancelada,2025-04-10,,,,,
CT0001970,GA0069,CLI006548,PAR002,,AUTO,95000.0,80,0.1588,1399.83,2025-09-21,contemplada,,CTP000217,GA0069,2025-11-21,sorteio,0.0
CT0008562,GS0008,CLI003357,PAR099,bancario,SERVICOS,12900.0,48,0.2118,331.05,2024-08-16,cancelada,2025-01-16,,,,,
CT0001887,GS0009,CLI000286,PAR005,bancario,SERVICOS,27500.0,48,0.201,699.53,2025-11-04,ativa,,,,,,
CT0006962,GI0039,CLI002309,PAR002,loja,IMOVEIS,392400.0,200,0.2157,2424.44,2025-06-09,ativa,,,,,,
CT0000892,GC0050,CLI005763,PAR007,digital,CELULAR,6200.0,18,0.2433,435.14,2025-08-20,cancelada,2025-10-20,,,,,
CT0005764,GA0044,CLI002424,PAR002,loja,automovel,115200.0,60,0.1536,2253.31,2023-03-30,ativa,,,,,,
CT0001653,GA0059,CLI002433,PAR002,loja,Automóvel,93900.0,60,0.18,1878.0,2023-05-21,ativa,,,,,,
CT0004854,GA0010,CLI002887,PAR002,loja,Automóvel,54200.0,72,0.1708,896.41,2025-07-05,contemplada,,CTP000524,GA0010,2026-04-05,lance_fixo,13550.0
CT0001126,GC0059,CLI001583,PAR007,digital,smartphone,7100.0,12,0.238,744.32,2025-02-04,quitada,,,,,,
CT0002202,GC0053,CLI005641,PAR006,loja,CELULAR,4600.0,24,0.226,238.82,2024-07-05,cancelada,2026-02-05,,,,,
CT0002227,GA0086,CLI002857,PAR009,digital,auto,104000.0,60,0.1672,2057.81,2025-12-27,ativa,,,,,,
CT0008354,GC0041,CLI002541,PAR006,loja,celular,6200.0,24,0.2428,326.22,2024-07-15,cancelada,2026-03-15,,,,,
CT0003262,GA0055,CLI005864,PAR006,loja,AUTO,117500.0,80,0.1824,1766.03,2025-02-21,ativa,,,,,,
CT0001412,GA0007,CLI004147,PAR002,loja,Auto,67700.0,72,0.1709,1119.78,2025-08-05,ativa,,,,,,
CT0007669,GA0068,CLI002970,PAR008,correspondente,auto,104800.0,72,0.1734,1737.06,2024-12-06,cancelada,2025-01-06,,,,,
CT0006990,GC0043,CLI006537,PAR007,digital,celular,6400.0,18,0.2359,446.54,2025-09-10,cancelada,2025-11-10,,,,,
CT0007880,GI0027,CLI002993,PAR006,loja,imóvel,247700.0,150,0.1898,1997.78,2026-06-28,ativa,,,,,,
CT0005047,GS0030,CLI002893,PAR007,,servicos,32300.0,36,0.2189,1111.57,2025-11-05,cancelada,2026-01-05,,,,,
CT0000732,GC0044,CLI005997,PAR004,telemarketing,CELULAR,5000.0,12,0.2257,519.04,2024-11-04,cancelada,2025-02-04,,,,,
CT0004275,GI0000,CLI006787,PAR010,,imoveis,595100.0,150,0.1904,4802.06,2026-05-07,ativa,,,,,,
CT0004674,GA0080,CLI006335,PAR003,correspondente,auto,98800.0,60,0.1592,1941.75,2026-02-04,ativa,,,,,,
CT0004332,GA0057,CLI000089,PAR003,correspondente,AUTO,70700.0,60,0.1674,1399.15,2024-11-13,ativa,,,,,,
CT0008578,GS0025,CLI001812,PAR001,digital,serviço,7900.0,48,0.2266,205.17,2025-10-03,cancelada,2025-12-03,,,,,
CT0006851,GA0042,CLI006126,PAR002,loja,automovel,47100.0,60,0.1739,937.21,2025-02-20,ativa,,,,,,
CT0007815,GA0016,CLI004708,PAR002,loja,automovel,80100.0,80,0.17,1191.49,2023-12-16,ativa,,,,,,
CT0000720,GC0011,CLI006148,PAR004,telemarketing,smartphone,7100.0,12,0.2153,730.89,2024-03-21,quitada,,,,,,
CT0006302,GC0007,CLI002625,PAR004,telemarketing,smartphone,5400.0,24,0.2431,284.2,2025-01-30,cancelada,2025-05-30,,,,,
CT0004245,GA0081,CLI005958,PAR004,telemarketing,Auto,53000.0,72,0.1664,873.32,2025-07-30,cancelada,2025-10-30,,,,,
CT0001088,GA0023,CLI004457,PAR001,digital,auto,89700.0,72,0.1616,1472.08,2024-01-19,ativa,,,,,,
CT0000430,GC0012,CLI003839,PAR007,digital,celular,6200.0,15,0.2376,519.81,2025-05-15,quitada,,,,,,
CT0002179,GA0032,CLI003484,PAR002,loja,automovel,110600.0,60,0.1736,2200.2,2024-09-03,contemplada,,CTP000239,GA0032,2024-12-03,sorteio,0.0
CT0001126,GC0059,CLI001583,PAR007,digital,smartphone,7100.0,12,0.238,744.32,2025-02-04,quitada,,,,,,
CT0008125,GS0023,CLI002538,PAR004,telemarketing,Serviços,16400.0,24,0.1966,831.34,2025-01-20,contemplada,,CTP000860,GS0023,2026-06-20,sorteio,0.0
CT0004872,GS0037,CLI003663,PAR001,digital,serviço,15800.0,48,0.1891,398.0,2023-05-19,cancelada,2023-07-19,,,,,
CT0005365,GA0083,CLI002304,PAR002,loja,Automóvel,78500.0,60,0.1648,1550.11,2024-03-03,ativa,,,,,,
CT0004214,GS0019,CLI001148,PAR005,bancario,SERVICOS,24800.0,36,0.1939,836.24,2025-12-04,ativa,,,,,,
CT0001784,GA0083,CLI007175,PAR001,digital,Automóvel,55800.0,60,0.1514,1089.4,2024-07-22,contemplada,,CTP000201,GA0083,2024-08-22,sorteio,0.0
CT0005735,GI0019,CLI002451,PAR006,,Imóveis,630100.0,150,0.1906,5085.33,2023-09-11,cancelada,2025-11-11,CTP000610,GI0019,2024-08-11,sorteio,0.0
CT0002760,GI0006,CLI005084,PAR003,correspondente,imóvel,519200.0,180,0.1967,3509.5,2023-01-26,ativa,,,,,,
CT0007768,GA0089,CLI000819,PAR002,loja,AUTO,116400.0,72,0.1696,1923.19,2025-09-08,ativa,,,,,,
CT0001535,GA0074,CLI007005,PAR002,loja,auto,50600.0,80,0.1481,738.82,2024-03-24,ativa,,,,,,
CT0007424,GA0052,CLI002706,PAR002,loja,auto,121400.0,60,0.1769,2421.73,2026-02-17,cancelada,2026-07-17,,,,,
CT0005035,GA0089,CLI005248,PAR002,loja,Auto,124400.0,72,0.17,2056.06,2026-06-24,ativa,,,,,,
CT0008069,GC0026,CLI002462,PAR004,telemarketing,smartphone,8500.0,24,0.2181,438.49,2025-08-27,cancelada,2026-04-27,,,,,
CT0004183,GC0064,CLI004411,PAR007,digital,Celular,2900.0,24,0.2173,149.51,2025-03-02,cancelada,2026-02-02,,,,,
CT0002278,GI0043,CLI003243,PAR001,digital,imoveis,199400.0,150,0.2143,1640.8,2026-05-27,ativa,,,,,,
CT0005059,GS0006,CLI001550,PAR099,digital,SERVICOS,22800.0,36,0.2017,773.74,2025-07-09,cancelada,2026-01-09,,,,,
CT0001085,GC0008,CLI001661,PAR009,digital,smartphone,7300.0,18,0.2237,504.39,2024-09-19,quitada,,,,,,
CT0006421,GA0005,CLI001998,PAR012,interno,Automóvel,126200.0,80,0.1817,1895.68,2024-02-11,ativa,,,,,,
CT0005776,GI0027,CLI006262,PAR001,digital,Imovel,618900.0,150,0.1955,5015.15,2024-12-17,ativa,,,,,,
CT0004306,GS0004,CLI006905,PAR007,digital,Serviços,17900.0,36,0.1959,604.57,2025-03-04,contemplada,,CTP000472,GS0004,2026-08-04,sorteio,0.0
CT0003175,GI0005,CLI006314,PAR099,correspondente,imóvel,257000.0,200,0.1866,1550.48,2024-03-19,ativa,,,,,,
CT0002886,GA0084,CLI004409,PAR001,digital,AUTO,128900.0,60,0.151,2515.7,2025-03-17,contemplada,,CTP000315,GA0084,2026-02-17,lance_fixo,32225.0
CT0004294,GS0010,CLI006605,PAR007,digital,Serviços,9200.0,24,0.1808,460.31,2024-08-29,quitada,,CTP000471,GS0010,2025-03-29,sorteio,0.0
CT0003829,GA0023,CLI001574,PAR010,correspondente,AUTO,109900.0,72,0.1983,1859.6,2024-09-06,ativa,,,,,,
CT0004445,GC0014,CLI006015,PAR007,digital,celular,8800.0,24,0.2319,459.03,2025-05-23,cancelada,2025-10-23,,,,,
CT0005349,GS0012,CLI003088,PAR008,correspondente,servicos,30000.0,36,0.189,1007.5,2023-07-29,quitada,,,,,,
CT0002803,GA0007,CLI005986,PAR002,loja,automovel,82800.0,72,0.1732,1372.18,2023-12-10,ativa,,,,,,
CT0005535,GA0010,CLI003866,PAR008,correspondente,automovel,105800.0,72,0.1727,1752.61,2023-09-07,ativa,,,,,,
CT0006433,GA0016,CLI001235,PAR001,digital,automovel,65700.0,80,0.1796,985.17,2024-11-21,ativa,,,,,,
CT0000167,GC0018,CLI004846,PAR006,loja,Celular,5200.0,12,0.2434,547.47,2025-02-26,quitada,,,,,,
CT0006097,GC0016,CLI001645,PAR004,telemarketing,smartphone,7300.0,12,0.2341,762.91,2025-12-05,cancelada,2026-01-05,,,,,
CT0006445,GC0018,CLI006043,PAR004,telemarketing,smartphone,9000.0,12,0.2281,936.07,2024-02-07,cancelada,2024-05-07,,,,,
CT0002076,GS0001,CLI007104,PAR003,correspondente,SERVICOS,29200.0,24,0.2133,1500.52,2024-03-25,quitada,,,,,,
CT0008107,GS0020,CLI000691,PAR007,digital,servicos,16800.0,48,0.1736,417.76,2025-07-17,cancelada,2025-10-17,,,,,
CT0006601,GA0023,CLI006115,PAR006,loja,auto,54200.0,72,0.1574,886.32,2026-07-24,ativa,,,,,,
CT0005987,GS0003,CLI004102,PAR009,,servicos,29100.0,36,0.1975,984.15,2023-12-01,ativa,,,,,,
CT0000610,GA0056,CLI005950,PAR099,digital,Auto,117300.0,72,0.1806,1955.98,2025-08-24,cancelada,2026-03-24,,,,,
CT0005246,GC0060,CLI000643,PAR007,digital,celular,4300.0,24,0.2356,224.96,2024-12-31,cancelada,2025-01-31,,,,,
CT0005669,GI0042,CLI005824,PAR008,correspondente,imoveis,259000.0,150,0.2185,2138.48,2023-10-02,contemplada,,CTP000604,GI0042,2023-12-02,sorteio,0.0
CT0004435,GA0011,CLI006142,PAR002,loja,auto,62700.0,72,0.1585,1026.28,2025-03-12,ativa,,,,,,
CT0001881,GC0038,CLI006707,PAR009,digital,celular,5000.0,18,0.2339,348.31,2024-12-30,cancelada,2025-01-30,,,,,
CT0002325,GC0024,CLI004987,PAR007,digital,Celular,3200.0,12,0.221,330.93,2025-06-10,quitada,,,,,,
CT0005283,GA0031,CLI000975,PAR002,loja,Auto,67700.0,72,0.1761,1124.67,2025-06-13,ativa,,,,,,
CT0001021,GA0074,CLI003508,PAR005,bancario,auto,62000.0,80,0.1772,927.83,2025-10-20,ativa,,,,,,
CT0003499,GI0033,CLI001965,PAR010,correspondente,imoveis,280700.0,200,0.2153,1733.74,2024-07-08,ativa,,,,,,
CT0007661,GS0002,CLI006562,PAR012,,SERVICOS,23000.0,36,0.1744,763.09,2024-02-06,cancelada,2025-06-06,,,,,
CT0002625,GC0055,CLI007116,PAR007,digital,smartphone,7300.0,24,0.2417,383.77,2025-10-10,ativa,,,,,,
CT0001694,GA0054,CLI000129,PAR005,bancario,AUTO,74700.0,72,0.1669,1231.41,2026-03-13,ativa,,,,,,
CT0006210,GA0082,CLI006662,PAR005,bancario,Auto,71100.0,80,0.1823,1068.54,2023-11-26,ativa,,,,,,
CT0003401,GA0063,CLI005076,PAR004,telemarketing,AUTO,73300.0,60,0.2004,1490.92,2026-04-13,cancelada,2026-07-13,,,,,
CT0004662,GA0085,CLI002693,PAR008,correspondente,automovel,52400.0,60,0.1675,1037.08,2023-09-07,ativa,,,,,,
CT0006739,GC0020,CLI005665,PAR009,digital,Celular,4700.0,24,0.2355,245.87,2025-07-11,ativa,,,,,,
CT0007627,GI0015,CLI002883,PAR005,bancario,IMOVEIS,346500.0,180,0.1893,2327.9,2024-03-18,ativa,,,,,,
CT0000776,GI0041,CLI002449,PAR005,bancario,imoveis,305800.0,180,0.1994,2071.63,2025-11-29,ativa,,,,,,
CT0005908,GA0062,CLI005064,PAR002,loja,Auto,45800.0,60,0.1722,910.05,2025-09-13,cancelada,2025-12-13,,,,,
CT0007423,GA0085,CLI000796,PAR005,bancario,Automóvel,46200.0,60,0.1557,905.29,2026-02-19,cancelada,2026-07-19,,,,,
CT0002161,GA0045,CLI002545,PAR001,digital,Auto,46700.0,60,0.1599,918.36,2025-10-31,ativa,,,,,,
CT0007058,GC0036,CLI001057,PAR004,telemarketing,Celular,4000.0,24,0.2232,207.2,2026-01-15,ativa,,,,,,
CT0007814,GC0018,CLI000112,PAR008,correspondente,smartphone,5600.0,12,0.2224,579.79,2024-05-14,cancelada,2024-12-14,,,,,
CT0004757,GS0038,CLI005038,PAR005,bancario,servicos,24300.0,36,0.1942,819.58,2025-10-24,cancelada,2026-03-24,,,,,
CT0006371,GI0041,CLI000566,PAR002,loja,IMOVEIS,417400.0,180,0.1873,2799.59,2023-06-26,contemplada,,CTP000667,GI0041,2024-01-26,lance_fixo,104350.0
CT0003927,GC0066,CLI002339,PAR007,digital,smartphone,8200.0,12,0.2285,853.14,2025-05-27,quitada,,,,,,
CT0006475,GA0048,CLI003764,PAR003,correspondente,Automóvel,90100.0,80,0.1595,1328.41,2023-01-30,contemplada,,CTP000679,GA0048,2025-07-30,lance_livre,25666.54
CT0000315,GS0015,CLI006096,PAR002,loja,servicos,11100.0,24,0.1785,554.31,2023-07-12,quitada,,CTP000041,GS0015,2024-07-12,sorteio,0.0
CT0002980,GI0008,CLI001868,PAR006,loja,Imovel,217700.0,180,0.2116,1489.55,2026-01-09,ativa,,,,,,
CT0003472,GC0032,CLI005367,PAR004,telemarketing,celular,3000.0,18,0.2242,207.37,2025-02-18,quitada,,,,,,
CT0001831,GA0017,CLI002020,PAR004,telemarketing,Auto,50000.0,60,0.1811,1000.92,2024-09-07,cancelada,2025-12-07,,,,,
CT0002565,GC0061,CLI005007,PAR004,telemarketing,smartphone,7100.0,24,0.2291,369.53,2025-05-12,cancelada,2025-11-12,,,,,
CT0005857,GA0014,CLI000380,PAR010,correspondente,Automóvel,96300.0,80,0.157,1416.81,2025-10-21,ativa,,,,,,
CT0001691,GS0034,CLI001125,PAR008,correspondente,Servicos,21900.0,36,0.2094,747.88,2025-06-02,cancelada,2025-11-02,,,,,
CT0003972,GS0027,CLI004894,PAR006,loja,servicos,29800.0,48,0.1927,752.88,2026-06-13,ativa,,,,,,
CT0003745,GA0079,CLI001371,PAR001,digital,auto,78600.0,72,0.1598,1287.95,2025-09-22,ativa,,,,,,
CT0002206,GA0041,CLI000994,PAR002,loja,auto,82600.0,72,0.1744,1370.24,2023-08-03,ativa,,,,,,
CT0001432,GA0080,CLI004157,PAR002,loja,Auto,47500.0,60,0.1693,941.53,2026-03-27,ativa,,,,,,
CT0003834,GS0013,CLI005964,PAR001,digital,Servicos,30000.0,36,0.2237,1036.42,2025-11-22,ativa,,,,,,
CT0006759,GA0062,CLI001650,PAR009,digital,automovel,72200.0,60,0.1693,1431.12,2023-12-13,cancelada,2025-07-13,,,,,
CT0000637,GA0005,CLI001299,PAR008,correspondente,Auto,119700.0,80,0.1702,1780.84,2024-11-18,contemplada,,CTP000082,GA0005,2025-09-18,lance_livre,24990.22
CT0006318,GC0017,CLI003728,PAR004,telemarketing,celular,5000.0,12,0.2309,521.21,2025-12-12,cancelada,2026-02-12,,,,,
CT0007841,GA0054,CLI001165,PAR002,loja,Auto,124900.0,72,0.1679,2060.68,2024-01-03,ativa,,,,,,
CT0002028,GC0063,CLI004985,PAR008,correspondente,smartphone,3400.0,15,0.2168,280.34,2024-10-20,cancelada,2024-12-20,,,,,
CT0008433,GA0046,CLI006067,PAR007,digital,auto,84300.0,72,0.1655,1388.02,2025-05-17,cancelada,2025-10-17,,,,,
CT0007536,GI0043,CLI006103,PAR005,bancario,Imovel,205500.0,150,0.1898,1657.43,2025-05-12,ativa,,,,,,
CT0001958,GC0001,CLI002003,PAR007,digital,Celular,5600.0,24,0.2253,290.57,2025-05-11,cancelada,2025-10-11,,,,,
CT0006102,GI0000,CLI004300,PAR003,correspondente,Imóveis,595400.0,150,0.1818,4770.34,2024-01-16,cancelada,2024-10-16,,,,,
CT0005752,GA0018,CLI006955,PAR007,digital,AUTO,50600.0,72,0.1718,837.57,2025-01-12,ativa,,,,,,
CT0003157,GC0028,CLI001478,PAR006,loja,Celular,7800.0,18,0.2025,529.75,2025-12-26,contemplada,,CTP000339,GC0028,2026-02-26,lance_livre,1150.46
CT0006095,GA0045,CLI001189,PAR009,digital,auto,91000.0,60,0.1709,1806.2,2025-03-16,ativa,,,,,,
CT0003255,GI0032,CLI002389,PAR003,correspondente,IMOVEIS,458600.0,180,0.1956,3097.08,2025-07-03,ativa,,,,,,
CT0003482,GI0007,CLI006399,PAR011,correspondente,IMOVEIS,548500.0,150,0.2052,4480.15,2026-02-21,ativa,,,,,,
CT0008316,GS0019,CLI000380,PAR003,correspondente,SERVICOS,25500.0,36,0.2079,869.76,2023-04-25,quitada,,CTP000882,GS0019,2023-12-25,sorteio,0.0
CT0004828,GS0031,CLI005048,PAR012,interno,serviço,17600.0,36,0.2161,604.32,2024-10-26,ativa,,,,,,
CT0002998,GI0041,CLI001924,PAR005,bancario,IMOVEIS,518700.0,180,0.2091,3541.86,2025-05-15,ativa,,,,,,
CT0008231,GI0029,CLI005796,PAR003,correspondente,IMOVEIS,521400.0,200,0.2134,3215.47,2025-08-09,ativa,,,,,,
CT0004144,GC0034,CLI002632,PAR006,loja,celular,3300.0,12,0.2234,341.94,2025-09-01,cancelada,2025-11-01,,,,,
CT0004919,GC0061,CLI003017,PAR001,digital,smartphone,5700.0,24,0.2314,297.21,2024-09-02,cancelada,2026-04-02,,,,,
CT0001216,GI0035,CLI000252,PAR003,correspondente,Imóveis,562600.0,150,0.2207,4653.45,2025-10-21,ativa,,,,,,
CT0005219,GC0034,CLI002530,PAR004,telemarketing,celular,6200.0,12,0.228,644.8,2025-02-07,cancelada,2025-03-07,,,,,
CT0004882,GI0001,CLI005334,PAR001,digital,imóvel,202500.0,200,0.2022,1237.48,2025-08-06,ativa,,,,,,
CT0008511,GI0028,CLI002559,PAR004,telemarketing,Imóveis,338100.0,200,0.1912,2047.53,2025-08-06,contemplada,,CTP000905,GI0028,2025-11-06,sorteio,0.0
CT0004169,GS0030,CLI003192,PAR004,telemarketing,SERVICOS,16800.0,36,0.1919,565.55,2023-04-05,cancelada,2023-11-05,,,,,
CT0004012,GA0083,CLI000017,PAR002,loja,auto,129700.0,60,0.1795,2592.92,2024-12-31,ativa,,,,,,
CT0002279,GA0006,CLI001505,PAR008,correspondente,Automóvel,115700.0,80,0.1659,1715.11,2026-06-12,ativa,,,,,,
CT0000827,GA0001,CLI006701,PAR008,correspondente,Auto,82800.0,72,0.1765,1375.97,2025-07-29,cancelada,2026-01-29,,,,,
CT0000774,GA0064,CLI004647,PAR004,telemarketing,automovel,61500.0,72,0.1501,999.46,2024-01-26,ativa,,,,,,
CT0001661,GI0039,CLI004151,PAR003,correspondente,Imóveis,227200.0,200,0.1639,1344.91,2025-02-02,ativa,,,,,,
CT0002454,GC0055,CLI006417,PAR007,digital,Celular,6400.0,24,0.2469,337.84,2025-08-18,cancelada,2025-09-18,,,,,
CT0003211,GC0029,CLI000415,PAR009,digital,Celular,3500.0,24,0.2085,179.16,2025-06-14,cancelada,2025-12-14,,,,,
CT0004406,GA0059,CLI000237,PAR006,loja,Auto,58100.0,60,0.1543,1137.11,2024-04-05,cancelada,2024-11-05,,,,,
CT0007567,GA0025,CLI003579,PAR001,digital,AUTO,71300.0,72,0.174,1182.39,2023-09-24,contemplada,,CTP000797,GA0025,2025-12-24,sorteio,0.0
CT0000331,GA0023,CLI006975,PAR006,loja,automovel,114500.0,72,0.1932,1929.32,2025-09-12,ativa,,,,,,
CT0002280,GC0037,CLI000174,PAR006,loja,smartphone,2400.0,24,0.2358,125.58,2025-12-10,ativa,,,,,,
CT0003588,GA0044,CLI005040,PAR002,loja,Auto,85700.0,60,0.1671,1695.57,2023-03-15,ativa,,,,,,
CT0006336,GS0003,CLI003351,PAR007,digital,Servicos,21600.0,36,0.2016,732.96,2025-10-12,cancelada,2026-01-12,,,,,
CT0000138,GA0083,CLI001560,PAR002,loja,AUTO,111300.0,60,0.1952,2254.2,2024-06-17,ativa,,,,,,
CT0003026,GA0013,CLI002847,PAR002,loja,Automóvel,116700.0,72,0.1822,1948.57,2026-03-12,ativa,,,,,,
CT0005828,GC0056,CLI002540,PAR009,digital,Celular,2000.0,12,0.2341,209.02,2025-11-05,ativa,,,,,,
CT0007081,GI0033,CLI003724,PAR005,bancario,Imóveis,204600.0,200,0.1695,1216.86,2025-08-30,ativa,,,,,,
CT0006277,GS0009,CLI000389,PAR001,digital,SERVICOS,31300.0,48,0.2154,805.58,2023-08-17,cancelada,2023-12-17,,,,,
CT0004501,GC0067,CLI004097,PAR009,digital,CELULAR,4700.0,15,0.2449,396.34,2025-01-04,cancelada,2025-06-04,,,,,
CT0000361,GA0058,CLI001321,PAR010,correspondente,Automóvel,82300.0,80,0.1813,1235.84,2025-01-03,cancelada,2025-07-03,,,,,
CT0006518,GS0008,CLI000805,PAR007,digital,serviço,28100.0,48,0.212,721.23,2025-09-09,cancelada,2025-11-09,,,,,
CT0002019,GS0017,CLI002526,PAR005,bancario,Serviços,28900.0,36,0.2072,985.17,2025-11-01,ativa,,,,,,
CT0004003,GA0036,CLI003862,PAR005,bancario,auto,106200.0,72,0.1606,1741.39,2024-12-06,ativa,,,,,,
CT0001321,GA0045,CLI002766,PAR002,loja,automovel,71400.0,60,0.1858,1434.9,2025-09-14,ativa,,,,,,
CT0003408,GI0026,CLI003047,PAR001,digital,imóvel,627600.0,150,0.1983,5097.37,2025-09-01,ativa,,,,,,
CT0000208,GI0004,CLI005992,PAR003,correspondente,IMOVEIS,442500.0,200,0.2029,2705.67,2024-06-03,ativa,,,,,,
CT0008470,GA0032,CLI001426,PAR002,loja,Auto,85000.0,60,0.1679,1682.86,2023-08-26,ativa,,,,,,
CT0000969,GI0009,CLI003394,PAR012,interno,Imovel,339700.0,180,0.2181,2336.57,2026-01-13,ativa,,,,,,
CT0003809,GS0004,CLI002699,PAR001,digital,Servicos,13200.0,36,0.1885,443.12,2023-12-31,cancelada,2024-04-30,,,,,
CT0001094,GC0029,CLI000012,PAR008,correspondente,CELULAR,4400.0,24,0.2323,229.59,2023-10-24,quitada,,,,,,
CT0002415,GI0001,CLI004649,PAR002,loja,imóvel,416600.0,200,0.212,2566.26,2024-06-26,ativa,,,,,,
CT0001299,GI0022,CLI006915,PAR005,bancario,Imóveis,529500.0,200,0.2148,3269.13,2025-06-08,ativa,,,,,,
CT0001739,GC0004,CLI001570,PAR003,correspondente,Celular,2800.0,12,0.2459,295.38,2023-11-17,quitada,,,,,,
CT0007110,GS0033,CLI003351,PAR007,digital,Servicos,33700.0,48,0.2176,868.9,2025-08-12,cancelada,2026-03-12,,,,,
CT0008327,GS0033,CLI001420,PAR006,loja,serviço,20400.0,48,0.1799,509.96,2024-07-21,cancelada,2024-12-21,,,,,
CT0006720,GS0006,CLI003403,PAR003,correspondente,SERVICOS,26500.0,36,0.2054,902.03,2024-04-25,ativa,,,,,,
CT0005340,GA0043,CLI001216,PAR002,loja,auto,108700.0,72,0.1711,1798.23,2026-03-04,ativa,,,,,,
CT0008326,GA0070,CLI002901,PAR001,digital,auto,126900.0,60,0.1887,2556.4,2024-04-26,cancelada,2024-09-26,,,,,
CT0000161,GA0075,CLI003219,PAR002,loja,auto,76700.0,60,0.1817,1536.17,2025-10-03,ativa,,,,,,
CT0000822,GA0032,CLI005330,PAR008,correspondente,automovel,50000.0,60,0.1657,988.08,2024-10-24,cancelada,2024-11-24,,,,,
CT0000199,GI0014,CLI000129,PAR011,correspondente,Imóveis,579300.0,150,0.2053,4732.11,2023-12-22,ativa,,,,,,
CT0004221,GC0018,CLI001770,PAR099,digital,celular,8900.0,12,0.2331,929.38,2025-06-13,cancelada,2025-07-13,,,,,
CT0007179,GI0021,CLI004863,PAR006,loja,Imóveis,374000.0,200,0.1887,2260.27,2024-10-24,cancelada,2026-05-24,,,,,
CT0000719,GI0033,CLI001948,PAR011,correspondente,IMOVEIS,600200.0,200,0.1995,3659.72,2024-11-16,ativa,,,,,,
CT0008288,GC0060,CLI000869,PAR006,loja,celular,8100.0,24,0.2239,419.82,2026-02-20,ativa,,,,,,
CT0001447,GA0014,CLI000923,PAR001,digital,AUTO,52600.0,80,0.1694,782.03,2025-07-25,ativa,,,,,,
CT0006914,GA0069,CLI005453,PAR001,digital,auto,66100.0,80,0.1722,985.06,2026-01-07,ativa,,,,,,
CT0000170,GI0044,CLI000474,PAR012,interno,imoveis,505400.0,150,0.2057,4129.79,2026-05-20,ativa,,,,,,
CT0005743,GA0034,CLI002712,PAR011,correspondente,AUTO,96300.0,80,0.1778,1441.85,2025-08-08,ativa,,,,,,
CT0007455,GC0059,CLI000975,PAR008,correspondente,celular,7000.0,12,0.2446,737.68,2023-10-05,quitada,,,,,,
CT0004091,GI0008,CLI007027,PAR003,correspondente,imoveis,643600.0,180,0.2019,4368.97,2024-11-08,contemplada,,CTP000449,GI0008,2025-10-08,sorteio,0.0
CT0006879,GS0014,CLI004909,PAR004,,Serviços,6500.0,36,0.2102,222.12,2023-12-21,contemplada,,CTP000725,GS0014,2026-01-21,lance_fixo,1625.0
CT0007264,GI0020,CLI004750,PAR012,interno,Imovel,198700.0,180,0.1923,1338.24,2023-08-18,ativa,,,,,,
CT0003402,GA0040,CLI006226,PAR005,bancario,automovel,118600.0,72,0.1711,1962.01,2025-01-15,ativa,,,,,,
CT0005132,GS0037,CLI004023,PAR004,telemarketing,Serviços,24400.0,48,0.2137,627.13,2025-07-26,cancelada,2025-11-26,,,,,
CT0000051,GC0066,CLI002785,PAR004,telemarketing,CELULAR,6100.0,12,0.208,624.23,2024-10-30,cancelada,2025-07-30,,,,,
CT0004663,GI0012,CLI002548,PAR001,digital,Imovel,595600.0,150,0.2295,4961.35,2024-05-30,ativa,,,,,,
CT0003540,GS0016,CLI005411,PAR012,interno,Servicos,20600.0,24,0.2084,1054.38,2025-08-05,cancelada,2026-02-05,,,,,
CT0000341,GC0049,CLI000817,PAR001,digital,celular,8500.0,24,0.2159,437.71,2024-06-02,quitada,,,,,,
CT0002134,GA0071,CLI007178,PAR007,digital,Automóvel,45500.0,72,0.1432,735.08,2024-10-07,cancelada,2024-11-07,,,,,
CT0008083,GC0061,CLI003736,PAR009,digital,CELULAR,4900.0,24,0.2468,258.64,2023-12-31,cancelada,2025-02-28,,,,,
CT0002434,GI0014,CLI002216,PAR003,correspondente,Imóveis,589200.0,150,0.2015,4798.05,2024-07-08,ativa,,,,,,
CT0003485,GA0058,CLI007017,PAR002,loja,automovel,72400.0,80,0.1679,1075.05,2024-03-23,ativa,,,,,,
CT0008343,GC0055,CLI005047,PAR006,loja,CELULAR,6700.0,24,0.2223,346.81,2025-05-29,ativa,,,,,,
CT0008553,GC0011,CLI006063,PAR007,digital,CELULAR,7500.0,12,0.2252,778.25,2024-12-29,cancelada,2025-03-29,,,,,
CT0004387,GC0005,CLI003273,PAR007,digital,celular,7400.0,24,0.2245,383.72,2025-02-17,cancelada,2025-04-17,,,,,
CT0002149,GI0021,CLI000989,PAR005,bancario,Imovel,595800.0,200,0.1935,3615.02,2025-12-19,contemplada,,CTP000236,GI0021,2026-01-19,lance_livre,250391.63
CT0005561,GA0054,CLI006082,PAR010,correspondente,Auto,45800.0,72,0.1823,764.8,2026-04-23,ativa,,,,,,
CT0001289,GA0007,CLI000773,PAR002,loja,auto,109000.0,72,0.1673,1797.44,2026-02-06,contemplada,,CTP000139,GA0007,2026-07-06,sorteio,0.0
CT0006802,GI0004,CLI007182,PAR003,correspondente,IMOVEIS,582500.0,200,0.2041,3565.19,2024-01-12,cancelada,2026-04-12,CTP000717,GI0004,2025-01-12,sorteio,0.0
CT0001573,GA0020,CLI005895,PAR001,digital,AUTO,54900.0,80,0.1637,812.31,2024-12-09,ativa,,,,,,
CT0004282,GC0054,CLI001402,PAR007,digital,Celular,7700.0,12,0.2063,786.88,2025-01-21,cancelada,2025-09-21,,,,,
CT0002432,GA0074,CLI004327,PAR006,loja,automovel,47000.0,80,0.1608,693.72,2026-01-27,ativa,,,,,,
CT0006312,GI0043,CLI002378,PAR012,interno,imoveis,555100.0,150,0.1928,4488.17,2023-03-23,contemplada,,CTP000657,GI0043,2025-04-23,lance_livre,102840.02
CT0005104,GC0031,CLI005979,PAR007,digital,CELULAR,7000.0,24,0.2172,360.85,2025-10-18,cancelada,2026-04-18,,,,,
CT0000817,GS0005,CLI004307,PAR008,correspondente,Serviços,12100.0,48,0.2044,308.65,2026-04-07,ativa,,,,,,
CT0005406,GC0018,CLI004375,PAR006,loja,Celular,8700.0,12,0.23,906.25,2024-05-17,cancelada,2024-09-17,,,,,
CT0007361,GA0026,CLI005015,PAR008,correspondente,Automóvel,87500.0,72,0.129,1396.35,2026-05-24,cancelada,2026-08-24,,,,,
CT0000655,GA0030,CLI001312,PAR001,digital,Automóvel,62000.0,72,0.1825,1035.49,2024-07-01,cancelada,2025-03-01,,,,,
CT0008386,GA0052,CLI004221,PAR007,digital,Automóvel,121200.0,60,0.1678,2399.36,2025-02-14,ativa,,,,,,
CT0001269,GA0035,CLI005304,PAR001,digital,auto,79800.0,80,0.1615,1178.55,2025-12-05,ativa,,,,,,
CT0006006,GI0016,CLI006043,PAR005,bancario,Imóveis,276900.0,200,0.1878,1672.2,2024-01-10,ativa,,,,,,
CT0005372,GC0065,CLI002526,PAR004,telemarketing,CELULAR,7700.0,18,0.2326,535.83,2025-08-19,cancelada,2025-11-19,,,,,
CT0001781,GC0014,CLI005929,PAR007,digital,CELULAR,4900.0,24,0.2559,260.5,2024-11-10,cancelada,2025-02-10,,,,,
CT0005221,GI0029,CLI003503,PAR010,correspondente,Imóveis,260500.0,200,0.1837,1567.82,2023-07-13,ativa,,,,,,
CT0005381,GC0029,CLI004796,PAR004,telemarketing,CELULAR,6400.0,24,0.2461,337.63,2026-07-23,ativa,,,,,,
CT0008066,GA0067,CLI005588,PAR001,digital,automovel,89200.0,80,0.1907,1349.93,2024-11-12,ativa,,,,,,
CT0005701,GS0010,CLI000815,PAR004,telemarketing,Servicos,19100.0,24,0.1995,970.52,2023-12-19,cancelada,2024-12-19,,,,,
CT0006380,GC0019,CLI005001,PAR007,digital,CELULAR,5700.0,18,0.2069,388.52,2024-08-06,cancelada,2025-03-06,,,,,
CT0006782,GA0003,CLI005330,PAR004,telemarketing,Automóvel,102100.0,60,0.1734,2030.77,2025-10-25,cancelada,2026-07-25,,,,,
CT0005810,GA0057,CLI004863,PAR005,bancario,Auto,85300.0,60,0.1621,1680.55,2025-06-27,cancelada,2025-08-27,,,,,
CT0001359,GA0042,CLI002328,PAR008,correspondente,Automóvel,67300.0,60,0.1461,1307.98,2026-06-04,ativa,,,,,,
CT0002490,GC0005,CLI003149,PAR001,digital,CELULAR,2400.0,24,0.2329,125.29,2025-03-18,ativa,,,,,,
CT0002872,GA0002,CLI004079,PAR006,loja,auto,75400.0,60,0.1653,1489.53,2025-03-24,ativa,,,,,,
CT0007950,GC0005,CLI001946,PAR099,digital,celular,6900.0,24,0.2313,359.75,2025-09-26,cancelada,2025-10-26,,,,,
CT0000777,GC0020,CLI004278,PAR005,bancario,Celular,5600.0,24,0.2298,291.62,2026-07-30,ativa,,,,,,
CT0004311,GA0035,CLI004445,PAR002,loja,Automóvel,48200.0,80,0.1916,729.99,2025-04-15,ativa,,,,,,
CT0003306,GS0008,CLI000276,PAR010,correspondente,Servicos,27100.0,48,0.2242,702.45,2026-05-21,ativa,,,,,,
CT0003558,GS0000,CLI002277,PAR012,interno,SERVICOS,32100.0,36,0.2065,1093.63,2024-11-05,cancelada,2025-08-05,,,,,
CT0001225,GA0023,CLI002785,PAR012,,Auto,55000.0,72,0.1846,920.18,2024-05-29,ativa,,,,,,
CT0007734,GA0047,CLI002836,PAR002,loja,AUTO,68100.0,60,0.1901,1373.46,2024-10-21,contemplada,,CTP000818,GA0047,2025-04-21,sorteio,0.0
CT0007135,GC0035,CLI004886,PAR007,digital,smartphone,6400.0,24,0.2499,338.64,2025-04-07,cancelada,2025-11-07,,,,,
CT0003918,GS0029,CLI004547,PAR005,bancario,SERVICOS,34100.0,24,0.1795,1704.29,2024-11-11,ativa,,,,,,
CT0002612,GC0008,CLI003751,PAR009,digital,CELULAR,3200.0,18,0.2321,222.6,2025-04-05,cancelada,2025-12-05,,,,,
CT0002711,GI0002,CLI003851,PAR011,correspondente,imóvel,586000.0,180,0.2017,3977.31,2023-12-28,cancelada,2024-08-28,,,,,
CT0006332,GS0010,CLI000892,PAR005,bancario,Serviços,8600.0,24,0.1905,433.76,2024-11-26,ativa,,,,,,
CT0004873,GA0075,CLI000740,PAR006,loja,AUTO,109600.0,60,0.1669,2168.07,2025-01-21,ativa,,,,,,
CT0007933,GC0044,CLI000452,PAR005,bancario,celular,4900.0,12,0.2469,517.32,2024-02-23,quitada,,,,,,
CT0000816,GI0005,CLI003573,PAR003,correspondente,imóvel,350800.0,200,0.2157,2167.42,2023-06-15,ativa,,,,,,
CT0006320,GI0023,CLI003185,PAR002,loja,Imóveis,578600.0,200,0.1775,3464.37,2026-06-06,ativa,,,,,,
CT0001672,GC0019,CLI003121,PAR006,loja,CELULAR,5700.0,18,0.259,405.02,2026-06-28,ativa,,,,,,
CT0007972,GC0067,CLI005285,PAR009,digital,smartphone,7200.0,15,0.2458,607.58,2024-03-12,cancelada,2025-02-12,,,,,
CT0000158,GC0006,CLI003522,PAR006,loja,Celular,8700.0,18,0.2215,600.06,2026-01-05,cancelada,2026-05-05,,,,,
CT0003195,GA0054,CLI001243,PAR004,telemarketing,Auto,46000.0,72,0.1829,768.52,2026-01-07,ativa,,,,,,
CT0000980,GA0003,CLI002788,PAR010,correspondente,AUTO,57400.0,60,0.1813,1149.24,2024-11-22,cancelada,2025-02-22,,,,,
CT0003900,GA0000,CLI004748,PAR005,,automovel,94700.0,60,0.1745,1885.32,2025-11-11,ativa,,,,,,
CT0005930,GI0036,CLI001648,PAR003,correspondente,Imóveis,627200.0,180,0.1884,4210.6,2024-04-17,ativa,,,,,,
CT0006952,GC0051,CLI005094,PAR005,bancario,celular,3100.0,24,0.2321,161.73,2023-12-05,cancelada,2024-08-05,,,,,
CT0007794,GI0000,CLI003051,PAR005,bancario,imoveis,537000.0,150,0.1907,4334.31,2024-03-18,ativa,,,,,,
CT0000725,GC0059,CLI003253,PAR007,digital,smartphone,4600.0,12,0.2358,481.39,2025-04-01,cancelada,2025-11-01,,,,,
CT0002465,GC0045,CLI002255,PAR004,telemarketing,smartphone,7800.0,18,0.2354,544.01,2024-09-05,cancelada,2025-01-05,,,,,
CT0003150,GA0044,CLI005018,PAR005,bancario,AUTO,100700.0,60,0.1514,1966.0,2024-07-25,ativa,,,,,,
CT0004946,GS0015,CLI001095,PAR003,correspondente,SERVICOS,20800.0,24,0.2116,1067.39,2023-07-08,quitada,,CTP000536,GS0015,2025-01-08,sorteio,0.0
CT0000262,GC0021,CLI005057,PAR007,digital,smartphone,7200.0,12,0.2243,746.58,2025-01-10,cancelada,2025-09-10,,,,,
CT0000264,GA0011,CLI004580,PAR002,loja,Auto,88600.0,72,0.1817,1478.76,2025-08-24,ativa,,,,,,
CT0008011,GA0031,CLI001648,PAR002,loja,AUTO,45100.0,72,0.1755,748.85,2025-11-10,ativa,,,,,,
CT0001716,GI0025,CLI003404,PAR012,interno,IMOVEIS,390600.0,150,0.1662,3088.86,2026-02-03,ativa,,,,,,
CT0002025,GA0068,CLI006980,PAR009,digital,Automóvel,55700.0,72,0.1674,918.59,2024-12-14,ativa,,,,,,
CT0006186,GC0041,CLI004684,PAR004,telemarketing,celular,4100.0,24,0.2156,211.08,2026-06-30,ativa,,,,,,
CT0008029,GC0006,CLI002499,PAR004,telemarketing,CELULAR,7300.0,18,0.2266,505.57,2025-03-16,cancelada,2026-03-16,,,,,
CT0006034,GA0084,CLI004318,PAR002,loja,Automóvel,54200.0,60,0.1661,1071.44,2025-08-17,ativa,,,,,,
CT0007960,GS0026,CLI000697,PAR007,digital,serviço,26800.0,48,0.2123,688.03,2024-11-09,ativa,,,,,,
CT0001727,GC0011,CLI000507,PAR009,digital,celular,3100.0,12,0.2489,327.8,2025-12-22,ativa,,,,,,
CT0002566,GA0049,CLI003392,PAR001,digital,Auto,123400.0,60,0.1601,2427.07,2025-05-17,ativa,,,,,,
CT0001437,GA0076,CLI002326,PAR002,loja,Auto,108700.0,72,0.1578,1778.15,2024-04-06,contemplada,,CTP000161,GA0076,2025-03-06,lance_fixo,27175.0
CT0000967,GC0004,CLI001408,PAR007,digital,smartphone,3300.0,12,0.2341,344.88,2024-11-15,cancelada,2025-05-15,,,,,
CT0008336,GA0078,CLI006329,PAR001,digital,auto,93200.0,72,0.1569,1523.43,2024-01-18,cancelada,2025-03-18,,,,,
CT0000043,GA0002,CLI000873,PAR002,,Automóvel,45400.0,60,0.1568,890.45,2025-09-30,ativa,,,,,,
CT0005880,GA0068,CLI002677,PAR002,loja,Auto,47900.0,72,0.1595,784.7,2025-04-06,ativa,,,,,,
CT0007117,GI0001,CLI004802,PAR005,bancario,Imóveis,441900.0,200,0.19,2673.49,2026-04-14,ativa,,,,,,
CT0005629,GI0026,CLI003343,PAR007,digital,IMOVEIS,530400.0,150,0.1998,4313.21,2025-09-15,cancelada,2026-01-15,,,,,
CT0003346,GC0033,CLI000615,PAR001,digital,CELULAR,9000.0,15,0.2316,750.96,2023-05-10,cancelada,2023-06-10,,,,,
CT0007343,GA0053,CLI001622,PAR004,telemarketing,auto,105900.0,80,0.1521,1551.57,2025-12-06,ativa,,,,,,
CT0006432,GC0020,CLI005814,PAR007,digital,CELULAR,4500.0,24,0.2377,235.82,2025-06-12,cancelada,2025-12-12,,,,,
CT0003950,GC0004,CLI006023,PAR009,digital,Celular,2900.0,12,0.233,302.81,2026-01-11,cancelada,2026-05-11,,,,,
CT0001875,GA0024,CLI004433,PAR010,correspondente,AUTO,58300.0,72,0.1772,969.4,2023-07-24,ativa,,,,,,
CT0001853,GA0012,CLI006276,PAR001,digital,AUTO,51400.0,80,0.1769,769.01,2025-02-08,contemplada,,CTP000205,GA0012,2025-09-08,sorteio,0.0
CT0006347,GA0046,CLI000796,PAR006,loja,Auto,86600.0,72,0.1671,1427.82,2024-03-02,contemplada,,CTP000661,GA0046,2025-01-02,lance_fixo,21650.0
CT0004043,GA0073,CLI004841,PAR006,loja,Automóvel,47600.0,80,0.1586,701.27,2026-01-11,cancelada,2026-08-11,,,,,
CT0006426,GC0067,CLI004669,PAR004,telemarketing,CELULAR,3200.0,15,0.2481,270.53,2025-10-15,cancelada,2026-03-15,,,,,
CT0007138,GC0019,CLI002342,PAR004,telemarketing,CELULAR,2700.0,18,0.2469,190.04,2024-06-15,cancelada,2024-11-15,,,,,
CT0005375,GC0037,CLI002733,PAR009,digital,Celular,4100.0,24,0.2337,214.17,2026-05-28,ativa,,,,,,
CT0004713,GI0033,CLI005325,PAR012,interno,imoveis,382000.0,200,0.2068,2343.19,2024-10-20,ativa,,,,,,
CT0005264,GA0045,CLI000297,PAR002,loja,Automóvel,66600.0,60,0.1733,1324.56,2025-08-14,contemplada,,CTP000563,GA0045,2025-10-14,sorteio,0.0
CT0003814,GI0036,CLI003052,PAR012,interno,imoveis,261000.0,180,0.2084,1781.18,2026-06-15,ativa,,,,,,
CT0001808,GA0061,CLI003464,PAR002,loja,AUTO,129800.0,80,0.1635,1920.23,2024-12-18,ativa,,,,,,
CT0000474,GC0063,CLI005230,PAR007,digital,CELULAR,5300.0,15,0.2093,434.35,2025-02-19,cancelada,2025-05-19,CTP000059,GC0063,2025-03-19,sorteio,0.0
CT0005589,GA0080,CLI000748,PAR008,correspondente,Automóvel,57500.0,60,0.1713,1141.66,2026-01-07,ativa,,,,,,
CT0003234,GI0036,CLI001667,PAR010,correspondente,Imovel,322500.0,180,0.1907,2169.17,2026-01-01,ativa,,,,,,
CT0001607,GI0010,CLI005656,PAR003,correspondente,imóvel,499900.0,180,0.2031,3396.82,2025-09-25,ativa,,,,,,
CT0005910,GA0079,CLI006617,PAR002,loja,Auto,69000.0,72,0.1825,1152.4,2025-09-14,ativa,,,,,,
CT0003915,GA0050,CLI000975,PAR002,loja,auto,95900.0,80,0.158,1412.13,2025-06-15,ativa,,,,,,
CT0007068,GA0000,CLI000536,PAR002,loja,automovel,114100.0,60,0.1729,2268.5,2025-10-22,contemplada,,CTP000746,GA0000,2026-06-22,lance_livre,16063.0
CT0007391,GC0000,CLI000028,PAR006,loja,Celular,8000.0,18,0.2382,559.2,2025-09-28,cancelada,2026-01-28,,,,,
CT0004367,GS0022,CLI004767,PAR009,digital,SERVICOS,11300.0,24,0.1966,572.82,2023-05-28,cancelada,2024-08-28,,,,,
