id_cliente,nome_cliente,data_nascimento,uf,ocupacao,renda_declarada,score_credito,data_cadastro
CLI000000,Ursula Martins Pereira,1972-11-14,MG,Assalariado CLT,5401.24,636,2023-06-16
CLI000001,Wagner Almeida Oliveira,1980-12-08,PE,Profissional Liberal,8689.68,472,2023-06-10
CLI000002,Yara Silva Carvalho,1974-10-28,SP,Aposentado,4708.31,777,2026-05-25
CLI000003,Ana Rocha Rodrigues,1988-08-27,RS,Servidor Publico,1349.94,810,2023-10-17
CLI000004,Isabela Rodrigues Teixeira,2004-12-05,SP,Estudante,2857.31,660,2025-07-18
CLI000005,Bruno Oliveira Rocha,1984-09-01,RJ,Empresario,3489.45,663,2024-10-02
CLI000006,Carla Ferreira Oliveira,1982-10-25,,Profissional Liberal,,515,2025-07-10
CLI000007,Eduarda Santos Ribeiro,1979-01-23,SC,Assalariado CLT,3964.68,589,2023-01-27
CLI000008,Amanda Oliveira Gomes,1993-10-27,SC,Assalariado CLT,7440.17,571,2025-02-16
CLI000009,Carla Araujo Nunes,1995-07-07,RJ,,10820.78,623,2021-09-16
CLI000010,Isabela Rodrigues Santos,1976-08-06,SP,,13587.12,435,2024-09-19
CLI000011,Yara Souza Almeida,2006-09-09,RS,Servidor Publico,8312.74,530,2022-11-27
CLI000012,Thiago Rodrigues Costa,1982-04-01,RJ,Empresario,5851.14,778,2024-07-11
CLI000013,Ursula Nunes Teixeira,1972-03-11,SP,Assalariado CLT,5929.49,589,2026-05-19
CLI000014,Isabela Nunes Martins,1972-09-11,RS,Assalariado CLT,2767.47,646,2023-09-11
CLI000015,Isabela Nunes Ferreira,2007-03-12,SP,Autonomo,,542,2023-05-23
CLI000016,Queren Martins Costa,1990-06-03,PE,Autonomo,3919.4,628,2025-07-30
CLI000017,Zeca Carvalho Barbosa,1984-10-12,DF,Autonomo,23401.55,655,2025-04-22
CLI000018,Paulo Almeida Ferreira,1995-08-17,SP,Aposentado,6104.53,496,2022-03-19
CLI000019,Olivia Souza Carvalho,1981-05-09,RJ,Assalariado CLT,3914.82,663,2023-10-27
CLI000020,Zeca Lima Martins,2003-01-01,MG,,10889.94,728,2022-03-26
CLI000021,Yara Rocha Oliveira,1955-12-18,MG,Empresario,6121.9,534,2023-04-21
CLI000022,Ana Carvalho Souza,1976-04-01,MT,Autonomo,5788.8,693,2025-10-27
CLI000023,Paulo Nunes Ribeiro,1996-04-10,SP,Servidor Publico,10702.0,587,2021-11-02
CLI000024,Nelson Lima Teixeira,1966-09-23,SP,Assalariado CLT,3735.74,481,2021-11-08
CLI000025,Ana Santos Pereira,1992-06-04,,Autonomo,9524.7,299,2024-06-01
CLI000026,Thiago Carvalho Almeida,1988-12-03,MG,Aposentado,4235.71,631,2024-05-02
CLI000027,Lucas Rodrigues Nunes,1978-10-05,PE,,5618.27,870,2023-07-23
CLI000028,Karina Martins Martins,1996-04-11,MG,Assalariado CLT,4474.63,648,2022-07-09
CLI000029,Mariana Costa Oliveira,1987-01-26,SP,,3118.76,674,2022-06-26
CLI000030,Vinicius Araujo Ferreira,1982-09-07,PA,Empresario,1896.96,775,2025-06-12
CLI000031,Carla Oliveira Rodrigues,1998-12-08,RS,Autonomo,3896.59,464,2026-06-13
CLI000032,Thiago Ribeiro Carvalho,1965-09-11,MG,,2191.03,634,2025-05-22
CLI000033,Rodrigo Moraes Araujo,2001-03-15,ES,Assalariado CLT,3595.23,536,2022-01-01
CLI000034,Yara Pereira Teixeira,1970-03-22,SP,Assalariado CLT,3168.13,520,2025-10-02
CLI000035,Wagner Carvalho Rocha,1978-11-23,CE,,2462.0,633,2023-08-08
CLI000036,Zeca Lima Araujo,1983-03-24,BA,Empresario,3194.97,792,2021-08-27
CLI000037,Sabrina Rocha Pereira,1980-06-06,CE,Assalariado CLT,,550,2025-07-15
CLI000038,Amanda Oliveira Pereira,1990-02-12,SP,Assalariado CLT,1406.92,561,2026-01-27
CLI000039,Queren Moraes Martins,1979-05-16,RS,Assalariado CLT,1850.98,692,2022-03-25
CLI000040,Rafael Lima Ferreira,2006-04-28,MG,Assalariado CLT,5176.7,554,2022-04-21
CLI000041,Marcelo Martins Araujo,1978-04-28,RS,Profissional Liberal,5698.9,493,2026-06-15
CLI000042,Wagner Almeida Lima,1996-02-09,PA,Autonomo,3781.02,593,2023-04-06
CLI000043,Ana Pereira Araujo,2007-06-05,MG,Assalariado CLT,7605.32,643,2023-05-16
CLI000044,Rodrigo Barbosa Gomes,1981-01-12,BA,Estudante,,657,2023-10-30
CLI000045,Felipe Barbosa Costa,1992-07-25,PR,Profissional Liberal,,541,2025-07-15
CLI000046,Paulo Carvalho Oliveira,1988-05-16,SP,Assalariado CLT,8436.08,316,2021-11-02
CLI000047,Bruno Santos Araujo,1996-07-22,MG,Assalariado CLT,4127.04,749,2026-02-16
CLI000048,Ursula Lima Nunes,1996-07-07,SP,Aposentado,6609.75,578,2021-08-22
CLI000049,Ana Costa Nunes,1986-03-27,GO,Aposentado,4102.58,446,2024-04-14
CLI000050,Henrique Araujo Rocha,1972-05-02,MG,Profissional Liberal,,406,2022-10-10
CLI000051,Felipe Souza Martins,1999-08-15,SP,Profissional Liberal,2335.28,660,2022-01-30
CLI000052,Ana Carvalho Martins,1976-03-11,PE,Autonomo,,397,2022-11-04
CLI000053,Paulo Martins Ferreira,2007-07-04,GO,Aposentado,4971.13,726,2023-02-02
CLI000054,Henrique Teixeira Moraes,1989-08-03,SC,Assalariado CLT,,869,2023-06-11
CLI000055,Paulo Nunes Martins,1978-05-08,SP,Assalariado CLT,6151.05,769,2025-04-26
CLI000056,Karina Ribeiro Carvalho,1984-05-13,MG,Aposentado,,437,2025-05-01
CLI000057,Ursula Rocha Santos,1969-06-29,BA,Estudante,4710.14,631,2022-12-16
CLI000058,Ana Almeida Oliveira,1986-02-03,PA,Autonomo,,732,2026-02-16
CLI000059,Nelson Barbosa Oliveira,1998-05-16,RJ,Aposentado,4257.12,507,2022-08-01
CLI000060,Ana Ribeiro Pereira,1974-01-17,PE,Assalariado CLT,9015.66,743,2024-09-09
CLI000061,Isabela Gomes Carvalho,1980-09-07,RS,Autonomo,10385.29,754,2026-05-09
CLI000062,Ana Teixeira Santos,1991-11-24,RS,Empresario,5468.66,540,2026-02-02
CLI000063,Ursula Souza Teixeira,1981-10-22,DF,Assalariado CLT,2306.66,540,2023-05-08
CLI000064,Olivia Nunes Rodrigues,2007-07-31,RJ,,4760.22,609,2025-05-07
CLI000065,Ursula Araujo Araujo,1966-11-14,SP,Assalariado CLT,2323.37,553,2023-10-16
CLI000066,Wagner Ribeiro Carvalho,1989-09-26,RS,Assalariado CLT,15231.75,621,2026-01-29
CLI000067,Ana Martins Barbosa,1946-09-25,RS,Assalariado CLT,,516,2023-04-29
CLI000068,Lucas Costa Rocha,1982-08-14,ES,Assalariado CLT,4715.79,648,2023-05-02
CLI000069,Karina Pereira Ferreira,2003-06-20,SP,,4508.79,615,2021-12-01
CLI000070,Olivia Santos Moraes,1986-06-03,BA,Assalariado CLT,5557.46,475,2024-11-25
CLI000071,Joao Araujo Gomes,1985-10-06,MT,Estudante,4076.53,591,2023-05-30
CLI000072,Marcelo Lima Barbosa,1999-03-30,CE,Autonomo,5592.2,768,2022-02-12
CLI000073,Nelson Souza Oliveira,1991-10-26,PE,Empresario,3629.31,609,2025-05-03
CLI000074,Isabela Silva Gomes,2004-08-16,DF,Assalariado CLT,,619,2022-09-01
CLI000075,Felipe Ribeiro Martins,1988-06-27,RS,Autonomo,2118.05,611,2022-07-23
CLI000076,Henrique Rodrigues Rodrigues,1973-12-12,SP,Assalariado CLT,9582.13,797,2022-11-16
CLI000077,Joao Rodrigues Pereira,1996-03-05,BA,Autonomo,5033.75,531,2025-10-07
CLI000078,Nelson Santos Ferreira,1984-10-31,SP,Autonomo,4692.54,663,2026-05-29
CLI000079,Lucas Oliveira Souza,1998-10-02,MG,Autonomo,4427.17,727,2021-12-28
CLI000080,Nelson Ribeiro Moraes,1982-07-10,RJ,Autonomo,3749.83,647,2025-09-24
CLI000081,Queren Santos Teixeira,1980-04-29,SC,Autonomo,6285.92,455,2021-11-25
CLI000082,Wagner Rodrigues Nunes,1981-05-19,SP,Estudante,12739.49,631,2024-10-31
CLI000083,Yara Oliveira Nunes,1989-07-07,PR,Assalariado CLT,2950.83,723,2022-05-26
CLI000084,Patricia Costa Rocha,1997-01-03,BA,Profissional Liberal,2450.91,746,2024-08-20
CLI000085,Juliana Ribeiro Barbosa,2004-08-17,RS,Aposentado,5389.88,701,2025-05-15
CLI000086,Wagner Souza Costa,1978-04-22,MG,Empresario,3875.29,541,2026-05-18
CLI000087,Rafael Rodrigues Carvalho,1986-10-05,RS,Empresario,5817.85,706,2023-08-25
CLI000088,Karina Ribeiro Santos,1990-05-05,PR,Empresario,6925.91,608,2024-12-22
CLI000089,Eduarda Gomes Teixeira,1980-10-21,SP,Empresario,2174.2,789,2022-06-30
CLI000090,Diego Pereira Rocha,1988-10-02,SP,,3793.95,684,2026-03-11
CLI000091,Wagner Pereira Costa,2007-01-16,MG,Estudante,3729.57,320,2024-03-26
CLI000092,Lucas Carvalho Araujo,1991-09-15,RS,Profissional Liberal,6315.74,538,2024-09-08
CLI000093,Vinicius Ferreira Nunes,1977-01-13,MG,,2586.42,729,2023-08-26
CLI000094,Patricia Silva Carvalho,1978-09-03,GO,Autonomo,2585.08,659,2025-06-18
CLI000095,Thiago Pereira Costa,2002-05-29,PE,Assalariado CLT,,632,2023-01-25
CLI000096,Gabriela Almeida Silva,1991-08-18,SC,Aposentado,9433.15,526,2023-04-26
CLI000097,Diego Almeida Ferreira,1985-09-01,SP,Assalariado CLT,,459,2021-10-06
CLI000098,Mariana Martins Santos,1951-09-24,SC,Assalariado CLT,3249.7,790,2022-04-28
CLI000099,Vinicius Ribeiro Barbosa,1984-06-28,RS,Autonomo,3629.44,422,2022-11-07
CLI000100,Paulo Silva Moraes,1976-08-20,,Empresario,5228.22,520,2024-03-21
CLI000101,Felipe Nunes Lima,1974-08-13,RJ,Assalariado CLT,10097.22,758,2023-04-03
CLI000102,Yara Almeida Costa,2002-06-07,SC,Autonomo,2856.49,772,2025-05-20
CLI000103,Patricia Santos Costa,1988-07-06,BA,Assalariado CLT,4980.37,615,2024-03-09
CLI000104,Bruno Santos Silva,1985-04-30,SC,Assalariado CLT,2936.92,572,2024-11-24
CLI000105,Queren Rodrigues Ferreira,1987-11-06,SP,Assalariado CLT,,485,2024-05-13
CLI000106,Wagner Rodrigues Gomes,1984-12-14,MG,Assalariado CLT,4784.23,593,2023-12-17
CLI000107,Wagner Santos Costa,1992-06-28,SP,Servidor Publico,4717.37,694,2021-12-08
CLI000108,Lucas Souza Nunes,1973-09-30,CE,Estudante,5536.07,533,2023-08-08
CLI000109,Olivia Rocha Teixeira,2007-05-19,RJ,Autonomo,1941.15,447,2025-05-15
CLI000110,Queren Rodrigues Silva,1955-09-27,BA,Assalariado CLT,14286.64,562,2024-08-23
CLI000111,Karina Barbosa Souza,1997-04-13,SP,Autonomo,,396,2022-06-12
CLI000112,Joao Almeida Silva,1975-08-29,PA,Empresario,2846.57,685,2022-09-11
CLI000113,Zeca Ferreira Ribeiro,1977-09-24,SP,Assalariado CLT,4283.76,803,2024-01-03
CLI000114,Rafael Araujo Santos,2000-04-02,RS,Assalariado CLT,2632.13,795,2022-09-01
CLI000115,Karina Almeida Lima,1987-08-12,MG,Assalariado CLT,3123.32,515,2026-04-15
CLI000116,Sabrina Rocha Santos,1990-12-01,SP,Autonomo,4165.98,511,2022-03-03
CLI000117,Diego Ribeiro Rocha,2000-02-21,MT,Assalariado CLT,10630.39,606,2022-09-07
CLI000118,Mariana Teixeira Ribeiro,1976-09-28,ES,Autonomo,3269.78,676,2022-06-26
CLI000119,Olivia Oliveira Rocha,1984-05-06,SP,Assalariado CLT,5725.85,503,2025-08-19
CLI000120,Amanda Nunes Nunes,1997-11-12,DF,Profissional Liberal,13277.46,545,2024-10-20
CLI000121,Juliana Barbosa Almeida,1988-03-16,PR,Autonomo,1777.89,727,2023-06-26
CLI000122,Joao Costa Souza,1976-03-02,,Assalariado CLT,4564.69,831,2025-04-03
CLI000123,Paulo Ribeiro Moraes,1990-09-28,PR,Empresario,4533.61,590,2026-08-08
CLI000124,Bruno Teixeira Barbosa,1967-09-09,SP,Empresario,3705.35,652,2021-08-27
CLI000125,Eduarda Araujo Lima,1981-03-03,RS,Assalariado CLT,4083.96,759,2024-06-23
CLI000126,Yara Araujo Barbosa,2001-08-10,SP,Servidor Publico,4608.21,865,2022-12-26
CLI000127,Carla Moraes Gomes,2006-10-24,SP,Autonomo,5484.81,716,2026-06-14
CLI000128,Rodrigo Lima Barbosa,2007-01-12,PR,Autonomo,6842.08,705,2026-07-21
CLI000129,Rodrigo Gomes Lima,2006-10-31,MG,Assalariado CLT,,450,2025-04-16
CLI000130,Rodrigo Nunes Rocha,1988-02-02,RJ,Assalariado CLT,5902.6,413,2022-06-14
CLI000131,Marcelo Rodrigues Teixeira,2004-06-14,SP,,5387.5,731,2024-02-05
CLI000132,Karina Lima Ribeiro,1998-04-02,SP,Empresario,8050.24,644,2026-07-07
CLI000133,Eduarda Nunes Almeida,1953-08-18,BA,Estudante,4094.67,500,2024-01-11
CLI000134,Marcelo Rodrigues Teixeira,1982-04-12,DF,Aposentado,2969.01,722,2021-11-09
CLI000135,Vinicius Rodrigues Santos,1980-10-01,PE,Assalariado CLT,,677,2025-08-08
CLI000136,Nelson Gomes Souza,1975-02-26,ES,Assalariado CLT,,713,2023-01-24
CLI000137,Diego Moraes Martins,1970-10-29,DF,Assalariado CLT,8475.59,412,2026-04-03
CLI000138,Yara Lima Moraes,1979-03-26,BA,Autonomo,5218.17,643,2025-02-28
CLI000139,Diego Santos Carvalho,1987-08-04,GO,Autonomo,,613,2022-08-08
CLI000140,Patricia Araujo Lima,1968-05-20,SP,Autonomo,3339.63,663,2026-07-09
CLI000141,Queren Silva Almeida,1979-07-07,SP,,1950.64,755,2022-05-17
CLI000142,Rafael Gomes Lima,1982-02-27,PR,Aposentado,7002.93,606,2025-08-23
CLI000143,Olivia Lima Nunes,1970-03-25,DF,Assalariado CLT,10917.29,501,2023-04-06
CLI000144,Yara Souza Rocha,1988-06-29,RS,Assalariado CLT,5955.85,788,2025-01-01
CLI000145,Wagner Souza Ribeiro,1978-07-23,BA,Autonomo,7422.04,573,2021-10-15
CLI000146,Paulo Rodrigues Ferreira,1990-09-30,SP,Autonomo,1200.0,439,2023-09-29
CLI000147,Rafael Moraes Silva,1968-03-13,PA,Autonomo,4275.7,642,2025-03-23
CLI000148,Bruno Teixeira Nunes,1979-03-19,CE,Autonomo,4379.81,553,2024-10-29
CLI000149,Patricia Moraes Carvalho,1964-04-18,RS,Servidor Publico,,731,2023-06-25
CLI000150,Paulo Barbosa Carvalho,2001-04-26,SP,Autonomo,2011.51,416,2022-04-16
CLI000151,Queren Oliveira Santos,2006-09-18,SP,Assalariado CLT,4153.59,583,2023-08-12
CLI000152,Isabela Souza Carvalho,1978-10-31,MG,Autonomo,5019.28,648,2022-07-05
CLI000153,Lucas Oliveira Carvalho,1982-02-12,RJ,Assalariado CLT,5222.96,525,2023-10-01
CLI000154,Olivia Lima Nunes,1982-03-24,SP,Assalariado CLT,2291.47,695,2025-09-28
CLI000155,Vinicius Lima Teixeira,1981-11-30,MG,Assalariado CLT,4099.93,669,2023-06-18
CLI000156,Diego Teixeira Lima,1979-02-17,DF,Autonomo,8145.94,349,2025-06-15
CLI000157,Olivia Martins Nunes,1988-10-11,PA,Servidor Publico,,436,2023-06-06
CLI000158,Nelson Ferreira Ferreira,1971-03-06,PE,Autonomo,4206.39,327,2023-09-03
CLI000159,Felipe Gomes Santos,1998-10-27,MT,Aposentado,16243.18,493,2022-03-23
CLI000160,Rodrigo Ribeiro Martins,1975-01-15,MG,Autonomo,5414.91,592,2026-05-03
CLI000161,Wagner Santos Martins,1978-09-20,RS,Aposentado,5974.26,402,2021-08-24
CLI000162,Ursula Moraes Pereira,1993-09-29,SP,Empresario,7542.81,713,2026-03-17
CLI000163,Karina Moraes Barbosa,1999-05-28,RS,Autonomo,,520,2025-02-19
CLI000164,Henrique Carvalho Ribeiro,1987-10-30,SP,Autonomo,5777.55,604,2022-09-12
CLI000165,Rodrigo Rodrigues Carvalho,2006-11-10,SP,Assalariado CLT,5792.68,761,2023-04-30
CLI000166,Wagner Barbosa Nunes,2007-03-27,CE,Empresario,8387.64,481,2024-01-13
CLI000167,Thiago Nunes Lima,1993-09-28,SP,Empresario,5909.65,665,2022-01-25
CLI000168,Wagner Souza Souza,1972-04-06,MG,Servidor Publico,10239.57,426,2023-12-15
CLI000169,Sabrina Pereira Oliveira,1988-05-31,SP,Profissional Liberal,3685.06,641,2024-03-15
CLI000170,Mariana Pereira Silva,1951-08-01,PR,Servidor Publico,1553.5,643,2022-06-11
CLI000171,Henrique Ribeiro Santos,1971-06-10,SP,Aposentado,5267.45,753,2024-05-05
CLI000172,Joao Oliveira Gomes,1995-07-05,RJ,Autonomo,5117.81,603,2026-05-02
CLI000173,Bruno Ribeiro Souza,1984-12-01,MG,Assalariado CLT,,413,2026-07-29
CLI000174,Henrique Araujo Almeida,1984-11-01,DF,,4342.11,756,2025-07-29
CLI000175,Yara Souza Costa,1978-11-15,ES,Empresario,3680.89,573,2025-09-16
CLI000176,Patricia Rocha Ferreira,1957-08-06,SP,Assalariado CLT,2363.54,589,2026-07-29
CLI000177,Sabrina Almeida Martins,1984-09-08,PA,Assalariado CLT,5568.12,515,2022-11-18
CLI000178,Yara Teixeira Ribeiro,2004-09-19,SP,Empresario,8629.05,656,2021-10-02
CLI000179,Nelson Costa Ribeiro,1991-10-21,SP,Assalariado CLT,10012.81,527,2023-09-19
CLI000180,Marcelo Lima Carvalho,1991-12-07,SP,Autonomo,1763.46,422,2026-01-25
CLI000181,Mariana Silva Costa,1990-09-17,RJ,Autonomo,20378.91,396,2023-06-29
CLI000182,Wagner Santos Martins,1983-05-11,PA,Servidor Publico,15211.43,557,2022-08-22
CLI000183,Henrique Moraes Souza,2006-10-07,DF,Assalariado CLT,6956.38,593,2025-10-12
CLI000184,Felipe Almeida Santos,2002-08-09,SP,Assalariado CLT,8949.34,428,2026-08-04
CLI000185,Bruno Martins Nunes,1996-10-14,PR,Autonomo,,613,2026-05-03
CLI000186,Vinicius Santos Souza,1992-03-31,SP,Assalariado CLT,8242.57,431,2025-08-15
CLI000187,Marcelo Rocha Martins,1967-10-24,SP,Servidor Publico,6400.18,436,2022-08-31
CLI000188,Joao Oliveira Pereira,1974-09-07,MG,Autonomo,2892.29,522,2024-06-24
CLI000189,Patricia Oliveira Costa,1964-12-21,RJ,Empresario,19071.29,487,2024-09-07
CLI000190,Carla Moraes Lima,1998-05-03,RJ,Assalariado CLT,4275.02,446,2023-11-03
CLI000191,Marcelo Ferreira Rodrigues,1989-03-02,PR,Profissional Liberal,3533.84,613,2026-04-16
CLI000192,Olivia Oliveira Santos,1983-04-05,BA,Profissional Liberal,2332.54,792,2024-03-19
CLI000193,Paulo Ferreira Barbosa,1977-06-26,SP,Assalariado CLT,9916.82,755,2024-07-28
CLI000194,Ana Carvalho Silva,1982-06-14,SP,Profissional Liberal,3879.75,363,2024-06-27
CLI000195,Lucas Martins Costa,1991-04-04,GO,,4561.39,662,2022-11-19
CLI000196,Patricia Almeida Moraes,1985-11-10,MG,Assalariado CLT,4791.55,730,2022-10-02
CLI000197,Ana Moraes Oliveira,1983-02-21,PR,Aposentado,3510.39,690,2023-08-24
CLI000198,Patricia Lima Costa,1970-09-24,MT,Estudante,6971.78,493,2023-11-01
CLI000199,Bruno Costa Martins,1988-02-14,PE,Autonomo,7430.2,615,2024-07-07
CLI000200,Thiago Nunes Costa,1989-02-20,SP,Aposentado,,495,2022-04-08
CLI000201,Juliana Barbosa Souza,2001-08-24,MG,Assalariado CLT,1321.61,605,2022-11-29
CLI000202,Thiago Teixeira Barbosa,1988-11-11,CE,Assalariado CLT,7091.92,669,2021-09-27
CLI000203,Lucas Santos Ferreira,2001-11-11,PA,Assalariado CLT,7019.75,466,2024-05-18
CLI000204,Felipe Araujo Lima,1976-11-09,RJ,Autonomo,3714.94,634,2024-12-08
CLI000205,Patricia Ferreira Gomes,1998-04-22,SP,Assalariado CLT,1504.77,696,2022-02-26
CLI000206,Karina Rodrigues Martins,1991-06-03,,Servidor Publico,4978.57,344,2024-09-09
CLI000207,Sabrina Martins Rocha,1979-06-04,SP,Assalariado CLT,8823.71,507,2024-07-06
CLI000208,Nelson Barbosa Teixeira,1980-03-25,DF,Assalariado CLT,3536.94,464,2022-08-22
CLI000209,Rodrigo Gomes Carvalho,1977-09-11,PA,Estudante,,606,2022-08-04
CLI000210,Queren Teixeira Martins,1979-03-10,PE,Assalariado CLT,1200.0,756,2023-09-21
CLI000211,Felipe Ribeiro Rodrigues,2003-03-13,BA,Assalariado CLT,2372.94,736,2026-04-13
CLI000212,Juliana Almeida Lima,1997-12-09,DF,Empresario,7998.9,704,2023-12-15
CLI000213,Felipe Araujo Gomes,2002-06-04,PR,Profissional Liberal,12640.0,609,2022-04-03
CLI000214,Henrique Ferreira Santos,1999-12-31,MG,Assalariado CLT,1209.75,551,2025-01-03
CLI000215,Paulo Costa Silva,1960-10-27,BA,Aposentado,4841.48,637,2021-10-22
CLI000216,Nelson Almeida Araujo,1999-12-24,SP,Assalariado CLT,3914.54,528,2024-01-31
CLI000217,Nelson Oliveira Lima,1994-03-24,RS,Autonomo,6315.47,638,2022-12-24
CLI000218,Isabela Costa Rocha,1983-11-28,SP,Assalariado CLT,,440,2022-03-05
CLI000219,Ana Almeida Ribeiro,1980-02-20,PR,,5196.74,532,2024-10-19
CLI000220,Paulo Santos Gomes,1994-11-01,,Autonomo,,426,2026-05-09
CLI000221,Paulo Martins Pereira,1983-09-27,MT,Assalariado CLT,5961.32,646,2023-06-20
CLI000222,Nelson Santos Moraes,1980-06-23,RS,Aposentado,5465.17,423,2021-09-17
CLI000223,Isabela Ferreira Silva,1978-07-15,SP,,2134.49,833,2026-07-27
CLI000224,Henrique Silva Teixeira,1985-12-08,ES,,,679,2024-02-24
CLI000225,Diego Pereira Nunes,1985-10-23,MG,Autonomo,2045.19,410,2026-03-14
CLI000226,Juliana Nunes Almeida,1991-02-08,RJ,Assalariado CLT,7036.6,556,2022-08-20
CLI000227,Mariana Costa Costa,1996-12-13,,Assalariado CLT,5611.92,726,2022-02-19
CLI000228,Amanda Nunes Costa,1977-12-04,BA,Assalariado CLT,6365.91,620,2021-10-29
CLI000229,Patricia Teixeira Lima,1951-01-23,,Empresario,5867.59,682,2025-01-23
CLI000230,Juliana Ribeiro Rodrigues,1964-11-19,PR,Assalariado CLT,,655,2022-07-10
CLI000231,Marcelo Oliveira Gomes,1979-06-06,SP,Assalariado CLT,4140.11,560,2023-05-25
CLI000232,Isabela Moraes Costa,2001-04-29,SP,Assalariado CLT,4576.21,612,2023-04-11
CLI000233,Karina Teixeira Silva,1999-03-01,BA,Assalariado CLT,5157.66,738,2021-10-18
CLI000234,Yara Souza Nunes,1983-07-19,SC,Assalariado CLT,6906.58,624,2025-06-22
CLI000235,Nelson Gomes Silva,1995-07-29,PR,Assalariado CLT,1523.78,802,2024-12-24
CLI000236,Yara Costa Santos,1991-12-01,RS,Assalariado CLT,11142.78,476,2023-01-05
CLI000237,Amanda Nunes Silva,1974-10-16,SP,Aposentado,5287.59,669,2026-03-23
CLI000238,Mariana Ferreira Pereira,1979-04-18,,Assalariado CLT,4805.01,500,2024-02-24
CLI000239,Marcelo Pereira Rocha,1991-09-13,GO,Profissional Liberal,6074.28,745,2024-07-12
CLI000240,Amanda Lima Ribeiro,1990-05-13,SP,Profissional Liberal,5455.28,716,2024-07-23
CLI000241,Henrique Santos Costa,1953-01-25,SC,Assalariado CLT,5969.55,513,2024-03-07
CLI000242,Paulo Almeida Teixeira,1986-05-28,SP,Assalariado CLT,,498,2026-02-11
CLI000243,Olivia Souza Carvalho,1995-07-25,MT,Autonomo,7115.57,511,2023-03-17
CLI000244,Rodrigo Araujo Oliveira,1978-01-30,DF,,,769,2026-04-16
CLI000245,Joao Souza Barbosa,1995-10-09,SP,Empresario,2396.82,563,2024-09-12
CLI000246,Carla Barbosa Rocha,1978-03-22,DF,Servidor Publico,3708.88,879,2022-02-07
CLI000247,Marcelo Almeida Araujo,1985-02-16,MG,Assalariado CLT,,543,2023-12-25
CLI000248,Lucas Rocha Pereira,1985-05-11,MG,Assalariado CLT,5204.42,364,2024-10-09
CLI000249,Isabela Barbosa Pereira,1991-09-14,BA,Aposentado,4189.54,616,2026-03-14
CLI000250,Yara Rodrigues Moraes,1977-11-12,SP,Autonomo,3571.7,706,2023-12-05
CLI000251,Carla Carvalho Ribeiro,1984-10-18,PR,,4707.88,592,2023-11-13
CLI000252,Wagner Santos Barbosa,1994-12-17,CE,Empresario,,633,2022-09-18
CLI000253,Vinicius Carvalho Costa,1980-06-18,SP,,2396.85,435,2025-03-12
CLI000254,Wagner Souza Carvalho,1996-01-30,MG,Assalariado CLT,3869.64,764,2024-09-09
CLI000255,Rodrigo Silva Moraes,1992-12-08,DF,Servidor Publico,1752.95,505,2022-09-08
CLI000256,Olivia Gomes Rodrigues,2007-02-09,PR,Aposentado,8874.59,456,2023-10-17
CLI000257,Ana Souza Gomes,2007-04-26,MG,Assalariado CLT,2873.93,621,2022-02-20
CLI000258,Wagner Moraes Santos,2007-08-23,SP,,3524.88,658,2023-08-26
CLI000259,Diego Barbosa Nunes,2007-03-04,PE,Assalariado CLT,,847,2023-03-14
CLI000260,Zeca Lima Araujo,1981-11-01,PE,Assalariado CLT,6212.43,654,2023-06-26
CLI000261,Marcelo Pereira Silva,1979-12-11,SP,,9487.38,766,2025-03-05
CLI000262,Amanda Rodrigues Araujo,1991-12-07,PE,Autonomo,,540,2022-10-22
CLI000263,Rodrigo Moraes Nunes,1991-07-09,SC,Assalariado CLT,15520.8,618,2023-02-01
CLI000264,Olivia Gomes Pereira,1984-11-02,MG,Autonomo,6358.8,654,2023-09-23
CLI000265,Wagner Pereira Araujo,1980-04-20,SP,Aposentado,,759,2022-09-10
CLI000266,Sabrina Santos Lima,1983-03-26,SP,Assalariado CLT,,492,2022-05-21
CLI000267,Karina Carvalho Oliveira,1984-08-05,PR,Servidor Publico,,737,2025-11-11
CLI000268,Karina Moraes Pereira,1988-04-09,SP,Autonomo,7733.19,482,2022-07-31
CLI000269,Olivia Araujo Almeida,1977-11-10,SP,Autonomo,6873.25,602,2025-05-15
CLI000270,Isabela Teixeira Moraes,1971-03-03,BA,Autonomo,12384.84,817,2023-09-20
CLI000271,Eduarda Santos Araujo,1967-09-27,SP,Assalariado CLT,9358.37,559,2025-05-24
CLI000272,Wagner Oliveira Santos,1966-08-11,PR,,3752.16,287,2025-02-05
CLI000273,Olivia Costa Teixeira,1988-12-20,ES,Autonomo,7631.28,409,2022-08-02
CLI000274,Thiago Ferreira Souza,1972-08-29,BA,Autonomo,4546.45,350,2022-08-24
CLI000275,Amanda Barbosa Gomes,1999-01-31,PR,Empresario,3554.66,580,2022-07-31
CLI000276,Thiago Oliveira Pereira,1993-10-27,CE,Empresario,2732.9,388,2024-04-10
CLI000277,Ana Carvalho Araujo,1995-11-03,PR,Autonomo,12418.22,392,2023-02-11
CLI000278,Karina Almeida Rodrigues,1978-05-27,SP,Assalariado CLT,1200.0,359,2023-06-23
CLI000279,Lucas Rodrigues Moraes,1972-06-07,SP,,,544,2021-10-25
CLI000280,Zeca Barbosa Oliveira,1983-09-29,,,4022.17,479,2024-09-05
CLI000281,Thiago Rodrigues Moraes,1974-02-11,SP,Servidor Publico,4313.75,613,2025-01-11
CLI000282,Olivia Ferreira Ribeiro,1989-12-13,SP,Profissional Liberal,3519.2,703,2023-01-08
CLI000283,Rodrigo Ferreira Rocha,1995-04-01,SP,Assalariado CLT,3624.49,615,2025-02-23
CLI000284,Gabriela Teixeira Rodrigues,2000-09-02,SP,Autonomo,4247.74,450,2022-09-16
CLI000285,Nelson Souza Moraes,1977-10-02,PA,Servidor Publico,,545,2022-11-28
CLI000286,Sabrina Rodrigues Silva,2007-08-20,,,5330.83,705,2026-06-07
CLI000287,Joao Rodrigues Silva,1986-03-25,MG,Assalariado CLT,,590,2022-04-28
CLI000288,Paulo Martins Costa,1985-09-23,PE,Autonomo,,517,2023-02-07
CLI000289,Queren Rocha Moraes,1987-08-23,SP,Autonomo,1200.66,530,2026-01-02
CLI000290,Ana Lima Rodrigues,1970-12-28,RS,Assalariado CLT,8267.13,807,2024-08-28
CLI000291,Lucas Silva Rocha,1965-02-09,GO,Servidor Publico,5345.7,710,2023-06-27
CLI000292,Queren Teixeira Oliveira,2006-07-12,SP,Aposentado,4091.02,836,2026-04-09
CLI000293,Sabrina Nunes Araujo,1963-05-02,SP,Autonomo,,598,2022-01-25
CLI000294,Mariana Araujo Oliveira,1982-11-07,DF,Assalariado CLT,5116.47,582,2023-02-10
CLI000295,Nelson Nunes Ribeiro,1977-12-31,RS,,6914.44,670,2024-02-02
CLI000296,Ana Gomes Rocha,1989-08-13,PA,Servidor Publico,,392,2023-05-23
CLI000297,Eduarda Ferreira Pereira,2007-06-21,CE,Servidor Publico,5950.34,557,2026-03-18
CLI000298,Patricia Barbosa Teixeira,1984-10-07,RS,Autonomo,10651.51,830,2024-06-29
CLI000299,Juliana Santos Barbosa,2007-03-04,PA,Autonomo,6254.17,902,2025-02-18
CLI000300,Paulo Lima Ribeiro,1995-04-17,RJ,Servidor Publico,,767,2022-08-17
CLI000301,Zeca Araujo Costa,1980-12-08,SC,Empresario,6218.82,736,2022-06-25
CLI000302,Amanda Almeida Carvalho,1960-08-07,DF,Assalariado CLT,,699,2023-11-25
CLI000303,Joao Ribeiro Rocha,2007-04-10,RS,Assalariado CLT,,539,2022-07-20
CLI000304,Olivia Carvalho Barbosa,1997-04-11,PR,Autonomo,4138.84,712,2023-12-22
CLI000305,Gabriela Rodrigues Oliveira,1990-03-12,SC,Servidor Publico,1478.49,513,2021-12-17
CLI000306,Karina Santos Barbosa,1994-01-01,RJ,Assalariado CLT,12126.66,640,2023-01-23
CLI000307,Eduarda Teixeira Almeida,1995-04-15,CE,Estudante,4553.68,616,2024-02-12
CLI000308,Rodrigo Teixeira Almeida,1976-09-24,RJ,Autonomo,9883.32,568,2025-12-29
CLI000309,Ana Ferreira Rodrigues,1986-10-11,SP,Assalariado CLT,2563.1,478,2024-06-05
CLI000310,Thiago Silva Araujo,1956-09-15,,Estudante,2427.02,355,2022-10-07
CLI000311,Patricia Ribeiro Pereira,1982-04-24,RS,Assalariado CLT,2593.25,579,2022-11-27
CLI000312,Wagner Rodrigues Araujo,1990-10-08,MG,Autonomo,,553,2021-08-23
CLI000313,Yara Souza Santos,1968-02-20,RJ,Autonomo,3505.48,666,2026-08-04
CLI000314,Carla Araujo Almeida,1980-03-12,SP,Assalariado CLT,10040.43,582,2025-07-21
CLI000315,Bruno Carvalho Rodrigues,2006-10-31,SP,Aposentado,4029.28,771,2023-08-31
CLI000316,Yara Barbosa Rodrigues,1969-03-25,DF,,8448.09,673,2024-11-25
CLI000317,Paulo Nunes Santos,1998-12-29,CE,Estudante,7847.37,762,2023-01-21
CLI000318,Eduarda Lima Gomes,1987-01-25,PR,Autonomo,4530.6,696,2023-05-30
CLI000319,Yara Oliveira Santos,1984-01-12,MG,,5168.77,740,2025-06-13
CLI000320,Ursula Ferreira Almeida,1993-02-16,SP,Empresario,3715.1,486,2025-10-26
CLI000321,Paulo Martins Araujo,2001-04-25,RJ,Servidor Publico,13643.24,555,2023-04-27
CLI000322,Juliana Martins Oliveira,1969-05-22,MG,Empresario,2755.02,687,2022-11-09
CLI000323,Gabriela Araujo Lima,1972-12-21,SP,Assalariado CLT,3493.58,582,2024-01-07
CLI000324,Queren Oliveira Teixeira,1983-12-01,RJ,Assalariado CLT,9126.94,454,2023-01-27
CLI000325,Bruno Ferreira Lima,1994-06-12,SC,Empresario,1715.54,532,2022-04-12
CLI000326,Gabriela Gomes Rocha,1976-04-25,PR,Assalariado CLT,7535.16,734,2024-11-07
CLI000327,Lucas Nunes Rodrigues,1954-03-25,SP,Assalariado CLT,,547,2023-06-28
CLI000328,Rafael Carvalho Almeida,1973-01-16,RS,Servidor Publico,5934.61,618,2023-07-15
CLI000329,Nelson Rocha Moraes,1968-03-27,RJ,Autonomo,4370.83,502,2026-07-17
CLI000330,Mariana Nunes Nunes,1988-10-31,RS,Autonomo,,523,2022-04-02
CLI000331,Rodrigo Ferreira Silva,1996-08-24,SP,Assalariado CLT,5001.01,829,2026-01-16
CLI000332,Gabriela Rodrigues Silva,1990-07-17,SP,Autonomo,3602.15,534,2022-06-11
CLI000333,Mariana Silva Ferreira,1975-09-23,SP,Assalariado CLT,7885.4,408,2022-08-08
CLI000334,Eduarda Rodrigues Moraes,1962-12-08,ES,Assalariado CLT,15416.41,400,2022-01-27
CLI000335,Nelson Teixeira Costa,1997-07-08,MT,Assalariado CLT,6347.56,593,2024-12-21
CLI000336,Thiago Almeida Barbosa,1972-01-21,SP,Autonomo,6699.88,702,2025-02-28
CLI000337,Zeca Lima Pereira,1975-10-25,SP,Empresario,8562.18,589,2025-07-12
CLI000338,Juliana Martins Santos,1986-07-01,RJ,Autonomo,,561,2024-08-02
CLI000339,Rafael Lima Teixeira,1949-02-07,,Empresario,,439,2025-07-29
CLI000340,Olivia Rocha Silva,1994-07-06,SP,Servidor Publico,2402.72,356,2026-07-29
CLI000341,Diego Costa Rodrigues,1994-11-14,ES,Aposentado,5977.59,646,2026-04-16
CLI000342,Eduarda Gomes Rodrigues,1979-06-22,SP,,5104.24,554,2023-04-26
CLI000343,Wagner Barbosa Oliveira,1993-05-30,PE,Assalariado CLT,,446,2025-10-30
CLI000344,Isabela Souza Rocha,2002-05-31,DF,Autonomo,8805.73,539,2022-04-10
CLI000345,Gabriela Carvalho Martins,1999-10-17,PR,,6549.89,544,2025-05-11
CLI000346,Carla Ferreira Santos,1966-09-15,SP,Autonomo,,483,2024-05-19
CLI000347,Patricia Rodrigues Araujo,1993-02-07,BA,Empresario,,720,2022-04-18
CLI000348,Gabriela Martins Barbosa,1975-03-15,RJ,Assalariado CLT,9705.76,748,2022-11-10
CLI000349,Joao Santos Gomes,1989-11-30,MG,Aposentado,2935.26,816,2024-01-30
CLI000350,Wagner Gomes Teixeira,1966-06-02,MG,Assalariado CLT,6074.95,701,2022-02-02
CLI000351,Diego Barbosa Souza,1989-05-09,SP,Assalariado CLT,1200.0,324,2025-11-21
CLI000352,Amanda Almeida Santos,2001-04-18,SP,Estudante,4596.23,644,2022-11-26
CLI000353,Joao Souza Barbosa,1994-01-12,,Profissional Liberal,16472.84,614,2025-01-01
CLI000354,Wagner Rocha Teixeira,1981-11-16,PA,,2874.86,586,2022-11-17
CLI000355,Amanda Ferreira Ferreira,1988-01-19,SP,Assalariado CLT,,434,2024-02-27
CLI000356,Isabela Souza Araujo,1969-05-07,RS,,6955.25,819,2023-07-04
CLI000357,Joao Silva Rodrigues,1999-09-15,SC,Empresario,,728,2022-02-11
CLI000358,Rodrigo Santos Martins,1988-11-22,SP,Assalariado CLT,3509.53,347,2022-12-21
CLI000359,Queren Costa Teixeira,1990-06-18,RS,Autonomo,3600.71,619,2025-08-21
CLI000360,Patricia Teixeira Silva,2007-05-28,RS,,2186.94,797,2022-01-18
CLI000361,Bruno Moraes Carvalho,1991-11-28,PR,Empresario,7377.24,431,2024-07-14
CLI000362,Joao Pereira Costa,1980-12-26,RJ,,,673,2022-11-28
CLI000363,Wagner Rocha Ribeiro,1970-05-25,SP,Assalariado CLT,4342.49,489,2026-03-26
CLI000364,Joao Rocha Souza,1975-05-24,SP,Empresario,11300.55,742,2024-05-06
CLI000365,Queren Santos Rocha,1999-08-17,RJ,Servidor Publico,3555.14,542,2024-06-29
CLI000366,Amanda Silva Costa,1983-01-27,MT,Assalariado CLT,3905.57,604,2022-07-01
CLI000367,Carla Carvalho Oliveira,1974-10-23,SP,Assalariado CLT,5317.75,401,2022-06-17
CLI000368,Rafael Ferreira Costa,2001-08-15,SP,Profissional Liberal,8953.31,549,2021-12-25
CLI000369,Marcelo Oliveira Santos,1976-12-14,PR,Empresario,2274.98,484,2022-10-17
CLI000370,Carla Pereira Moraes,1995-01-04,RJ,Estudante,14505.02,468,2024-12-30
CLI000371,Wagner Almeida Rocha,1998-08-30,BA,Profissional Liberal,3381.96,705,2025-06-09
CLI000372,Henrique Moraes Santos,2000-09-23,CE,Assalariado CLT,,633,2025-04-10
CLI000373,Henrique Barbosa Ferreira,1976-12-19,PR,Assalariado CLT,3092.13,583,2022-12-01
CLI000374,Queren Rodrigues Gomes,1979-05-11,DF,Empresario,5434.05,678,2026-04-03
CLI000375,Henrique Santos Lima,1977-07-23,SP,Assalariado CLT,3086.51,610,2022-07-03
CLI000376,Vinicius Araujo Carvalho,1979-06-01,SP,Assalariado CLT,15879.14,593,2023-05-30
CLI000377,Bruno Gomes Pereira,1989-12-21,SP,Servidor Publico,,715,2026-07-19
CLI000378,Ursula Souza Nunes,1980-06-06,BA,Assalariado CLT,,525,2022-03-12
CLI000379,Henrique Pereira Lima,1994-04-24,MG,Aposentado,4527.97,676,2026-05-16
CLI000380,Queren Araujo Barbosa,1993-05-15,SC,Aposentado,2646.57,448,2023-05-13
CLI000381,Mariana Pereira Teixeira,1976-03-06,SP,Servidor Publico,1568.7,713,2022-01-26
CLI000382,Diego Silva Santos,1994-07-05,SP,Autonomo,6635.89,697,2025-02-12
CLI000383,Juliana Gomes Costa,2001-09-18,SP,Profissional Liberal,1935.9,495,2023-03-14
CLI000384,Rafael Barbosa Ribeiro,1988-06-27,BA,Assalariado CLT,,555,2024-01-20
CLI000385,Bruno Pereira Oliveira,1980-07-28,SP,Autonomo,3779.84,666,2021-10-13
CLI000386,Sabrina Ferreira Almeida,1977-01-17,PE,Autonomo,2475.97,734,2025-03-29
CLI000387,Marcelo Ferreira Araujo,1973-03-10,SP,Profissional Liberal,11324.58,623,2024-01-05
CLI000388,Joao Lima Silva,1986-03-12,SP,Profissional Liberal,6847.66,418,2024-08-20
CLI000389,Nelson Pereira Ferreira,1991-08-09,RJ,Assalariado CLT,6557.68,749,2022-02-12
CLI000390,Carla Gomes Carvalho,1982-07-11,PR,Aposentado,5486.87,669,2025-08-24
CLI000391,Rafael Lima Santos,1982-09-22,SP,Assalariado CLT,9533.94,604,2022-01-12
CLI000392,Henrique Barbosa Araujo,1965-11-10,BA,Assalariado CLT,2714.95,559,2023-02-04
CLI000393,Ursula Rodrigues Ferreira,1990-12-30,SC,Autonomo,,249,2026-01-20
CLI000394,Yara Araujo Silva,1988-08-23,BA,,3700.19,354,2023-04-12
CLI000395,Felipe Rocha Araujo,1990-05-07,MG,Autonomo,,715,2025-12-16
CLI000396,Rafael Costa Martins,1973-04-08,RS,Aposentado,3634.39,470,2022-04-23
CLI000397,Karina Rodrigues Carvalho,1992-03-30,SP,Profissional Liberal,,665,2024-04-07
CLI000398,Nelson Ferreira Teixeira,1974-01-01,SP,Empresario,8562.21,1000,2024-06-03
CLI000399,Eduarda Pereira Araujo,1991-07-13,RJ,Estudante,3415.83,687,2024-11-19
CLI000400,Ana Carvalho Oliveira,1994-08-04,PR,Assalariado CLT,9450.95,711,2025-02-05
CLI000401,Bruno Araujo Ribeiro,1974-11-09,BA,Assalariado CLT,5574.86,682,2026-01-07
CLI000402,Paulo Rodrigues Rodrigues,2007-02-17,MG,Assalariado CLT,,611,2021-11-26
CLI000403,Bruno Araujo Pereira,2004-10-21,MG,Empresario,3767.38,703,2022-03-07
CLI000404,Mariana Araujo Araujo,1982-12-23,SC,Autonomo,6531.35,488,2026-04-06
CLI000405,Eduarda Barbosa Moraes,1990-05-03,MG,,,520,2024-08-11
CLI000406,Rafael Araujo Almeida,1983-07-26,MG,Empresario,2629.21,666,2026-01-13
CLI000407,Bruno Rocha Ribeiro,1984-02-09,SP,Assalariado CLT,3991.0,404,2022-06-05
CLI000408,Juliana Silva Silva,1989-08-03,RS,Servidor Publico,2570.08,566,2025-08-07
CLI000409,Carla Gomes Santos,1986-01-17,MG,Assalariado CLT,6088.74,603,2025-08-10
CLI000410,Juliana Ferreira Nunes,1995-04-18,RS,Servidor Publico,2442.56,678,2024-05-26
CLI000411,Isabela Nunes Costa,1990-12-18,SC,Autonomo,5987.14,713,2024-05-16
CLI000412,Ursula Moraes Araujo,1965-02-19,SP,Servidor Publico,,601,2024-09-08
CLI000413,Mariana Araujo Teixeira,1999-04-03,PE,Assalariado CLT,4868.93,620,2024-09-10
CLI000414,Thiago Nunes Ribeiro,1973-01-20,SP,Profissional Liberal,2548.77,968,2025-01-16
CLI000415,Nelson Teixeira Araujo,1975-11-30,PR,Assalariado CLT,,784,2021-12-25
CLI000416,Queren Ribeiro Oliveira,1984-01-27,BA,Autonomo,3920.05,854,2023-07-17
CLI000417,Juliana Ferreira Ferreira,1972-08-14,SP,Autonomo,3812.61,549,2021-08-25
CLI000418,Eduarda Carvalho Barbosa,1961-11-08,MG,Aposentado,7311.18,798,2022-05-28
CLI000419,Eduarda Costa Rocha,1976-03-13,BA,Estudante,4979.72,421,2022-06-10
CLI000420,Diego Pereira Costa,2007-07-10,MG,Servidor Publico,11283.17,734,2024-03-26
CLI000421,Mariana Rodrigues Rodrigues,2000-12-15,BA,Aposentado,6827.13,329,2026-01-30
CLI000422,Felipe Silva Ferreira,1974-02-06,MG,Servidor Publico,10532.54,725,2025-10-29
CLI000423,Isabela Costa Barbosa,1988-04-12,SC,Assalariado CLT,2204.67,478,2025-04-13
CLI000424,Wagner Martins Nunes,1973-01-28,DF,Servidor Publico,4050.12,681,2025-04-02
CLI000425,Lucas Pereira Nunes,1983-11-12,MG,Servidor Publico,12988.63,590,2023-12-26
CLI000426,Carla Lima Nunes,1992-12-26,SP,Autonomo,9108.36,656,2023-01-25
CLI000427,Paulo Oliveira Lima,1978-06-03,SP,Assalariado CLT,2978.07,608,2023-06-03
CLI000428,Thiago Teixeira Martins,2001-02-03,MG,Assalariado CLT,1798.99,587,2025-02-09
CLI000429,Henrique Pereira Carvalho,1980-03-20,SC,Empresario,2042.34,724,2023-05-05
CLI000430,Queren Oliveira Souza,1987-06-19,ES,Autonomo,6007.82,572,2022-03-01
CLI000431,Rafael Ribeiro Santos,1979-06-14,SC,Autonomo,2949.94,449,2024-11-11
CLI000432,Isabela Nunes Santos,1980-12-29,MG,Assalariado CLT,6703.22,500,2025-06-02
CLI000433,Marcelo Lima Teixeira,1969-05-11,SP,Assalariado CLT,13220.04,707,2026-01-01
CLI000434,Carla Lima Lima,1980-10-02,PA,Empresario,4469.82,525,2026-03-08
CLI000435,Karina Oliveira Moraes,2002-04-15,PE,Assalariado CLT,6973.76,874,2025-11-12
CLI000436,Sabrina Gomes Araujo,1983-04-18,PE,Assalariado CLT,2847.54,532,2023-03-31
CLI000437,Juliana Nunes Carvalho,1990-03-07,SP,Assalariado CLT,,568,2024-08-11
CLI000438,Karina Rocha Silva,2002-06-06,SP,Autonomo,11545.67,621,2024-08-21
CLI000439,Rafael Silva Ferreira,1986-08-22,RS,Aposentado,6974.18,508,2022-01-26
CLI000440,Henrique Santos Souza,1975-01-03,RJ,,9786.78,519,2023-04-17
CLI000441,Marcelo Moraes Barbosa,1995-11-30,CE,Aposentado,8975.79,601,2023-07-17
CLI000442,Vinicius Souza Martins,1977-02-06,CE,Autonomo,9780.76,526,2024-03-18
CLI000443,Sabrina Lima Barbosa,1968-12-15,GO,Profissional Liberal,5416.2,431,2022-09-10
CLI000444,Patricia Carvalho Moraes,2003-06-13,RJ,Servidor Publico,11297.3,561,2022-11-28
CLI000445,Ana Araujo Ribeiro,1975-02-27,SP,Empresario,7301.52,689,2022-08-26
CLI000446,Henrique Araujo Santos,1984-12-03,RS,Servidor Publico,5999.99,550,2024-03-12
CLI000447,Isabela Pereira Silva,1998-09-28,SP,Estudante,1595.08,619,2024-01-08
CLI000448,Joao Nunes Gomes,1961-10-31,MG,Empresario,2442.39,682,2024-03-13
CLI000449,Mariana Rocha Rocha,1983-11-07,SC,Autonomo,3540.63,467,2024-02-19
CLI000450,Vinicius Rocha Santos,1977-03-05,DF,Assalariado CLT,4433.41,352,2025-10-27
CLI000451,Paulo Oliveira Teixeira,1987-04-27,RJ,Assalariado CLT,2420.02,443,2025-01-26
CLI000452,Joao Oliveira Rocha,1988-02-15,GO,,4185.1,682,2024-11-18
CLI000453,Carla Costa Rodrigues,1987-06-28,SP,Assalariado CLT,4914.65,503,2023-11-25
CLI000454,Thiago Teixeira Barbosa,1984-10-29,PE,Assalariado CLT,7199.56,729,2022-04-27
CLI000455,Carla Pereira Oliveira,1977-12-24,CE,Servidor Publico,5568.58,638,2023-09-21
CLI000456,Sabrina Almeida Rodrigues,1991-05-20,MG,Profissional Liberal,3454.48,804,2022-12-27
CLI000457,Yara Nunes Barbosa,2006-03-13,MG,Autonomo,6916.87,971,2025-03-14
CLI000458,Ursula Almeida Rocha,1988-10-21,PR,Autonomo,3159.83,580,2024-11-07
CLI000459,Paulo Lima Santos,1987-05-21,RS,Assalariado CLT,,653,2026-05-01
CLI000460,Lucas Almeida Ribeiro,1986-07-10,RJ,Assalariado CLT,9655.11,730,2023-10-28
CLI000461,Ana Costa Lima,2001-09-19,MG,Autonomo,6067.03,677,2021-08-28
CLI000462,Henrique Ribeiro Lima,2007-07-04,SP,Estudante,5899.17,365,2022-03-11
CLI000463,Eduarda Silva Ribeiro,1989-04-01,RJ,Profissional Liberal,4800.26,836,2023-12-22
CLI000464,Vinicius Santos Ribeiro,2002-11-02,SP,Assalariado CLT,4204.18,388,2026-04-14
CLI000465,Amanda Teixeira Teixeira,1994-01-17,MG,Assalariado CLT,4077.31,643,2025-12-31
CLI000466,Eduarda Gomes Carvalho,1981-06-07,MG,Empresario,5518.58,566,2024-04-15
CLI000467,Ursula Ribeiro Souza,1994-02-26,BA,Aposentado,4496.52,628,2023-01-19
CLI000468,Lucas Teixeira Rodrigues,1988-04-12,RS,Assalariado CLT,3812.3,570,2024-12-09
CLI000469,Bruno Lima Costa,1997-02-08,BA,Servidor Publico,17657.87,596,2022-02-16
CLI000470,Eduarda Lima Rodrigues,1988-12-18,BA,Assalariado CLT,4208.48,424,2021-10-23
CLI000471,Yara Santos Almeida,2007-08-06,SP,Assalariado CLT,4410.44,961,2023-04-04
CLI000472,Sabrina Carvalho Santos,1989-10-19,MG,Autonomo,4948.04,362,2026-01-07
CLI000473,Diego Santos Silva,2000-01-28,MT,Profissional Liberal,,454,2024-12-22
CLI000474,Diego Oliveira Rocha,1981-09-04,MG,Assalariado CLT,6627.43,609,2023-01-02
CLI000475,Sabrina Moraes Barbosa,1981-07-10,BA,Assalariado CLT,2330.01,644,2024-07-12
CLI000476,Carla Rocha Ferreira,1970-09-13,SP,Autonomo,2926.31,610,2024-11-23
CLI000477,Gabriela Santos Nunes,2000-06-12,RS,Estudante,1946.17,297,2023-12-28
CLI000478,Juliana Ribeiro Costa,1993-08-29,SP,Assalariado CLT,5704.72,689,2022-10-28
CLI000479,Thiago Carvalho Pereira,1956-04-23,CE,Assalariado CLT,1739.19,465,2023-02-21
CLI000480,Queren Nunes Souza,2001-06-04,SP,Assalariado CLT,1200.0,569,2024-09-12
CLI000481,Henrique Rodrigues Martins,1982-06-01,RS,Assalariado CLT,3842.98,461,2023-04-04
CLI000482,Vinicius Nunes Teixeira,2002-12-08,DF,Empresario,,465,2025-08-15
CLI000483,Lucas Rodrigues Souza,1983-04-25,PR,,9836.28,671,2025-09-12
CLI000484,Diego Rodrigues Almeida,1983-08-17,RS,Servidor Publico,,768,2025-09-30
CLI000485,Paulo Pereira Rocha,1986-06-04,SP,Assalariado CLT,2978.76,913,2022-01-17
CLI000486,Vinicius Ferreira Nunes,1995-01-06,CE,Assalariado CLT,8600.79,527,2025-10-12
CLI000487,Olivia Moraes Carvalho,1990-12-19,SP,Autonomo,4030.03,499,2022-09-04
CLI000488,Diego Ribeiro Teixeira,1982-10-14,RS,Empresario,5407.0,827,2022-07-16
CLI000489,Zeca Nunes Nunes,1977-01-07,PE,Assalariado CLT,7560.12,650,2026-04-20
CLI000490,Nelson Oliveira Costa,1999-03-15,DF,Autonomo,6141.06,762,2024-05-03
CLI000491,Olivia Oliveira Carvalho,1993-11-25,SC,Assalariado CLT,6789.79,519,2022-05-22
CLI000492,Gabriela Costa Rocha,1975-02-26,MG,,5538.39,897,2026-03-02
CLI000493,Ursula Santos Moraes,1995-12-16,RJ,Profissional Liberal,9634.43,657,2024-01-31
CLI000494,Paulo Martins Rodrigues,1967-05-01,SP,Autonomo,,567,2025-06-24
CLI000495,Vinicius Moraes Rodrigues,2003-11-14,PA,Assalariado CLT,2696.79,477,2023-10-01
CLI000496,Juliana Barbosa Gomes,1991-02-25,RJ,Autonomo,,684,2026-03-08
CLI000497,Karina Silva Oliveira,1994-03-01,CE,Empresario,4197.6,616,2022-06-29
CLI000498,Yara Santos Almeida,1987-02-27,SP,Assalariado CLT,3291.05,580,2024-01-04
CLI000499,Juliana Lima Ferreira,1992-02-17,RS,Autonomo,6665.49,656,2025-03-24
CLI000500,Rafael Rocha Ferreira,1987-06-09,BA,Assalariado CLT,5441.78,744,2022-09-02
CLI000501,Ana Lima Carvalho,1995-08-25,RS,Autonomo,4463.32,592,2024-10-31
CLI000502,Nelson Pereira Pereira,1999-12-15,PE,,,263,2025-08-01
CLI000503,Felipe Carvalho Gomes,1975-07-17,RJ,Autonomo,4906.28,557,2024-01-31
CLI000504,Patricia Souza Santos,1975-09-21,SP,Empresario,,629,2024-02-07
CLI000505,Juliana Rodrigues Teixeira,1979-07-21,PA,Assalariado CLT,7761.89,665,2026-02-11
CLI000506,Diego Santos Martins,1990-08-21,GO,Assalariado CLT,7562.57,293,2025-05-15
CLI000507,Wagner Rocha Lima,1979-04-24,RS,Assalariado CLT,3138.42,674,2024-06-08
CLI000508,Rafael Souza Moraes,1994-05-30,SP,Assalariado CLT,3132.95,698,2025-01-22
CLI000509,Queren Araujo Carvalho,1973-01-23,SP,Autonomo,3871.23,576,2023-09-08
CLI000510,Henrique Almeida Gomes,1997-12-16,SP,Assalariado CLT,3204.64,783,2021-12-19
CLI000511,Juliana Ribeiro Oliveira,1944-03-11,BA,Empresario,5579.07,556,2023-09-28
CLI000512,Henrique Martins Ribeiro,2006-05-23,SP,Assalariado CLT,3657.48,793,2023-05-03
CLI000513,Amanda Silva Barbosa,1981-03-15,,Assalariado CLT,10718.02,748,2024-07-14
CLI000514,Marcelo Teixeira Rocha,1987-12-18,RS,Servidor Publico,5645.27,458,2024-03-12
CLI000515,Vinicius Araujo Santos,1978-06-15,SP,Assalariado CLT,4893.52,508,2026-05-04
CLI000516,Amanda Moraes Almeida,1995-07-17,SP,Aposentado,9865.46,621,2024-09-18
CLI000517,Rafael Moraes Teixeira,1981-01-23,SP,Assalariado CLT,3722.28,509,2022-08-11
CLI000518,Carla Lima Nunes,1970-06-29,BA,Empresario,2771.82,639,2024-08-01
CLI000519,Joao Almeida Carvalho,2007-08-28,SP,Autonomo,6536.64,882,2022-07-13
CLI000520,Karina Araujo Gomes,1990-06-08,SC,Assalariado CLT,4775.2,644,2022-12-05
CLI000521,Ana Araujo Gomes,1969-04-09,SC,Autonomo,9896.17,673,2021-11-02
CLI000522,Sabrina Costa Santos,2000-08-25,CE,Profissional Liberal,3049.11,657,2025-05-06
CLI000523,Rodrigo Ferreira Silva,1971-10-30,SP,Assalariado CLT,7236.42,483,2026-06-01
CLI000524,Ana Silva Oliveira,1985-12-25,SP,Empresario,6955.49,611,2024-06-24
CLI000525,Vinicius Rodrigues Nunes,1994-11-02,SP,Assalariado CLT,5365.38,602,2025-02-10
CLI000526,Thiago Araujo Moraes,1991-02-25,BA,Servidor Publico,6304.88,368,2023-03-16
CLI000527,Rodrigo Moraes Moraes,1966-12-04,SP,Autonomo,3717.99,642,2025-07-17
CLI000528,Rafael Araujo Oliveira,1991-04-06,SP,Autonomo,2848.11,647,2024-03-13
CLI000529,Vinicius Araujo Lima,1981-08-22,BA,Assalariado CLT,,667,2023-02-17
CLI000530,Gabriela Rodrigues Costa,1969-02-25,RJ,Autonomo,1200.0,705,2022-05-28
CLI000531,Henrique Rocha Silva,1994-04-22,RS,Assalariado CLT,,658,2023-11-05
CLI000532,Wagner Gomes Carvalho,1980-02-28,SP,Autonomo,3975.55,518,2021-09-23
CLI000533,Lucas Araujo Gomes,1994-07-03,MG,Assalariado CLT,3233.33,604,2025-03-17
CLI000534,Wagner Teixeira Silva,1982-05-18,BA,Assalariado CLT,4786.17,610,2021-08-23
CLI000535,Karina Barbosa Pereira,1992-04-15,SP,Assalariado CLT,2597.84,995,2022-05-06
CLI000536,Henrique Ribeiro Ribeiro,1991-07-27,PE,Autonomo,,671,2023-06-30
CLI000537,Karina Costa Ferreira,1967-08-18,MG,Aposentado,8807.48,684,2025-01-06
CLI000538,Patricia Ferreira Ferreira,2007-05-21,SP,Aposentado,9372.23,599,2024-05-30
CLI000539,Joao Rodrigues Lima,2007-05-02,SP,Autonomo,6017.46,674,2023-03-06
CLI000540,Bruno Almeida Costa,1995-06-17,SP,Assalariado CLT,7889.14,561,2026-06-27
CLI000541,Rodrigo Lima Santos,1989-10-05,SP,Empresario,3230.04,319,2022-01-05
CLI000542,Bruno Araujo Lima,2004-01-09,ES,,3243.06,455,2025-10-13
CLI000543,Lucas Araujo Martins,1987-05-22,GO,Assalariado CLT,3488.01,431,2025-06-19
CLI000544,Isabela Lima Moraes,1989-12-02,SP,Assalariado CLT,3921.88,683,2022-03-03
CLI000545,Carla Gomes Nunes,1998-08-25,RS,Autonomo,2637.63,451,2025-07-29
CLI000546,Nelson Araujo Souza,1986-04-13,MG,Autonomo,3502.86,514,2025-06-03
CLI000547,Rafael Oliveira Lima,1983-05-15,RS,Assalariado CLT,4517.01,384,2024-09-21
CLI000548,Wagner Moraes Gomes,1995-09-28,RJ,Autonomo,10059.97,651,2025-11-22
CLI000549,Juliana Barbosa Rocha,2002-11-24,MG,Empresario,3037.16,472,2025-12-04
CLI000550,Olivia Nunes Araujo,1985-12-18,MG,Assalariado CLT,1675.17,670,2022-05-04
CLI000551,Eduarda Almeida Rodrigues,1991-05-24,MT,Assalariado CLT,,426,2022-04-07
CLI000552,Vinicius Lima Silva,1984-03-12,SP,Servidor Publico,2396.59,657,2025-01-06
CLI000553,Lucas Carvalho Martins,1987-09-05,SP,Assalariado CLT,2031.59,655,2026-01-08
CLI000554,Zeca Lima Silva,1983-01-13,PE,Assalariado CLT,5923.29,599,2024-05-28
CLI000555,Nelson Ribeiro Ribeiro,1986-06-23,SC,Assalariado CLT,3845.81,919,2025-10-22
CLI000556,Olivia Teixeira Ribeiro,1993-12-03,RJ,Servidor Publico,,640,2026-07-19
CLI000557,Felipe Araujo Araujo,1986-06-07,BA,Empresario,6107.38,636,2021-10-21
CLI000558,Gabriela Lima Souza,1988-10-01,RS,Autonomo,13917.74,498,2023-04-17
CLI000559,Karina Rocha Carvalho,1991-05-07,CE,Assalariado CLT,1230.94,632,2025-03-24
CLI000560,Diego Santos Rocha,1993-12-11,MG,Assalariado CLT,12619.19,711,2023-12-21
CLI000561,Thiago Rodrigues Pereira,1988-06-14,DF,Autonomo,10288.56,514,2026-04-01
CLI000562,Rodrigo Souza Pereira,2006-04-20,RS,Assalariado CLT,2428.74,644,2022-12-31
CLI000563,Amanda Costa Santos,1987-12-24,SP,Assalariado CLT,5255.34,514,2024-05-16
CLI000564,Gabriela Costa Pereira,1986-02-04,DF,Assalariado CLT,5867.18,487,2026-08-13
CLI000565,Queren Ribeiro Ferreira,1982-07-16,SP,Assalariado CLT,1482.17,475,2025-08-06
CLI000566,Rodrigo Ferreira Souza,1984-05-18,DF,Autonomo,2813.47,732,2025-01-25
CLI000567,Thiago Ribeiro Teixeira,1966-04-29,CE,Assalariado CLT,5843.13,666,2025-01-23
CLI000568,Eduarda Silva Rocha,1993-12-27,SP,Assalariado CLT,5695.64,576,2022-05-06
CLI000569,Karina Carvalho Gomes,1977-09-02,MG,Assalariado CLT,6163.97,593,2023-01-14
CLI000570,Nelson Carvalho Lima,1973-03-29,CE,Assalariado CLT,5853.57,489,2025-04-10
CLI000571,Henrique Rodrigues Araujo,1975-11-22,ES,,5126.67,773,2025-06-16
CLI000572,Karina Rodrigues Nunes,1991-03-25,MG,Servidor Publico,7911.56,809,2022-06-21
CLI000573,Nelson Barbosa Santos,1976-06-22,MG,Autonomo,8011.2,562,2021-12-02
CLI000574,Paulo Carvalho Pereira,1985-09-13,SP,Assalariado CLT,6605.02,592,2024-09-12
CLI000575,Yara Nunes Souza,1991-05-09,DF,Assalariado CLT,4966.68,864,2024-10-29
CLI000576,Henrique Souza Silva,1998-04-27,PR,Assalariado CLT,25422.73,705,2022-04-16
CLI000577,Queren Santos Lima,1963-08-19,RS,Autonomo,,536,2023-08-12
CLI000578,Rodrigo Silva Almeida,1996-06-21,DF,Autonomo,,643,2024-01-19
CLI000579,Patricia Teixeira Costa,1993-03-01,BA,Profissional Liberal,11993.32,533,2025-10-13
CLI000580,Paulo Santos Barbosa,1994-12-06,RJ,Empresario,5194.81,575,2022-09-15
CLI000581,Marcelo Silva Gomes,1984-08-04,RS,,4438.31,492,2025-05-28
CLI000582,Isabela Teixeira Teixeira,1979-06-13,ES,Aposentado,3039.08,931,2024-07-25
CLI000583,Nelson Ferreira Ribeiro,1995-08-26,SP,Profissional Liberal,1200.0,543,2024-02-23
CLI000584,Joao Rocha Ribeiro,1976-02-10,RS,Assalariado CLT,2610.95,460,2025-06-06
CLI000585,Juliana Carvalho Santos,1993-04-04,PR,Autonomo,3012.26,436,2023-08-31
CLI000586,Rafael Almeida Teixeira,1982-01-03,SP,Assalariado CLT,,587,2023-10-11
CLI000587,Karina Carvalho Nunes,1985-05-23,RJ,Empresario,7643.15,544,2026-07-18
CLI000588,Mariana Ribeiro Gomes,1989-11-18,PR,Assalariado CLT,2835.06,674,2026-03-09
CLI000589,Ursula Ribeiro Araujo,1993-08-05,SP,Assalariado CLT,12894.85,727,2025-10-01
CLI000590,Eduarda Rocha Nunes,1986-05-24,MG,Assalariado CLT,3747.71,636,2023-08-11
CLI000591,Bruno Lima Almeida,1988-12-08,SC,Assalariado CLT,4243.91,566,2025-12-15
CLI000592,Carla Martins Silva,1975-02-12,BA,Aposentado,7740.49,602,2023-01-11
CLI000593,Patricia Oliveira Barbosa,1988-05-16,SP,Autonomo,5467.18,703,2026-03-26
CLI000594,Thiago Lima Barbosa,1978-12-17,PE,Assalariado CLT,1926.98,834,2024-03-26
CLI000595,Rafael Oliveira Teixeira,1992-01-27,PR,Assalariado CLT,5224.35,977,2025-02-22
CLI000596,Amanda Ribeiro Almeida,1973-01-10,SP,Assalariado CLT,1846.73,810,2026-08-22
CLI000597,Gabriela Ferreira Santos,1978-06-12,BA,Aposentado,4036.14,697,2025-03-17
CLI000598,Yara Araujo Araujo,1971-07-12,PE,Aposentado,2759.68,643,2025-03-10
CLI000599,Yara Oliveira Lima,1962-03-15,MG,Profissional Liberal,6695.21,383,2025-12-31
CLI000600,Joao Oliveira Nunes,1980-09-04,SP,Assalariado CLT,7900.08,550,2023-08-02
CLI000601,Amanda Lima Rocha,1986-03-07,RJ,Assalariado CLT,8551.63,549,2024-04-13
CLI000602,Wagner Ferreira Martins,1985-01-08,MG,Empresario,3678.48,601,2022-05-27
CLI000603,Lucas Santos Lima,1987-01-27,MT,Autonomo,6700.83,428,2024-05-29
CLI000604,Zeca Rocha Rocha,1993-02-01,RJ,Assalariado CLT,3531.14,572,2022-10-09
CLI000605,Mariana Araujo Rodrigues,1999-06-05,MG,Empresario,,393,2022-09-30
CLI000606,Eduarda Lima Lima,1983-04-29,MG,Assalariado CLT,2510.6,403,2021-09-04
CLI000607,Zeca Santos Souza,1978-05-08,CE,,2959.32,606,2023-09-08
CLI000608,Mariana Costa Teixeira,1971-07-24,SP,Assalariado CLT,1883.99,518,2026-03-12
CLI000609,Sabrina Martins Barbosa,1978-06-23,DF,Assalariado CLT,6407.3,493,2023-11-27
CLI000610,Ana Rocha Barbosa,2000-05-07,,Autonomo,,430,2022-10-02
CLI000611,Paulo Rocha Pereira,1978-11-26,SP,Assalariado CLT,6465.64,464,2024-11-27
CLI000612,Nelson Ribeiro Nunes,1990-06-18,BA,Assalariado CLT,5378.46,813,2022-10-22
CLI000613,Amanda Rodrigues Gomes,1999-03-08,PR,Autonomo,2788.25,491,2024-08-13
CLI000614,Patricia Costa Martins,2007-05-05,RS,Assalariado CLT,4884.22,608,2024-09-06
CLI000615,Amanda Araujo Santos,1997-08-15,BA,,3401.4,591,2022-10-25
CLI000616,Felipe Moraes Gomes,1984-07-15,SP,Assalariado CLT,,595,2022-11-02
CLI000617,Rafael Lima Ribeiro,1982-11-02,SP,Estudante,2068.68,418,2025-09-03
CLI000618,Gabriela Rodrigues Ribeiro,1977-02-12,PE,Autonomo,2657.09,828,2023-01-03
CLI000619,Vinicius Souza Teixeira,2006-05-13,SP,Profissional Liberal,7214.13,484,2023-01-20
CLI000620,Paulo Lima Rodrigues,1963-04-17,MG,Autonomo,,658,2023-02-08
CLI000621,Lucas Ferreira Ferreira,1986-07-08,MG,Empresario,,747,2025-11-06
CLI000622,Felipe Araujo Teixeira,1993-08-02,GO,Assalariado CLT,6894.49,640,2023-09-14
CLI000623,Ana Gomes Ribeiro,1999-04-29,MG,Estudante,3804.01,648,2021-09-29
CLI000624,Queren Moraes Araujo,1993-06-08,MG,Assalariado CLT,5124.92,678,2024-06-14
CLI000625,Amanda Souza Ribeiro,2006-05-18,BA,,15189.12,429,2023-05-19
CLI000626,Felipe Santos Oliveira,2004-08-22,PR,Servidor Publico,,531,2026-04-10
CLI000627,Queren Costa Oliveira,1976-03-27,PE,Autonomo,4821.49,489,2024-07-20
CLI000628,Bruno Rodrigues Moraes,2005-06-27,SP,Assalariado CLT,,657,2023-02-18
CLI000629,Henrique Silva Araujo,2002-06-10,CE,Autonomo,13202.32,660,2021-10-28
CLI000630,Queren Costa Ribeiro,1995-08-04,BA,,,558,2026-02-13
CLI000631,Juliana Ferreira Rocha,1988-06-13,SP,Assalariado CLT,7795.8,363,2023-09-26
CLI000632,Joao Moraes Moraes,2003-03-08,SP,Assalariado CLT,7274.2,507,2026-05-04
CLI000633,Isabela Carvalho Lima,1981-07-17,MG,Empresario,1523.69,325,2025-10-31
CLI000634,Sabrina Araujo Silva,1973-06-02,SP,Autonomo,6062.66,626,2022-08-05
CLI000635,Rafael Silva Lima,1988-12-29,SP,Aposentado,3671.37,613,2023-04-14
CLI000636,Ana Carvalho Martins,1989-06-17,SP,Empresario,5837.3,331,2025-01-17
CLI000637,Isabela Costa Carvalho,1985-11-30,PE,Assalariado CLT,15314.38,580,2025-02-07
CLI000638,Felipe Martins Silva,1993-09-07,DF,,2539.93,519,2021-11-22
CLI000639,Eduarda Moraes Gomes,1996-10-03,RS,Autonomo,,416,2022-11-06
CLI000640,Lucas Ferreira Oliveira,1979-04-29,SP,Assalariado CLT,,744,2024-06-10
CLI000641,Bruno Silva Almeida,1966-06-22,SP,Servidor Publico,8921.87,592,2021-09-21
CLI000642,Patricia Barbosa Martins,1977-12-09,SP,Autonomo,4160.72,574,2022-07-21
CLI000643,Diego Costa Teixeira,1976-05-28,RS,Empresario,4130.24,512,2021-11-07
CLI000644,Paulo Santos Ferreira,1992-01-05,SP,Servidor Publico,11715.59,675,2021-12-10
CLI000645,Karina Nunes Ribeiro,1985-03-29,SP,Empresario,,427,2023-04-15
CLI000646,Rafael Pereira Silva,1979-12-08,CE,Profissional Liberal,4176.01,231,2023-04-11
CLI000647,Rafael Ribeiro Araujo,1965-10-22,MG,Servidor Publico,2917.32,603,2026-03-24
CLI000648,Rafael Gomes Moraes,1978-05-04,MT,Assalariado CLT,,518,2023-02-23
CLI000649,Sabrina Barbosa Araujo,2003-05-12,PR,Assalariado CLT,12734.81,637,2024-10-21
CLI000650,Nelson Moraes Barbosa,1959-05-22,SP,Assalariado CLT,,596,2026-08-07
CLI000651,Wagner Carvalho Rodrigues,1960-05-01,SP,Autonomo,11092.03,386,2021-10-26
CLI000652,Juliana Almeida Nunes,1980-09-02,MG,Autonomo,2397.35,632,2022-11-21
CLI000653,Carla Teixeira Silva,1998-04-05,MG,Assalariado CLT,4994.14,672,2025-08-11
CLI000654,Thiago Rodrigues Oliveira,1999-09-30,DF,Autonomo,3222.77,575,2024-08-25
CLI000655,Isabela Lima Nunes,2005-07-04,MG,Servidor Publico,4041.34,413,2023-04-18
CLI000656,Ursula Araujo Costa,1991-12-21,CE,Autonomo,,673,2021-11-04
CLI000657,Wagner Carvalho Oliveira,1977-12-31,SP,Profissional Liberal,8299.08,352,2023-09-17
CLI000658,Wagner Pereira Teixeira,1989-01-14,RS,Assalariado CLT,5870.12,565,2024-08-13
CLI000659,Amanda Oliveira Gomes,1992-10-07,PA,Profissional Liberal,4031.99,489,2022-10-26
CLI000660,Mariana Barbosa Oliveira,1976-03-06,SP,Autonomo,7783.66,745,2026-08-17
CLI000661,Wagner Carvalho Souza,1982-06-14,SC,Assalariado CLT,2716.03,590,2025-09-05
CLI000662,Ursula Santos Gomes,1980-01-03,SP,Autonomo,2165.34,409,2022-01-23
CLI000663,Zeca Moraes Silva,1979-03-16,RS,Assalariado CLT,2538.97,589,2023-03-07
CLI000664,Joao Rodrigues Rocha,1972-05-29,MG,Assalariado CLT,3184.41,680,2022-08-22
CLI000665,Eduarda Souza Gomes,1991-06-11,SC,Assalariado CLT,15910.15,419,2022-03-07
CLI000666,Yara Pereira Ferreira,1997-05-02,ES,Assalariado CLT,,723,2021-10-15
CLI000667,Wagner Gomes Silva,1956-08-29,DF,Empresario,4981.58,795,2026-04-05
CLI000668,Marcelo Silva Almeida,1995-08-28,PR,Autonomo,8627.73,764,2023-11-07
CLI000669,Olivia Lima Silva,1968-09-21,SP,Assalariado CLT,7274.3,480,2023-07-09
CLI000670,Zeca Ferreira Pereira,1976-06-04,MG,Autonomo,10662.85,360,2025-10-09
CLI000671,Paulo Carvalho Araujo,1996-06-29,DF,Autonomo,4738.39,816,2022-07-08
CLI000672,Felipe Martins Rocha,1981-01-13,SP,Empresario,,825,2022-03-09
CLI000673,Nelson Oliveira Teixeira,1982-02-23,SP,Autonomo,9428.41,634,2024-11-11
CLI000674,Bruno Santos Oliveira,1999-09-30,RS,Autonomo,11374.07,678,2022-09-06
CLI000675,Marcelo Almeida Silva,1994-10-14,DF,Aposentado,4661.1,718,2025-09-27
CLI000676,Eduarda Teixeira Rocha,1983-10-13,MG,Aposentado,,575,2022-10-26
CLI000677,Gabriela Silva Barbosa,1985-05-30,SP,Autonomo,14111.93,713,2024-09-11
CLI000678,Diego Araujo Gomes,1986-07-04,SP,Autonomo,3841.79,571,2024-08-05
CLI000679,Gabriela Moraes Martins,1981-06-28,SP,Assalariado CLT,12053.01,762,2024-09-24
CLI000680,Rafael Santos Pereira,2002-10-25,MG,Assalariado CLT,1713.52,494,2026-03-20
CLI000681,Olivia Ribeiro Ribeiro,1978-02-23,MG,Aposentado,9690.73,381,2023-07-08
CLI000682,Wagner Carvalho Silva,1983-07-30,PE,Autonomo,9571.7,404,2026-06-14
CLI000683,Bruno Moraes Carvalho,1970-01-17,RJ,Autonomo,3355.25,724,2026-01-31
CLI000684,Isabela Lima Rocha,2000-05-20,MG,Assalariado CLT,8388.63,453,2026-01-13
CLI000685,Henrique Almeida Martins,1994-07-26,SP,Profissional Liberal,4970.76,736,2025-06-01
CLI000686,Henrique Barbosa Araujo,1997-08-09,SP,Autonomo,3077.02,526,2022-05-16
CLI000687,Diego Moraes Barbosa,2000-12-27,CE,Servidor Publico,7340.98,601,2023-12-23
CLI000688,Ursula Carvalho Carvalho,1984-03-21,PE,Assalariado CLT,4130.71,491,2026-05-24
CLI000689,Sabrina Gomes Pereira,2007-01-31,SP,Autonomo,10303.58,692,2022-11-05
CLI000690,Thiago Rodrigues Ferreira,1996-09-07,SP,Aposentado,,711,2024-04-17
CLI000691,Carla Santos Ferreira,1991-01-26,RS,Empresario,6270.91,556,2024-08-29
CLI000692,Bruno Nunes Martins,1996-10-17,RS,Aposentado,7085.32,538,2022-10-08
CLI000693,Isabela Costa Rodrigues,1963-01-10,PR,Assalariado CLT,,475,2026-01-12
CLI000694,Sabrina Martins Costa,1976-06-06,SP,Autonomo,5816.77,528,2023-09-28
CLI000695,Paulo Pereira Oliveira,2006-12-16,SP,Autonomo,2377.47,506,2022-06-23
CLI000696,Lucas Pereira Martins,1979-11-06,PE,Assalariado CLT,5999.71,608,2022-10-09
CLI000697,Diego Nunes Carvalho,1990-01-28,MG,Assalariado CLT,3640.79,613,2026-06-12
CLI000698,Gabriela Gomes Carvalho,1994-12-05,SP,Autonomo,7913.27,587,2023-09-23
CLI000699,Marcelo Pereira Barbosa,1985-10-10,PR,,2993.41,682,2026-06-28
CLI000700,Sabrina Lima Rodrigues,2007-01-17,SP,Autonomo,6635.17,449,2026-02-27
CLI000701,Paulo Almeida Araujo,1986-06-29,PE,Autonomo,13168.38,837,2025-10-19
CLI000702,Ana Oliveira Araujo,1979-06-02,SP,Autonomo,3157.82,581,2024-05-13
CLI000703,Rafael Teixeira Rocha,2001-10-24,SP,Servidor Publico,12802.13,937,2021-11-07
CLI000704,Carla Santos Nunes,1999-11-11,SC,Assalariado CLT,4328.23,630,2026-02-28
CLI000705,Joao Moraes Moraes,1971-12-25,SP,Assalariado CLT,4441.7,657,2024-03-18
CLI000706,Zeca Carvalho Gomes,1967-05-04,SP,Aposentado,2430.85,530,2021-12-14
CLI000707,Juliana Costa Nunes,1996-10-05,MG,Assalariado CLT,4869.66,627,2024-08-09
CLI000708,Rodrigo Ferreira Moraes,1993-10-04,RJ,Profissional Liberal,5591.93,562,2024-09-13
CLI000709,Amanda Gomes Costa,1986-10-09,RJ,Assalariado CLT,2139.02,574,2021-08-24
CLI000710,Felipe Lima Silva,1993-11-28,GO,Servidor Publico,11493.43,712,2023-07-19
CLI000711,Wagner Ferreira Nunes,1980-06-05,SP,Assalariado CLT,22509.56,649,2022-11-13
CLI000712,Patricia Ribeiro Martins,2007-01-10,RJ,Servidor Publico,7100.31,857,2023-05-24
CLI000713,Joao Lima Almeida,1986-08-18,RJ,Autonomo,1200.0,659,2023-06-13
CLI000714,Vinicius Souza Ferreira,1977-07-15,SP,Empresario,13833.49,762,2025-12-20
CLI000715,Juliana Ferreira Gomes,1984-11-05,RJ,Assalariado CLT,5966.51,420,2022-06-26
CLI000716,Diego Martins Teixeira,1989-02-23,RS,Assalariado CLT,4696.53,627,2024-12-08
CLI000717,Sabrina Rodrigues Costa,1972-12-09,RJ,Aposentado,4406.3,646,2023-06-22
CLI000718,Bruno Martins Rocha,1985-02-27,BA,Servidor Publico,,561,2025-03-22
CLI000719,Joao Nunes Rodrigues,1974-12-21,CE,Empresario,3362.69,850,2022-03-17
CLI000720,Felipe Carvalho Lima,1969-04-28,SC,,6784.95,491,2024-04-06
CLI000721,Sabrina Rodrigues Lima,1978-07-27,CE,Autonomo,18300.51,652,2026-01-23
CLI000722,Olivia Martins Pereira,1978-01-09,RS,Aposentado,4734.31,475,2024-06-22
CLI000723,Marcelo Gomes Rocha,1994-09-03,CE,Assalariado CLT,8003.65,201,2026-06-12
CLI000724,Henrique Rocha Rodrigues,1991-03-23,SP,,8888.84,671,2024-05-29
CLI000725,Juliana Rocha Barbosa,1984-05-02,SC,Empresario,5276.8,383,2022-04-03
CLI000726,Diego Barbosa Oliveira,1969-03-12,SP,Autonomo,4799.54,561,2022-05-29
CLI000727,Juliana Pereira Lima,1972-05-10,SP,Servidor Publico,,755,2025-03-14
CLI000728,Marcelo Ferreira Souza,2003-12-05,SP,,2962.16,586,2025-11-08
CLI000729,Paulo Silva Rocha,1995-11-22,,Aposentado,5420.36,495,2023-11-16
CLI000730,Paulo Carvalho Oliveira,1992-11-19,RS,Aposentado,15443.9,571,2025-08-18
CLI000731,Yara Oliveira Carvalho,1983-09-16,SP,Autonomo,9861.02,687,2024-05-25
CLI000732,Isabela Araujo Gomes,1982-11-15,MG,Autonomo,,533,2025-12-25
CLI000733,Joao Barbosa Ferreira,1986-07-01,SC,Servidor Publico,14000.27,685,2024-11-09
CLI000734,Rodrigo Araujo Costa,1991-01-26,SP,Autonomo,9390.54,481,2022-11-18
CLI000735,Marcelo Ribeiro Lima,1994-12-23,PR,Assalariado CLT,6029.56,545,2023-07-06
CLI000736,Zeca Rodrigues Rocha,1997-02-19,PR,Assalariado CLT,4260.07,531,2023-06-24
CLI000737,Paulo Nunes Lima,1975-01-11,PE,Assalariado CLT,7540.49,554,2023-09-29
CLI000738,Ursula Moraes Ferreira,2001-07-05,RJ,Assalariado CLT,5118.76,579,2023-03-10
CLI000739,Sabrina Gomes Pereira,1990-04-13,SP,,3347.6,459,2024-01-06
CLI000740,Juliana Almeida Costa,1973-10-31,RJ,Autonomo,,598,2022-06-08
CLI000741,Sabrina Rocha Rocha,1980-04-20,SP,Assalariado CLT,,707,2024-04-23
CLI000742,Marcelo Rocha Moraes,1973-03-14,PE,Assalariado CLT,6989.13,418,2026-03-07
CLI000743,Karina Ribeiro Rodrigues,1972-03-18,SP,Autonomo,10566.53,767,2024-05-30
CLI000744,Eduarda Moraes Araujo,1993-04-15,CE,Servidor Publico,1681.73,564,2025-07-21
CLI000745,Queren Oliveira Carvalho,1956-08-10,SP,Servidor Publico,5219.01,608,2024-03-16
CLI000746,Wagner Carvalho Oliveira,1972-01-10,SC,Aposentado,9432.08,563,2026-01-12
CLI000747,Gabriela Souza Nunes,1981-04-19,RS,Assalariado CLT,15905.69,734,2023-01-06
CLI000748,Ana Souza Pereira,1970-12-05,RS,Autonomo,4750.09,577,2022-09-25
CLI000749,Zeca Almeida Barbosa,1985-07-27,SP,Autonomo,,583,2025-03-22
CLI000750,Mariana Pereira Silva,1977-04-20,SP,Autonomo,10908.97,823,2021-10-27
CLI000751,Rodrigo Nunes Pereira,1982-07-06,,Assalariado CLT,4847.04,623,2026-06-01
CLI000752,Rodrigo Barbosa Oliveira,2000-05-02,SP,Assalariado CLT,2141.21,477,2026-03-27
CLI000753,Vinicius Martins Rocha,1979-04-24,SP,Aposentado,3043.94,571,2021-12-22
CLI000754,Felipe Teixeira Santos,1982-12-25,BA,Assalariado CLT,6828.48,368,2025-08-22
CLI000755,Bruno Oliveira Santos,2007-01-20,PR,Estudante,7886.23,493,2025-04-08
CLI000756,Lucas Almeida Oliveira,1993-02-17,SP,Aposentado,6091.18,579,2024-05-26
CLI000757,Henrique Moraes Silva,1971-07-16,MG,Autonomo,,421,2024-09-20
CLI000758,Carla Barbosa Nunes,1987-08-06,MG,Assalariado CLT,5039.41,804,2025-06-14
CLI000759,Paulo Almeida Oliveira,1969-12-24,MG,Assalariado CLT,4685.83,553,2022-11-15
CLI000760,Joao Oliveira Pereira,1988-05-02,RJ,Assalariado CLT,7235.36,285,2024-11-04
CLI000761,Thiago Souza Araujo,1991-06-27,RS,Assalariado CLT,1252.88,721,2025-05-28
CLI000762,Eduarda Rocha Rocha,1966-04-09,MG,Profissional Liberal,5302.66,426,2025-07-04
CLI000763,Felipe Almeida Teixeira,2007-05-21,RS,Assalariado CLT,,476,2024-05-18
CLI000764,Nelson Souza Rocha,1976-08-29,MG,Autonomo,4813.24,492,2024-06-12
CLI000765,Wagner Ferreira Moraes,1987-04-28,RJ,Estudante,4405.38,382,2023-08-12
CLI000766,Mariana Lima Moraes,1984-02-21,MG,Assalariado CLT,,714,2025-03-04
CLI000767,Lucas Ribeiro Martins,1981-01-02,SP,Empresario,3877.55,521,2021-09-27
CLI000768,Vinicius Silva Ribeiro,1986-06-14,SP,Autonomo,,427,2022-04-25
CLI000769,Sabrina Oliveira Moraes,1976-03-17,MT,Autonomo,,509,2023-09-30
CLI000770,Olivia Ribeiro Rocha,1978-04-12,MG,Assalariado CLT,,537,2023-08-13
CLI000771,Patricia Lima Pereira,1996-07-06,BA,Empresario,,670,2023-07-09
CLI000772,Felipe Pereira Barbosa,1997-08-14,BA,Assalariado CLT,2387.46,429,2022-05-13
CLI000773,Olivia Nunes Ferreira,1960-10-04,BA,Servidor Publico,2685.31,869,2025-09-27
CLI000774,Gabriela Ribeiro Rocha,1998-07-31,PE,Empresario,1996.28,703,2025-10-30
CLI000775,Eduarda Souza Rodrigues,2001-07-29,DF,Profissional Liberal,3798.17,536,2023-05-29
CLI000776,Sabrina Ferreira Nunes,1986-05-09,DF,Profissional Liberal,3822.84,512,2023-06-03
CLI000777,Vinicius Lima Santos,1988-10-13,SP,Assalariado CLT,21300.95,793,2023-11-21
CLI000778,Vinicius Souza Ribeiro,1980-03-13,SP,Autonomo,11502.21,442,2021-10-26
CLI000779,Carla Silva Almeida,1972-12-09,SP,,8395.74,574,2022-08-04
CLI000780,Wagner Gomes Almeida,1981-03-17,SC,Autonomo,,586,2022-01-24
CLI000781,Lucas Araujo Rodrigues,1985-12-12,DF,Aposentado,,331,2026-05-20
CLI000782,Juliana Teixeira Martins,1985-11-26,ES,Assalariado CLT,8442.62,550,2023-01-11
CLI000783,Carla Rocha Nunes,1992-10-26,MG,Empresario,2844.4,449,2025-12-05
CLI000784,Eduarda Oliveira Rocha,1998-08-28,BA,Empresario,8628.01,646,2024-03-01
CLI000785,Henrique Almeida Carvalho,1978-10-21,SP,Autonomo,7081.85,261,2023-07-05
CLI000786,Felipe Santos Lima,2000-03-20,ES,Autonomo,13505.91,646,2023-10-27
CLI000787,Henrique Nunes Barbosa,2007-05-02,SP,Empresario,2385.88,607,2024-04-09
CLI000788,Rodrigo Nunes Pereira,1982-10-16,ES,Empresario,4870.27,828,2024-10-29
CLI000789,Lucas Nunes Gomes,1988-05-24,BA,Assalariado CLT,3524.35,585,2023-09-28
CLI000790,Marcelo Oliveira Martins,1983-10-01,SP,Aposentado,,505,2024-03-27
CLI000791,Lucas Barbosa Oliveira,1968-12-18,PA,Assalariado CLT,2892.57,736,2023-03-13
CLI000792,Juliana Almeida Pereira,1973-12-29,MG,Autonomo,5320.77,704,2026-01-07
CLI000793,Mariana Gomes Martins,1994-06-29,CE,Assalariado CLT,11740.47,571,2022-05-08
CLI000794,Diego Rodrigues Martins,1974-09-07,SP,Autonomo,3099.61,587,2023-03-25
CLI000795,Ana Barbosa Rodrigues,1986-11-09,SP,Assalariado CLT,4034.49,582,2022-03-02
CLI000796,Ana Martins Moraes,1991-07-23,PR,Assalariado CLT,,812,2022-09-05
CLI000797,Olivia Teixeira Rodrigues,1983-02-18,SP,Autonomo,3960.28,697,2023-03-25
CLI000798,Gabriela Martins Rodrigues,1984-12-21,GO,Assalariado CLT,2342.74,474,2024-12-26
CLI000799,Diego Ferreira Teixeira,1985-07-13,RS,Autonomo,2295.91,658,2023-03-21
CLI000800,Diego Oliveira Rodrigues,1978-10-19,CE,Autonomo,31989.7,619,2023-03-16
CLI000801,Zeca Ribeiro Araujo,2007-06-11,SP,Empresario,6629.65,941,2024-03-09
CLI000802,Olivia Santos Pereira,1996-09-28,SP,Empresario,4895.3,493,2024-02-03
CLI000803,Zeca Rodrigues Santos,1998-12-15,SP,Empresario,1464.9,438,2023-04-18
CLI000804,Vinicius Almeida Lima,1987-10-23,ES,Aposentado,2393.86,731,2025-04-26
CLI000805,Ursula Barbosa Barbosa,1990-07-21,SP,Servidor Publico,,423,2022-12-08
CLI000806,Mariana Santos Ferreira,1963-09-05,RJ,Estudante,,609,2025-12-25
CLI000807,Nelson Silva Pereira,1988-09-04,SP,Empresario,4982.4,540,2023-04-18
CLI000808,Amanda Rocha Nunes,1983-06-01,MG,Autonomo,,634,2023-12-30
CLI000809,Paulo Araujo Teixeira,1980-11-22,SP,Profissional Liberal,,765,2022-11-20
CLI000810,Bruno Silva Oliveira,1996-11-20,GO,Assalariado CLT,,656,2022-07-13
CLI000811,Wagner Lima Costa,1995-05-14,ES,Autonomo,16875.99,543,2023-06-03
CLI000812,Bruno Pereira Silva,1996-08-27,SP,Assalariado CLT,,850,2024-03-14
CLI000813,Paulo Nunes Rodrigues,1965-06-30,SP,Autonomo,2508.34,480,2021-10-21
CLI000814,Paulo Souza Teixeira,1992-12-13,SP,Aposentado,5109.45,375,2024-03-23
CLI000815,Marcelo Pereira Pereira,1995-10-21,SP,Aposentado,7340.65,455,2026-04-09
CLI000816,Carla Rocha Oliveira,1980-01-31,SP,Autonomo,,423,2026-01-07
CLI000817,Rafael Nunes Teixeira,1970-12-24,PE,Autonomo,2131.12,468,2024-09-30
CLI000818,Sabrina Araujo Martins,1988-05-26,RS,Autonomo,7854.89,552,2024-09-01
CLI000819,Ana Moraes Almeida,1974-11-06,PR,Servidor Publico,4891.3,475,2022-10-31
CLI000820,Felipe Silva Moraes,1962-10-26,,Assalariado CLT,4406.71,600,2025-12-16
CLI000821,Juliana Moraes Gomes,1968-04-26,SP,Assalariado CLT,8502.38,462,2023-08-26
CLI000822,Carla Moraes Pereira,1983-04-16,RJ,Assalariado CLT,4122.78,804,2022-06-07
CLI000823,Joao Silva Ferreira,1975-12-14,,Autonomo,11271.89,691,2022-06-18
CLI000824,Diego Souza Araujo,1965-09-22,SP,Servidor Publico,,546,2022-11-10
CLI000825,Sabrina Silva Lima,1981-10-03,PR,Autonomo,4612.57,518,2023-06-27
CLI000826,Gabriela Martins Araujo,1974-01-07,SC,Assalariado CLT,3939.17,702,2024-07-14
CLI000827,Bruno Almeida Rocha,1954-08-23,SC,Assalariado CLT,11539.23,705,2025-05-20
CLI000828,Karina Pereira Silva,1985-09-23,MG,Empresario,1267.2,530,2026-03-23
CLI000829,Isabela Rodrigues Teixeira,1965-04-16,PR,Profissional Liberal,7048.22,534,2024-05-07
CLI000830,Yara Costa Oliveira,1990-11-04,SP,Empresario,2371.52,597,2025-11-20
CLI000831,Rodrigo Ribeiro Silva,1980-04-19,MG,Autonomo,,783,2024-01-16
CLI000832,Nelson Moraes Araujo,1992-01-08,RS,Empresario,4997.86,521,2021-10-23
CLI000833,Queren Lima Costa,1987-04-26,DF,Aposentado,1415.07,412,2023-05-28
CLI000834,Queren Souza Araujo,1975-10-14,,Assalariado CLT,9086.82,689,2025-09-24
CLI000835,Rafael Barbosa Teixeira,1970-06-07,PR,Estudante,1200.0,563,2021-12-06
CLI000836,Diego Nunes Rodrigues,2000-01-31,SP,Assalariado CLT,,572,2024-08-31
CLI000837,Bruno Martins Almeida,1972-10-29,RJ,Aposentado,3573.35,598,2024-04-05
CLI000838,Sabrina Almeida Nunes,1999-08-07,RS,Assalariado CLT,3983.2,588,2022-04-12
CLI000839,Carla Barbosa Rocha,1990-11-11,PE,Aposentado,4218.46,603,2022-09-09
CLI000840,Yara Teixeira Barbosa,1971-06-14,MG,Autonomo,,554,2025-08-08
CLI000841,Marcelo Santos Almeida,1999-07-28,PR,Autonomo,3518.77,594,2025-07-01
CLI000842,Nelson Silva Gomes,1991-01-26,RS,Assalariado CLT,5169.32,659,2026-03-11
CLI000843,Rodrigo Lima Moraes,1993-08-15,PR,Aposentado,4785.7,655,2026-06-10
CLI000844,Ursula Almeida Ferreira,1988-03-07,RS,Assalariado CLT,4276.91,473,2025-09-27
CLI000845,Bruno Rodrigues Rodrigues,1983-04-14,,Autonomo,7304.85,433,2022-08-23
CLI000846,Karina Barbosa Martins,1998-05-16,PR,Autonomo,,613,2021-12-08
CLI000847,Henrique Ribeiro Costa,1972-04-17,MG,Empresario,3242.6,585,2024-12-12
CLI000848,Rafael Moraes Souza,1987-07-22,SP,Assalariado CLT,6412.37,574,2024-05-31
CLI000849,Ana Araujo Pereira,1990-11-23,BA,,2041.91,612,2025-01-15
CLI000850,Mariana Santos Costa,1979-07-26,BA,Assalariado CLT,4027.03,530,2022-02-28
CLI000851,Ana Moraes Almeida,1984-01-04,DF,Autonomo,,386,2023-12-14
CLI000852,Bruno Martins Araujo,1968-12-09,RJ,,3641.29,576,2024-09-26
CLI000853,Isabela Nunes Teixeira,2007-07-04,SP,Autonomo,4400.83,511,2023-05-18
CLI000854,Juliana Santos Carvalho,1988-07-11,PR,Assalariado CLT,,453,2023-05-01
CLI000855,Lucas Moraes Costa,1955-09-03,MG,Empresario,3653.23,675,2023-12-17
CLI000856,Mariana Souza Costa,1989-01-25,SP,Assalariado CLT,,708,2022-09-16
CLI000857,Nelson Rodrigues Costa,1980-04-24,BA,Assalariado CLT,2178.07,683,2024-01-12
CLI000858,Thiago Costa Nunes,1974-07-17,SP,Autonomo,2872.99,828,2023-05-21
CLI000859,Juliana Oliveira Moraes,1991-08-10,PR,Assalariado CLT,3777.77,708,2022-02-06
CLI000860,Zeca Carvalho Pereira,1996-11-14,PR,Autonomo,2296.85,545,2024-09-05
CLI000861,Gabriela Souza Oliveira,1972-07-17,DF,Assalariado CLT,3252.52,422,2025-12-18
CLI000862,Sabrina Carvalho Rocha,2005-10-29,BA,Servidor Publico,,596,2023-03-22
CLI000863,Thiago Almeida Nunes,1963-12-03,PR,Empresario,8734.11,532,2023-09-28
CLI000864,Wagner Carvalho Barbosa,1979-01-23,SC,,5736.13,566,2025-05-24
CLI000865,Karina Pereira Rodrigues,1986-10-04,MG,Estudante,2849.88,681,2025-02-21
CLI000866,Henrique Rocha Martins,1967-08-16,PA,Autonomo,8086.46,558,2025-03-04
CLI000867,Marcelo Ferreira Rodrigues,1963-02-13,PR,Assalariado CLT,4538.9,834,2025-07-03
CLI000868,Yara Ribeiro Araujo,1999-09-08,ES,Assalariado CLT,9145.82,510,2024-08-12
CLI000869,Henrique Pereira Moraes,1986-02-12,MG,Aposentado,2285.7,802,2023-02-03
CLI000870,Karina Rocha Santos,1992-09-25,BA,Assalariado CLT,7417.03,559,2024-06-17
CLI000871,Rodrigo Almeida Carvalho,1962-06-02,ES,Autonomo,3766.64,654,2025-10-01
CLI000872,Ana Silva Carvalho,1978-01-15,ES,Assalariado CLT,7087.07,549,2026-06-26
CLI000873,Felipe Barbosa Ribeiro,1981-08-12,,Assalariado CLT,,610,2026-04-20
CLI000874,Diego Gomes Gomes,1984-07-07,RJ,Assalariado CLT,3190.26,586,2025-10-31
CLI000875,Carla Teixeira Rodrigues,1971-01-26,BA,Aposentado,,269,2025-05-20
CLI000876,Nelson Barbosa Rodrigues,1999-02-17,ES,Assalariado CLT,5989.55,608,2021-12-31
CLI000877,Paulo Almeida Rodrigues,1964-08-22,SP,Autonomo,2863.96,699,2024-03-10
CLI000878,Juliana Barbosa Oliveira,2007-06-16,PR,Assalariado CLT,10289.73,771,2024-03-31
CLI000879,Sabrina Lima Pereira,2001-06-16,SP,Assalariado CLT,3604.21,605,2024-02-20
CLI000880,Sabrina Lima Teixeira,2001-07-21,SP,Assalariado CLT,12195.09,623,2024-12-09
CLI000881,Eduarda Almeida Costa,1978-05-05,BA,Assalariado CLT,1911.55,743,2026-07-17
CLI000882,Juliana Silva Oliveira,1976-08-04,CE,Assalariado CLT,2716.17,539,2023-07-20
CLI000883,Rodrigo Silva Santos,1976-05-24,SP,Assalariado CLT,,574,2022-04-05
CLI000884,Zeca Silva Carvalho,1998-07-29,SP,Assalariado CLT,3706.42,424,2024-12-18
CLI000885,Zeca Lima Ferreira,1989-09-03,SP,Profissional Liberal,,468,2025-06-08
CLI000886,Zeca Teixeira Martins,1995-12-09,RJ,Assalariado CLT,7486.91,474,2025-06-03
CLI000887,Vinicius Barbosa Rodrigues,1992-10-30,GO,Empresario,7149.02,885,2021-10-22
CLI000888,Henrique Gomes Silva,2000-10-30,SP,Autonomo,11164.04,427,2023-05-02
CLI000889,Marcelo Martins Moraes,2002-02-05,MG,Assalariado CLT,4053.76,506,2026-04-19
CLI000890,Marcelo Gomes Ribeiro,1968-01-27,MG,Empresario,3563.74,509,2026-02-14
CLI000891,Thiago Silva Pereira,2006-09-18,CE,Assalariado CLT,3301.8,650,2026-07-08
CLI000892,Juliana Nunes Costa,1975-09-11,RJ,,13495.85,855,2023-11-21
CLI000893,Queren Oliveira Ferreira,1990-06-08,RJ,Assalariado CLT,,513,2024-08-25
CLI000894,Mariana Gomes Araujo,1968-02-08,MG,Servidor Publico,5631.79,794,2025-04-04
CLI000895,Carla Carvalho Silva,1967-09-02,,Servidor Publico,2265.26,564,2022-05-07
CLI000896,Wagner Oliveira Souza,2003-09-04,RS,Autonomo,12682.41,541,2024-07-27
CLI000897,Karina Carvalho Rocha,1999-06-22,BA,Assalariado CLT,7398.08,522,2022-07-10
CLI000898,Paulo Ribeiro Almeida,1977-07-12,SP,Estudante,,569,2021-08-29
CLI000899,Amanda Nunes Almeida,1995-12-24,MG,Assalariado CLT,2993.22,576,2021-10-27
CLI000900,Mariana Barbosa Rocha,1988-04-26,SP,Autonomo,1897.17,523,2024-04-08
CLI000901,Sabrina Oliveira Nunes,1967-10-14,RJ,Empresario,,502,2022-01-31
CLI000902,Lucas Araujo Martins,2003-09-02,PE,,4797.98,799,2023-08-25
CLI000903,Juliana Gomes Teixeira,1988-01-04,PR,Servidor Publico,13250.5,624,2025-12-25
CLI000904,Carla Souza Souza,1972-05-31,SP,Autonomo,2097.25,618,2022-09-14
CLI000905,Wagner Silva Lima,1984-05-07,SP,Estudante,6662.82,701,2026-06-10
CLI000906,Joao Gomes Martins,1962-01-30,MG,Autonomo,8173.63,374,2025-07-19
CLI000907,Diego Pereira Ferreira,1972-12-18,SC,Autonomo,3050.75,684,2025-02-21
CLI000908,Juliana Moraes Martins,1987-01-20,BA,Aposentado,,635,2024-04-23
CLI000909,Joao Nunes Almeida,2006-10-05,RJ,Assalariado CLT,6737.18,564,2025-05-31
CLI000910,Rodrigo Gomes Barbosa,1975-07-07,MG,Autonomo,8008.05,597,2021-11-26
CLI000911,Rafael Teixeira Costa,1998-08-24,SP,Empresario,1644.82,709,2022-10-17
CLI000912,Wagner Ferreira Carvalho,1988-07-04,SP,Assalariado CLT,5916.15,767,2025-03-26
CLI000913,Karina Gomes Teixeira,1987-07-21,PE,Assalariado CLT,6059.84,651,2022-07-26
CLI000914,Lucas Rodrigues Martins,1983-01-15,RJ,Assalariado CLT,1851.26,587,2026-07-24
CLI000915,Wagner Rocha Oliveira,1977-10-15,BA,,5181.72,391,2025-08-24
CLI000916,Nelson Souza Almeida,1995-06-09,MG,Assalariado CLT,3348.72,606,2023-07-27
CLI000917,Amanda Araujo Silva,1954-09-12,RS,Assalariado CLT,2899.08,530,2022-08-26
CLI000918,Bruno Ribeiro Carvalho,1975-02-15,ES,Autonomo,,547,2023-05-20
CLI000919,Carla Araujo Nunes,1991-04-23,PR,Assalariado CLT,6829.73,764,2026-04-18
CLI000920,Patricia Rocha Teixeira,1984-07-16,MG,Aposentado,2152.17,590,2024-05-15
CLI000921,Ana Costa Carvalho,1976-03-10,SP,Assalariado CLT,7052.45,629,2022-01-15
CLI000922,Bruno Oliveira Ferreira,1990-10-11,RJ,Assalariado CLT,12177.14,793,2023-07-23
CLI000923,Vinicius Gomes Carvalho,1987-10-09,SC,Assalariado CLT,5765.38,549,2022-05-12
CLI000924,Carla Teixeira Teixeira,1996-03-03,CE,Autonomo,,534,2023-02-15
CLI000925,Bruno Santos Moraes,1969-09-16,RS,Assalariado CLT,3282.1,579,2024-05-10
CLI000926,Karina Rodrigues Oliveira,1985-06-08,PE,Assalariado CLT,3377.48,497,2025-08-03
CLI000927,Gabriela Silva Oliveira,1989-06-14,RJ,Aposentado,,625,2026-06-04
CLI000928,Rodrigo Almeida Pereira,1987-07-02,BA,Autonomo,2717.08,687,2023-03-29
CLI000929,Patricia Barbosa Rodrigues,1984-06-15,GO,Empresario,2136.96,672,2025-04-10
CLI000930,Carla Nunes Lima,1994-07-20,RS,Assalariado CLT,5920.52,758,2026-01-11
CLI000931,Ursula Ferreira Souza,1971-12-02,SP,Estudante,2606.72,657,2024-05-03
CLI000932,Eduarda Barbosa Martins,1974-12-08,SP,Assalariado CLT,3426.11,477,2025-03-20
CLI000933,Carla Lima Nunes,1988-10-01,PA,Servidor Publico,,521,2025-11-28
CLI000934,Vinicius Gomes Martins,1991-04-20,BA,Autonomo,6595.5,662,2023-06-26
CLI000935,Diego Martins Carvalho,1962-09-18,BA,Empresario,6263.25,680,2024-10-05
CLI000936,Zeca Souza Barbosa,1959-12-05,PA,Profissional Liberal,3995.71,508,2021-10-28
CLI000937,Marcelo Gomes Pereira,1985-01-25,SP,Servidor Publico,,672,2023-06-15
CLI000938,Karina Silva Ferreira,1996-03-24,RS,Aposentado,4147.28,655,2023-01-03
CLI000939,Lucas Pereira Santos,1984-11-16,SP,Assalariado CLT,,626,2023-12-24
CLI000940,Eduarda Silva Araujo,1981-12-29,MG,Autonomo,1517.54,506,2025-05-11
CLI000941,Rafael Carvalho Barbosa,1983-06-25,RS,Autonomo,3464.75,601,2024-10-24
CLI000942,Wagner Silva Barbosa,1999-07-16,PE,Assalariado CLT,11586.95,720,2024-08-26
CLI000943,Bruno Araujo Ferreira,1997-12-29,MG,Assalariado CLT,,618,2026-01-24
CLI000944,Bruno Pereira Souza,1965-07-17,GO,,2479.4,539,2022-10-14
CLI000945,Wagner Santos Lima,1985-04-11,SP,Assalariado CLT,,365,2025-04-17
CLI000946,Marcelo Lima Pereira,1987-03-17,MG,Empresario,1253.06,608,2026-05-17
CLI000947,Olivia Rodrigues Pereira,2002-08-12,SP,Assalariado CLT,7089.15,534,2023-03-21
CLI000948,Rodrigo Martins Rocha,1990-10-17,MG,Assalariado CLT,6229.04,782,2026-03-28
CLI000949,Carla Pereira Oliveira,1996-07-19,RS,,4117.11,510,2026-07-19
CLI000950,Rodrigo Nunes Moraes,1995-07-22,DF,Assalariado CLT,4909.53,549,2024-11-20
CLI000951,Queren Teixeira Rocha,2002-08-21,SP,Assalariado CLT,4419.54,444,2022-05-04
CLI000952,Henrique Nunes Barbosa,2006-09-15,SP,Estudante,6666.82,725,2023-07-10
CLI000953,Sabrina Teixeira Teixeira,2002-11-06,SC,Autonomo,2657.43,967,2026-05-16
CLI000954,Rodrigo Nunes Barbosa,1976-08-18,MT,Autonomo,2656.51,541,2026-08-19
CLI000955,Ursula Gomes Oliveira,1995-08-09,MG,,3896.38,440,2023-10-10
CLI000956,Yara Pereira Nunes,2002-10-17,MG,Empresario,6344.9,564,2025-09-07
CLI000957,Joao Carvalho Ferreira,1968-07-24,SP,Assalariado CLT,7455.64,480,2023-05-06
CLI000958,Bruno Almeida Ribeiro,1996-03-04,RJ,Aposentado,,672,2024-03-07
CLI000959,Ursula Ferreira Gomes,1970-09-20,PE,Assalariado CLT,9441.15,611,2022-01-28
CLI000960,Ana Carvalho Rocha,1981-08-01,SP,Assalariado CLT,11627.56,538,2022-11-26
CLI000961,Mariana Rodrigues Moraes,1973-08-17,SP,Servidor Publico,2848.45,618,2022-08-23
CLI000962,Yara Gomes Nunes,1983-07-03,PR,Profissional Liberal,5903.91,524,2026-08-07
CLI000963,Olivia Almeida Nunes,1983-01-14,BA,Estudante,,526,2022-11-26
CLI000964,Felipe Santos Rodrigues,1981-05-25,ES,Profissional Liberal,,732,2022-12-17
CLI000965,Queren Ferreira Rodrigues,2000-10-25,,Aposentado,1486.71,460,2025-05-11
CLI000966,Olivia Silva Silva,1974-08-01,RS,,,529,2023-10-03
CLI000967,Ursula Ribeiro Lima,2007-07-23,PE,Assalariado CLT,2845.01,505,2021-11-05
CLI000968,Paulo Gomes Rodrigues,1974-06-21,RS,Assalariado CLT,4304.68,707,2022-07-16
CLI000969,Vinicius Nunes Pereira,1981-06-06,SP,Assalariado CLT,6107.87,668,2021-10-05
CLI000970,Queren Nunes Souza,1965-02-05,SP,Assalariado CLT,,519,2025-12-16
CLI000971,Lucas Pereira Teixeira,1948-01-25,SP,Empresario,5718.88,437,2025-11-26
CLI000972,Nelson Rodrigues Almeida,2002-02-11,RS,Assalariado CLT,12548.43,652,2025-05-01
CLI000973,Rafael Ribeiro Rocha,1976-10-03,GO,Autonomo,,692,2021-08-25
CLI000974,Queren Nunes Araujo,1980-11-14,PA,Aposentado,6042.8,527,2022-12-21
CLI000975,Paulo Silva Pereira,1993-04-27,PE,,5514.07,770,2025-04-25
CLI000976,Marcelo Pereira Silva,1985-10-30,MG,Estudante,4148.63,591,2025-04-11
CLI000977,Yara Santos Rocha,1973-09-18,RJ,Autonomo,7069.66,375,2023-11-18
CLI000978,Gabriela Santos Gomes,1962-06-19,BA,Assalariado CLT,2582.91,751,2023-02-09
CLI000979,Patricia Ribeiro Rocha,1986-02-15,SP,Empresario,2389.17,551,2021-09-26
CLI000980,Paulo Souza Carvalho,1992-08-11,CE,Assalariado CLT,7427.46,586,2022-11-07
CLI000981,Rodrigo Almeida Rocha,1990-03-08,SP,Empresario,,542,2024-03-29
CLI000982,Yara Gomes Oliveira,1968-10-21,RJ,Assalariado CLT,,573,2024-07-31
CLI000983,Karina Rocha Almeida,1981-09-10,RS,Empresario,1642.67,577,2024-09-27
CLI000984,Rafael Martins Lima,1973-09-29,SP,Servidor Publico,,838,2025-08-04
CLI000985,Karina Santos Nunes,1974-12-22,PR,,2046.81,495,2022-11-28
CLI000986,Henrique Teixeira Araujo,2007-04-08,SP,Autonomo,1200.0,402,2022-12-23
CLI000987,Patricia Pereira Ferreira,1999-06-15,RJ,Autonomo,3618.76,608,2025-01-20
CLI000988,Amanda Gomes Gomes,1992-05-09,SP,Aposentado,9103.38,592,2022-08-14
CLI000989,Ursula Oliveira Araujo,1971-03-03,,Autonomo,8887.21,531,2023-03-10
CLI000990,Ana Araujo Silva,1992-09-04,SP,Assalariado CLT,3641.72,506,2021-11-06
CLI000991,Bruno Gomes Silva,1993-09-11,DF,Assalariado CLT,1822.51,633,2023-11-29
CLI000992,Ana Rocha Almeida,1998-11-16,SP,Empresario,7405.64,714,2023-02-15
CLI000993,Mariana Oliveira Rocha,1978-07-08,MG,Empresario,3405.8,574,2023-12-17
CLI000994,Rafael Almeida Almeida,1998-12-19,DF,Empresario,3296.38,486,2024-10-03
CLI000995,Marcelo Ribeiro Silva,1994-02-27,MG,Estudante,2281.48,772,2022-05-27
CLI000996,Eduarda Gomes Moraes,1978-12-13,SP,Profissional Liberal,1298.53,559,2026-01-24
CLI000997,Amanda Ribeiro Teixeira,1999-02-03,CE,Assalariado CLT,3899.27,587,2023-01-22
CLI000998,Felipe Gomes Pereira,1991-08-06,SP,Assalariado CLT,4601.34,678,2024-06-03
CLI000999,Yara Lima Silva,2007-06-15,PR,Assalariado CLT,4061.69,715,2025-04-13
CLI001000,Karina Oliveira Pereira,1969-12-05,RS,Assalariado CLT,5247.22,341,2026-04-21
CLI001001,Isabela Araujo Silva,1983-08-11,SC,Empresario,3341.5,352,2023-07-08
CLI001002,Karina Carvalho Oliveira,1986-05-19,RJ,Empresario,6591.39,419,2022-12-06
CLI001003,Rafael Ribeiro Ribeiro,1988-07-31,SP,Autonomo,9013.38,598,2022-09-04
CLI001004,Eduarda Rocha Araujo,1981-11-07,ES,Aposentado,4156.21,580,2025-11-01
CLI001005,Nelson Teixeira Almeida,1977-09-10,GO,,3799.08,558,2025-09-19
CLI001006,Marcelo Pereira Santos,2000-05-02,SP,,3268.77,486,2025-12-17
CLI001007,Thiago Moraes Moraes,1987-02-09,PA,Assalariado CLT,1990.97,424,2023-08-21
CLI001008,Ana Lima Ribeiro,1980-04-06,PE,Profissional Liberal,,476,2025-11-03
CLI001009,Gabriela Silva Barbosa,1998-06-05,GO,Empresario,6245.55,788,2023-02-13
CLI001010,Joao Pereira Teixeira,1986-07-26,SP,Autonomo,,583,2023-09-14
CLI001011,Amanda Barbosa Silva,1982-01-28,MG,Autonomo,6585.42,762,2025-08-24
CLI001012,Joao Silva Ferreira,1984-09-22,SC,Assalariado CLT,1200.0,576,2022-01-18
CLI001013,Mariana Teixeira Gomes,1981-06-16,RJ,Estudante,1847.6,678,2023-02-13
CLI001014,Queren Moraes Teixeira,1993-11-30,DF,Autonomo,5202.81,607,2025-02-25
CLI001015,Rafael Araujo Santos,1998-01-08,SP,Autonomo,3739.09,444,2024-10-13
CLI001016,Wagner Nunes Nunes,1972-10-24,MT,Autonomo,,601,2022-04-05
CLI001017,Yara Moraes Santos,1979-03-07,,Assalariado CLT,2824.53,701,2024-03-24
CLI001018,Juliana Costa Santos,2003-01-08,SP,Servidor Publico,3190.54,423,2024-07-10
CLI001019,Henrique Oliveira Oliveira,1990-04-30,SP,Assalariado CLT,3228.31,818,2026-01-03
CLI001020,Juliana Ribeiro Rodrigues,1992-04-26,DF,Assalariado CLT,,749,2023-11-24
CLI001021,Gabriela Rocha Ferreira,2002-08-22,SP,Aposentado,2322.43,272,2022-08-06
CLI001022,Sabrina Teixeira Teixeira,1991-07-03,SP,Profissional Liberal,3081.46,618,2025-04-11
CLI001023,Karina Carvalho Almeida,1995-04-17,PE,Empresario,1654.96,556,2026-01-24
CLI001024,Felipe Gomes Rocha,1992-06-15,RS,Empresario,1693.71,718,2024-09-06
CLI001025,Zeca Pereira Santos,1981-03-31,PE,Assalariado CLT,6753.36,707,2023-10-27
CLI001026,Yara Costa Pereira,2002-12-27,PR,Autonomo,6778.34,613,2023-04-29
CLI001027,Rodrigo Santos Barbosa,1986-02-25,BA,Autonomo,5692.25,554,2024-03-27
CLI001028,Rodrigo Martins Lima,2006-11-29,MG,Assalariado CLT,1797.53,868,2022-11-03
CLI001029,Patricia Almeida Nunes,1977-12-29,RJ,,,810,2026-02-20
CLI001030,Gabriela Lima Barbosa,1987-06-26,SP,Aposentado,,535,2024-05-02
CLI001031,Isabela Almeida Ribeiro,1985-05-31,GO,Autonomo,2754.58,649,2022-10-02
CLI001032,Bruno Ferreira Martins,1984-04-02,RJ,Aposentado,3136.22,948,2025-08-25
CLI001033,Eduarda Rodrigues Carvalho,2001-01-15,SP,Autonomo,6087.98,639,2026-05-04
CLI001034,Gabriela Carvalho Barbosa,1982-10-06,MG,Assalariado CLT,1471.82,614,2023-02-19
CLI001035,Vinicius Nunes Oliveira,2005-09-10,RJ,Autonomo,5125.26,446,2022-10-17
CLI001036,Henrique Oliveira Nunes,1994-11-17,MG,Servidor Publico,11841.46,422,2025-09-12
CLI001037,Mariana Oliveira Ribeiro,1973-12-20,SP,Profissional Liberal,8245.86,637,2023-10-25
CLI001038,Thiago Costa Martins,1974-10-02,SP,Profissional Liberal,1704.68,584,2026-02-09
CLI001039,Rodrigo Santos Silva,1983-09-17,MT,Assalariado CLT,7472.78,339,2021-10-09
CLI001040,Marcelo Ferreira Almeida,1973-08-18,RS,Assalariado CLT,5896.28,721,2021-11-22
CLI001041,Wagner Lima Rodrigues,1992-11-25,SP,Servidor Publico,10232.86,809,2021-09-05
CLI001042,Rafael Nunes Teixeira,1969-09-27,ES,Profissional Liberal,6550.01,649,2024-12-19
CLI001043,Amanda Ferreira Almeida,1969-07-05,ES,Empresario,12851.92,706,2026-02-13
CLI001044,Isabela Gomes Teixeira,1968-11-16,BA,Autonomo,6854.24,930,2023-03-30
CLI001045,Thiago Souza Oliveira,1988-04-07,DF,Assalariado CLT,4488.61,739,2025-04-24
CLI001046,Henrique Carvalho Silva,1973-03-20,RS,,7128.66,697,2025-01-29
CLI001047,Juliana Carvalho Oliveira,1992-04-10,SP,Autonomo,4628.7,836,2025-06-10
CLI001048,Wagner Martins Almeida,2006-07-26,PA,Assalariado CLT,7271.42,741,2026-06-29
CLI001049,Paulo Rodrigues Almeida,1991-10-01,,Assalariado CLT,2790.77,697,2025-06-23
CLI001050,Mariana Gomes Teixeira,1982-03-07,SP,Empresario,8282.69,539,2025-12-22
CLI001051,Isabela Souza Santos,1970-01-10,SP,Autonomo,7968.53,519,2022-06-29
CLI001052,Gabriela Santos Nunes,1978-04-05,SP,Autonomo,2438.81,690,2025-04-22
CLI001053,Gabriela Rodrigues Costa,1980-01-16,SP,Assalariado CLT,8583.15,442,2021-09-10
CLI001054,Bruno Carvalho Souza,1981-02-21,SC,Empresario,4189.32,509,2024-04-06
CLI001055,Vinicius Teixeira Ferreira,2006-03-08,MG,Autonomo,4778.73,579,2026-02-12
CLI001056,Juliana Costa Oliveira,1973-05-02,PE,Assalariado CLT,,457,2023-09-30
CLI001057,Gabriela Carvalho Souza,1988-10-30,RS,Autonomo,4387.9,667,2024-12-18
CLI001058,Olivia Barbosa Souza,1983-05-01,ES,Autonomo,,656,2023-07-26
CLI001059,Diego Nunes Almeida,1998-03-21,,Assalariado CLT,7042.22,633,2021-08-25
CLI001060,Queren Araujo Gomes,1993-03-27,SP,Autonomo,5174.02,437,2024-02-26
CLI001061,Isabela Souza Pereira,1979-12-15,PA,Empresario,2812.85,769,2026-05-27
CLI001062,Ursula Pereira Santos,1985-05-16,DF,Aposentado,4255.47,681,2025-10-11
CLI001063,Ana Ribeiro Rodrigues,1999-01-05,ES,Assalariado CLT,,676,2023-03-06
CLI001064,Queren Barbosa Barbosa,1991-06-29,SP,,6682.45,431,2021-09-02
CLI001065,Isabela Nunes Almeida,1982-11-14,DF,Assalariado CLT,4907.74,584,2025-03-21
CLI001066,Wagner Teixeira Araujo,1999-11-23,RS,Empresario,2516.6,654,2021-09-28
CLI001067,Isabela Moraes Rodrigues,1999-06-21,SP,Profissional Liberal,10525.38,635,2023-02-16
CLI001068,Rodrigo Ferreira Rocha,1984-02-11,CE,Empresario,6672.24,511,2024-12-05
CLI001069,Ursula Rodrigues Gomes,1986-04-22,,Servidor Publico,5067.38,610,2025-09-08
CLI001070,Mariana Rodrigues Gomes,1980-03-18,MG,Servidor Publico,6215.69,964,2023-11-19
CLI001071,Yara Barbosa Almeida,1988-11-22,SC,Profissional Liberal,7269.3,660,2025-06-27
CLI001072,Bruno Rodrigues Teixeira,1974-10-09,PA,Autonomo,2505.22,701,2023-08-28
CLI001073,Bruno Barbosa Almeida,1991-08-30,SP,,5222.54,684,2025-08-10
CLI001074,Eduarda Pereira Barbosa,1972-01-25,DF,Aposentado,3225.68,677,2022-11-01
CLI001075,Isabela Moraes Barbosa,1978-04-10,PE,Profissional Liberal,3413.66,604,2022-10-15
CLI001076,Eduarda Lima Almeida,1979-12-07,RS,Assalariado CLT,6294.07,290,2026-06-24
CLI001077,Marcelo Carvalho Carvalho,2007-05-28,PR,Assalariado CLT,7103.39,534,2026-03-15
CLI001078,Felipe Ribeiro Oliveira,1975-06-03,SP,Assalariado CLT,2237.7,894,2026-05-21
CLI001079,Juliana Moraes Ribeiro,1972-04-29,BA,Servidor Publico,,402,2026-03-05
CLI001080,Queren Almeida Martins,2007-06-01,RJ,Servidor Publico,8399.69,400,2025-08-20
CLI001081,Olivia Pereira Teixeira,1989-10-16,MG,Assalariado CLT,7861.06,443,2026-05-31
CLI001082,Rodrigo Rocha Araujo,1959-10-02,RJ,Servidor Publico,,498,2023-11-30
CLI001083,Paulo Nunes Nunes,1985-09-18,BA,Assalariado CLT,,535,2024-10-23
CLI001084,Henrique Oliveira Almeida,1969-05-11,SP,Aposentado,,724,2024-04-22
CLI001085,Rafael Ferreira Moraes,2007-01-12,BA,Assalariado CLT,4404.36,794,2023-07-24
CLI001086,Rodrigo Moraes Rocha,1979-11-02,RS,Assalariado CLT,10648.98,565,2024-11-19
CLI001087,Karina Moraes Ferreira,1990-01-02,RS,Assalariado CLT,3082.48,668,2021-10-21
CLI001088,Wagner Souza Carvalho,1983-12-19,SP,Assalariado CLT,6917.32,631,2024-11-07
CLI001089,Amanda Souza Araujo,1986-12-10,,Autonomo,,698,2022-04-13
CLI001090,Felipe Araujo Costa,1988-01-18,RS,Aposentado,8817.68,664,2026-03-03
CLI001091,Patricia Martins Ferreira,1986-07-23,BA,Assalariado CLT,6498.51,613,2025-05-12
CLI001092,Lucas Rodrigues Moraes,1994-06-13,MG,Assalariado CLT,,644,2021-12-02
CLI001093,Mariana Ferreira Silva,1987-01-09,MG,Profissional Liberal,2535.3,776,2025-12-18
CLI001094,Juliana Souza Souza,1977-01-03,PE,Autonomo,2052.54,863,2024-02-03
CLI001095,Karina Teixeira Araujo,1989-08-04,PR,Autonomo,5736.46,703,2024-02-09
CLI001096,Ursula Silva Costa,2002-01-22,SP,Assalariado CLT,3998.39,697,2026-07-27
CLI001097,Zeca Gomes Rocha,1978-12-22,SP,Autonomo,6010.17,540,2024-09-23
CLI001098,Yara Nunes Gomes,1960-11-23,SP,Servidor Publico,,606,2022-12-01
CLI001099,Ursula Silva Oliveira,1983-11-16,BA,Assalariado CLT,10320.64,596,2023-12-20
CLI001100,Karina Lima Rodrigues,1980-03-03,MG,Autonomo,,554,2022-09-07
CLI001101,Sabrina Silva Souza,1976-04-26,RJ,Assalariado CLT,4778.08,632,2023-07-29
CLI001102,Yara Almeida Souza,2003-01-31,BA,Assalariado CLT,,563,2021-11-29
CLI001103,Isabela Gomes Rocha,1974-02-28,DF,Estudante,1436.84,343,2025-01-05
CLI001104,Karina Silva Rodrigues,1986-01-28,BA,Servidor Publico,3555.4,805,2023-07-12
CLI001105,Bruno Gomes Gomes,1979-01-11,SP,Empresario,6979.36,702,2024-12-22
CLI001106,Felipe Rocha Rocha,1960-11-20,GO,Autonomo,9903.29,650,2025-12-03
CLI001107,Gabriela Ribeiro Costa,1968-07-12,SP,,,540,2024-02-04
CLI001108,Eduarda Silva Oliveira,1988-11-07,RJ,Assalariado CLT,8386.55,785,2022-12-25
CLI001109,Diego Barbosa Martins,1991-08-04,SP,Profissional Liberal,8742.19,753,2024-06-01
CLI001110,Ursula Rodrigues Nunes,1985-07-07,CE,,2567.11,509,2025-08-18
CLI001111,Eduarda Pereira Ferreira,2006-12-10,SP,Autonomo,,372,2022-01-16
CLI001112,Thiago Lima Araujo,1997-06-28,RJ,Autonomo,2231.11,587,2023-04-16
CLI001113,Joao Oliveira Pereira,2007-04-05,SP,Assalariado CLT,2931.22,496,2025-05-02
CLI001114,Diego Gomes Silva,1979-08-23,PA,Aposentado,5128.59,568,2025-07-31
CLI001115,Ana Moraes Barbosa,1971-09-20,MG,Aposentado,2359.7,837,2024-05-19
CLI001116,Yara Santos Nunes,1991-11-29,RJ,Aposentado,,616,2024-11-02
CLI001117,Paulo Souza Carvalho,1984-09-19,SP,Autonomo,8900.94,780,2024-05-18
CLI001118,Carla Barbosa Martins,2000-05-21,SP,Empresario,4166.93,786,2025-04-18
CLI001119,Rodrigo Barbosa Costa,1992-11-20,PR,,5376.02,634,2022-09-29
CLI001120,Rafael Souza Oliveira,1993-05-30,PR,Autonomo,1498.4,666,2022-04-23
CLI001121,Marcelo Pereira Costa,1989-06-17,SP,Assalariado CLT,,795,2026-06-24
CLI001122,Amanda Almeida Santos,2003-10-30,RS,,6932.89,696,2023-09-01
CLI001123,Lucas Silva Ribeiro,1978-05-12,CE,Empresario,1200.0,570,2024-08-26
CLI001124,Felipe Ribeiro Martins,2001-07-19,BA,Assalariado CLT,11907.34,759,2021-10-03
CLI001125,Paulo Silva Pereira,1988-11-18,RJ,Servidor Publico,2020.24,631,2022-09-20
CLI001126,Henrique Barbosa Costa,1982-09-18,SP,Assalariado CLT,2074.9,529,2023-03-26
CLI001127,Karina Teixeira Carvalho,1987-06-06,RS,Servidor Publico,3541.0,709,2025-12-25
CLI001128,Nelson Pereira Martins,2001-12-02,RS,Assalariado CLT,2202.71,603,2023-08-31
CLI001129,Patricia Carvalho Ferreira,1979-04-05,RJ,Assalariado CLT,3476.82,534,2021-12-31
CLI001130,Karina Carvalho Moraes,1970-11-04,MG,Autonomo,3252.46,788,2023-07-15
CLI001131,Sabrina Ribeiro Ferreira,1980-09-16,SP,Assalariado CLT,3824.53,728,2024-08-07
CLI001132,Nelson Pereira Gomes,1977-10-17,RJ,,4609.04,641,2025-07-27
CLI001133,Gabriela Pereira Silva,1968-03-02,MG,Profissional Liberal,3310.54,675,2025-01-11
CLI001134,Olivia Barbosa Silva,2007-01-12,,Assalariado CLT,11192.27,660,2024-09-23
CLI001135,Eduarda Souza Teixeira,1962-02-28,MG,Profissional Liberal,3031.58,715,2025-06-26
CLI001136,Queren Ribeiro Santos,1968-07-15,SP,Assalariado CLT,4809.01,747,2023-02-15
CLI001137,Yara Rodrigues Araujo,1984-02-06,PR,,3417.3,603,2024-02-17
CLI001138,Rafael Santos Silva,2006-07-20,PA,Assalariado CLT,,457,2023-07-27
CLI001139,Zeca Teixeira Oliveira,1983-10-31,RS,Estudante,,559,2025-08-04
CLI001140,Thiago Ferreira Silva,2004-01-03,RJ,Assalariado CLT,11996.0,745,2021-09-04
CLI001141,Ursula Nunes Ribeiro,1971-12-26,PA,Assalariado CLT,6205.19,561,2022-09-19
CLI001142,Juliana Martins Carvalho,1965-10-17,MG,Estudante,,569,2025-09-20
CLI001143,Gabriela Rodrigues Lima,1979-11-28,SC,Assalariado CLT,6499.35,835,2024-10-15
CLI001144,Carla Santos Araujo,1977-05-09,MG,Aposentado,6065.66,570,2023-12-13
CLI001145,Patricia Oliveira Lima,1977-07-12,MG,Autonomo,1548.42,690,2021-09-15
CLI001146,Joao Ferreira Moraes,2005-01-02,SP,Autonomo,5078.03,551,2023-08-08
CLI001147,Lucas Teixeira Rodrigues,1992-01-12,MT,Assalariado CLT,7687.71,776,2023-11-01
CLI001148,Amanda Souza Gomes,1971-05-09,PR,Assalariado CLT,,452,2022-08-10
CLI001149,Thiago Lima Santos,1974-05-06,,Empresario,,450,2022-08-09
CLI001150,Wagner Carvalho Silva,1985-09-26,RS,Assalariado CLT,11118.25,728,2023-04-25
CLI001151,Ana Santos Rodrigues,2007-05-27,SC,Autonomo,,591,2025-05-02
CLI001152,Mariana Santos Lima,1990-11-05,RS,Assalariado CLT,4472.41,472,2024-08-20
CLI001153,Juliana Rodrigues Souza,1992-03-09,RJ,Empresario,13907.97,540,2026-05-05
CLI001154,Vinicius Teixeira Almeida,1969-12-26,MG,Autonomo,8117.91,778,2026-07-25
CLI001155,Eduarda Souza Oliveira,2003-02-06,PR,Aposentado,,818,2024-08-22
CLI001156,Sabrina Oliveira Araujo,1976-03-12,SP,Autonomo,1791.34,435,2026-06-08
CLI001157,Bruno Carvalho Silva,1979-04-01,PE,Assalariado CLT,4090.55,462,2023-09-10
CLI001158,Ursula Teixeira Oliveira,1977-01-23,DF,Assalariado CLT,4671.07,542,2023-10-24
CLI001159,Nelson Lima Pereira,1997-03-20,MG,Assalariado CLT,3812.96,814,2022-04-06
CLI001160,Karina Carvalho Ferreira,2007-08-15,RS,Assalariado CLT,4470.35,750,2026-03-19
CLI001161,Rodrigo Araujo Silva,1989-12-27,PE,Autonomo,3609.52,753,2022-09-13
CLI001162,Lucas Pereira Souza,2006-04-17,SP,Assalariado CLT,,736,2025-01-09
CLI001163,Bruno Ferreira Barbosa,1985-11-22,SP,Autonomo,1786.06,847,2024-10-04
CLI001164,Carla Oliveira Moraes,1982-03-09,PR,Servidor Publico,2048.67,593,2025-05-15
CLI001165,Marcelo Rodrigues Martins,1983-05-30,BA,Assalariado CLT,1343.38,523,2023-08-11
CLI001166,Queren Ferreira Souza,1970-02-14,RS,Assalariado CLT,3114.29,311,2026-06-15
CLI001167,Patricia Nunes Pereira,1991-06-04,RJ,Profissional Liberal,11316.23,613,2025-07-06
CLI001168,Lucas Gomes Carvalho,1983-10-11,MT,Servidor Publico,2337.28,615,2026-07-19
CLI001169,Carla Costa Silva,1992-12-24,SP,,1200.0,382,2026-03-01
CLI001170,Juliana Teixeira Santos,1988-01-11,PR,Aposentado,3637.7,613,2025-08-08
CLI001171,Gabriela Rocha Oliveira,1959-11-18,ES,,6136.97,756,2026-02-17
CLI001172,Olivia Ferreira Ferreira,1984-09-19,PR,Servidor Publico,20796.54,808,2023-06-16
CLI001173,Rodrigo Gomes Costa,1968-11-03,SP,Autonomo,,529,2022-08-25
CLI001174,Patricia Nunes Oliveira,1987-12-09,,Assalariado CLT,7938.66,1000,2025-03-02
CLI001175,Olivia Teixeira Costa,1996-10-17,SP,Servidor Publico,6247.15,665,2026-04-10
CLI001176,Patricia Rocha Araujo,1975-06-28,MG,Profissional Liberal,10322.67,667,2021-11-11
CLI001177,Bruno Souza Souza,1967-03-07,SP,Aposentado,1661.66,483,2021-12-25
CLI001178,Queren Oliveira Araujo,1990-11-13,SP,Assalariado CLT,2401.95,534,2025-02-26
CLI001179,Diego Rocha Rodrigues,1989-07-28,GO,,14942.46,565,2022-03-01
CLI001180,Henrique Rodrigues Ribeiro,2000-02-08,MG,Empresario,5239.03,745,2026-04-13
CLI001181,Patricia Barbosa Gomes,1973-06-30,DF,Aposentado,3543.72,597,2025-09-06
CLI001182,Karina Oliveira Pereira,1980-03-26,RJ,Autonomo,6435.02,429,2022-04-24
CLI001183,Paulo Santos Araujo,1980-01-25,PR,Assalariado CLT,3873.91,725,2026-07-14
CLI001184,Lucas Nunes Nunes,1994-11-12,PE,Assalariado CLT,5982.58,350,2024-05-18
CLI001185,Karina Lima Carvalho,1992-01-14,PE,Assalariado CLT,4580.94,682,2023-02-26
CLI001186,Amanda Nunes Rodrigues,1997-12-22,RJ,Empresario,4186.41,554,2023-05-16
CLI001187,Rafael Martins Gomes,1974-08-06,SP,Autonomo,1538.94,649,2021-10-07
CLI001188,Sabrina Almeida Carvalho,1983-04-06,GO,Servidor Publico,,582,2025-09-21
CLI001189,Eduarda Moraes Rodrigues,1984-02-04,SP,Estudante,13241.81,533,2021-09-28
CLI001190,Felipe Almeida Nunes,1965-09-11,DF,Autonomo,6252.91,492,2024-02-03
CLI001191,Henrique Lima Moraes,1987-08-28,,Aposentado,5303.83,539,2022-11-22
CLI001192,Queren Costa Barbosa,1972-10-17,,Empresario,1662.38,542,2025-12-15
CLI001193,Thiago Ferreira Gomes,1978-12-16,PR,Autonomo,,568,2025-03-19
CLI001194,Diego Carvalho Almeida,2007-08-13,ES,Aposentado,3888.43,423,2022-11-13
CLI001195,Thiago Rodrigues Nunes,1997-09-09,SP,Assalariado CLT,,481,2023-05-04
CLI001196,Rafael Rodrigues Oliveira,1972-06-04,RJ,Aposentado,1200.0,543,2023-11-03
CLI001197,Thiago Ferreira Teixeira,2001-11-23,PE,Assalariado CLT,17119.3,433,2024-04-26
CLI001198,Wagner Souza Teixeira,1983-02-22,MG,Empresario,,572,2025-03-02
CLI001199,Henrique Lima Almeida,1991-04-28,DF,Assalariado CLT,6112.76,622,2024-09-02
CLI001200,Zeca Barbosa Lima,1977-08-18,PE,Estudante,4220.48,627,2022-07-12
CLI001201,Felipe Souza Almeida,1985-09-09,SP,Assalariado CLT,3456.53,573,2025-10-16
CLI001202,Sabrina Moraes Santos,1978-07-05,,Assalariado CLT,,487,2021-09-23
CLI001203,Thiago Costa Moraes,1993-12-12,,Assalariado CLT,6667.79,612,2026-05-18
CLI001204,Juliana Moraes Martins,1986-08-01,ES,Aposentado,2313.77,597,2024-03-11
CLI001205,Mariana Barbosa Rocha,1989-08-02,SP,Assalariado CLT,9267.53,586,2024-09-09
CLI001206,Diego Carvalho Martins,1979-02-01,,Autonomo,1552.85,785,2024-10-16
CLI001207,Nelson Carvalho Santos,1986-08-05,PR,Autonomo,,629,2022-04-20
CLI001208,Henrique Ribeiro Araujo,1973-04-05,MG,Assalariado CLT,,677,2023-06-09
CLI001209,Zeca Rodrigues Moraes,1993-07-31,PE,Autonomo,4798.41,588,2021-10-25
CLI001210,Carla Silva Martins,1998-03-03,BA,Profissional Liberal,4026.96,699,2026-06-15
CLI001211,Henrique Carvalho Lima,2007-07-31,MT,Profissional Liberal,,364,2023-01-08
CLI001212,Nelson Pereira Rocha,1980-10-08,BA,Assalariado CLT,1473.49,622,2025-02-17
CLI001213,Ana Oliveira Martins,1975-07-10,SP,Assalariado CLT,1407.69,611,2023-01-21
CLI001214,Thiago Lima Oliveira,1988-02-19,PR,Empresario,3103.97,542,2021-12-01
CLI001215,Joao Santos Silva,1993-01-13,SP,Empresario,12527.76,667,2023-08-16
CLI001216,Mariana Martins Oliveira,2000-07-05,SP,Assalariado CLT,5944.13,540,2025-01-18
CLI001217,Paulo Ribeiro Moraes,2006-11-10,,Assalariado CLT,1733.75,700,2022-08-18
CLI001218,Paulo Ferreira Santos,1989-07-24,PR,Autonomo,5229.86,719,2026-03-17
CLI001219,Queren Rodrigues Souza,1982-02-19,SP,Empresario,,679,2026-07-20
CLI001220,Lucas Souza Rodrigues,1994-01-30,MG,Profissional Liberal,5937.52,597,2026-07-19
CLI001221,Isabela Santos Souza,1996-03-25,SP,Assalariado CLT,5071.24,939,2022-05-04
CLI001222,Rafael Almeida Teixeira,1974-10-12,GO,Empresario,3356.29,688,2025-05-10
CLI001223,Nelson Rocha Moraes,1966-11-18,ES,Assalariado CLT,1810.8,467,2025-04-10
CLI001224,Joao Gomes Pereira,1987-11-03,SP,,,696,2025-04-05
CLI001225,Paulo Nunes Silva,1977-03-02,SP,Autonomo,2265.7,864,2021-11-14
CLI001226,Amanda Santos Nunes,1997-03-17,DF,Assalariado CLT,3616.13,476,2021-11-15
CLI001227,Mariana Ribeiro Rodrigues,1974-08-04,,Profissional Liberal,5341.29,592,2026-05-26
CLI001228,Juliana Lima Moraes,1983-03-02,BA,Assalariado CLT,2740.22,529,2026-04-13
CLI001229,Nelson Nunes Oliveira,1961-04-05,,Assalariado CLT,10149.94,781,2026-04-25
CLI001230,Marcelo Ferreira Araujo,1980-12-10,SP,Assalariado CLT,5500.88,622,2025-12-15
CLI001231,Ursula Santos Teixeira,2002-02-12,MG,Autonomo,2932.56,388,2022-11-11
CLI001232,Mariana Martins Oliveira,1989-06-13,SP,Assalariado CLT,2083.73,551,2026-07-13
CLI001233,Ursula Gomes Nunes,1986-01-20,SC,Assalariado CLT,5067.64,551,2021-12-25
CLI001234,Amanda Lima Pereira,1977-01-11,CE,Assalariado CLT,4633.86,367,2022-01-23
CLI001235,Bruno Almeida Costa,1963-01-23,SC,Assalariado CLT,9083.49,472,2023-01-04
CLI001236,Henrique Souza Almeida,1973-11-13,SP,Assalariado CLT,3917.78,580,2026-08-10
CLI001237,Karina Martins Pereira,1966-01-03,BA,Assalariado CLT,3898.92,545,2022-04-06
CLI001238,Rafael Lima Rocha,1991-09-07,SC,Assalariado CLT,3717.7,664,2026-02-10
CLI001239,Zeca Silva Araujo,1992-01-24,RS,Servidor Publico,5287.06,429,2021-11-25
CLI001240,Paulo Ferreira Silva,1988-08-24,MG,Autonomo,12682.43,598,2025-04-28
CLI001241,Lucas Rocha Nunes,1993-07-31,MG,Servidor Publico,,522,2022-01-17
CLI001242,Vinicius Nunes Oliveira,1991-06-05,RJ,Servidor Publico,6777.99,756,2024-12-04
CLI001243,Vinicius Lima Oliveira,1994-02-24,PR,Assalariado CLT,4283.83,550,2024-08-18
CLI001244,Lucas Ribeiro Oliveira,2001-05-18,SP,Assalariado CLT,3983.75,332,2021-10-22
CLI001245,Marcelo Santos Souza,2007-04-07,SP,Autonomo,4022.56,542,2022-07-08
CLI001246,Ursula Rodrigues Rocha,1969-06-18,RS,Servidor Publico,2446.94,462,2021-11-30
CLI001247,Thiago Santos Costa,1972-09-13,SP,Assalariado CLT,,612,2025-07-17
CLI001248,Ana Teixeira Teixeira,1989-12-19,RS,Assalariado CLT,4441.17,812,2024-04-21
CLI001249,Isabela Gomes Souza,1978-06-11,RJ,Empresario,7851.37,622,2021-10-03
CLI001250,Amanda Santos Araujo,1988-02-27,PR,Assalariado CLT,2053.34,688,2026-06-20
CLI001251,Rafael Barbosa Moraes,1977-10-31,MG,Assalariado CLT,5387.64,425,2021-09-12
CLI001252,Bruno Gomes Souza,1987-03-13,SP,Empresario,8347.46,255,2022-02-28
CLI001253,Diego Souza Barbosa,1965-03-02,SP,Profissional Liberal,,606,2025-03-06
CLI001254,Bruno Costa Souza,1979-07-30,SP,,4708.21,558,2026-04-07
CLI001255,Eduarda Ribeiro Rocha,1975-10-22,SP,Assalariado CLT,2319.44,435,2026-05-08
CLI001256,Henrique Lima Carvalho,1977-02-06,SP,Profissional Liberal,7255.11,900,2025-07-04
CLI001257,Ursula Araujo Costa,1971-02-15,SC,Empresario,4562.38,622,2026-06-13
CLI001258,Yara Costa Lima,1974-01-26,BA,Autonomo,7009.35,750,2025-03-14
CLI001259,Paulo Costa Ribeiro,1969-10-22,SP,Autonomo,3315.1,658,2026-04-24
CLI001260,Rodrigo Almeida Barbosa,1985-05-17,SP,,9505.4,512,2023-09-13
CLI001261,Vinicius Silva Santos,1971-07-29,ES,Empresario,6694.48,742,2025-02-17
CLI001262,Bruno Gomes Rocha,1974-04-06,SP,Aposentado,4499.96,828,2024-02-18
CLI001263,Vinicius Gomes Almeida,1978-12-18,PA,Assalariado CLT,5497.14,652,2024-07-31
CLI001264,Yara Carvalho Ribeiro,2000-01-07,PR,Autonomo,4084.93,688,2022-11-03
CLI001265,Zeca Ferreira Costa,1984-12-26,BA,Servidor Publico,10757.16,505,2022-09-09
CLI001266,Eduarda Gomes Ferreira,1971-02-10,ES,Assalariado CLT,2136.2,906,2022-05-07
CLI001267,Yara Souza Souza,1987-02-19,RJ,Assalariado CLT,1856.62,969,2026-01-11
CLI001268,Juliana Rodrigues Carvalho,2000-04-26,SP,Assalariado CLT,5338.09,361,2025-11-04
CLI001269,Lucas Barbosa Moraes,1980-01-23,ES,Aposentado,3976.75,801,2024-03-06
CLI001270,Zeca Ferreira Costa,1965-01-15,SP,Assalariado CLT,16379.09,684,2023-06-26
CLI001271,Eduarda Almeida Almeida,1974-03-09,RJ,Empresario,2194.64,564,2024-06-17
CLI001272,Gabriela Almeida Almeida,1991-06-11,SP,,6458.75,578,2026-07-16
CLI001273,Carla Souza Costa,2006-09-25,SP,Autonomo,4334.69,577,2024-05-28
CLI001274,Yara Teixeira Pereira,1982-11-06,MT,Assalariado CLT,8706.32,684,2023-03-12
CLI001275,Amanda Araujo Lima,1986-01-06,PE,Servidor Publico,4135.83,679,2026-01-17
CLI001276,Vinicius Teixeira Martins,1980-12-17,BA,Assalariado CLT,1458.94,646,2024-04-01
CLI001277,Ursula Ferreira Carvalho,2005-01-11,RS,Profissional Liberal,3081.33,408,2021-10-23
CLI001278,Vinicius Ribeiro Nunes,1985-11-09,SP,Assalariado CLT,3946.16,464,2025-11-02
CLI001279,Yara Araujo Santos,1987-03-09,SC,Assalariado CLT,,459,2023-01-17
CLI001280,Rafael Souza Lima,1991-05-16,BA,Aposentado,,548,2022-02-28
CLI001281,Ursula Carvalho Lima,1979-02-10,SP,Empresario,,571,2024-09-18
CLI001282,Vinicius Santos Moraes,1988-07-15,SC,Empresario,2478.84,600,2024-12-01
CLI001283,Thiago Rocha Gomes,1980-07-25,SP,Autonomo,3771.77,389,2022-03-18
CLI001284,Rodrigo Moraes Oliveira,1985-04-10,ES,Servidor Publico,6431.8,689,2022-10-18
CLI001285,Carla Pereira Gomes,2000-05-04,DF,,2868.62,633,2023-01-21
CLI001286,Karina Nunes Araujo,2007-03-26,RS,Profissional Liberal,2680.1,799,2021-09-07
CLI001287,Ana Santos Rodrigues,1980-06-11,SP,Assalariado CLT,1773.93,527,2023-07-10
CLI001288,Eduarda Rocha Oliveira,1993-05-20,CE,Assalariado CLT,4903.57,684,2023-07-21
CLI001289,Henrique Lima Costa,1991-12-07,RJ,Assalariado CLT,,634,2026-06-01
CLI001290,Bruno Araujo Oliveira,1985-12-30,DF,Assalariado CLT,10042.25,450,2024-03-24
CLI001291,Ana Ferreira Gomes,1979-10-09,SP,Assalariado CLT,6114.1,479,2023-11-08
CLI001292,Karina Nunes Costa,1961-10-05,SP,Autonomo,2610.07,676,2025-05-12
CLI001293,Yara Moraes Ribeiro,1984-10-05,SC,Aposentado,5061.54,405,2022-05-19
CLI001294,Eduarda Moraes Souza,1986-06-04,RJ,Assalariado CLT,7613.6,582,2022-09-25
CLI001295,Rafael Araujo Costa,1998-01-21,,Assalariado CLT,5572.87,593,2023-07-06
CLI001296,Bruno Costa Lima,1973-02-16,DF,Assalariado CLT,7655.68,741,2022-09-24
CLI001297,Karina Teixeira Almeida,1995-07-27,RJ,Autonomo,1566.6,602,2021-11-19
CLI001298,Zeca Rodrigues Ferreira,1979-01-11,PE,,3988.12,560,2025-02-23
CLI001299,Wagner Silva Ferreira,2007-04-02,SP,Autonomo,,506,2022-07-13
CLI001300,Vinicius Pereira Santos,1971-08-16,SC,Empresario,2562.69,602,2025-02-17
CLI001301,Nelson Carvalho Ribeiro,1976-12-05,SP,Assalariado CLT,,667,2022-02-24
CLI001302,Karina Carvalho Pereira,1985-10-13,SP,Servidor Publico,4928.82,751,2025-07-19
CLI001303,Juliana Pereira Almeida,1975-08-31,SP,Assalariado CLT,1876.55,564,2022-08-26
CLI001304,Joao Ribeiro Silva,1976-01-16,SC,Estudante,7996.83,583,2026-04-18
CLI001305,Felipe Costa Santos,1982-10-12,RS,Assalariado CLT,8188.9,457,2025-07-12
CLI001306,Patricia Silva Lima,1970-10-31,RS,Autonomo,3346.47,565,2023-02-20
CLI001307,Vinicius Rocha Lima,1977-10-25,PR,Assalariado CLT,6578.81,878,2023-11-01
CLI001308,Felipe Nunes Silva,1983-11-02,RJ,Aposentado,10164.39,811,2026-07-24
CLI001309,Joao Souza Costa,1972-10-11,PA,,1495.28,503,2024-04-11
CLI001310,Diego Araujo Costa,1972-11-06,RJ,Empresario,4733.31,497,2021-12-09
CLI001311,Zeca Lima Lima,1979-02-04,PR,Autonomo,2846.05,315,2023-05-31
CLI001312,Rodrigo Lima Carvalho,1997-06-27,SP,Autonomo,,912,2022-04-17
CLI001313,Carla Ribeiro Almeida,1999-04-28,BA,Estudante,,826,2022-07-10
CLI001314,Mariana Ribeiro Barbosa,1964-04-26,SP,Assalariado CLT,5071.94,532,2022-09-22
CLI001315,Wagner Almeida Santos,1996-10-27,PE,Assalariado CLT,2117.36,585,2024-01-03
CLI001316,Felipe Silva Costa,1990-05-26,GO,Estudante,30887.35,560,2025-03-22
CLI001317,Juliana Ribeiro Ferreira,1982-02-14,PE,Assalariado CLT,1434.7,622,2023-03-03
CLI001318,Zeca Araujo Carvalho,1987-06-09,RJ,Autonomo,2984.75,490,2023-12-30
CLI001319,Amanda Souza Gomes,1980-12-26,SP,Assalariado CLT,2499.37,555,2026-02-12
CLI001320,Yara Martins Lima,1976-11-11,SP,Assalariado CLT,10041.66,790,2021-09-23
CLI001321,Lucas Pereira Teixeira,2007-02-23,SP,Empresario,6128.56,476,2024-02-11
CLI001322,Sabrina Santos Costa,1983-07-24,PR,Assalariado CLT,3554.43,617,2024-10-24
CLI001323,Rafael Barbosa Nunes,1980-02-06,PR,Autonomo,3018.76,735,2022-08-12
CLI001324,Bruno Barbosa Teixeira,1981-09-23,BA,Autonomo,4354.39,721,2022-05-25
CLI001325,Olivia Pereira Gomes,1976-02-29,SP,Assalariado CLT,2573.43,541,2025-01-16
CLI001326,Paulo Rocha Santos,1990-09-21,RJ,Assalariado CLT,,743,2021-09-20
CLI001327,Juliana Martins Nunes,2003-03-08,SP,Servidor Publico,3429.37,590,2023-09-28
CLI001328,Mariana Martins Pereira,2000-06-25,MG,Estudante,4452.59,603,2024-02-09
CLI001329,Marcelo Nunes Santos,2007-05-14,MG,Estudante,2907.05,671,2023-02-24
CLI001330,Sabrina Teixeira Santos,1973-06-09,SP,Autonomo,3316.02,289,2021-11-12
CLI001331,Diego Almeida Barbosa,1986-11-21,BA,Assalariado CLT,,445,2026-03-18
CLI001332,Lucas Oliveira Silva,1985-02-13,SP,Aposentado,,661,2025-03-01
CLI001333,Ursula Pereira Gomes,1986-06-06,PE,,,660,2024-12-24
CLI001334,Amanda Nunes Nunes,1984-12-02,PA,Estudante,7740.68,740,2022-08-14
CLI001335,Zeca Pereira Araujo,1979-01-13,SP,Assalariado CLT,7434.69,548,2023-01-18
CLI001336,Juliana Pereira Moraes,1985-01-04,PA,Aposentado,4450.24,426,2023-10-30
CLI001337,Rafael Gomes Souza,1973-04-20,SP,Assalariado CLT,6675.38,656,2025-07-29
CLI001338,Sabrina Teixeira Santos,1979-04-25,GO,Autonomo,4515.91,419,2021-09-19
CLI001339,Olivia Teixeira Ferreira,1993-06-30,SP,Empresario,6921.33,542,2022-11-26
CLI001340,Rafael Carvalho Ferreira,1964-05-11,RS,Profissional Liberal,2957.19,223,2026-02-13
CLI001341,Diego Rocha Teixeira,1990-08-08,MG,,,632,2022-11-13
CLI001342,Eduarda Santos Rodrigues,1976-04-06,DF,Autonomo,8673.36,575,2026-06-05
CLI001343,Zeca Ribeiro Pereira,1995-01-30,RS,Autonomo,4026.12,690,2024-05-19
CLI001344,Paulo Santos Silva,1992-07-04,DF,Assalariado CLT,3581.6,420,2025-06-26
CLI001345,Nelson Costa Teixeira,1972-02-24,SC,Assalariado CLT,,493,2025-01-09
CLI001346,Sabrina Teixeira Costa,1990-05-26,PE,Autonomo,7828.81,759,2026-04-24
CLI001347,Queren Rocha Nunes,1994-11-23,RS,Assalariado CLT,,712,2025-05-01
CLI001348,Carla Gomes Ferreira,1994-06-29,RJ,,6029.06,595,2023-10-16
CLI001349,Sabrina Santos Souza,2001-11-10,PR,Autonomo,,513,2023-07-17
CLI001350,Zeca Santos Santos,2007-06-02,RJ,Servidor Publico,1608.01,532,2026-02-17
CLI001351,Marcelo Teixeira Gomes,1972-09-19,GO,Assalariado CLT,12786.71,367,2025-09-19
CLI001352,Felipe Silva Almeida,1985-06-10,RJ,Profissional Liberal,4331.41,811,2023-02-22
CLI001353,Rafael Teixeira Rodrigues,1993-02-01,BA,Empresario,18140.91,702,2025-02-06
CLI001354,Henrique Martins Souza,1991-09-16,MT,Autonomo,15705.78,864,2023-02-15
CLI001355,Carla Araujo Ribeiro,1984-02-14,MG,Empresario,7627.57,726,2024-07-16
CLI001356,Amanda Souza Costa,1979-10-06,SC,Assalariado CLT,5911.59,615,2024-02-16
CLI001357,Gabriela Ribeiro Rodrigues,2003-07-11,MG,Assalariado CLT,3632.75,555,2025-12-18
CLI001358,Ursula Martins Oliveira,1984-04-29,MT,Servidor Publico,7348.45,763,2025-02-23
CLI001359,Rodrigo Silva Oliveira,2007-06-28,SP,Assalariado CLT,14227.97,693,2025-01-07
CLI001360,Yara Souza Barbosa,1995-07-20,GO,Assalariado CLT,5017.74,686,2024-01-24
CLI001361,Paulo Ribeiro Araujo,1993-10-26,RJ,Autonomo,1511.81,514,2022-08-28
CLI001362,Zeca Carvalho Araujo,1965-01-30,SP,Assalariado CLT,1604.05,434,2024-03-10
CLI001363,Ana Martins Almeida,1987-10-16,CE,Servidor Publico,2984.1,696,2025-07-21
CLI001364,Mariana Silva Barbosa,1988-02-02,PE,Empresario,3402.66,724,2026-07-18
CLI001365,Nelson Ferreira Ribeiro,1992-06-28,PR,Assalariado CLT,8910.65,670,2022-03-21
CLI001366,Paulo Silva Souza,1989-04-01,SP,Assalariado CLT,5610.7,673,2023-01-12
CLI001367,Carla Martins Costa,2000-11-21,PA,Autonomo,13094.57,544,2024-06-29
CLI001368,Bruno Ferreira Ferreira,1997-04-09,RS,Empresario,13652.1,629,2023-06-11
CLI001369,Rafael Silva Rodrigues,1984-11-06,GO,Autonomo,2281.36,578,2022-03-07
CLI001370,Olivia Silva Costa,2007-06-06,RJ,Assalariado CLT,6380.61,574,2022-12-17
CLI001371,Vinicius Ferreira Rocha,1982-09-27,PA,Assalariado CLT,,775,2026-06-23
CLI001372,Ursula Oliveira Pereira,2004-02-06,RS,Servidor Publico,1333.92,610,2022-11-17
CLI001373,Felipe Nunes Araujo,1969-01-30,SP,Assalariado CLT,5882.47,467,2025-07-06
CLI001374,Rodrigo Ribeiro Ferreira,1997-11-19,SP,Assalariado CLT,9367.02,557,2024-09-30
CLI001375,Carla Oliveira Santos,1972-08-20,SP,Profissional Liberal,,496,2023-01-11
CLI001376,Zeca Almeida Barbosa,1986-11-19,MG,Profissional Liberal,6437.63,579,2022-07-20
CLI001377,Mariana Barbosa Rodrigues,2001-01-30,MG,Assalariado CLT,2591.02,673,2024-06-07
CLI001378,Gabriela Carvalho Costa,1992-08-17,SP,Assalariado CLT,5248.3,404,2025-02-24
CLI001379,Vinicius Almeida Moraes,2006-09-17,SP,Assalariado CLT,3304.95,581,2024-07-25
CLI001380,Mariana Costa Rodrigues,1989-09-27,RS,Servidor Publico,5104.15,413,2024-09-10
CLI001381,Sabrina Costa Santos,1984-08-03,MG,Empresario,6702.0,707,2025-12-28
CLI001382,Diego Oliveira Lima,1997-11-22,SP,Aposentado,3818.09,612,2025-08-31
CLI001383,Nelson Rodrigues Lima,1994-03-19,RS,Autonomo,2856.84,642,2022-11-14
CLI001384,Vinicius Oliveira Rocha,1982-11-07,BA,Assalariado CLT,,591,2025-01-04
CLI001385,Mariana Rodrigues Carvalho,1987-05-27,SP,,3996.66,378,2022-09-02
CLI001386,Ursula Martins Ribeiro,1997-03-01,MT,Autonomo,12199.53,651,2022-12-10
CLI001387,Diego Gomes Teixeira,2003-07-25,CE,Servidor Publico,12877.75,739,2025-03-19
CLI001388,Amanda Gomes Ribeiro,1980-07-11,SP,Assalariado CLT,1893.47,571,2023-07-10
CLI001389,Gabriela Rocha Gomes,1963-09-15,MG,Servidor Publico,7907.85,791,2023-11-11
CLI001390,Ana Rocha Nunes,1969-04-19,SP,Assalariado CLT,5696.93,525,2024-01-08
CLI001391,Marcelo Teixeira Pereira,1989-12-15,PR,,,712,2026-05-28
CLI001392,Thiago Martins Martins,1982-11-18,SP,Autonomo,,726,2025-08-27
CLI001393,Yara Pereira Martins,1991-06-27,PE,Profissional Liberal,14623.91,759,2023-02-01
CLI001394,Rodrigo Martins Carvalho,2007-07-26,MG,Assalariado CLT,4976.52,662,2024-02-29
CLI001395,Eduarda Teixeira Oliveira,1990-01-03,DF,Autonomo,,618,2024-04-20
CLI001396,Nelson Martins Ribeiro,2000-03-06,SP,Assalariado CLT,,766,2023-12-13
CLI001397,Ana Teixeira Araujo,1973-09-11,DF,Autonomo,6498.15,622,2022-07-13
CLI001398,Olivia Teixeira Moraes,1974-05-11,BA,Assalariado CLT,9416.4,540,2025-01-31
CLI001399,Mariana Nunes Silva,1983-02-12,PA,Profissional Liberal,3379.65,735,2026-08-15
CLI001400,Mariana Teixeira Lima,1997-03-23,PE,Assalariado CLT,,709,2024-04-17
CLI001401,Lucas Carvalho Araujo,1991-06-13,SP,Estudante,,589,2023-02-26
CLI001402,Henrique Barbosa Barbosa,1987-02-19,CE,Servidor Publico,,855,2022-07-15
CLI001403,Eduarda Teixeira Souza,1999-11-12,SP,Aposentado,4065.09,580,2022-09-28
CLI001404,Juliana Barbosa Martins,2001-11-19,PA,Autonomo,1845.74,686,2023-05-01
CLI001405,Vinicius Moraes Lima,1966-02-04,BA,Assalariado CLT,3265.38,692,2022-09-21
CLI001406,Eduarda Rocha Moraes,1980-11-12,SP,Empresario,,674,2025-06-23
CLI001407,Diego Teixeira Lima,1981-04-16,SP,Estudante,6961.29,697,2025-12-01
CLI001408,Paulo Nunes Ferreira,2002-07-02,CE,Profissional Liberal,6347.41,580,2024-05-26
CLI001409,Patricia Martins Barbosa,1972-11-11,PA,Autonomo,1200.0,549,2022-04-15
CLI001410,Lucas Lima Araujo,1985-04-15,MG,Empresario,4864.95,847,2023-09-24
CLI001411,Olivia Santos Silva,1972-04-02,PE,Assalariado CLT,4752.97,533,2024-06-01
CLI001412,Isabela Araujo Nunes,1990-05-18,MG,Profissional Liberal,2922.42,623,2023-09-22
CLI001413,Sabrina Moraes Nunes,1960-05-08,SP,Autonomo,2431.99,483,2021-09-24
CLI001414,Gabriela Carvalho Souza,1986-01-11,MG,Estudante,,675,2025-03-07
CLI001415,Nelson Barbosa Rocha,1993-02-11,SP,Empresario,3476.08,462,2026-06-10
CLI001416,Lucas Rocha Rocha,1978-02-20,RS,Aposentado,7629.72,663,2022-06-01
CLI001417,Patricia Araujo Lima,1995-06-30,SC,Autonomo,2992.15,456,2025-07-30
CLI001418,Mariana Rocha Oliveira,1956-12-01,PR,Autonomo,4465.78,571,2023-10-05
CLI001419,Marcelo Rocha Martins,1982-10-08,,Empresario,2307.09,648,2025-11-26
CLI001420,Carla Silva Lima,1999-06-27,SC,Assalariado CLT,,233,2022-01-20
CLI001421,Karina Gomes Lima,1987-09-27,CE,Aposentado,7864.01,367,2023-06-13
CLI001422,Olivia Almeida Carvalho,1991-07-30,SP,Empresario,12268.43,706,2021-10-04
CLI001423,Paulo Rocha Martins,2006-07-12,SP,Assalariado CLT,,784,2025-05-04
CLI001424,Wagner Lima Araujo,1972-02-20,,Assalariado CLT,3226.42,569,2022-07-23
CLI001425,Queren Ribeiro Ribeiro,1995-01-30,SP,Aposentado,4675.33,697,2022-05-02
CLI001426,Vinicius Teixeira Ribeiro,1989-10-10,PE,Autonomo,5886.33,833,2026-06-04
CLI001427,Amanda Barbosa Souza,1971-06-11,SP,Autonomo,,728,2022-10-18
CLI001428,Amanda Almeida Rodrigues,1978-02-17,MG,Assalariado CLT,,552,2022-09-26
CLI001429,Joao Martins Souza,1977-01-21,SP,Assalariado CLT,2878.05,412,2024-02-03
CLI001430,Eduarda Araujo Rocha,1961-10-12,,Assalariado CLT,1400.18,897,2022-07-11
CLI001431,Juliana Oliveira Pereira,1985-01-19,GO,Assalariado CLT,,353,2023-06-17
CLI001432,Carla Moraes Almeida,1993-03-15,GO,Assalariado CLT,12568.77,619,2024-04-02
CLI001433,Eduarda Santos Costa,1988-06-02,MG,Empresario,2006.91,813,2022-09-05
CLI001434,Ursula Barbosa Santos,1961-09-09,RJ,Autonomo,3043.73,297,2025-10-08
CLI001435,Thiago Oliveira Oliveira,1970-11-16,SP,Autonomo,4831.05,335,2023-05-21
CLI001436,Thiago Araujo Ferreira,1997-02-22,BA,Autonomo,2512.22,841,2022-11-19
CLI001437,Ursula Ferreira Gomes,1978-08-13,SP,Assalariado CLT,13918.62,416,2021-08-31
CLI001438,Olivia Ferreira Rodrigues,1988-08-10,SP,Assalariado CLT,7096.58,618,2023-01-25
CLI001439,Lucas Souza Costa,1996-05-07,MG,Profissional Liberal,3507.27,544,2021-11-16
CLI001440,Gabriela Rodrigues Oliveira,1992-06-08,MG,Assalariado CLT,12256.76,592,2023-09-03
CLI001441,Ursula Araujo Gomes,1972-05-20,ES,Profissional Liberal,4752.72,491,2026-03-17
CLI001442,Nelson Araujo Souza,1969-01-01,BA,Aposentado,11690.55,493,2024-05-24
CLI001443,Isabela Martins Lima,1968-03-02,MT,Profissional Liberal,4725.62,443,2025-09-05
CLI001444,Amanda Moraes Araujo,1983-02-04,SP,Assalariado CLT,3341.1,584,2021-09-07
CLI001445,Rodrigo Oliveira Teixeira,2002-06-11,MG,Assalariado CLT,3298.95,625,2022-07-26
CLI001446,Ursula Araujo Rodrigues,2003-03-01,SP,,6102.94,466,2025-12-09
CLI001447,Patricia Moraes Teixeira,1981-01-22,ES,Assalariado CLT,,478,2026-06-21
CLI001448,Mariana Rodrigues Ferreira,1967-02-27,SP,Autonomo,5653.77,205,2024-03-05
CLI001449,Isabela Rocha Ribeiro,1980-02-25,RJ,Assalariado CLT,7428.53,553,2024-06-24
CLI001450,Mariana Ribeiro Silva,1971-04-01,RS,Assalariado CLT,3521.03,550,2022-05-14
CLI001451,Yara Oliveira Araujo,1982-11-04,RS,Aposentado,5369.06,756,2022-04-16
CLI001452,Joao Souza Ribeiro,1985-03-16,SC,Assalariado CLT,6721.45,714,2024-10-17
CLI001453,Amanda Santos Ribeiro,1975-08-09,PA,Assalariado CLT,,496,2022-04-23
CLI001454,Rafael Ferreira Ferreira,1992-04-24,MG,Assalariado CLT,5436.21,489,2024-04-21
CLI001455,Nelson Pereira Gomes,1981-05-01,RS,Empresario,,571,2025-09-27
CLI001456,Mariana Pereira Carvalho,2001-03-22,ES,Servidor Publico,,820,2022-05-17
CLI001457,Marcelo Martins Teixeira,1990-04-02,RJ,Assalariado CLT,4241.76,660,2023-03-23
CLI001458,Paulo Santos Ribeiro,2002-06-26,DF,Servidor Publico,,485,2024-05-31
CLI001459,Lucas Teixeira Moraes,1984-12-11,SP,Empresario,5072.22,449,2026-04-12
CLI001460,Diego Teixeira Souza,1996-05-29,PA,Assalariado CLT,9628.03,411,2022-01-01
CLI001461,Henrique Rodrigues Rocha,1989-02-15,MG,Assalariado CLT,,536,2023-02-08
CLI001462,Wagner Barbosa Pereira,1977-12-07,MG,Assalariado CLT,11284.3,584,2021-11-19
CLI001463,Nelson Rodrigues Costa,1988-10-30,ES,Assalariado CLT,4410.7,676,2023-04-10
CLI001464,Carla Santos Araujo,1998-12-30,BA,Autonomo,9857.82,553,2021-08-28
CLI001465,Wagner Almeida Souza,1983-11-08,GO,Assalariado CLT,3598.73,548,2025-01-23
CLI001466,Karina Almeida Silva,1975-11-29,CE,Servidor Publico,,735,2022-05-25
CLI001467,Lucas Oliveira Teixeira,1997-12-19,MG,Autonomo,,830,2022-01-06
CLI001468,Marcelo Araujo Oliveira,2000-12-25,SP,Assalariado CLT,1381.18,883,2021-10-06
CLI001469,Olivia Moraes Pereira,2004-02-19,RS,Autonomo,,616,2025-03-17
CLI001470,Paulo Lima Costa,1997-05-13,SP,Aposentado,1510.72,620,2024-01-27
CLI001471,Patricia Barbosa Souza,1979-07-19,,Assalariado CLT,3512.79,323,2024-02-13
CLI001472,Juliana Santos Nunes,1972-01-09,CE,Assalariado CLT,,754,2021-11-27
CLI001473,Gabriela Carvalho Teixeira,1987-11-24,PR,Autonomo,,545,2025-06-29
CLI001474,Bruno Pereira Lima,1976-02-24,SP,Servidor Publico,1624.55,391,2024-02-17
CLI001475,Karina Nunes Carvalho,1974-10-27,MG,Empresario,3071.85,530,2025-08-18
CLI001476,Rafael Almeida Oliveira,1969-08-19,PE,Assalariado CLT,3989.33,553,2025-12-10
CLI001477,Joao Moraes Pereira,1972-12-12,,Aposentado,6549.12,793,2025-10-09
CLI001478,Queren Rocha Nunes,1969-12-08,RJ,Autonomo,5376.84,574,2023-12-01
CLI001479,Vinicius Costa Souza,1968-10-06,SC,Assalariado CLT,5979.11,263,2025-01-21
CLI001480,Karina Pereira Ferreira,1973-09-14,MG,Assalariado CLT,6203.32,672,2025-06-16
CLI001481,Rafael Lima Moraes,2007-07-22,,Autonomo,1768.29,560,2022-10-25
CLI001482,Henrique Teixeira Pereira,1982-09-22,BA,Empresario,,564,2023-07-16
CLI001483,Patricia Pereira Moraes,2004-09-03,SP,,8117.62,614,2023-04-22
CLI001484,Thiago Rocha Santos,1982-05-21,SP,Servidor Publico,2709.96,599,2024-04-01
CLI001485,Joao Oliveira Araujo,1996-05-19,SP,Servidor Publico,3781.7,674,2024-02-25
CLI001486,Karina Souza Costa,1999-03-26,ES,Assalariado CLT,7016.11,699,2022-09-05
CLI001487,Gabriela Lima Gomes,1979-07-12,BA,Autonomo,2396.75,615,2022-06-10
CLI001488,Yara Almeida Carvalho,2000-03-01,RS,Autonomo,,482,2022-01-06
CLI001489,Lucas Costa Costa,1993-04-30,SC,Autonomo,8243.01,510,2025-05-21
CLI001490,Paulo Lima Barbosa,2001-10-13,PR,Assalariado CLT,2606.25,755,2023-04-23
CLI001491,Bruno Costa Araujo,2002-04-12,RJ,Empresario,,489,2025-09-07
CLI001492,Vinicius Ferreira Nunes,1983-07-03,,Servidor Publico,2469.21,742,2024-10-29
CLI001493,Eduarda Teixeira Pereira,1986-02-27,MG,Assalariado CLT,1672.39,463,2026-05-17
CLI001494,Nelson Costa Ribeiro,1995-09-15,SP,Autonomo,2298.88,732,2022-08-18
CLI001495,Felipe Souza Martins,1979-05-29,MG,Aposentado,2766.85,801,2026-08-02
CLI001496,Vinicius Moraes Almeida,1992-01-13,SP,Autonomo,7193.9,368,2025-07-19
CLI001497,Rafael Santos Almeida,1971-03-17,PR,Autonomo,6404.27,590,2026-02-25
CLI001498,Bruno Araujo Araujo,1968-11-07,RJ,Autonomo,2145.9,717,2023-03-08
CLI001499,Queren Barbosa Lima,1961-05-11,SP,Assalariado CLT,2737.41,499,2024-12-21
CLI001500,Nelson Ferreira Araujo,1978-11-06,ES,Assalariado CLT,2643.98,443,2023-07-10
CLI001501,Felipe Carvalho Santos,1999-02-02,RS,Estudante,2167.91,336,2023-08-25
CLI001502,Isabela Souza Souza,1988-01-26,GO,Aposentado,6410.79,576,2023-03-09
CLI001503,Mariana Rocha Gomes,1974-12-31,ES,Assalariado CLT,2390.68,650,2023-01-09
CLI001504,Isabela Ferreira Santos,1973-10-06,DF,Assalariado CLT,6384.57,718,2022-05-17
CLI001505,Sabrina Lima Carvalho,1973-04-16,BA,Assalariado CLT,4495.66,589,2026-01-12
CLI001506,Thiago Rocha Costa,1994-12-13,DF,Assalariado CLT,5909.63,601,2023-06-11
CLI001507,Mariana Martins Almeida,1982-08-29,PR,Assalariado CLT,10528.53,543,2022-01-16
CLI001508,Yara Moraes Rocha,1979-10-27,RJ,Empresario,10371.73,610,2022-07-06
CLI001509,Olivia Pereira Ferreira,1972-11-26,RS,Empresario,,660,2026-04-01
CLI001510,Wagner Oliveira Rodrigues,1978-12-16,CE,Profissional Liberal,2688.72,847,2022-08-16
CLI001511,Ana Ferreira Teixeira,1963-12-11,PR,Assalariado CLT,8741.88,781,2026-03-14
CLI001512,Bruno Lima Gomes,1994-04-09,RJ,Assalariado CLT,7359.99,797,2024-11-29
CLI001513,Bruno Oliveira Teixeira,2001-06-16,PE,Autonomo,9524.15,551,2024-01-13
CLI001514,Isabela Santos Martins,1999-11-23,DF,Aposentado,3770.28,678,2021-09-16
CLI001515,Paulo Ferreira Ribeiro,1985-11-24,BA,Assalariado CLT,,478,2023-06-24
CLI001516,Bruno Carvalho Araujo,1985-06-24,MG,Assalariado CLT,,486,2022-10-30
CLI001517,Nelson Moraes Moraes,1977-09-02,SC,Servidor Publico,1592.85,498,2025-05-21
CLI001518,Karina Ribeiro Souza,1972-10-20,SP,Autonomo,,497,2022-09-19
CLI001519,Paulo Almeida Araujo,1973-11-15,SP,Assalariado CLT,,618,2025-03-09
CLI001520,Sabrina Barbosa Teixeira,1991-11-28,RS,Estudante,2391.29,677,2023-03-17
CLI001521,Henrique Ferreira Oliveira,1997-07-07,PR,Servidor Publico,6090.68,620,2026-07-18
CLI001522,Ana Ribeiro Moraes,1985-02-26,RS,Autonomo,4916.98,593,2022-02-20
CLI001523,Gabriela Martins Araujo,1988-11-08,RS,Autonomo,,454,2023-04-06
CLI001524,Rodrigo Almeida Moraes,1971-12-08,SC,Empresario,7880.23,592,2025-09-20
CLI001525,Juliana Rocha Moraes,1961-12-07,GO,Assalariado CLT,2803.48,229,2026-08-09
CLI001526,Karina Santos Ribeiro,1990-04-04,PR,Assalariado CLT,2159.05,670,2025-07-31
CLI001527,Felipe Araujo Araujo,1984-09-01,MG,Empresario,5298.68,629,2022-09-11
CLI001528,Queren Costa Souza,1990-04-16,SP,Autonomo,16821.63,443,2024-10-17
CLI001529,Patricia Nunes Costa,1989-08-01,MT,Aposentado,4042.36,710,2025-06-03
CLI001530,Thiago Nunes Lima,1986-08-15,SP,Servidor Publico,4812.47,624,2024-01-30
CLI001531,Marcelo Carvalho Teixeira,2001-05-16,BA,,4859.14,359,2025-09-12
CLI001532,Yara Santos Oliveira,1967-09-02,SP,Autonomo,6974.61,754,2022-11-01
CLI001533,Gabriela Lima Barbosa,1986-03-20,SP,Assalariado CLT,5359.46,573,2024-05-28
CLI001534,Joao Teixeira Rocha,2003-11-11,SP,Aposentado,2793.12,516,2026-03-31
CLI001535,Queren Santos Teixeira,1958-04-06,SC,Autonomo,,670,2026-03-31
CLI001536,Paulo Ferreira Souza,2000-04-02,SP,Aposentado,3636.94,521,2022-11-29
CLI001537,Henrique Santos Gomes,1986-10-10,SP,Assalariado CLT,2012.73,798,2023-11-23
CLI001538,Bruno Teixeira Lima,1955-09-07,RS,Assalariado CLT,,749,2023-01-07
CLI001539,Wagner Teixeira Lima,1984-03-10,MG,Autonomo,5809.28,369,2024-08-07
CLI001540,Felipe Costa Costa,1985-11-07,BA,Autonomo,5094.05,629,2025-12-24
CLI001541,Ursula Ribeiro Barbosa,1999-09-30,SP,Assalariado CLT,4185.73,747,2022-01-19
CLI001542,Vinicius Barbosa Carvalho,2002-04-15,SP,Assalariado CLT,,687,2024-02-28
CLI001543,Gabriela Almeida Gomes,1992-10-04,MG,Autonomo,3272.68,493,2021-11-29
CLI001544,Diego Oliveira Costa,1970-06-18,,Profissional Liberal,1684.69,686,2023-10-25
CLI001545,Vinicius Souza Rodrigues,1968-04-20,SP,Autonomo,,494,2026-06-29
CLI001546,Juliana Rodrigues Almeida,1976-03-04,CE,Assalariado CLT,10317.68,607,2026-02-24
CLI001547,Eduarda Martins Carvalho,1993-07-07,SP,Autonomo,3890.18,636,2022-03-25
CLI001548,Paulo Almeida Ferreira,1955-06-19,MG,Assalariado CLT,3676.32,646,2023-08-03
CLI001549,Juliana Nunes Araujo,1967-04-02,PR,Autonomo,2278.69,658,2026-07-23
CLI001550,Thiago Silva Silva,1999-11-17,RS,Empresario,10164.62,545,2023-11-28
CLI001551,Diego Almeida Costa,1976-12-12,,Assalariado CLT,,562,2024-09-17
CLI001552,Lucas Souza Ribeiro,1983-09-06,RJ,Assalariado CLT,9098.85,503,2023-02-18
CLI001553,Olivia Costa Santos,2002-11-13,CE,Autonomo,5533.01,510,2025-04-10
CLI001554,Olivia Nunes Almeida,1985-02-04,CE,Assalariado CLT,8615.46,624,2024-11-05
CLI001555,Vinicius Gomes Araujo,1984-06-21,PE,Assalariado CLT,,687,2023-11-15
CLI001556,Rodrigo Martins Oliveira,1980-05-16,RJ,Assalariado CLT,3701.81,818,2025-11-12
CLI001557,Patricia Souza Gomes,2002-12-13,SP,Assalariado CLT,,609,2022-03-14
CLI001558,Nelson Souza Rodrigues,1971-11-25,MG,Autonomo,5378.66,496,2025-11-07
CLI001559,Bruno Araujo Gomes,1972-05-02,MG,,,500,2022-03-02
CLI001560,Zeca Moraes Almeida,1972-07-11,SP,Assalariado CLT,4979.2,907,2021-09-10
CLI001561,Rafael Santos Carvalho,2007-04-15,SP,Assalariado CLT,4027.4,571,2024-06-05
CLI001562,Eduarda Barbosa Araujo,1984-05-29,PR,Aposentado,3623.29,592,2025-05-25
CLI001563,Ana Costa Ferreira,1982-05-02,SP,Servidor Publico,,584,2023-11-29
CLI001564,Bruno Souza Santos,1996-11-25,MG,,7152.78,518,2023-10-12
CLI001565,Eduarda Carvalho Santos,1990-12-12,SP,Assalariado CLT,8034.24,634,2024-01-07
CLI001566,Ana Oliveira Rodrigues,1984-12-19,SP,Assalariado CLT,4641.96,805,2026-04-09
CLI001567,Vinicius Lima Teixeira,1978-09-13,GO,Empresario,6042.55,582,2024-05-29
CLI001568,Gabriela Almeida Barbosa,1984-05-05,RJ,Autonomo,3230.0,424,2024-04-01
CLI001569,Rodrigo Gomes Teixeira,1978-08-22,SP,Aposentado,6926.09,610,2025-06-21
CLI001570,Vinicius Rocha Nunes,1985-01-20,RS,Assalariado CLT,2817.43,584,2023-12-24
CLI001571,Vinicius Souza Costa,1967-08-16,SP,Aposentado,2133.62,615,2024-02-17
CLI001572,Felipe Almeida Nunes,1989-04-29,RJ,Autonomo,4272.13,458,2026-05-11
CLI001573,Ursula Moraes Barbosa,1987-05-24,PR,Assalariado CLT,7857.59,487,2023-02-03
CLI001574,Queren Almeida Rocha,1983-07-31,SP,Autonomo,,414,2025-03-22
CLI001575,Mariana Lima Ferreira,1982-07-10,SP,Autonomo,4100.52,259,2026-08-10
CLI001576,Rodrigo Moraes Costa,1999-08-28,PR,Assalariado CLT,5407.08,603,2025-10-23
CLI001577,Queren Rocha Ribeiro,1990-04-20,CE,Autonomo,26912.14,471,2021-10-29
CLI001578,Olivia Silva Oliveira,2006-11-29,RS,Assalariado CLT,12523.54,587,2023-06-13
CLI001579,Wagner Barbosa Rocha,1979-05-26,PR,Empresario,5690.67,653,2022-05-27
CLI001580,Joao Carvalho Carvalho,1984-07-25,RS,Profissional Liberal,2119.16,616,2024-09-27
CLI001581,Queren Nunes Teixeira,2007-07-08,SP,Profissional Liberal,,726,2026-08-18
CLI001582,Henrique Gomes Martins,1971-04-13,RS,Profissional Liberal,4515.56,483,2022-09-16
CLI001583,Gabriela Santos Costa,1960-02-20,SP,Autonomo,3057.3,323,2024-08-30
CLI001584,Juliana Lima Rodrigues,1983-03-02,PA,Assalariado CLT,2690.07,814,2022-10-22
CLI001585,Henrique Souza Souza,1991-08-04,CE,Servidor Publico,,699,2024-05-09
CLI001586,Henrique Moraes Costa,1992-05-09,MG,Assalariado CLT,,654,2024-06-17
CLI001587,Rafael Almeida Almeida,1995-02-24,GO,Assalariado CLT,4629.98,600,2024-02-03
CLI001588,Carla Carvalho Barbosa,1985-01-08,SC,Empresario,11011.28,882,2024-12-30
CLI001589,Queren Rodrigues Moraes,1982-06-17,PR,Autonomo,2896.41,380,2025-09-13
CLI001590,Ursula Silva Martins,1980-09-24,DF,Assalariado CLT,,571,2026-06-21
CLI001591,Mariana Pereira Moraes,1984-03-08,SP,Assalariado CLT,4084.26,547,2025-06-29
CLI001592,Ana Barbosa Nunes,1978-08-10,CE,Assalariado CLT,4099.47,343,2022-12-08
CLI001593,Marcelo Santos Gomes,2002-08-25,,Assalariado CLT,8938.77,602,2025-07-26
CLI001594,Amanda Oliveira Ferreira,1986-11-06,RJ,Autonomo,,362,2022-06-13
CLI001595,Nelson Ribeiro Rodrigues,1975-12-23,RJ,Autonomo,2090.11,619,2026-04-25
CLI001596,Rodrigo Santos Ribeiro,1982-11-26,SP,Assalariado CLT,2872.48,591,2023-05-26
CLI001597,Henrique Oliveira Pereira,1998-06-02,SP,Empresario,5496.28,535,2024-04-29
CLI001598,Gabriela Almeida Rocha,1978-04-15,PE,Profissional Liberal,3918.16,799,2024-11-26
CLI001599,Zeca Santos Gomes,2000-11-09,PE,Empresario,10501.27,666,2025-11-14
CLI001600,Felipe Ferreira Silva,1990-09-09,BA,Servidor Publico,,409,2022-12-03
CLI001601,Lucas Almeida Moraes,1989-06-08,SP,Empresario,10390.35,580,2023-09-17
CLI001602,Carla Costa Silva,1997-01-17,BA,Aposentado,,503,2025-02-27
CLI001603,Olivia Pereira Oliveira,1997-12-18,BA,Servidor Publico,4930.4,744,2026-06-21
CLI001604,Paulo Moraes Nunes,1989-10-15,DF,Assalariado CLT,2620.85,505,2024-05-24
CLI001605,Nelson Silva Carvalho,1992-01-05,SP,,,709,2024-06-28
CLI001606,Queren Rodrigues Moraes,1986-06-07,PE,Aposentado,2749.94,573,2023-02-01
CLI001607,Ana Santos Rodrigues,1995-02-14,RS,Servidor Publico,7037.09,494,2023-11-14
CLI001608,Amanda Almeida Rodrigues,1981-08-02,,Autonomo,,568,2023-07-09
CLI001609,Joao Costa Rocha,1996-01-23,SP,Assalariado CLT,5754.78,568,2024-02-15
CLI001610,Karina Rodrigues Souza,2007-08-15,MG,Estudante,10292.28,497,2023-09-27
CLI001611,Marcelo Martins Oliveira,1963-06-02,PR,Assalariado CLT,4075.87,648,2025-03-09
CLI001612,Mariana Moraes Souza,2007-06-04,PR,Servidor Publico,3738.62,844,2022-07-11
CLI001613,Mariana Ferreira Nunes,1984-02-29,GO,Empresario,1613.07,508,2026-02-28
CLI001614,Rodrigo Gomes Carvalho,1990-11-20,RS,Empresario,,631,2026-06-05
CLI001615,Eduarda Teixeira Gomes,1984-07-05,SP,Servidor Publico,9975.36,660,2024-07-06
CLI001616,Sabrina Rodrigues Rocha,1987-10-01,SP,Empresario,2580.27,758,2022-08-11
CLI001617,Zeca Ferreira Almeida,1979-05-24,MT,Empresario,2804.41,650,2025-07-15
CLI001618,Yara Carvalho Barbosa,1983-03-21,SP,Assalariado CLT,6563.87,706,2024-03-27
CLI001619,Yara Moraes Araujo,1970-03-24,SP,Empresario,,421,2025-02-03
CLI001620,Ana Martins Barbosa,1980-02-04,MG,Assalariado CLT,3553.52,423,2024-03-21
CLI001621,Ursula Costa Silva,1991-06-23,RS,Assalariado CLT,5243.38,625,2024-11-21
CLI001622,Wagner Silva Ferreira,2007-07-01,RJ,Profissional Liberal,,627,2022-08-19
CLI001623,Thiago Barbosa Oliveira,1976-12-18,SP,Autonomo,1956.33,481,2022-09-29
CLI001624,Carla Gomes Pereira,1977-02-25,SP,Autonomo,,578,2026-04-05
CLI001625,Bruno Rocha Ribeiro,1991-06-08,PE,Estudante,6781.4,761,2026-01-24
CLI001626,Joao Oliveira Ferreira,1995-01-11,MG,Assalariado CLT,3945.42,374,2025-05-12
CLI001627,Henrique Teixeira Souza,1984-05-17,BA,Servidor Publico,10083.22,699,2022-10-10
CLI001628,Ursula Santos Rodrigues,1986-03-16,RJ,Empresario,5307.22,515,2025-03-26
CLI001629,Mariana Souza Teixeira,1986-04-28,SP,Empresario,,378,2024-01-16
CLI001630,Gabriela Ribeiro Pereira,1980-08-21,RJ,Assalariado CLT,4953.68,519,2024-03-30
CLI001631,Ursula Silva Ribeiro,1970-09-11,SP,Assalariado CLT,4058.94,491,2023-09-03
CLI001632,Rodrigo Costa Teixeira,1979-02-02,SP,Aposentado,3070.61,634,2022-02-16
CLI001633,Eduarda Teixeira Nunes,1980-04-28,RJ,Aposentado,13676.32,704,2026-01-09
CLI001634,Felipe Ribeiro Santos,2000-12-21,MG,Assalariado CLT,2721.37,497,2025-11-23
CLI001635,Rafael Barbosa Barbosa,1999-07-09,DF,Servidor Publico,6932.93,602,2022-04-06
CLI001636,Henrique Nunes Ribeiro,1979-02-11,RS,,4413.16,518,2024-06-17
CLI001637,Sabrina Costa Pereira,1971-01-24,SP,Autonomo,4736.65,705,2022-05-01
CLI001638,Isabela Gomes Santos,1974-10-15,SP,Autonomo,3411.67,660,2023-04-15
CLI001639,Thiago Barbosa Rodrigues,1988-02-29,PR,Assalariado CLT,8328.96,445,2024-02-01
CLI001640,Vinicius Lima Rocha,1981-11-30,BA,Assalariado CLT,3243.79,624,2022-05-17
CLI001641,Olivia Barbosa Pereira,1975-01-12,DF,Empresario,4844.52,747,2024-04-15
CLI001642,Diego Pereira Teixeira,1989-06-12,DF,Assalariado CLT,5118.0,828,2026-03-30
CLI001643,Rodrigo Pereira Araujo,1976-06-17,MG,Profissional Liberal,,674,2025-06-28
CLI001644,Amanda Rocha Santos,1976-01-13,PR,Aposentado,3949.11,589,2024-11-06
CLI001645,Paulo Oliveira Ferreira,1969-04-17,BA,,,829,2023-01-26
CLI001646,Eduarda Martins Pereira,1978-12-03,MT,Autonomo,4582.67,658,2024-02-22
CLI001647,Paulo Souza Ferreira,1989-02-17,RS,Servidor Publico,2806.14,456,2024-03-01
CLI001648,Bruno Moraes Oliveira,1961-06-13,DF,Autonomo,,754,2022-11-12
CLI001649,Felipe Barbosa Lima,1980-02-07,CE,Assalariado CLT,3105.95,548,2022-08-03
CLI001650,Eduarda Carvalho Rocha,2003-03-29,SP,Aposentado,4898.21,638,2022-05-24
CLI001651,Mariana Almeida Almeida,2000-04-09,SC,Assalariado CLT,3995.71,657,2024-05-04
CLI001652,Thiago Costa Costa,1972-03-16,DF,Aposentado,,790,2025-12-21
CLI001653,Rafael Ferreira Gomes,1975-12-17,SC,Assalariado CLT,10732.59,570,2021-09-20
CLI001654,Diego Nunes Almeida,1988-08-22,RJ,Servidor Publico,2818.82,574,2022-11-05
CLI001655,Isabela Gomes Martins,1975-12-19,MG,,3791.45,627,2023-03-12
CLI001656,Paulo Lima Teixeira,1994-08-31,SC,Assalariado CLT,,591,2024-02-26
CLI001657,Paulo Souza Souza,1983-06-19,DF,Assalariado CLT,3753.1,680,2026-01-30
CLI001658,Thiago Rodrigues Barbosa,1979-04-09,,,10693.65,723,2024-07-02
CLI001659,Karina Costa Nunes,1959-11-27,MG,Empresario,5938.05,550,2021-12-06
CLI001660,Nelson Barbosa Ferreira,1998-03-21,BA,Assalariado CLT,7432.85,579,2022-12-20
CLI001661,Queren Lima Ribeiro,1994-02-17,DF,Assalariado CLT,5053.85,599,2022-03-26
CLI001662,Henrique Oliveira Oliveira,1976-10-04,SC,Servidor Publico,,479,2024-09-15
CLI001663,Karina Santos Rocha,1967-04-20,SP,Assalariado CLT,3913.15,894,2022-01-26
CLI001664,Zeca Araujo Rocha,1953-11-05,SP,Servidor Publico,,666,2024-02-19
CLI001665,Juliana Almeida Costa,1972-12-22,DF,Assalariado CLT,1654.04,453,2022-07-27
CLI001666,Sabrina Ferreira Almeida,1970-07-05,SC,Assalariado CLT,1750.18,697,2022-08-02
CLI001667,Ursula Rodrigues Lima,1987-04-14,RJ,Servidor Publico,2511.13,436,2023-03-08
CLI001668,Olivia Lima Nunes,1990-05-12,RS,Autonomo,8818.65,701,2025-06-05
CLI001669,Amanda Lima Gomes,1966-06-28,RJ,Autonomo,16848.43,640,2024-10-28
CLI001670,Lucas Ribeiro Martins,1958-01-25,SP,Assalariado CLT,3927.2,492,2022-03-12
CLI001671,Rodrigo Costa Nunes,2007-08-30,MG,Assalariado CLT,2322.2,826,2026-04-16
CLI001672,Diego Ribeiro Martins,1985-10-29,MT,Estudante,,566,2022-02-11
CLI001673,Mariana Moraes Souza,2003-11-21,PR,Autonomo,15661.75,522,2025-01-12
CLI001674,Juliana Souza Oliveira,1996-08-20,MG,Assalariado CLT,,486,2023-07-21
CLI001675,Carla Barbosa Pereira,1992-05-12,DF,Autonomo,,580,2024-05-04
CLI001676,Marcelo Carvalho Ribeiro,1977-07-12,PR,Empresario,4813.47,637,2021-12-04
CLI001677,Gabriela Silva Carvalho,1981-10-19,BA,Servidor Publico,6208.11,889,2026-04-17
CLI001678,Vinicius Moraes Pereira,1967-12-01,BA,Empresario,3417.74,697,2024-10-06
CLI001679,Isabela Ribeiro Barbosa,1975-04-26,RJ,Autonomo,4897.57,928,2023-05-15
CLI001680,Wagner Rocha Souza,1984-02-19,MG,Assalariado CLT,3339.7,544,2025-07-19
CLI001681,Eduarda Almeida Rodrigues,1980-12-03,CE,Assalariado CLT,,414,2023-04-27
CLI001682,Zeca Moraes Santos,1984-09-02,SP,Aposentado,2819.95,432,2021-12-15
CLI001683,Rodrigo Martins Carvalho,1989-06-25,PE,Assalariado CLT,7438.74,534,2025-10-18
CLI001684,Patricia Araujo Martins,1992-07-17,,Empresario,2314.94,399,2024-06-13
CLI001685,Felipe Oliveira Barbosa,1975-09-27,SP,Assalariado CLT,1497.01,566,2022-03-28
CLI001686,Isabela Araujo Souza,1976-12-24,RS,Assalariado CLT,3047.72,596,2025-05-22
CLI001687,Nelson Lima Souza,1999-12-06,GO,Assalariado CLT,6337.31,629,2022-10-14
CLI001688,Thiago Ferreira Nunes,1982-03-10,SP,Assalariado CLT,,572,2026-01-27
CLI001689,Carla Pereira Santos,1971-01-15,SP,Assalariado CLT,7312.03,550,2022-01-12
CLI001690,Olivia Pereira Ribeiro,2004-07-11,SP,Assalariado CLT,16009.73,532,2023-12-27
CLI001691,Juliana Moraes Martins,1985-03-15,DF,Assalariado CLT,15110.63,819,2025-01-11
CLI001692,Felipe Gomes Santos,1966-01-20,GO,Assalariado CLT,5278.8,566,2022-01-05
CLI001693,Thiago Almeida Ribeiro,1996-03-02,CE,Aposentado,3151.81,510,2023-11-17
CLI001694,Ana Rodrigues Rodrigues,1988-12-06,RS,,3223.1,603,2022-12-06
CLI001695,Vinicius Teixeira Santos,1987-12-10,MG,Autonomo,4167.28,563,2024-12-05
CLI001696,Lucas Martins Barbosa,1978-04-22,BA,Autonomo,7328.66,516,2024-09-11
CLI001697,Zeca Barbosa Santos,1993-04-24,PR,Autonomo,6815.25,299,2021-11-04
CLI001698,Felipe Carvalho Rocha,2007-03-19,RJ,Assalariado CLT,2496.59,740,2024-11-25
CLI001699,Lucas Oliveira Martins,1971-07-16,MG,Estudante,6854.92,438,2022-01-11
CLI001700,Eduarda Santos Lima,1979-02-28,SP,Servidor Publico,6747.66,721,2026-01-16
CLI001701,Marcelo Carvalho Santos,1988-08-26,RS,Empresario,3104.23,211,2022-07-02
CLI001702,Bruno Araujo Lima,1991-02-19,SP,Autonomo,2903.24,673,2023-05-01
CLI001703,Juliana Gomes Carvalho,1987-05-15,PR,Aposentado,,521,2025-01-17
CLI001704,Gabriela Ribeiro Moraes,1975-08-22,PE,Assalariado CLT,,661,2023-03-09
CLI001705,Henrique Moraes Rocha,1986-01-05,PA,Profissional Liberal,1200.0,401,2026-05-27
CLI001706,Rafael Pereira Silva,1982-09-26,RS,Assalariado CLT,,805,2022-12-01
CLI001707,Olivia Araujo Araujo,1982-09-14,PA,Autonomo,,540,2024-12-05
CLI001708,Gabriela Barbosa Costa,1971-12-01,RJ,Assalariado CLT,3203.42,576,2024-07-03
CLI001709,Yara Costa Moraes,1975-05-03,GO,Assalariado CLT,3296.89,718,2022-01-05
CLI001710,Felipe Lima Rocha,1983-07-14,PA,,5632.54,433,2024-08-02
CLI001711,Rodrigo Ferreira Nunes,1994-03-18,MG,Autonomo,4920.59,614,2024-01-04
CLI001712,Lucas Pereira Santos,2000-07-11,SP,Assalariado CLT,2539.46,752,2021-12-09
CLI001713,Gabriela Martins Teixeira,1977-12-10,RJ,Aposentado,8350.28,644,2025-05-02
CLI001714,Vinicius Costa Lima,1964-05-21,RS,Assalariado CLT,10394.05,508,2022-01-20
CLI001715,Mariana Moraes Rodrigues,1988-04-15,SP,Assalariado CLT,4362.81,705,2023-03-14
CLI001716,Joao Araujo Rodrigues,1992-12-22,RJ,Profissional Liberal,,634,2021-10-24
CLI001717,Felipe Gomes Nunes,1987-10-21,SP,Autonomo,,500,2024-10-17
CLI001718,Gabriela Martins Lima,1990-09-15,BA,Estudante,5574.35,527,2025-11-16
CLI001719,Zeca Oliveira Santos,1989-08-08,DF,,11136.66,634,2024-01-25
CLI001720,Lucas Oliveira Rocha,1963-03-14,BA,Assalariado CLT,1828.71,389,2022-01-03
CLI001721,Patricia Ribeiro Costa,1979-06-08,RJ,Assalariado CLT,16300.03,754,2024-11-01
CLI001722,Henrique Teixeira Lima,1992-05-25,MG,Servidor Publico,4560.35,627,2024-04-27
CLI001723,Diego Costa Silva,1965-09-10,BA,Assalariado CLT,5245.39,487,2023-08-03
CLI001724,Juliana Rodrigues Rocha,2004-01-29,BA,Assalariado CLT,6590.69,775,2025-10-13
CLI001725,Eduarda Gomes Lima,1979-07-25,RS,Aposentado,6040.62,255,2022-03-22
CLI001726,Mariana Souza Araujo,1990-04-02,RS,Autonomo,,600,2021-12-10
CLI001727,Zeca Barbosa Ferreira,1972-07-13,SC,Autonomo,3705.4,416,2021-10-29
CLI001728,Olivia Souza Santos,1976-10-24,RJ,Assalariado CLT,3910.58,482,2022-09-04
CLI001729,Vinicius Santos Teixeira,1965-07-16,RS,Autonomo,4169.81,810,2021-11-23
CLI001730,Nelson Almeida Costa,1991-02-13,SP,Assalariado CLT,4927.47,767,2022-06-13
CLI001731,Marcelo Oliveira Oliveira,1984-02-23,MT,Assalariado CLT,2867.7,569,2022-07-01
CLI001732,Yara Martins Nunes,1995-05-15,RS,Assalariado CLT,2804.85,859,2022-12-12
CLI001733,Thiago Barbosa Teixeira,1998-06-08,SP,Empresario,2873.72,532,2022-05-14
CLI001734,Eduarda Nunes Almeida,1976-11-22,GO,Autonomo,3775.68,721,2023-06-24
CLI001735,Rafael Oliveira Silva,1994-04-02,PE,Autonomo,2183.61,385,2025-12-11
CLI001736,Amanda Ribeiro Oliveira,1990-01-24,SP,Autonomo,,587,2025-04-26
CLI001737,Lucas Lima Moraes,1995-10-05,PE,Autonomo,7208.82,548,2022-05-31
CLI001738,Wagner Santos Oliveira,1989-10-24,SP,Assalariado CLT,4400.94,565,2026-07-13
CLI001739,Juliana Pereira Oliveira,1970-05-05,,Assalariado CLT,3162.67,364,2023-03-22
CLI001740,Yara Araujo Oliveira,1975-04-08,MT,Aposentado,6701.78,678,2024-04-14
CLI001741,Isabela Gomes Ferreira,2002-04-16,RJ,Empresario,3771.42,432,2023-06-06
CLI001742,Mariana Oliveira Costa,1991-08-12,ES,Empresario,4303.48,763,2021-12-11
CLI001743,Bruno Moraes Moraes,1980-10-22,MG,Assalariado CLT,2437.59,700,2023-04-22
CLI001744,Isabela Teixeira Moraes,1992-03-27,GO,,5162.23,579,2023-12-31
CLI001745,Queren Martins Araujo,1984-07-17,SC,Autonomo,5529.51,525,2026-08-18
CLI001746,Joao Moraes Martins,1989-06-25,,Assalariado CLT,3379.59,231,2021-11-23
CLI001747,Ursula Moraes Teixeira,1999-04-10,MG,Profissional Liberal,6158.12,595,2022-10-01
CLI001748,Olivia Ribeiro Santos,2007-04-08,SP,Empresario,2174.83,555,2026-08-11
CLI001749,Henrique Moraes Moraes,2007-08-15,PR,Empresario,7985.71,537,2024-07-04
CLI001750,Joao Pereira Araujo,1983-05-21,SP,Servidor Publico,7542.1,579,2026-05-10
CLI001751,Joao Araujo Rodrigues,2000-07-11,SP,Empresario,4457.72,627,2021-11-17
CLI001752,Mariana Teixeira Martins,1988-11-28,SP,Autonomo,15470.01,645,2025-06-11
CLI001753,Carla Almeida Gomes,1993-05-02,,Profissional Liberal,3796.85,467,2023-03-19
CLI001754,Olivia Santos Barbosa,2006-09-13,RS,Servidor Publico,2230.44,367,2026-04-20
CLI001755,Lucas Martins Silva,1980-12-15,CE,Profissional Liberal,1861.43,438,2024-07-07
CLI001756,Gabriela Rocha Ferreira,1974-01-20,BA,Assalariado CLT,2962.3,454,2023-04-16
CLI001757,Karina Carvalho Souza,2000-05-05,SP,Autonomo,5245.57,573,2025-04-05
CLI001758,Joao Barbosa Rocha,1984-07-11,SP,Assalariado CLT,7533.75,620,2022-03-09
CLI001759,Paulo Lima Santos,1975-08-10,CE,Assalariado CLT,6536.24,767,2024-07-14
CLI001760,Carla Almeida Santos,1983-02-10,DF,Assalariado CLT,1200.49,650,2023-12-17
CLI001761,Paulo Almeida Souza,1967-01-08,SP,Empresario,8370.42,501,2026-03-31
CLI001762,Henrique Silva Lima,1998-06-20,RJ,Aposentado,1200.0,632,2025-01-17
CLI001763,Yara Silva Santos,2006-10-06,PR,Autonomo,1682.38,657,2023-08-08
CLI001764,Nelson Rocha Rodrigues,1986-04-17,DF,Autonomo,7785.81,734,2023-06-29
CLI001765,Patricia Carvalho Ribeiro,1995-02-12,CE,Aposentado,2431.18,611,2025-01-26
CLI001766,Nelson Rodrigues Rodrigues,1975-02-11,SP,Assalariado CLT,,785,2026-02-03
CLI001767,Yara Souza Santos,2007-04-01,RS,Autonomo,6198.04,531,2026-05-10
CLI001768,Isabela Silva Rocha,1981-07-24,MG,Assalariado CLT,6679.7,801,2023-07-10
CLI001769,Zeca Rodrigues Carvalho,1974-10-17,MG,Autonomo,5312.66,662,2024-07-06
CLI001770,Amanda Pereira Moraes,1987-02-26,SP,Aposentado,,577,2025-03-31
CLI001771,Henrique Oliveira Pereira,1968-01-15,RS,Aposentado,9190.11,816,2025-01-09
CLI001772,Henrique Pereira Silva,1987-11-25,SP,Autonomo,1889.67,618,2023-08-05
CLI001773,Ana Barbosa Rocha,1996-01-28,SP,Assalariado CLT,3794.6,504,2023-12-12
CLI001774,Joao Carvalho Carvalho,1997-09-26,RJ,,10429.35,734,2025-02-06
CLI001775,Rodrigo Pereira Silva,1980-11-10,MT,Profissional Liberal,,675,2025-01-10
CLI001776,Joao Oliveira Costa,1976-01-01,RS,Assalariado CLT,6302.1,561,2024-12-06
CLI001777,Zeca Ribeiro Almeida,1964-12-05,GO,Servidor Publico,3004.22,561,2025-04-12
CLI001778,Lucas Teixeira Barbosa,1985-08-14,PR,Servidor Publico,,442,2025-03-28
CLI001779,Karina Araujo Costa,1967-06-04,BA,Autonomo,4222.49,773,2024-08-26
CLI001780,Isabela Oliveira Teixeira,1964-09-15,BA,Aposentado,6513.81,540,2023-03-21
CLI001781,Amanda Nunes Souza,1992-07-05,SP,Autonomo,,708,2023-07-14
CLI001782,Zeca Almeida Nunes,1984-03-15,PA,Autonomo,5765.25,393,2026-02-10
CLI001783,Eduarda Gomes Santos,1990-05-05,RJ,Assalariado CLT,3239.0,572,2023-09-19
CLI001784,Olivia Barbosa Moraes,1991-02-27,RJ,Assalariado CLT,4761.23,721,2026-02-20
CLI001785,Sabrina Ferreira Lima,1981-06-30,GO,Assalariado CLT,4456.41,588,2023-12-21
CLI001786,Karina Santos Rocha,1983-02-09,BA,Assalariado CLT,3398.34,355,2024-11-16
CLI001787,Juliana Ferreira Gomes,1981-04-20,RJ,Assalariado CLT,,484,2022-07-01
CLI001788,Rodrigo Rodrigues Costa,2003-09-01,GO,Autonomo,3245.31,751,2026-05-29
CLI001789,Ana Rodrigues Moraes,1995-04-09,MG,Empresario,,583,2023-03-15
CLI001790,Rafael Araujo Ferreira,1995-02-07,RS,Aposentado,9251.06,681,2025-06-14
CLI001791,Yara Gomes Nunes,1974-04-28,RJ,Assalariado CLT,12341.8,639,2021-09-15
CLI001792,Bruno Araujo Teixeira,1975-10-26,PA,Servidor Publico,2075.15,537,2023-11-12
CLI001793,Karina Martins Ribeiro,1983-06-11,MG,Servidor Publico,8184.84,719,2026-04-27
CLI001794,Eduarda Almeida Ferreira,1994-01-20,ES,Autonomo,,612,2025-11-04
CLI001795,Zeca Ribeiro Oliveira,1973-05-16,SP,Autonomo,2450.91,513,2026-01-25
CLI001796,Felipe Gomes Moraes,1995-05-10,PR,Assalariado CLT,4181.81,749,2026-03-09
CLI001797,Yara Almeida Ferreira,1992-08-10,MT,Aposentado,8291.81,481,2024-11-08
CLI001798,Gabriela Ribeiro Almeida,2000-09-01,SP,Assalariado CLT,4641.37,750,2023-07-17
CLI001799,Isabela Barbosa Moraes,1989-12-15,RJ,Assalariado CLT,1417.48,813,2022-10-18
CLI001800,Bruno Teixeira Moraes,1960-04-10,PA,Autonomo,12113.85,546,2024-10-21
CLI001801,Rafael Nunes Teixeira,1977-04-16,MG,Assalariado CLT,1637.31,661,2022-12-04
CLI001802,Zeca Moraes Almeida,1994-05-22,RJ,Empresario,4508.23,546,2024-03-30
CLI001803,Henrique Lima Araujo,1986-03-10,PE,Empresario,4515.15,642,2024-12-22
CLI001804,Patricia Oliveira Barbosa,1991-02-27,RJ,Aposentado,17238.01,523,2025-10-12
CLI001805,Vinicius Teixeira Gomes,1994-03-27,SP,Assalariado CLT,5639.02,857,2023-07-14
CLI001806,Amanda Souza Santos,1995-09-05,MG,Assalariado CLT,3361.46,631,2024-03-23
CLI001807,Lucas Gomes Barbosa,1963-04-15,RS,Autonomo,5144.29,745,2023-06-18
CLI001808,Marcelo Ferreira Carvalho,1985-08-10,BA,Autonomo,5313.39,443,2025-02-02
CLI001809,Paulo Almeida Carvalho,1977-03-28,PE,Autonomo,,590,2022-12-04
CLI001810,Diego Nunes Costa,1980-12-01,SP,Autonomo,4626.37,783,2021-09-02
CLI001811,Queren Silva Martins,1971-04-16,SC,Assalariado CLT,,658,2025-07-05
CLI001812,Patricia Ferreira Teixeira,1989-01-26,CE,,11835.66,714,2026-08-07
CLI001813,Eduarda Rocha Ribeiro,1986-09-13,RS,Autonomo,8638.57,632,2023-11-26
CLI001814,Gabriela Rodrigues Silva,1977-10-29,SP,Autonomo,3036.09,848,2025-01-20
CLI001815,Joao Martins Ferreira,1988-09-22,MG,Autonomo,3813.26,506,2023-04-30
CLI001816,Patricia Lima Ribeiro,1979-02-15,,Autonomo,7352.05,679,2024-06-26
CLI001817,Amanda Gomes Costa,2007-03-01,SP,Empresario,,600,2021-10-28
CLI001818,Yara Pereira Teixeira,1991-11-21,SC,Assalariado CLT,4129.43,714,2024-11-17
CLI001819,Marcelo Nunes Gomes,1971-11-21,RJ,Aposentado,2643.62,455,2023-10-03
CLI001820,Wagner Rodrigues Carvalho,1992-10-07,MG,Autonomo,11756.09,303,2022-02-21
CLI001821,Gabriela Ribeiro Souza,1986-05-27,PR,Autonomo,2829.14,575,2026-06-27
CLI001822,Gabriela Araujo Ferreira,2005-03-17,BA,Aposentado,3914.19,534,2022-01-14
CLI001823,Queren Souza Pereira,1998-05-04,RS,Empresario,8342.44,713,2026-03-24
CLI001824,Amanda Ferreira Araujo,1999-02-28,GO,Assalariado CLT,6209.0,655,2026-02-21
CLI001825,Rafael Rodrigues Martins,2001-10-01,CE,Empresario,6843.07,741,2022-07-25
CLI001826,Rodrigo Oliveira Silva,1974-09-18,SC,,4868.07,456,2022-10-01
CLI001827,Isabela Costa Barbosa,1990-10-16,RJ,Empresario,5201.14,513,2026-07-17
CLI001828,Ana Lima Moraes,1978-08-18,,Assalariado CLT,11251.82,794,2023-10-02
CLI001829,Zeca Teixeira Martins,1972-06-13,SC,Assalariado CLT,5823.61,158,2023-01-23
CLI001830,Felipe Almeida Martins,1993-09-17,SP,,10282.58,446,2021-09-05
CLI001831,Joao Martins Rocha,1970-01-30,,Assalariado CLT,10133.48,705,2021-11-01
CLI001832,Nelson Gomes Moraes,1962-11-11,RS,Assalariado CLT,4992.21,676,2021-08-23
CLI001833,Olivia Lima Carvalho,1993-08-03,RJ,Autonomo,2605.68,806,2026-07-16
CLI001834,Zeca Rocha Teixeira,1968-09-21,PA,Estudante,,671,2025-08-24
CLI001835,Sabrina Souza Moraes,1980-01-12,RS,Autonomo,7494.87,737,2022-08-02
CLI001836,Felipe Nunes Barbosa,1968-04-23,MG,Assalariado CLT,4324.83,655,2022-02-18
CLI001837,Isabela Araujo Nunes,1987-03-30,PA,Assalariado CLT,3802.23,417,2022-06-28
CLI001838,Karina Gomes Rocha,1961-05-01,SP,Profissional Liberal,,516,2024-10-07
CLI001839,Zeca Nunes Teixeira,1991-04-19,SP,Assalariado CLT,4187.12,709,2022-11-03
CLI001840,Zeca Pereira Martins,1998-05-01,PR,Autonomo,3283.5,512,2025-03-28
CLI001841,Lucas Costa Moraes,1990-03-17,PR,Assalariado CLT,5985.27,352,2023-04-07
CLI001842,Felipe Santos Martins,1969-10-22,SP,Assalariado CLT,5488.17,421,2022-01-07
CLI001843,Juliana Costa Teixeira,1998-03-28,PR,Assalariado CLT,3532.17,686,2024-08-02
CLI001844,Mariana Martins Silva,1983-05-10,ES,Aposentado,5546.7,591,2026-01-26
CLI001845,Rodrigo Santos Santos,1982-09-26,GO,Assalariado CLT,,638,2024-04-01
CLI001846,Marcelo Teixeira Souza,1985-06-19,PE,Assalariado CLT,2562.05,648,2026-06-25
CLI001847,Marcelo Teixeira Rocha,1990-10-06,PR,Assalariado CLT,4680.13,652,2025-10-24
CLI001848,Patricia Ribeiro Pereira,1956-07-02,PA,Autonomo,7503.34,461,2024-09-18
CLI001849,Paulo Oliveira Moraes,1998-08-14,,Autonomo,6542.65,379,2023-08-23
CLI001850,Mariana Rocha Nunes,2002-12-23,PA,Empresario,6312.97,502,2023-11-11
CLI001851,Wagner Souza Nunes,2006-12-15,SP,Assalariado CLT,5871.14,616,2025-10-09
CLI001852,Rodrigo Gomes Costa,1965-11-04,MG,Empresario,7236.99,594,2024-10-19
CLI001853,Marcelo Gomes Moraes,1996-08-01,PR,Aposentado,4743.13,759,2022-12-11
CLI001854,Wagner Carvalho Barbosa,1981-12-21,DF,Assalariado CLT,,649,2023-08-30
CLI001855,Marcelo Costa Carvalho,2006-12-24,SC,Aposentado,1736.2,734,2023-08-28
CLI001856,Bruno Teixeira Almeida,1983-09-28,SP,Empresario,3610.84,760,2025-03-06
CLI001857,Amanda Costa Rocha,1984-12-18,RJ,Autonomo,6229.78,382,2021-08-25
CLI001858,Vinicius Rodrigues Barbosa,1981-04-07,SP,Assalariado CLT,2807.42,634,2025-05-20
CLI001859,Amanda Rocha Gomes,1990-01-21,PR,Assalariado CLT,3383.8,794,2021-11-11
CLI001860,Yara Martins Costa,1991-10-20,MG,Assalariado CLT,4406.21,529,2026-04-27
CLI001861,Bruno Gomes Barbosa,1988-03-20,SC,Assalariado CLT,6177.7,559,2025-01-23
CLI001862,Olivia Carvalho Pereira,1988-06-08,RJ,Assalariado CLT,3320.12,801,2024-02-21
CLI001863,Juliana Gomes Silva,1992-12-17,PA,Aposentado,3119.09,703,2025-12-29
CLI001864,Isabela Rodrigues Ferreira,1984-08-13,SP,Profissional Liberal,,233,2026-03-11
CLI001865,Amanda Rocha Rocha,2006-11-23,SP,Autonomo,4022.15,858,2025-11-24
CLI001866,Patricia Rocha Martins,1973-09-04,PR,Autonomo,,644,2024-05-26
CLI001867,Rodrigo Costa Pereira,1991-05-14,SP,Servidor Publico,10030.41,475,2022-01-13
CLI001868,Marcelo Pereira Lima,1985-01-09,SP,Assalariado CLT,3457.47,586,2022-05-26
CLI001869,Diego Martins Costa,1982-04-22,MT,Profissional Liberal,,518,2025-09-28
CLI001870,Yara Carvalho Araujo,1989-07-07,PE,Autonomo,10186.49,739,2021-12-15
CLI001871,Zeca Pereira Carvalho,1981-08-12,RS,Servidor Publico,6757.42,670,2024-05-11
CLI001872,Sabrina Nunes Oliveira,1977-01-01,BA,Profissional Liberal,5795.13,432,2023-02-23
CLI001873,Carla Rodrigues Silva,2002-01-01,SP,Assalariado CLT,6452.54,407,2026-06-10
CLI001874,Juliana Souza Lima,2005-07-09,SP,Empresario,8050.43,282,2024-01-23
CLI001875,Amanda Gomes Costa,1970-05-05,BA,Empresario,,553,2023-12-16
CLI001876,Yara Costa Martins,1979-07-16,DF,Estudante,2680.48,560,2023-11-22
CLI001877,Carla Rocha Martins,1988-06-20,SP,Autonomo,3740.71,581,2024-08-06
CLI001878,Wagner Souza Teixeira,1963-09-14,CE,Assalariado CLT,11564.6,508,2026-01-29
CLI001879,Yara Silva Costa,1991-05-05,MG,Assalariado CLT,12778.51,507,2023-10-28
CLI001880,Zeca Rodrigues Nunes,1992-03-01,PR,Autonomo,2138.2,412,2022-05-09
CLI001881,Diego Souza Martins,2002-11-28,PE,Empresario,1200.0,974,2024-12-24
CLI001882,Olivia Rocha Ribeiro,1964-10-02,PR,Empresario,7031.64,508,2022-06-12
CLI001883,Amanda Martins Oliveira,1987-12-13,,Empresario,2236.08,594,2022-09-21
CLI001884,Eduarda Almeida Araujo,1994-09-06,PR,Assalariado CLT,3368.09,388,2024-11-22
CLI001885,Bruno Oliveira Araujo,1975-09-04,MG,Assalariado CLT,1538.37,371,2025-09-22
CLI001886,Henrique Souza Rodrigues,1988-07-06,BA,Assalariado CLT,2157.15,647,2021-09-16
CLI001887,Diego Ferreira Martins,1970-06-21,BA,Autonomo,,951,2024-08-03
CLI001888,Marcelo Moraes Oliveira,1974-10-22,CE,Servidor Publico,3004.45,512,2024-10-26
CLI001889,Lucas Teixeira Ribeiro,1969-06-10,PE,Servidor Publico,7227.54,598,2022-06-12
CLI001890,Rodrigo Costa Lima,1982-10-21,RJ,Assalariado CLT,11546.16,725,2025-07-14
CLI001891,Ursula Moraes Oliveira,1967-01-05,PE,Assalariado CLT,2350.99,643,2024-09-01
CLI001892,Felipe Nunes Rodrigues,1991-01-09,SP,Autonomo,2409.73,752,2025-02-01
CLI001893,Vinicius Silva Martins,1972-02-20,RJ,Assalariado CLT,2984.15,664,2025-06-17
CLI001894,Karina Araujo Martins,1986-08-12,RJ,Autonomo,2364.66,404,2022-06-14
CLI001895,Karina Carvalho Gomes,1959-06-14,SP,Servidor Publico,6868.4,245,2022-06-12
CLI001896,Ursula Gomes Costa,1982-02-06,,Autonomo,1294.61,589,2025-07-29
CLI001897,Zeca Ribeiro Gomes,1990-04-23,RS,Profissional Liberal,3232.33,449,2026-01-06
CLI001898,Rodrigo Rocha Araujo,1997-05-01,SC,Assalariado CLT,,796,2026-04-12
CLI001899,Rodrigo Almeida Araujo,1987-02-18,PE,Assalariado CLT,6277.33,696,2025-01-05
CLI001900,Gabriela Gomes Costa,1974-12-17,RJ,Autonomo,5071.28,474,2023-01-08
CLI001901,Henrique Gomes Almeida,1997-06-02,DF,,9005.08,698,2025-11-04
CLI001902,Queren Rodrigues Oliveira,2007-07-30,CE,Aposentado,1946.88,505,2023-09-18
CLI001903,Eduarda Gomes Barbosa,1968-10-11,CE,Assalariado CLT,,585,2024-12-14
CLI001904,Thiago Moraes Martins,2005-04-28,RJ,Assalariado CLT,2675.94,745,2021-12-03
CLI001905,Amanda Rodrigues Pereira,1995-08-30,,Assalariado CLT,15146.01,800,2025-09-16
CLI001906,Patricia Souza Santos,1986-04-03,GO,Profissional Liberal,14362.91,603,2023-11-23
CLI001907,Olivia Barbosa Barbosa,1983-04-16,PA,Autonomo,,691,2023-06-16
CLI001908,Wagner Santos Araujo,1961-10-08,PE,Aposentado,6618.74,792,2023-10-04
CLI001909,Ana Barbosa Pereira,1979-05-05,BA,Assalariado CLT,3814.94,583,2023-07-30
CLI001910,Bruno Martins Silva,1976-08-01,SP,Autonomo,2627.34,709,2022-06-21
CLI001911,Carla Carvalho Araujo,1965-12-24,SP,Aposentado,,336,2024-09-04
CLI001912,Sabrina Rocha Ferreira,1957-01-17,RJ,,2637.28,438,2022-10-28
CLI001913,Rafael Nunes Rocha,1980-08-30,PE,Assalariado CLT,,606,2025-03-03
CLI001914,Queren Lima Nunes,1994-08-15,DF,Autonomo,,710,2025-02-17
CLI001915,Joao Gomes Barbosa,1998-08-01,SP,Servidor Publico,4230.35,616,2023-09-04
CLI001916,Ursula Barbosa Ferreira,1977-09-20,MG,Assalariado CLT,8137.58,815,2026-08-16
CLI001917,Carla Oliveira Araujo,1975-08-18,PR,Aposentado,,857,2026-07-19
CLI001918,Mariana Gomes Martins,1979-12-15,SP,Autonomo,1950.01,705,2024-11-24
CLI001919,Eduarda Martins Almeida,1981-04-06,,Assalariado CLT,,631,2025-01-12
CLI001920,Yara Ribeiro Ferreira,2004-10-12,MG,Assalariado CLT,,441,2025-06-29
CLI001921,Wagner Ribeiro Rodrigues,1978-03-17,RS,Assalariado CLT,6714.18,491,2022-08-01
CLI001922,Felipe Rodrigues Silva,1973-08-02,SP,Servidor Publico,14102.61,657,2024-03-31
CLI001923,Carla Martins Gomes,1978-06-27,SC,Autonomo,5559.52,736,2022-11-19
CLI001924,Ana Souza Gomes,1964-02-10,RS,Assalariado CLT,15709.76,726,2025-03-02
CLI001925,Wagner Costa Ferreira,1965-10-15,MG,Assalariado CLT,1727.13,651,2023-09-22
CLI001926,Eduarda Santos Carvalho,1975-09-10,,Servidor Publico,,635,2025-07-03
CLI001927,Rafael Nunes Ribeiro,1972-10-28,SP,Servidor Publico,2375.72,479,2025-12-22
CLI001928,Karina Pereira Silva,1999-03-20,DF,Empresario,4131.32,524,2025-04-02
CLI001929,Diego Costa Araujo,1974-03-11,CE,Profissional Liberal,3204.51,880,2021-09-17
CLI001930,Eduarda Silva Araujo,1980-07-06,SP,Assalariado CLT,6661.82,646,2024-07-15
CLI001931,Diego Costa Martins,1977-11-10,BA,Assalariado CLT,11334.74,841,2026-02-24
CLI001932,Joao Gomes Souza,1989-06-29,SC,Servidor Publico,,703,2023-02-27
CLI001933,Joao Araujo Nunes,1995-08-21,MG,Aposentado,4132.24,589,2022-02-25
CLI001934,Patricia Nunes Carvalho,1987-04-14,RS,Empresario,3565.03,480,2022-11-27
CLI001935,Vinicius Souza Moraes,1971-06-15,CE,Assalariado CLT,,488,2025-04-28
CLI001936,Rodrigo Gomes Nunes,1981-05-06,SP,Autonomo,5102.28,547,2025-10-01
CLI001937,Ursula Costa Pereira,1980-01-04,ES,Aposentado,5441.18,648,2022-09-06
CLI001938,Amanda Carvalho Araujo,1988-07-20,SC,Aposentado,7866.41,853,2025-08-26
CLI001939,Ursula Rodrigues Ribeiro,1973-06-28,BA,Empresario,7621.53,444,2025-11-04
CLI001940,Zeca Martins Silva,1976-10-11,SP,Autonomo,5321.04,486,2026-01-30
CLI001941,Ursula Carvalho Gomes,1975-01-16,SP,Assalariado CLT,4682.84,377,2024-05-17
CLI001942,Queren Costa Ribeiro,1978-10-31,GO,Assalariado CLT,5327.43,718,2022-05-14
CLI001943,Zeca Lima Rocha,1979-11-15,,Profissional Liberal,11116.21,598,2026-06-04
CLI001944,Vinicius Lima Martins,1965-06-04,RJ,Assalariado CLT,2851.16,888,2023-08-03
CLI001945,Juliana Lima Araujo,1999-03-16,CE,Assalariado CLT,6021.65,455,2025-08-05
CLI001946,Lucas Araujo Rodrigues,2007-08-16,DF,Autonomo,,523,2021-12-16
CLI001947,Gabriela Oliveira Pereira,1990-11-14,BA,Autonomo,,756,2024-02-15
CLI001948,Amanda Almeida Gomes,1980-12-21,SC,Autonomo,2740.98,724,2021-12-04
CLI001949,Ursula Lima Silva,1991-11-30,RS,Autonomo,,464,2024-09-27
CLI001950,Marcelo Souza Oliveira,1974-07-10,ES,,6437.93,527,2026-05-24
CLI001951,Eduarda Ribeiro Teixeira,1974-06-14,PR,Servidor Publico,8533.59,897,2021-12-06
CLI001952,Joao Gomes Oliveira,1970-10-11,RJ,Assalariado CLT,4507.36,587,2022-11-19
CLI001953,Bruno Rocha Ferreira,1985-07-23,RJ,Assalariado CLT,3010.56,463,2025-05-11
CLI001954,Ursula Ribeiro Araujo,1985-09-21,SP,Autonomo,,700,2022-12-23
CLI001955,Ursula Gomes Teixeira,2004-01-25,ES,Autonomo,8463.66,698,2023-09-19
CLI001956,Bruno Lima Santos,2003-05-19,MG,Assalariado CLT,2065.91,561,2023-04-11
CLI001957,Diego Santos Nunes,1992-07-08,PE,Assalariado CLT,4642.64,438,2026-06-19
CLI001958,Lucas Almeida Araujo,1969-02-27,GO,Servidor Publico,3621.91,552,2023-03-16
CLI001959,Joao Pereira Nunes,2005-03-20,RS,Servidor Publico,19379.54,587,2024-05-08
CLI001960,Ana Rocha Rocha,1985-09-01,PE,Assalariado CLT,7700.32,638,2024-02-22
CLI001961,Mariana Rocha Carvalho,1972-10-13,SP,Autonomo,5710.29,585,2026-03-02
CLI001962,Bruno Almeida Carvalho,1976-07-29,PR,Servidor Publico,7811.93,840,2023-01-21
CLI001963,Bruno Moraes Santos,2002-11-10,MG,Autonomo,,646,2025-04-01
CLI001964,Diego Souza Santos,1986-03-05,SP,,3696.84,710,2025-03-12
CLI001965,Gabriela Ferreira Barbosa,1983-05-29,SP,Assalariado CLT,2612.01,651,2023-10-31
CLI001966,Karina Moraes Costa,1968-03-27,SP,Empresario,5675.92,469,2025-05-24
CLI001967,Eduarda Gomes Rocha,1971-10-21,,Servidor Publico,,483,2025-08-27
CLI001968,Diego Carvalho Souza,1983-03-10,SP,Servidor Publico,2862.44,728,2026-04-28
CLI001969,Paulo Carvalho Silva,1982-02-26,PA,Assalariado CLT,,774,2024-03-30
CLI001970,Diego Almeida Oliveira,1966-12-20,SC,Assalariado CLT,1593.94,560,2022-08-21
CLI001971,Bruno Ribeiro Rocha,1966-01-11,MG,Autonomo,2818.96,582,2025-07-29
CLI001972,Amanda Gomes Rodrigues,2007-03-15,SP,Autonomo,1728.8,468,2025-04-22
CLI001973,Nelson Costa Costa,2000-08-04,DF,Assalariado CLT,2627.38,457,2026-08-17
CLI001974,Isabela Nunes Ribeiro,1992-03-12,SP,Autonomo,,588,2025-01-19
CLI001975,Queren Lima Santos,1999-10-08,PE,Assalariado CLT,4483.43,830,2021-12-30
CLI001976,Juliana Rodrigues Moraes,1991-07-28,RS,Autonomo,3635.63,574,2023-10-04
CLI001977,Juliana Araujo Souza,1989-12-06,SP,Assalariado CLT,5605.83,504,2026-08-18
CLI001978,Ana Araujo Ribeiro,1971-11-19,RJ,Aposentado,3811.6,523,2024-01-09
CLI001979,Ursula Barbosa Araujo,1973-05-15,MG,Aposentado,4453.97,682,2024-02-14
CLI001980,Bruno Pereira Costa,1996-09-05,SP,Assalariado CLT,3119.73,724,2026-05-29
CLI001981,Henrique Araujo Silva,1962-11-02,SP,Autonomo,6038.75,642,2021-08-25
CLI001982,Gabriela Rocha Ferreira,1972-05-27,CE,Autonomo,13036.94,332,2022-11-30
CLI001983,Joao Pereira Ribeiro,1967-09-16,SP,,5324.32,428,2022-08-08
CLI001984,Lucas Gomes Araujo,1993-02-05,SP,Assalariado CLT,2384.38,551,2022-11-02
CLI001985,Bruno Gomes Almeida,1992-12-01,SP,Assalariado CLT,9821.56,456,2025-10-15
CLI001986,Mariana Moraes Rocha,2002-03-20,PE,Assalariado CLT,1762.49,605,2022-08-20
CLI001987,Mariana Carvalho Silva,1984-08-18,GO,Servidor Publico,4309.32,595,2026-05-14
CLI001988,Thiago Oliveira Almeida,1973-03-11,BA,Profissional Liberal,7115.09,472,2023-05-21
CLI001989,Diego Carvalho Ferreira,1970-05-26,PA,Assalariado CLT,7598.19,758,2023-12-12
CLI001990,Paulo Costa Costa,2002-02-10,PA,Assalariado CLT,8730.95,628,2024-12-09
CLI001991,Olivia Costa Martins,1967-04-24,RS,Empresario,1801.1,525,2022-07-31
CLI001992,Queren Pereira Santos,1981-01-26,SP,Assalariado CLT,6811.91,548,2026-01-17
CLI001993,Thiago Rocha Barbosa,1993-10-10,BA,Autonomo,2222.99,629,2022-05-02
CLI001994,Joao Costa Santos,1979-05-19,PE,Assalariado CLT,15811.19,716,2022-09-14
CLI001995,Carla Martins Almeida,1975-04-26,PA,Empresario,7220.79,765,2025-05-08
CLI001996,Bruno Teixeira Rocha,1983-08-05,MG,Assalariado CLT,5921.6,736,2025-03-24
CLI001997,Olivia Nunes Silva,1977-09-02,SP,Servidor Publico,11122.68,450,2023-09-28
CLI001998,Patricia Moraes Santos,1977-11-26,MT,Assalariado CLT,9050.14,753,2024-08-24
CLI001999,Diego Barbosa Nunes,1993-06-09,GO,Assalariado CLT,4239.31,506,2024-06-12
CLI002000,Sabrina Carvalho Rocha,1991-05-11,SC,Autonomo,4564.27,591,2023-11-02
CLI002001,Diego Santos Teixeira,1980-09-20,GO,Assalariado CLT,6847.1,686,2024-08-05
CLI002002,Paulo Barbosa Almeida,1981-03-12,SP,Autonomo,9142.65,474,2024-03-06
CLI002003,Juliana Almeida Teixeira,1997-12-02,RJ,,1588.64,689,2024-12-31
CLI002004,Lucas Nunes Barbosa,1975-01-17,SP,Assalariado CLT,4389.34,529,2025-12-22
CLI002005,Bruno Martins Nunes,1970-10-01,PE,Servidor Publico,,669,2024-03-19
CLI002006,Vinicius Rocha Pereira,1987-11-08,SP,Servidor Publico,2079.58,597,2026-05-26
CLI002007,Gabriela Silva Santos,1985-01-31,RS,,5990.39,688,2022-07-04
CLI002008,Gabriela Silva Martins,2007-02-02,MG,Assalariado CLT,3253.82,729,2022-02-19
CLI002009,Vinicius Rodrigues Costa,1988-03-08,PR,Assalariado CLT,,599,2025-07-29
CLI002010,Bruno Almeida Pereira,1964-01-16,RJ,Assalariado CLT,,648,2022-09-18
CLI002011,Amanda Rodrigues Teixeira,1996-06-13,PE,Assalariado CLT,5491.35,830,2024-11-23
CLI002012,Mariana Pereira Gomes,1983-10-29,SP,Assalariado CLT,5674.37,831,2026-06-03
CLI002013,Isabela Costa Barbosa,1982-12-05,SP,,4012.76,685,2024-12-07
CLI002014,Nelson Costa Oliveira,1994-03-28,GO,Profissional Liberal,5378.81,638,2026-01-18
CLI002015,Eduarda Almeida Oliveira,1977-08-18,RS,Assalariado CLT,,512,2023-09-06
CLI002016,Ana Pereira Gomes,1980-05-05,SP,Autonomo,4246.45,603,2024-08-29
CLI002017,Marcelo Silva Costa,1987-01-23,SP,Servidor Publico,15030.07,465,2026-01-08
CLI002018,Ursula Costa Teixeira,1989-06-03,SP,Servidor Publico,3131.31,526,2024-11-05
CLI002019,Patricia Costa Lima,1970-11-06,SP,Autonomo,,375,2023-01-11
CLI002020,Queren Ferreira Silva,1992-03-28,RJ,Empresario,6397.59,482,2025-05-16
CLI002021,Gabriela Oliveira Barbosa,1977-05-21,DF,Assalariado CLT,6282.2,678,2026-01-07
CLI002022,Henrique Rocha Nunes,1994-08-25,PA,Servidor Publico,11313.91,661,2025-07-30
CLI002023,Diego Oliveira Almeida,1981-10-03,DF,Assalariado CLT,4878.37,424,2022-10-15
CLI002024,Zeca Santos Moraes,1986-02-04,SP,Estudante,10845.02,761,2023-03-05
CLI002025,Marcelo Martins Carvalho,1982-05-13,SP,Servidor Publico,6592.6,426,2021-11-01
CLI002026,Olivia Oliveira Araujo,1998-09-22,DF,Assalariado CLT,22840.2,575,2025-05-25
CLI002027,Eduarda Moraes Pereira,1996-04-01,BA,Assalariado CLT,5529.51,457,2024-03-26
CLI002028,Ursula Teixeira Moraes,1995-02-26,BA,Autonomo,2867.49,821,2022-03-27
CLI002029,Queren Santos Martins,1989-06-27,BA,Empresario,,756,2023-01-14
CLI002030,Paulo Gomes Pereira,1988-02-10,SP,Empresario,7773.55,705,2023-01-06
CLI002031,Thiago Almeida Ferreira,1990-02-26,MG,Assalariado CLT,3118.44,736,2023-10-09
CLI002032,Ana Martins Moraes,1971-03-01,RJ,Assalariado CLT,10206.6,680,2021-08-24
CLI002033,Henrique Moraes Oliveira,1973-01-31,RS,Assalariado CLT,,691,2022-11-03
CLI002034,Rafael Carvalho Silva,2007-05-01,MG,Autonomo,10964.48,478,2026-08-22
CLI002035,Vinicius Teixeira Oliveira,1995-06-24,RS,Empresario,,627,2024-02-19
CLI002036,Bruno Martins Carvalho,1997-01-05,RS,Estudante,4743.64,675,2024-06-18
CLI002037,Carla Silva Nunes,1962-08-12,SP,Empresario,2525.73,506,2021-11-03
CLI002038,Sabrina Nunes Gomes,2001-03-23,RS,Assalariado CLT,11836.78,538,2024-01-16
CLI002039,Nelson Rodrigues Lima,1977-01-22,MG,Autonomo,4199.15,672,2024-02-26
CLI002040,Nelson Barbosa Gomes,1986-08-11,DF,Autonomo,1811.09,512,2023-04-28
CLI002041,Eduarda Araujo Gomes,1982-09-20,RJ,Autonomo,13304.12,599,2025-07-05
CLI002042,Sabrina Santos Costa,1979-12-31,SP,,2010.85,521,2023-03-14
CLI002043,Felipe Ribeiro Barbosa,2000-03-30,ES,Aposentado,,581,2026-03-12
CLI002044,Wagner Silva Almeida,1998-05-27,RS,Estudante,1692.28,442,2026-01-18
CLI002045,Paulo Silva Rocha,1984-04-09,DF,Assalariado CLT,,867,2024-02-06
CLI002046,Marcelo Carvalho Rocha,1968-04-24,MT,Empresario,3335.43,534,2026-02-19
CLI002047,Rodrigo Pereira Almeida,1978-11-05,RJ,Autonomo,5353.54,655,2024-01-27
CLI002048,Patricia Moraes Costa,1973-10-31,MG,Empresario,8022.92,956,2024-10-15
CLI002049,Olivia Souza Santos,1989-08-12,BA,Assalariado CLT,,516,2024-09-11
CLI002050,Joao Ferreira Silva,2000-10-12,SP,Assalariado CLT,,504,2024-06-23
CLI002051,Amanda Pereira Barbosa,1973-01-09,ES,,11636.04,632,2023-04-02
CLI002052,Zeca Costa Silva,2007-03-27,SP,Autonomo,4042.47,648,2025-05-06
CLI002053,Marcelo Rocha Nunes,1995-04-16,SP,Autonomo,1574.92,713,2024-05-21
CLI002054,Olivia Martins Silva,2005-07-25,PE,Empresario,1772.83,520,2026-02-24
CLI002055,Ana Pereira Carvalho,1981-12-18,SP,Assalariado CLT,6617.47,642,2025-02-12
CLI002056,Ana Souza Barbosa,1983-08-12,PE,Assalariado CLT,1903.51,611,2022-07-10
CLI002057,Eduarda Rocha Lima,1978-05-21,SP,Servidor Publico,,710,2023-05-13
CLI002058,Rafael Pereira Ribeiro,2005-03-31,SP,Assalariado CLT,10366.95,826,2024-06-06
CLI002059,Carla Carvalho Teixeira,1994-03-18,BA,Autonomo,3674.87,529,2023-06-18
CLI002060,Olivia Rodrigues Silva,1984-09-04,RJ,Assalariado CLT,2283.18,449,2022-09-03
CLI002061,Henrique Barbosa Teixeira,1987-08-09,RS,Assalariado CLT,3796.76,707,2025-03-27
CLI002062,Juliana Teixeira Barbosa,1992-01-11,,Servidor Publico,,541,2026-06-04
CLI002063,Wagner Lima Teixeira,1994-08-01,SP,,3573.37,878,2025-09-23
CLI002064,Yara Carvalho Almeida,1969-03-29,RJ,Assalariado CLT,6274.27,740,2023-11-02
CLI002065,Amanda Rocha Rocha,1982-12-17,MT,Assalariado CLT,5386.73,612,2026-04-02
CLI002066,Wagner Barbosa Moraes,1963-05-21,MT,Autonomo,3725.43,387,2025-08-24
CLI002067,Wagner Costa Oliveira,1993-05-28,CE,Assalariado CLT,3056.58,431,2023-02-11
CLI002068,Joao Rodrigues Ferreira,1987-11-28,SP,Servidor Publico,2376.92,489,2022-08-02
CLI002069,Eduarda Teixeira Martins,1983-11-24,RJ,Autonomo,,452,2024-11-23
CLI002070,Juliana Costa Araujo,1966-03-20,GO,Autonomo,,708,2025-05-04
CLI002071,Nelson Almeida Carvalho,1986-04-27,DF,Assalariado CLT,2892.51,446,2022-10-06
CLI002072,Zeca Ribeiro Nunes,1992-06-13,MG,Empresario,2863.35,652,2023-11-28
CLI002073,Isabela Oliveira Rocha,1997-08-09,SP,Empresario,4023.37,767,2023-05-29
CLI002074,Ursula Costa Costa,1961-12-24,PR,Assalariado CLT,,513,2021-08-29
CLI002075,Patricia Silva Ferreira,1985-09-19,MG,Assalariado CLT,1990.54,557,2024-05-06
CLI002076,Carla Barbosa Ferreira,1988-08-06,MG,Autonomo,9802.27,384,2023-03-04
CLI002077,Rafael Araujo Carvalho,1984-10-06,CE,Autonomo,6209.88,713,2026-05-13
CLI002078,Yara Silva Lima,1997-08-05,DF,Servidor Publico,,536,2026-08-17
CLI002079,Amanda Souza Souza,1984-01-19,SC,Aposentado,6598.23,631,2022-04-10
CLI002080,Joao Martins Araujo,1987-11-07,SP,,2968.16,534,2023-04-29
CLI002081,Isabela Souza Costa,1966-09-22,PE,,9909.73,865,2026-06-05
CLI002082,Felipe Moraes Santos,2003-08-27,SP,Assalariado CLT,12043.98,450,2022-08-18
CLI002083,Sabrina Ferreira Barbosa,1979-03-19,SC,,10124.83,612,2022-01-19
CLI002084,Rodrigo Silva Lima,1989-03-24,SP,Assalariado CLT,1673.33,652,2024-10-03
CLI002085,Paulo Pereira Teixeira,1995-09-26,SC,Assalariado CLT,1200.0,490,2024-07-01
CLI002086,Mariana Oliveira Rocha,1973-07-16,MG,Profissional Liberal,,477,2025-01-19
CLI002087,Rodrigo Silva Teixeira,1979-08-22,SP,Autonomo,1865.7,460,2024-11-05
CLI002088,Yara Martins Santos,1996-09-17,GO,Autonomo,6469.31,503,2026-08-02
CLI002089,Juliana Souza Barbosa,1998-05-15,SP,Autonomo,8808.36,602,2024-09-22
CLI002090,Joao Rodrigues Moraes,1963-04-17,PR,Assalariado CLT,1925.02,539,2023-04-01
CLI002091,Nelson Silva Rodrigues,2006-12-17,RJ,,,448,2025-07-16
CLI002092,Nelson Costa Rodrigues,1985-01-08,SC,Autonomo,,667,2024-03-17
CLI002093,Paulo Lima Almeida,1976-10-03,SP,Aposentado,7879.82,620,2024-11-16
CLI002094,Felipe Costa Ribeiro,1976-03-23,SP,Profissional Liberal,14256.28,897,2024-02-10
CLI002095,Diego Silva Ferreira,1978-05-27,MG,Autonomo,4967.26,446,2026-06-13
CLI002096,Carla Gomes Carvalho,1986-12-18,SP,Assalariado CLT,9725.62,692,2023-12-09
CLI002097,Paulo Ribeiro Almeida,1981-11-10,SP,Aposentado,13073.46,402,2026-01-22
CLI002098,Marcelo Almeida Rocha,1990-10-03,SC,Aposentado,,582,2022-07-04
CLI002099,Nelson Rocha Souza,2007-05-25,SP,Assalariado CLT,,655,2026-05-30
CLI002100,Marcelo Ferreira Ribeiro,1995-04-20,BA,Empresario,9744.24,409,2023-03-07
CLI002101,Joao Silva Almeida,1997-03-02,MG,Assalariado CLT,2320.03,578,2024-11-16
CLI002102,Isabela Ribeiro Souza,1986-11-06,,Assalariado CLT,3024.98,687,2026-06-14
CLI002103,Carla Nunes Martins,1971-10-17,,Autonomo,10003.0,778,2024-07-08
CLI002104,Olivia Almeida Gomes,1977-01-30,ES,Assalariado CLT,5440.19,713,2026-02-19
CLI002105,Carla Costa Carvalho,2006-11-12,PR,Assalariado CLT,4301.43,504,2026-06-10
CLI002106,Sabrina Nunes Martins,1986-06-17,SP,Assalariado CLT,2388.54,515,2022-05-11
CLI002107,Rodrigo Carvalho Moraes,1963-05-04,SP,Aposentado,3575.63,659,2022-04-20
CLI002108,Paulo Oliveira Costa,2007-07-25,PR,Assalariado CLT,4140.09,746,2021-09-04
CLI002109,Felipe Almeida Santos,1994-08-24,BA,Assalariado CLT,3497.28,457,2021-11-21
CLI002110,Rodrigo Lima Costa,2007-05-12,DF,Assalariado CLT,5903.26,619,2024-03-30
CLI002111,Patricia Costa Martins,1998-08-18,RS,Autonomo,5741.55,464,2023-10-22
CLI002112,Mariana Ribeiro Araujo,1990-09-12,PR,Servidor Publico,8088.28,569,2024-11-19
CLI002113,Ana Costa Costa,1981-09-01,MG,Aposentado,6252.89,564,2021-12-01
CLI002114,Carla Martins Almeida,1971-07-18,BA,Aposentado,2810.34,757,2024-11-22
CLI002115,Ana Santos Lima,1990-05-23,RS,Autonomo,1401.58,429,2025-11-28
CLI002116,Queren Teixeira Ribeiro,2001-07-16,BA,Assalariado CLT,6018.06,552,2024-06-05
CLI002117,Eduarda Ferreira Souza,1978-07-06,GO,Empresario,,610,2023-07-12
CLI002118,Marcelo Costa Rocha,1981-12-29,SP,Estudante,3309.94,410,2023-10-26
CLI002119,Zeca Carvalho Rodrigues,1976-07-16,MG,Assalariado CLT,12694.36,544,2022-09-20
CLI002120,Diego Nunes Ribeiro,1988-12-16,SP,Empresario,4731.22,487,2026-03-01
CLI002121,Rafael Almeida Gomes,1979-05-17,PA,Assalariado CLT,3136.65,698,2023-07-12
CLI002122,Zeca Santos Oliveira,1998-08-21,MG,Servidor Publico,3961.63,649,2022-04-06
CLI002123,Amanda Santos Ribeiro,2006-12-14,SC,Aposentado,2223.5,553,2022-09-06
CLI002124,Rodrigo Ribeiro Oliveira,1994-07-15,,Servidor Publico,4910.95,672,2021-12-05
CLI002125,Juliana Pereira Ribeiro,1972-04-15,GO,Assalariado CLT,,783,2022-07-29
CLI002126,Marcelo Gomes Ferreira,1988-08-24,MG,Servidor Publico,,788,2025-05-06
CLI002127,Gabriela Moraes Almeida,1976-09-20,PR,Estudante,,770,2024-05-21
CLI002128,Paulo Rodrigues Rodrigues,1985-11-30,SP,Assalariado CLT,1321.85,550,2024-12-20
CLI002129,Olivia Pereira Almeida,1972-10-28,SP,Assalariado CLT,5264.44,484,2023-01-04
CLI002130,Vinicius Araujo Lima,1971-11-11,SP,Assalariado CLT,7757.19,649,2024-05-19
CLI002131,Queren Oliveira Pereira,1987-01-21,PE,Autonomo,3429.39,578,2022-01-22
CLI002132,Olivia Lima Ribeiro,1991-09-17,BA,Autonomo,8070.27,572,2021-12-09
CLI002133,Bruno Silva Ribeiro,1991-02-04,SP,Servidor Publico,,413,2024-01-30
CLI002134,Rodrigo Martins Araujo,1975-11-27,,Estudante,,682,2023-08-20
CLI002135,Eduarda Ferreira Ferreira,2007-05-13,BA,Assalariado CLT,5927.0,572,2023-05-19
CLI002136,Olivia Ferreira Santos,1965-12-17,BA,Assalariado CLT,1745.53,424,2022-09-10
CLI002137,Paulo Santos Moraes,1983-02-28,ES,Empresario,4513.36,459,2022-01-31
CLI002138,Eduarda Martins Martins,1983-01-27,RJ,Assalariado CLT,4326.49,720,2025-03-30
CLI002139,Marcelo Santos Lima,1979-03-18,SP,Servidor Publico,8886.09,529,2022-11-20
CLI002140,Amanda Gomes Silva,1987-05-10,MT,Servidor Publico,6815.49,378,2025-04-06
CLI002141,Lucas Pereira Araujo,1985-06-11,BA,Assalariado CLT,5056.74,398,2024-08-19
CLI002142,Joao Martins Costa,1972-12-03,SP,Assalariado CLT,6732.48,765,2022-10-27
CLI002143,Rafael Pereira Pereira,1985-08-22,CE,Assalariado CLT,,711,2021-09-26
CLI002144,Karina Pereira Ribeiro,1967-04-27,CE,Autonomo,3578.25,483,2024-10-16
CLI002145,Carla Rocha Ferreira,1991-01-02,SP,Empresario,6098.46,437,2024-12-17
CLI002146,Henrique Carvalho Silva,1994-08-14,SP,Assalariado CLT,25661.57,572,2022-06-04
CLI002147,Rafael Ribeiro Almeida,1974-07-09,,,,746,2026-04-14
CLI002148,Karina Almeida Almeida,1956-01-22,MG,Aposentado,3402.27,558,2025-03-01
CLI002149,Isabela Ribeiro Carvalho,1992-03-05,SP,Servidor Publico,5798.39,635,2021-10-31
CLI002150,Mariana Oliveira Santos,1977-12-02,SP,Autonomo,4617.2,462,2026-07-24
CLI002151,Paulo Martins Lima,1982-03-04,BA,Profissional Liberal,,389,2021-12-20
CLI002152,Patricia Pereira Teixeira,1973-07-19,MG,Aposentado,1200.0,624,2025-09-21
CLI002153,Paulo Almeida Rocha,1986-01-16,RS,Servidor Publico,3767.17,471,2025-11-30
CLI002154,Marcelo Carvalho Souza,1982-12-28,PE,Assalariado CLT,4478.81,469,2025-08-14
CLI002155,Rafael Souza Gomes,2006-11-19,DF,Assalariado CLT,,540,2023-11-22
CLI002156,Carla Araujo Nunes,2004-04-26,RS,Empresario,3869.42,352,2023-04-27
CLI002157,Juliana Ferreira Barbosa,1973-02-13,SP,Assalariado CLT,,471,2025-12-24
CLI002158,Paulo Costa Lima,1988-07-15,RS,Assalariado CLT,4585.22,868,2024-12-02
CLI002159,Juliana Souza Ferreira,1979-10-17,SC,Assalariado CLT,,494,2024-09-12
CLI002160,Paulo Martins Teixeira,1980-09-20,ES,Aposentado,34001.18,664,2025-02-21
CLI002161,Lucas Araujo Martins,1995-01-21,SP,,9283.41,575,2026-05-13
CLI002162,Diego Rodrigues Souza,1979-02-07,MG,Empresario,5489.88,516,2024-03-19
CLI002163,Marcelo Ferreira Teixeira,1992-10-25,PA,Servidor Publico,,554,2022-05-10
CLI002164,Joao Santos Oliveira,1976-11-26,RS,Assalariado CLT,3267.73,902,2025-01-24
CLI002165,Queren Oliveira Almeida,1967-03-06,PA,Empresario,3243.01,705,2026-03-29
CLI002166,Nelson Santos Araujo,1981-01-13,SP,Autonomo,2811.34,778,2021-08-24
CLI002167,Ursula Carvalho Lima,1978-06-04,PR,Autonomo,1740.06,650,2021-10-25
CLI002168,Mariana Barbosa Barbosa,1976-05-27,RS,Autonomo,3815.81,469,2023-10-26
CLI002169,Amanda Carvalho Araujo,1994-07-14,PA,Autonomo,7695.4,413,2024-07-27
CLI002170,Bruno Santos Teixeira,1987-11-08,PE,Profissional Liberal,,483,2025-11-14
CLI002171,Rodrigo Teixeira Ferreira,1988-01-03,MG,Estudante,4670.3,696,2026-04-24
CLI002172,Ursula Barbosa Carvalho,1991-02-26,GO,Empresario,4819.22,498,2021-09-13
CLI002173,Lucas Ribeiro Barbosa,1983-10-20,BA,Autonomo,3418.51,609,2022-04-23
CLI002174,Mariana Oliveira Nunes,1994-11-26,PR,,9491.68,594,2023-02-18
CLI002175,Yara Souza Almeida,1983-04-06,GO,Autonomo,4560.95,512,2022-07-10
CLI002176,Bruno Silva Lima,1985-11-17,SP,Servidor Publico,5930.17,584,2025-06-17
CLI002177,Thiago Oliveira Pereira,1991-10-18,BA,Assalariado CLT,5083.51,458,2022-11-05
CLI002178,Rafael Carvalho Rocha,1995-06-16,ES,Empresario,4135.66,476,2023-12-17
CLI002179,Marcelo Costa Silva,2002-01-19,SP,Assalariado CLT,4021.04,665,2025-05-26
CLI002180,Sabrina Barbosa Rocha,1984-08-27,SP,Servidor Publico,3908.01,627,2026-02-13
CLI002181,Ursula Lima Rodrigues,1987-08-05,,Servidor Publico,8423.44,753,2025-04-29
CLI002182,Juliana Rodrigues Silva,1993-07-28,CE,Assalariado CLT,8963.27,632,2024-04-17
CLI002183,Patricia Ferreira Rocha,1968-12-11,RS,Assalariado CLT,9170.61,593,2024-01-01
CLI002184,Nelson Santos Pereira,1988-10-24,SP,Assalariado CLT,4517.45,500,2022-04-30
CLI002185,Lucas Carvalho Rodrigues,1981-12-11,MT,Profissional Liberal,3366.75,475,2025-02-22
CLI002186,Isabela Ribeiro Oliveira,1986-05-25,BA,Autonomo,6011.76,552,2023-05-03
CLI002187,Zeca Araujo Martins,1996-08-01,CE,Autonomo,4028.33,681,2024-05-04
CLI002188,Gabriela Martins Teixeira,2003-05-05,SP,,,763,2023-07-19
CLI002189,Paulo Ribeiro Nunes,1963-01-14,SP,Assalariado CLT,2696.39,827,2025-03-30
CLI002190,Olivia Carvalho Rocha,1978-12-16,PA,Autonomo,6538.65,552,2023-03-13
CLI002191,Rafael Silva Souza,2007-02-17,GO,Profissional Liberal,5402.14,641,2023-01-05
CLI002192,Rodrigo Moraes Silva,1991-05-02,PA,Profissional Liberal,16381.1,585,2025-05-20
CLI002193,Thiago Santos Nunes,1974-01-31,BA,Assalariado CLT,7366.88,662,2026-08-01
CLI002194,Nelson Ribeiro Costa,1996-12-19,RJ,Assalariado CLT,,520,2024-12-19
CLI002195,Sabrina Lima Ferreira,1985-02-06,PR,Assalariado CLT,2370.85,599,2022-06-26
CLI002196,Felipe Teixeira Gomes,1963-12-01,PR,Assalariado CLT,4239.86,481,2023-12-28
CLI002197,Bruno Martins Santos,1993-11-01,SP,Servidor Publico,4003.59,721,2026-04-07
CLI002198,Olivia Carvalho Silva,1981-04-03,SC,Assalariado CLT,1200.0,351,2021-11-10
CLI002199,Diego Barbosa Rodrigues,1986-10-30,RJ,Assalariado CLT,,574,2026-04-03
CLI002200,Queren Souza Moraes,1992-08-09,SP,Empresario,1906.5,596,2022-05-15
CLI002201,Rafael Silva Pereira,2000-12-20,MT,Assalariado CLT,3414.39,596,2026-01-21
CLI002202,Amanda Moraes Pereira,1987-11-23,MG,Autonomo,3856.67,618,2025-02-07
CLI002203,Ursula Nunes Carvalho,1970-03-21,MT,Assalariado CLT,5937.1,482,2021-12-28
CLI002204,Zeca Almeida Pereira,2000-05-20,SP,Assalariado CLT,4572.16,561,2023-04-07
CLI002205,Mariana Pereira Rodrigues,2001-04-04,PE,Assalariado CLT,12969.86,681,2026-05-13
CLI002206,Yara Almeida Almeida,2000-01-22,DF,Aposentado,3741.5,520,2023-10-02
CLI002207,Amanda Rodrigues Barbosa,1984-12-26,SP,Profissional Liberal,,655,2022-04-08
CLI002208,Vinicius Gomes Costa,1977-05-17,CE,Profissional Liberal,1200.0,872,2024-03-30
CLI002209,Yara Moraes Moraes,1994-08-06,BA,Aposentado,,440,2024-07-21
CLI002210,Ana Lima Carvalho,1991-01-13,GO,Assalariado CLT,9462.14,555,2021-12-16
CLI002211,Ursula Moraes Martins,1979-11-21,MG,Assalariado CLT,,700,2022-10-01
CLI002212,Rafael Gomes Costa,2005-09-12,,Assalariado CLT,6330.82,695,2025-02-27
CLI002213,Zeca Oliveira Ribeiro,1994-05-26,DF,Empresario,3675.56,430,2022-01-01
CLI002214,Felipe Oliveira Rodrigues,1974-07-20,RJ,Profissional Liberal,2630.33,195,2021-12-13
CLI002215,Vinicius Oliveira Ribeiro,1971-10-18,SP,Autonomo,13790.55,776,2023-07-02
CLI002216,Lucas Silva Teixeira,1956-03-18,PE,Servidor Publico,4861.15,765,2026-06-28
CLI002217,Wagner Carvalho Araujo,1986-12-20,SP,Assalariado CLT,,746,2022-03-02
CLI002218,Vinicius Rodrigues Almeida,1991-06-12,MG,Assalariado CLT,,840,2022-12-04
CLI002219,Mariana Costa Santos,1977-10-29,SP,Autonomo,5821.87,353,2022-06-30
CLI002220,Queren Pereira Oliveira,1974-04-25,BA,Assalariado CLT,5820.66,778,2024-11-09
CLI002221,Rafael Barbosa Rodrigues,1965-06-03,RS,Aposentado,3423.05,688,2021-11-12
CLI002222,Rodrigo Costa Lima,2003-01-06,PA,Assalariado CLT,5645.8,640,2025-12-17
CLI002223,Juliana Teixeira Rodrigues,1981-06-19,BA,Assalariado CLT,2707.77,620,2021-11-10
CLI002224,Zeca Costa Costa,1972-04-06,SP,Empresario,,585,2022-11-02
CLI002225,Nelson Teixeira Almeida,1986-11-16,SP,Aposentado,,703,2022-12-01
CLI002226,Amanda Rocha Carvalho,1971-07-26,MG,Assalariado CLT,4093.89,746,2024-03-24
CLI002227,Carla Rocha Teixeira,1999-11-06,MG,Assalariado CLT,1200.0,799,2022-06-28
CLI002228,Eduarda Souza Araujo,1980-08-29,SP,Empresario,11363.63,623,2026-08-12
CLI002229,Patricia Costa Lima,1994-12-29,PR,Assalariado CLT,16595.2,792,2022-12-03
CLI002230,Diego Oliveira Silva,2003-06-10,GO,Servidor Publico,12489.32,700,2023-01-17
CLI002231,Marcelo Rocha Carvalho,1987-07-18,PR,Profissional Liberal,11315.47,793,2024-01-06
CLI002232,Lucas Nunes Teixeira,2007-08-06,SP,Aposentado,,702,2026-07-09
CLI002233,Gabriela Almeida Oliveira,1974-02-19,PR,Assalariado CLT,2384.81,715,2024-05-06
CLI002234,Juliana Silva Nunes,1997-05-03,SP,Assalariado CLT,4450.03,742,2023-08-18
CLI002235,Sabrina Ferreira Santos,1988-10-15,DF,Assalariado CLT,5452.85,583,2023-09-29
CLI002236,Marcelo Ribeiro Souza,1991-12-07,PA,Autonomo,2449.29,816,2022-08-11
CLI002237,Juliana Almeida Gomes,1988-09-12,SP,Empresario,7578.33,755,2026-04-11
CLI002238,Juliana Souza Ribeiro,2005-09-05,SP,Assalariado CLT,3617.13,573,2024-03-02
CLI002239,Karina Ribeiro Barbosa,1985-08-22,SC,Profissional Liberal,3268.02,788,2023-02-11
CLI002240,Sabrina Pereira Almeida,1984-10-12,PE,Assalariado CLT,3962.71,785,2022-10-12
CLI002241,Nelson Oliveira Araujo,1987-09-01,,Autonomo,6633.14,530,2023-07-24
CLI002242,Queren Lima Martins,1983-10-03,DF,Assalariado CLT,12366.48,668,2026-01-14
CLI002243,Diego Silva Barbosa,1968-10-06,SP,Autonomo,3021.0,662,2025-02-22
CLI002244,Isabela Araujo Ferreira,1966-11-18,RJ,Profissional Liberal,6246.09,439,2023-09-28
CLI002245,Marcelo Teixeira Lima,1978-03-07,DF,Servidor Publico,14749.69,508,2025-10-24
CLI002246,Eduarda Santos Martins,1981-12-03,PE,Assalariado CLT,1949.84,673,2026-07-10
CLI002247,Rafael Teixeira Rocha,1977-08-30,CE,Servidor Publico,3870.15,500,2024-01-09
CLI002248,Diego Moraes Lima,1970-08-20,PR,Assalariado CLT,,838,2023-01-28
CLI002249,Juliana Carvalho Santos,2004-09-17,SP,Assalariado CLT,1913.95,519,2024-04-22
CLI002250,Thiago Nunes Silva,1979-12-03,PE,,13017.76,582,2024-05-10
CLI002251,Carla Teixeira Santos,1973-03-09,SP,Autonomo,4126.64,621,2025-04-01
CLI002252,Joao Rocha Costa,1988-09-02,SC,Autonomo,6485.66,738,2023-01-14
CLI002253,Juliana Santos Carvalho,1970-06-05,PR,Empresario,6137.0,604,2025-10-04
CLI002254,Zeca Costa Barbosa,1995-05-26,MG,Assalariado CLT,1200.0,683,2023-05-19
CLI002255,Joao Teixeira Ribeiro,1991-12-07,PE,Empresario,,581,2024-07-13
CLI002256,Carla Nunes Lima,1981-11-13,PE,Assalariado CLT,4668.17,558,2024-10-06
CLI002257,Marcelo Moraes Ferreira,1962-05-16,PR,Autonomo,5201.75,675,2025-06-23
CLI002258,Olivia Moraes Barbosa,1981-02-19,RS,Assalariado CLT,2797.25,244,2024-09-02
CLI002259,Isabela Silva Pereira,1990-02-14,SP,Autonomo,,457,2024-12-30
CLI002260,Wagner Lima Santos,2007-03-23,SP,Profissional Liberal,8371.8,544,2024-03-08
CLI002261,Amanda Ferreira Rocha,1990-09-15,SP,Autonomo,14937.73,761,2024-09-22
CLI002262,Karina Lima Gomes,1983-12-07,SC,Assalariado CLT,,413,2022-02-02
CLI002263,Vinicius Pereira Martins,1971-02-06,SP,Assalariado CLT,3140.21,834,2025-10-22
CLI002264,Zeca Rocha Araujo,1989-12-31,DF,Aposentado,,725,2023-08-27
CLI002265,Ana Gomes Souza,1991-06-26,SP,Assalariado CLT,11606.14,743,2022-05-23
CLI002266,Wagner Santos Gomes,1966-10-24,SP,Assalariado CLT,,562,2026-05-18
CLI002267,Paulo Rodrigues Oliveira,1992-07-04,MG,Assalariado CLT,3020.72,527,2026-02-18
CLI002268,Karina Carvalho Araujo,1987-04-23,SP,Empresario,6802.65,700,2026-01-29
CLI002269,Paulo Martins Santos,1993-01-20,MG,Assalariado CLT,3441.25,606,2021-12-06
CLI002270,Olivia Oliveira Souza,1983-03-03,SC,Autonomo,7062.76,748,2024-07-30
CLI002271,Nelson Martins Lima,1988-04-04,SP,Estudante,8209.71,585,2025-12-09
CLI002272,Mariana Ribeiro Araujo,1982-11-02,PE,Assalariado CLT,3091.63,267,2021-12-25
CLI002273,Rafael Barbosa Gomes,1970-10-04,MG,Assalariado CLT,7686.14,288,2025-10-12
CLI002274,Marcelo Rocha Lima,1989-05-05,SP,Assalariado CLT,2654.96,546,2022-07-09
CLI002275,Diego Carvalho Martins,1984-04-03,SP,Autonomo,,603,2023-06-15
CLI002276,Henrique Santos Teixeira,2004-02-11,DF,,,534,2022-11-09
CLI002277,Sabrina Rocha Santos,2006-09-12,RJ,Assalariado CLT,3444.14,747,2025-10-30
CLI002278,Rodrigo Araujo Ribeiro,1997-02-22,PA,Estudante,3480.73,550,2022-07-12
CLI002279,Karina Moraes Santos,1991-10-18,RJ,Profissional Liberal,8338.34,567,2022-11-25
CLI002280,Paulo Nunes Rodrigues,1986-09-27,RS,Servidor Publico,4130.02,689,2023-04-19
CLI002281,Isabela Ribeiro Oliveira,1980-06-19,RJ,Autonomo,3850.11,457,2024-02-06
CLI002282,Lucas Rodrigues Lima,1983-01-29,RJ,Assalariado CLT,9468.24,825,2022-04-24
CLI002283,Henrique Rodrigues Costa,1975-01-02,PE,Autonomo,10743.53,506,2023-11-15
CLI002284,Lucas Ferreira Ribeiro,1988-06-26,PR,Autonomo,24286.17,440,2024-07-26
CLI002285,Felipe Araujo Martins,1975-01-24,RS,Assalariado CLT,3976.14,556,2024-06-16
CLI002286,Henrique Costa Silva,1995-07-17,PE,Autonomo,6122.98,597,2026-07-14
CLI002287,Zeca Carvalho Martins,1978-03-10,GO,Profissional Liberal,11239.35,660,2023-05-06
CLI002288,Gabriela Rodrigues Rodrigues,1989-07-12,CE,Empresario,2443.83,576,2022-09-30
CLI002289,Zeca Rodrigues Pereira,1998-01-17,RJ,Autonomo,2885.48,530,2021-11-15
CLI002290,Queren Souza Silva,2001-09-19,,Assalariado CLT,13316.36,786,2025-02-20
CLI002291,Sabrina Moraes Silva,2001-03-17,RS,Assalariado CLT,1200.0,491,2021-10-16
CLI002292,Yara Souza Oliveira,1980-02-08,RS,Autonomo,6784.84,279,2025-01-19
CLI002293,Queren Araujo Ribeiro,1994-03-19,PR,Profissional Liberal,8622.49,673,2024-05-27
CLI002294,Wagner Moraes Costa,1981-03-15,SP,Assalariado CLT,5599.16,787,2026-05-16
CLI002295,Juliana Lima Silva,1990-08-20,PR,Autonomo,10387.93,592,2023-08-20
CLI002296,Patricia Souza Almeida,1980-01-11,SP,Autonomo,4289.51,449,2024-07-21
CLI002297,Zeca Lima Araujo,1980-11-12,SP,Autonomo,7792.24,558,2022-09-04
CLI002298,Joao Pereira Araujo,2006-11-12,ES,Autonomo,3209.43,700,2022-12-19
CLI002299,Olivia Ribeiro Souza,1968-07-19,CE,Assalariado CLT,4109.7,548,2024-05-04
CLI002300,Isabela Lima Teixeira,1987-05-27,SP,Servidor Publico,3201.79,565,2023-06-20
CLI002301,Queren Carvalho Almeida,1978-06-30,MT,,5586.3,677,2026-08-14
CLI002302,Zeca Rodrigues Araujo,2001-01-26,RS,Aposentado,5891.7,425,2024-01-06
CLI002303,Rodrigo Nunes Gomes,1975-04-20,RJ,Assalariado CLT,14469.35,979,2024-06-11
CLI002304,Mariana Lima Lima,1973-07-29,BA,Assalariado CLT,2777.89,651,2023-11-02
CLI002305,Rodrigo Oliveira Santos,2001-01-14,SC,Assalariado CLT,3429.65,646,2024-07-08
CLI002306,Nelson Santos Nunes,1997-02-27,BA,Servidor Publico,15449.96,761,2025-07-26
CLI002307,Olivia Santos Moraes,1995-02-21,BA,Autonomo,6776.23,749,2024-11-26
CLI002308,Gabriela Souza Carvalho,2003-06-08,SP,Empresario,1734.5,630,2024-11-03
CLI002309,Bruno Rodrigues Gomes,1983-10-03,PR,Assalariado CLT,2250.41,620,2021-08-21
CLI002310,Felipe Carvalho Teixeira,1974-01-07,PR,Assalariado CLT,4259.7,579,2023-05-01
CLI002311,Olivia Souza Rodrigues,1994-03-08,RS,Assalariado CLT,5339.97,576,2026-03-04
CLI002312,Queren Ferreira Ribeiro,1985-02-14,,Assalariado CLT,,459,2025-02-21
CLI002313,Diego Lima Gomes,1985-06-29,DF,,3737.54,538,2022-04-21
CLI002314,Eduarda Teixeira Ferreira,1990-04-15,SP,Servidor Publico,3727.15,765,2026-06-26
CLI002315,Lucas Gomes Barbosa,1985-09-28,GO,Empresario,4876.17,637,2025-04-18
CLI002316,Henrique Ribeiro Rodrigues,2006-06-05,PR,Assalariado CLT,6944.83,658,2023-08-10
CLI002317,Ursula Ferreira Souza,1965-09-14,RS,Assalariado CLT,3251.88,729,2023-08-10
CLI002318,Patricia Santos Santos,1986-08-23,SP,Autonomo,4110.27,516,2026-06-23
CLI002319,Sabrina Gomes Teixeira,1999-02-21,SP,Assalariado CLT,3768.31,648,2024-06-05
CLI002320,Gabriela Santos Rodrigues,1992-07-17,PA,Profissional Liberal,,802,2022-11-01
CLI002321,Sabrina Moraes Santos,1985-06-09,RJ,Profissional Liberal,2418.64,701,2025-05-18
CLI002322,Yara Almeida Almeida,1964-04-06,,Servidor Publico,4880.59,664,2026-02-23
CLI002323,Nelson Santos Lima,1980-11-09,PR,Assalariado CLT,6403.85,652,2023-12-05
CLI002324,Rodrigo Rocha Moraes,1992-04-19,SP,Estudante,,724,2026-01-05
CLI002325,Sabrina Martins Carvalho,1999-05-05,SP,Assalariado CLT,3906.59,614,2025-01-03
CLI002326,Ursula Martins Rocha,1957-08-12,SP,Assalariado CLT,4736.32,741,2023-01-20
CLI002327,Lucas Costa Rodrigues,1988-07-13,SC,,12233.94,419,2025-07-08
CLI002328,Karina Lima Nunes,2007-06-01,SP,Servidor Publico,5216.63,697,2022-02-20
CLI002329,Yara Santos Araujo,1958-01-25,DF,Assalariado CLT,,563,2023-09-08
CLI002330,Thiago Nunes Souza,1980-09-21,CE,Profissional Liberal,4146.65,433,2025-01-09
CLI002331,Diego Rocha Carvalho,1970-05-24,ES,Assalariado CLT,6912.83,778,2026-06-14
CLI002332,Patricia Rocha Martins,1976-04-18,PE,Assalariado CLT,4659.89,670,2025-12-26
CLI002333,Queren Araujo Ferreira,1995-07-19,SP,Autonomo,8274.94,633,2022-09-14
CLI002334,Sabrina Lima Moraes,1989-01-08,SP,Assalariado CLT,8776.72,636,2021-09-23
CLI002335,Amanda Ribeiro Souza,1974-12-04,SP,Aposentado,8382.11,672,2025-11-05
CLI002336,Lucas Teixeira Rodrigues,1965-10-25,SP,Empresario,9207.81,696,2026-04-09
CLI002337,Nelson Ferreira Souza,1980-11-09,RS,Autonomo,1749.13,615,2026-02-06
CLI002338,Gabriela Gomes Moraes,1979-01-24,ES,Assalariado CLT,5399.64,890,2025-01-27
CLI002339,Yara Almeida Araujo,1969-11-29,,Assalariado CLT,,655,2026-03-04
CLI002340,Lucas Santos Rodrigues,1980-07-04,RS,Assalariado CLT,,421,2025-07-19
CLI002341,Rafael Lima Moraes,1990-01-06,SP,Autonomo,3535.42,612,2025-01-03
CLI002342,Rafael Nunes Rocha,1968-09-01,SP,Assalariado CLT,,463,2023-05-20
CLI002343,Juliana Carvalho Carvalho,1977-12-22,MG,Autonomo,,845,2021-08-21
CLI002344,Gabriela Lima Pereira,1985-11-13,BA,Autonomo,4977.29,677,2026-07-16
CLI002345,Ursula Moraes Rocha,1987-06-30,MG,Estudante,7405.65,728,2024-11-30
CLI002346,Olivia Souza Moraes,1993-05-09,SC,Assalariado CLT,4326.98,439,2022-01-18
CLI002347,Joao Araujo Moraes,1992-12-12,SP,Assalariado CLT,2489.22,869,2024-11-24
CLI002348,Karina Lima Carvalho,1961-03-15,RS,Servidor Publico,2887.6,528,2026-07-02
CLI002349,Karina Pereira Gomes,1972-08-26,ES,Empresario,7692.29,633,2024-02-15
CLI002350,Zeca Martins Teixeira,1992-11-17,MG,Assalariado CLT,,601,2026-03-18
CLI002351,Bruno Ribeiro Lima,1978-04-06,MG,Autonomo,1648.04,741,2021-09-12
CLI002352,Zeca Santos Barbosa,1984-08-15,,Profissional Liberal,3907.35,803,2024-04-30
CLI002353,Mariana Pereira Oliveira,1959-04-05,SP,Assalariado CLT,2381.93,617,2026-06-21
CLI002354,Amanda Ribeiro Costa,1999-09-11,SP,Assalariado CLT,8602.51,693,2022-02-19
CLI002355,Gabriela Silva Silva,1999-07-06,GO,Assalariado CLT,7018.98,686,2024-08-24
CLI002356,Gabriela Rodrigues Lima,1984-09-08,GO,Assalariado CLT,6463.47,615,2024-12-30
CLI002357,Patricia Santos Ribeiro,1983-04-23,SP,Empresario,1438.35,679,2025-07-13
CLI002358,Carla Ferreira Martins,2002-02-03,PR,Empresario,6051.35,835,2025-02-09
CLI002359,Rodrigo Silva Lima,1999-03-14,RS,Assalariado CLT,5821.11,720,2026-05-11
CLI002360,Yara Santos Pereira,1991-12-24,SP,Autonomo,3060.6,677,2022-12-11
CLI002361,Queren Ferreira Pereira,1999-02-20,MG,Empresario,3381.77,526,2024-06-28
CLI002362,Ursula Pereira Nunes,1984-01-24,MG,Autonomo,11479.49,474,2025-03-22
CLI002363,Isabela Moraes Oliveira,1979-07-11,MG,Assalariado CLT,3562.26,495,2023-09-21
CLI002364,Isabela Ferreira Pereira,1988-10-19,MG,Profissional Liberal,11413.74,740,2022-02-20
CLI002365,Mariana Nunes Costa,1984-11-04,SP,Aposentado,3411.23,812,2023-06-19
CLI002366,Olivia Ferreira Moraes,2005-11-06,SP,Assalariado CLT,3970.18,780,2026-04-28
CLI002367,Thiago Oliveira Pereira,1978-06-17,BA,Servidor Publico,12060.47,776,2025-07-12
CLI002368,Wagner Gomes Lima,2006-09-12,MG,Autonomo,3739.83,567,2023-01-07
CLI002369,Nelson Silva Souza,2000-09-11,MG,Assalariado CLT,7353.44,733,2021-11-13
CLI002370,Rodrigo Almeida Almeida,1992-02-04,RS,Autonomo,10413.05,559,2024-11-29
CLI002371,Marcelo Gomes Silva,1981-04-26,ES,Assalariado CLT,11804.94,468,2024-10-23
CLI002372,Olivia Almeida Ferreira,1971-08-10,RJ,Assalariado CLT,7039.36,696,2023-06-21
CLI002373,Yara Rocha Costa,1980-12-06,SP,Assalariado CLT,3443.8,630,2021-11-08
CLI002374,Mariana Teixeira Costa,1993-04-05,SP,Assalariado CLT,7111.17,499,2021-08-26
CLI002375,Mariana Martins Ribeiro,2007-08-16,PR,Assalariado CLT,1842.94,828,2022-09-01
CLI002376,Lucas Almeida Costa,1966-07-08,SP,Profissional Liberal,6716.98,657,2024-12-28
CLI002377,Olivia Rocha Carvalho,1975-03-19,DF,Aposentado,4246.67,547,2024-11-03
CLI002378,Eduarda Nunes Martins,1980-03-01,ES,Assalariado CLT,6326.4,469,2022-12-29
CLI002379,Mariana Lima Silva,1965-06-14,DF,Assalariado CLT,1806.81,865,2026-06-07
CLI002380,Amanda Rocha Nunes,1965-10-18,RS,,2389.65,582,2025-05-13
CLI002381,Juliana Almeida Teixeira,1988-03-19,,Autonomo,15990.97,888,2025-03-03
CLI002382,Zeca Pereira Pereira,1983-04-28,SC,Assalariado CLT,5612.77,606,2025-01-26
CLI002383,Karina Almeida Santos,1980-12-31,SP,Profissional Liberal,3042.58,526,2024-09-09
CLI002384,Marcelo Silva Barbosa,1983-04-17,PE,Aposentado,4425.38,625,2024-05-09
CLI002385,Bruno Lima Rocha,2002-07-02,MT,Assalariado CLT,1822.99,532,2026-08-02
CLI002386,Diego Souza Ferreira,1994-09-15,RS,Assalariado CLT,8350.55,740,2021-12-22
CLI002387,Ursula Ribeiro Ribeiro,1986-10-06,DF,Servidor Publico,5775.09,627,2024-02-07
CLI002388,Joao Barbosa Almeida,1992-03-18,RS,Servidor Publico,4107.22,642,2023-02-21
CLI002389,Rafael Araujo Ferreira,1994-04-01,RS,Servidor Publico,4277.54,826,2023-01-20
CLI002390,Amanda Carvalho Teixeira,1983-08-22,RJ,Assalariado CLT,4348.72,777,2024-06-23
CLI002391,Olivia Rocha Moraes,1985-11-14,MG,Aposentado,,494,2024-11-10
CLI002392,Gabriela Rodrigues Araujo,1976-05-18,,Assalariado CLT,,644,2021-09-09
CLI002393,Rafael Teixeira Pereira,1978-02-10,MG,Servidor Publico,12720.14,587,2025-02-26
CLI002394,Vinicius Moraes Gomes,2007-05-23,,Profissional Liberal,2794.38,633,2023-03-20
CLI002395,Queren Lima Barbosa,1976-04-08,GO,Empresario,4905.43,754,2021-10-18
CLI002396,Juliana Rocha Santos,1989-07-09,,Autonomo,5992.63,668,2026-04-05
CLI002397,Carla Martins Pereira,1988-08-20,ES,Aposentado,,709,2022-06-19
CLI002398,Carla Souza Costa,1957-11-10,RJ,,7228.71,548,2025-09-07
CLI002399,Juliana Rodrigues Santos,2005-11-06,PR,Assalariado CLT,,853,2025-08-17
CLI002400,Zeca Souza Costa,1978-02-28,RJ,Aposentado,7308.84,689,2022-06-10
CLI002401,Henrique Costa Pereira,1962-11-30,RS,Empresario,4598.53,800,2026-04-25
CLI002402,Joao Moraes Martins,1986-10-14,SC,Autonomo,9662.99,825,2022-12-22
CLI002403,Zeca Rocha Silva,1984-02-04,BA,Empresario,17650.65,554,2026-05-19
CLI002404,Carla Almeida Gomes,1979-06-27,MT,Autonomo,7259.65,816,2022-10-16
CLI002405,Sabrina Santos Souza,1975-08-31,MG,Assalariado CLT,2914.22,653,2026-05-02
CLI002406,Mariana Silva Souza,2007-07-05,SP,Assalariado CLT,2277.56,704,2023-03-21
CLI002407,Zeca Rocha Pereira,1977-03-05,SP,Servidor Publico,4351.62,562,2024-04-24
CLI002408,Vinicius Pereira Rocha,1997-02-26,PA,Autonomo,,523,2023-09-07
CLI002409,Juliana Rodrigues Pereira,1994-11-09,SP,Servidor Publico,4424.76,408,2022-09-11
CLI002410,Ana Ferreira Nunes,2000-10-11,SP,Servidor Publico,4013.48,797,2022-10-02
CLI002411,Eduarda Silva Oliveira,2000-10-14,GO,Servidor Publico,,419,2024-02-13
CLI002412,Zeca Carvalho Santos,1974-11-22,MG,Autonomo,3032.16,553,2025-02-27
CLI002413,Karina Oliveira Silva,1982-06-24,RJ,Servidor Publico,1585.02,557,2023-04-19
CLI002414,Zeca Carvalho Ribeiro,1995-06-09,MG,,4571.97,404,2021-12-22
CLI002415,Bruno Rocha Gomes,1993-04-22,BA,Assalariado CLT,16208.09,548,2025-11-20
CLI002416,Rodrigo Souza Rocha,1974-08-07,PR,Profissional Liberal,,716,2023-01-13
CLI002417,Queren Ribeiro Araujo,1984-01-11,DF,Empresario,4700.52,545,2026-07-27
CLI002418,Ana Teixeira Santos,1983-07-29,BA,,,384,2025-03-28
CLI002419,Wagner Ferreira Rodrigues,1991-03-08,SC,Assalariado CLT,2229.53,550,2022-11-14
CLI002420,Ursula Souza Rocha,2006-10-09,SP,Assalariado CLT,3518.93,504,2026-05-14
CLI002421,Mariana Araujo Carvalho,1991-11-14,BA,Autonomo,3203.31,738,2022-05-09
CLI002422,Bruno Ferreira Rodrigues,1994-02-19,SP,Assalariado CLT,10640.66,638,2022-06-03
CLI002423,Wagner Ribeiro Pereira,1975-07-29,RJ,Empresario,,679,2026-08-10
CLI002424,Gabriela Araujo Teixeira,1986-11-01,,Assalariado CLT,3280.65,621,2026-04-05
CLI002425,Vinicius Gomes Barbosa,2001-08-21,RS,Profissional Liberal,2753.11,714,2025-12-08
CLI002426,Nelson Costa Oliveira,1993-05-26,MG,Aposentado,3767.3,778,2023-06-05
CLI002427,Ana Martins Costa,1993-03-08,MG,Assalariado CLT,3817.92,394,2022-10-04
CLI002428,Gabriela Silva Costa,1988-09-15,BA,Assalariado CLT,5120.91,476,2023-10-09
CLI002429,Olivia Ferreira Araujo,1987-03-28,SP,Autonomo,9520.72,875,2024-07-13
CLI002430,Rafael Pereira Silva,1993-01-01,PE,Profissional Liberal,4305.62,558,2023-03-26
CLI002431,Vinicius Souza Nunes,1976-12-21,SP,Estudante,,469,2024-04-12
CLI002432,Amanda Pereira Moraes,1965-05-04,MT,Assalariado CLT,2698.88,608,2023-01-10
CLI002433,Ana Lima Rodrigues,1997-08-10,,Assalariado CLT,2126.33,377,2023-07-15
CLI002434,Mariana Gomes Ribeiro,1981-09-29,GO,Servidor Publico,5920.94,624,2024-07-10
CLI002435,Queren Teixeira Araujo,1979-12-13,SP,Autonomo,9255.96,654,2025-03-15
CLI002436,Yara Santos Rodrigues,1982-09-26,PE,Autonomo,4926.19,847,2022-08-09
CLI002437,Zeca Araujo Martins,1989-11-16,SC,Autonomo,,544,2022-01-08
CLI002438,Felipe Costa Santos,2003-11-16,RJ,Assalariado CLT,,572,2024-04-12
CLI002439,Lucas Nunes Ferreira,1992-10-20,PA,Profissional Liberal,2082.98,527,2022-04-23
CLI002440,Diego Rodrigues Carvalho,1990-12-05,BA,Autonomo,11750.71,579,2025-07-27
CLI002441,Isabela Carvalho Lima,2000-07-11,DF,Aposentado,1548.64,716,2022-12-28
CLI002442,Yara Silva Oliveira,1986-03-10,RS,Assalariado CLT,4014.52,674,2022-03-14
CLI002443,Joao Rodrigues Oliveira,2005-08-12,SP,Autonomo,8156.61,442,2025-05-13
CLI002444,Olivia Teixeira Barbosa,1973-11-25,RJ,Autonomo,17418.95,609,2023-05-21
CLI002445,Paulo Santos Rocha,1979-01-22,SC,Assalariado CLT,2648.36,644,2022-03-28
CLI002446,Patricia Araujo Moraes,1989-05-03,RJ,Assalariado CLT,11252.72,663,2024-07-22
CLI002447,Lucas Ribeiro Carvalho,1990-08-13,SP,Assalariado CLT,10716.78,591,2022-06-03
CLI002448,Paulo Santos Gomes,1973-07-22,SP,Assalariado CLT,2651.41,312,2025-06-10
CLI002449,Diego Teixeira Gomes,1973-08-01,PA,Assalariado CLT,5173.83,656,2025-02-20
CLI002450,Felipe Lima Gomes,1977-07-12,CE,,6426.21,381,2023-06-20
CLI002451,Isabela Rocha Moraes,1997-07-19,CE,,,637,2024-05-19
CLI002452,Juliana Nunes Barbosa,1984-06-12,,Empresario,6749.13,768,2023-08-05
CLI002453,Ana Araujo Souza,1975-04-10,DF,,5541.9,527,2025-11-27
CLI002454,Ursula Barbosa Rocha,1993-03-09,SP,Assalariado CLT,2613.74,625,2023-05-07
CLI002455,Diego Moraes Teixeira,1982-11-29,PE,Autonomo,2900.93,394,2022-06-18
CLI002456,Felipe Lima Oliveira,1997-06-17,SP,Assalariado CLT,3701.33,817,2024-09-02
CLI002457,Olivia Barbosa Nunes,1991-08-24,SP,Servidor Publico,6790.88,640,2026-07-02
CLI002458,Olivia Araujo Oliveira,1976-10-22,BA,Autonomo,2495.51,590,2024-05-14
CLI002459,Ana Ferreira Carvalho,1979-03-19,PR,Autonomo,3479.49,589,2021-08-21
CLI002460,Ana Oliveira Barbosa,2005-01-17,DF,Autonomo,,584,2025-06-28
CLI002461,Eduarda Rocha Ferreira,1984-01-30,PR,Assalariado CLT,3228.31,690,2025-06-10
CLI002462,Olivia Moraes Lima,1959-06-02,RS,Empresario,7048.05,517,2025-12-06
CLI002463,Rodrigo Santos Ribeiro,1987-06-21,SP,Aposentado,,590,2023-07-18
CLI002464,Thiago Silva Moraes,1985-10-29,SP,Assalariado CLT,,711,2024-11-26
CLI002465,Diego Nunes Nunes,1992-05-19,CE,,3433.73,442,2021-10-28
CLI002466,Isabela Gomes Souza,1998-11-08,RJ,Assalariado CLT,2492.94,719,2024-09-09
CLI002467,Vinicius Costa Araujo,1984-05-08,RS,,11049.25,782,2022-04-24
CLI002468,Olivia Pereira Rodrigues,1971-11-01,PA,Autonomo,4713.05,699,2025-06-13
CLI002469,Zeca Moraes Gomes,1995-07-06,SP,Autonomo,3055.34,512,2024-01-04
CLI002470,Wagner Nunes Lima,1970-06-23,SP,Aposentado,11264.92,514,2025-04-17
CLI002471,Isabela Pereira Araujo,1980-03-24,CE,Autonomo,1355.66,649,2025-10-29
CLI002472,Bruno Rodrigues Ferreira,1998-08-11,SP,Assalariado CLT,6509.75,504,2024-01-26
CLI002473,Carla Rocha Carvalho,1988-08-08,SP,Empresario,2634.45,334,2025-12-29
CLI002474,Paulo Silva Almeida,2001-07-07,BA,Assalariado CLT,6296.53,316,2024-10-27
CLI002475,Henrique Rocha Teixeira,1996-05-16,MG,Assalariado CLT,3113.16,556,2022-12-11
CLI002476,Juliana Costa Oliveira,1988-09-09,SP,Empresario,,458,2023-01-14
CLI002477,Lucas Rodrigues Moraes,1982-06-02,SC,Aposentado,2431.91,757,2023-10-11
CLI002478,Amanda Rodrigues Teixeira,1983-05-13,GO,Empresario,2985.95,512,2022-12-14
CLI002479,Juliana Almeida Santos,1985-07-05,MG,Servidor Publico,,481,2024-11-18
CLI002480,Diego Gomes Rocha,1987-02-15,SP,Autonomo,14121.86,577,2025-08-08
CLI002481,Yara Oliveira Gomes,1980-12-20,BA,Aposentado,,661,2022-03-07
CLI002482,Olivia Lima Carvalho,1977-09-12,MG,Aposentado,5193.47,530,2022-12-18
CLI002483,Zeca Gomes Ferreira,1969-06-11,PR,Autonomo,11005.5,636,2021-11-16
CLI002484,Gabriela Almeida Moraes,2006-10-02,PR,Autonomo,4795.21,588,2025-07-24
CLI002485,Diego Ribeiro Rodrigues,1994-09-23,BA,Assalariado CLT,3275.07,628,2026-08-16
CLI002486,Sabrina Oliveira Rodrigues,2006-02-08,PR,Assalariado CLT,16379.54,897,2023-02-21
CLI002487,Wagner Costa Rodrigues,1992-09-15,GO,,4535.15,677,2022-02-25
CLI002488,Juliana Gomes Rocha,1999-12-19,MG,Assalariado CLT,3304.95,638,2026-07-14
CLI002489,Isabela Costa Ferreira,1978-02-01,SP,Assalariado CLT,,451,2024-07-19
CLI002490,Wagner Araujo Barbosa,1992-11-01,ES,Assalariado CLT,12159.13,598,2026-01-26
CLI002491,Wagner Martins Araujo,1996-12-15,CE,,2790.11,651,2024-07-26
CLI002492,Yara Santos Rodrigues,1970-10-09,SP,Autonomo,1222.03,612,2025-03-20
CLI002493,Rafael Lima Araujo,1985-08-30,MG,,8734.39,655,2024-11-13
CLI002494,Patricia Araujo Martins,1973-02-04,SP,Profissional Liberal,4265.51,483,2023-04-12
CLI002495,Amanda Silva Nunes,1994-08-14,SP,Empresario,7471.26,555,2025-05-26
CLI002496,Gabriela Martins Nunes,1975-06-12,PE,Autonomo,4370.11,640,2024-05-06
CLI002497,Ana Lima Gomes,1963-10-25,RJ,Autonomo,4761.02,517,2025-10-14
CLI002498,Isabela Nunes Barbosa,1984-06-02,SP,Assalariado CLT,5194.23,893,2021-11-10
CLI002499,Isabela Araujo Rodrigues,1983-12-13,DF,Aposentado,3963.66,628,2026-02-17
CLI002500,Patricia Barbosa Souza,1963-06-07,RJ,Assalariado CLT,10700.59,721,2024-10-11
CLI002501,Bruno Nunes Almeida,1976-07-06,BA,Assalariado CLT,,598,2025-04-17
CLI002502,Sabrina Ferreira Barbosa,1998-08-01,ES,Assalariado CLT,2608.09,430,2023-06-22
CLI002503,Carla Moraes Santos,1979-12-10,PR,Empresario,4644.72,450,2023-04-14
CLI002504,Mariana Teixeira Teixeira,1994-07-13,RJ,Empresario,4966.65,645,2025-12-05
CLI002505,Sabrina Martins Pereira,1980-03-26,GO,Assalariado CLT,3597.9,400,2024-02-29
CLI002506,Zeca Araujo Carvalho,1974-03-01,MT,Assalariado CLT,,666,2022-08-19
CLI002507,Gabriela Barbosa Rocha,1995-10-27,ES,Autonomo,5396.41,503,2025-07-03
CLI002508,Gabriela Ferreira Araujo,1999-11-04,PR,Autonomo,28717.02,763,2026-01-12
CLI002509,Nelson Nunes Gomes,1995-03-09,MG,Profissional Liberal,4361.86,511,2024-09-16
CLI002510,Thiago Santos Nunes,1977-12-03,SP,Aposentado,3477.55,765,2025-04-29
CLI002511,Carla Costa Pereira,1988-05-13,SP,Autonomo,6410.96,689,2022-07-29
CLI002512,Nelson Silva Santos,1980-08-03,RS,Empresario,2538.8,639,2025-11-25
CLI002513,Eduarda Rodrigues Lima,1973-10-25,SC,Assalariado CLT,3865.88,657,2021-10-13
CLI002514,Sabrina Nunes Pereira,1974-01-28,BA,Assalariado CLT,2881.49,614,2025-01-13
CLI002515,Thiago Ribeiro Ribeiro,2006-10-03,ES,Autonomo,,400,2023-08-14
CLI002516,Carla Rocha Moraes,1978-06-01,PA,Autonomo,,594,2023-04-30
CLI002517,Rafael Martins Souza,1982-01-19,SP,Assalariado CLT,5740.43,638,2026-03-09
CLI002518,Ana Ferreira Oliveira,1988-03-26,SP,Assalariado CLT,2875.67,634,2024-06-04
CLI002519,Mariana Santos Martins,1973-12-09,SP,Autonomo,,497,2023-11-06
CLI002520,Rodrigo Santos Costa,1987-08-27,SC,Autonomo,4104.44,470,2022-02-08
CLI002521,Mariana Lima Ferreira,1972-09-13,RJ,Assalariado CLT,,336,2023-10-31
CLI002522,Lucas Rocha Lima,1982-05-14,RJ,Autonomo,2993.13,733,2025-12-10
CLI002523,Marcelo Santos Barbosa,1947-09-03,CE,Assalariado CLT,,682,2025-07-22
CLI002524,Rodrigo Ferreira Teixeira,1979-11-14,SC,Assalariado CLT,3196.17,585,2023-11-21
CLI002525,Joao Santos Santos,1981-10-30,SP,Aposentado,2761.98,809,2024-11-16
CLI002526,Patricia Oliveira Teixeira,2000-08-09,RJ,Autonomo,7736.45,891,2024-04-06
CLI002527,Amanda Costa Teixeira,1971-04-01,CE,Assalariado CLT,5568.64,446,2025-07-18
CLI002528,Henrique Rocha Nunes,1983-11-05,ES,Assalariado CLT,5917.2,549,2022-08-11
CLI002529,Eduarda Souza Martins,1977-12-16,PR,Empresario,9728.73,551,2023-10-13
CLI002530,Henrique Oliveira Teixeira,1998-10-15,GO,Assalariado CLT,2724.17,801,2025-12-01
CLI002531,Mariana Carvalho Lima,1992-12-06,PE,Assalariado CLT,2831.63,559,2026-01-10
CLI002532,Rodrigo Oliveira Santos,1997-10-25,SP,Autonomo,3888.64,439,2025-05-04
CLI002533,Nelson Silva Teixeira,1972-10-10,SC,Assalariado CLT,9936.92,466,2023-01-21
CLI002534,Bruno Oliveira Oliveira,1992-05-12,MT,Assalariado CLT,4390.36,411,2024-08-05
CLI002535,Rodrigo Gomes Araujo,1993-10-23,PR,Aposentado,17564.16,875,2022-02-27
CLI002536,Diego Gomes Pereira,1977-08-16,RS,Assalariado CLT,4766.67,661,2022-09-18
CLI002537,Rafael Oliveira Souza,1990-06-04,MG,Autonomo,3738.88,406,2023-05-29
CLI002538,Bruno Teixeira Barbosa,1959-10-01,RS,Assalariado CLT,3865.8,547,2025-11-28
CLI002539,Vinicius Moraes Costa,1978-09-03,PE,Assalariado CLT,1200.0,567,2025-02-22
CLI002540,Rafael Rocha Souza,1967-10-08,SC,Autonomo,3973.48,839,2022-05-24
CLI002541,Sabrina Araujo Souza,1978-04-04,SP,Empresario,11436.82,635,2026-05-13
CLI002542,Thiago Ferreira Silva,2007-08-15,RJ,Profissional Liberal,,421,2021-11-19
CLI002543,Paulo Moraes Souza,1960-03-13,SP,Servidor Publico,3851.37,703,2023-03-27
CLI002544,Zeca Gomes Rocha,1968-05-14,RS,Assalariado CLT,9924.0,250,2022-12-14
CLI002545,Gabriela Araujo Barbosa,1989-05-09,RS,Assalariado CLT,3486.1,509,2021-09-24
CLI002546,Mariana Rocha Rocha,1990-10-25,SP,Assalariado CLT,10943.28,619,2025-03-02
CLI002547,Marcelo Ferreira Araujo,1995-03-19,SP,Assalariado CLT,,619,2024-01-23
CLI002548,Marcelo Lima Oliveira,1989-09-17,PA,Assalariado CLT,,672,2023-03-12
CLI002549,Nelson Barbosa Lima,2004-01-17,MG,Assalariado CLT,3758.17,770,2026-03-18
CLI002550,Rodrigo Moraes Santos,1999-07-25,RS,Assalariado CLT,2666.68,524,2024-01-05
CLI002551,Carla Carvalho Costa,1990-03-01,GO,Assalariado CLT,4246.45,535,2024-01-27
CLI002552,Ursula Araujo Souza,1983-11-15,PR,Assalariado CLT,,801,2025-01-30
CLI002553,Paulo Ribeiro Souza,1981-04-24,SP,Autonomo,7127.98,431,2022-12-14
CLI002554,Henrique Ferreira Teixeira,1967-06-22,MG,Autonomo,5101.04,409,2026-06-13
CLI002555,Mariana Lima Teixeira,1991-02-05,PR,Assalariado CLT,2723.98,593,2026-07-21
CLI002556,Ana Barbosa Costa,2004-03-13,PR,Autonomo,11316.37,466,2026-06-05
CLI002557,Isabela Pereira Gomes,1987-04-17,SC,Assalariado CLT,2594.03,708,2025-03-13
CLI002558,Gabriela Ferreira Almeida,2004-08-26,GO,Assalariado CLT,4443.32,571,2023-01-06
CLI002559,Marcelo Nunes Souza,1980-01-10,SP,Assalariado CLT,17226.52,652,2021-11-25
CLI002560,Vinicius Ribeiro Barbosa,1978-08-22,RS,Aposentado,5625.72,690,2025-12-06
CLI002561,Gabriela Silva Costa,2007-07-01,SP,Autonomo,8573.81,676,2022-12-30
CLI002562,Sabrina Nunes Pereira,1986-03-26,SP,Aposentado,6178.98,457,2022-02-12
CLI002563,Mariana Santos Rodrigues,1997-04-26,RS,Aposentado,,622,2025-11-01
CLI002564,Wagner Silva Teixeira,1967-09-04,,Assalariado CLT,5295.63,686,2022-01-08
CLI002565,Juliana Lima Pereira,1969-02-15,PR,Autonomo,,468,2026-04-08
CLI002566,Ursula Barbosa Rocha,1964-01-17,BA,Assalariado CLT,9524.47,580,2022-04-02
CLI002567,Carla Carvalho Ribeiro,1951-06-23,MG,Assalariado CLT,5028.62,681,2023-11-16
CLI002568,Yara Martins Santos,2003-03-17,MG,Autonomo,,499,2025-10-13
CLI002569,Isabela Teixeira Moraes,1967-01-14,MG,Servidor Publico,8032.13,628,2023-10-04
CLI002570,Wagner Carvalho Costa,1976-06-07,MT,Estudante,11066.2,615,2022-12-23
CLI002571,Ursula Ribeiro Lima,1992-01-13,RJ,Empresario,2129.05,863,2024-10-27
CLI002572,Thiago Martins Souza,1962-05-19,RJ,Servidor Publico,4275.66,922,2022-08-19
CLI002573,Isabela Rodrigues Rocha,1990-10-17,ES,Aposentado,4352.16,476,2025-09-05
CLI002574,Olivia Nunes Barbosa,2007-05-25,PE,Servidor Publico,2198.29,556,2023-08-01
CLI002575,Amanda Moraes Pereira,2000-01-12,SP,,1970.32,862,2025-06-11
CLI002576,Diego Souza Costa,1989-02-19,MG,Empresario,5762.27,790,2022-02-13
CLI002577,Sabrina Gomes Moraes,1992-11-01,BA,Empresario,5233.84,680,2023-09-20
CLI002578,Zeca Martins Pereira,1978-09-04,RS,Profissional Liberal,,690,2023-03-27
CLI002579,Olivia Martins Moraes,1999-06-17,ES,Assalariado CLT,5050.88,398,2022-06-12
CLI002580,Bruno Rocha Lima,1996-08-30,SP,Profissional Liberal,1200.0,548,2025-09-27
CLI002581,Ana Araujo Ribeiro,1980-11-01,PR,Assalariado CLT,10377.26,411,2022-09-27
CLI002582,Sabrina Moraes Moraes,2002-01-18,BA,Assalariado CLT,8327.78,600,2026-08-14
CLI002583,Felipe Nunes Nunes,1986-07-27,MG,Assalariado CLT,10181.06,770,2023-07-21
CLI002584,Juliana Oliveira Silva,1996-01-08,RJ,Assalariado CLT,7615.14,542,2024-11-26
CLI002585,Isabela Barbosa Oliveira,1973-03-08,MT,Empresario,5000.56,416,2022-02-25
CLI002586,Marcelo Carvalho Araujo,1996-01-04,SP,Estudante,2162.06,685,2025-02-09
CLI002587,Wagner Rocha Ferreira,1969-08-30,RJ,Assalariado CLT,9783.53,651,2022-03-01
CLI002588,Patricia Ferreira Souza,2002-12-14,RJ,Assalariado CLT,5408.98,616,2023-06-09
CLI002589,Marcelo Rodrigues Rocha,1975-12-25,BA,Empresario,8315.41,505,2025-04-29
CLI002590,Nelson Barbosa Nunes,1982-06-27,SP,Empresario,5537.84,465,2024-04-25
CLI002591,Diego Rodrigues Ribeiro,1974-10-27,RJ,Assalariado CLT,,546,2026-02-21
CLI002592,Wagner Rodrigues Nunes,1990-03-09,PE,Servidor Publico,,867,2024-10-28
CLI002593,Ursula Almeida Carvalho,1974-03-01,SP,Assalariado CLT,1773.3,772,2025-09-25
CLI002594,Nelson Teixeira Araujo,1979-04-20,SP,Assalariado CLT,9841.69,705,2025-11-30
CLI002595,Diego Souza Moraes,1958-12-23,MG,Assalariado CLT,2369.36,411,2026-06-26
CLI002596,Paulo Martins Ferreira,1986-05-03,MG,Assalariado CLT,4848.7,304,2023-08-27
CLI002597,Sabrina Moraes Moraes,1969-07-23,MG,Autonomo,4464.18,433,2025-04-19
CLI002598,Amanda Souza Pereira,1981-10-09,SC,,5930.67,609,2024-11-10
CLI002599,Queren Moraes Oliveira,1968-12-31,MT,Servidor Publico,8079.09,571,2022-05-12
CLI002600,Bruno Martins Martins,1985-03-22,RJ,Autonomo,3571.2,783,2024-01-17
CLI002601,Sabrina Souza Moraes,1974-09-06,SP,Empresario,1274.85,481,2024-11-08
CLI002602,Bruno Souza Rocha,1979-08-19,MT,Autonomo,,624,2022-10-15
CLI002603,Yara Costa Lima,1975-11-30,RJ,Autonomo,5508.59,677,2021-09-04
CLI002604,Ana Araujo Pereira,1990-09-21,MG,Assalariado CLT,7642.48,476,2022-03-22
CLI002605,Isabela Rocha Silva,1975-02-07,BA,Empresario,7737.46,717,2024-10-19
CLI002606,Ursula Barbosa Almeida,1984-10-29,RJ,Assalariado CLT,3796.61,400,2023-09-02
CLI002607,Juliana Araujo Ferreira,1952-05-01,ES,Empresario,2643.2,660,2026-02-27
CLI002608,Wagner Nunes Silva,1966-02-09,MG,Empresario,10358.46,500,2022-02-19
CLI002609,Ana Lima Lima,1969-08-29,SP,Autonomo,4368.6,363,2025-06-12
CLI002610,Olivia Souza Ribeiro,1987-09-05,RJ,Autonomo,4396.09,635,2021-12-22
CLI002611,Gabriela Ferreira Lima,1996-04-08,CE,Aposentado,3532.4,743,2025-08-08
CLI002612,Vinicius Almeida Costa,1970-04-09,MG,Assalariado CLT,,595,2025-12-23
CLI002613,Karina Gomes Nunes,1981-08-19,SP,Autonomo,4983.87,607,2024-01-04
CLI002614,Lucas Santos Nunes,1995-12-05,DF,Empresario,3488.01,637,2024-05-07
CLI002615,Karina Oliveira Gomes,1992-12-01,PA,Aposentado,2792.63,750,2022-12-07
CLI002616,Diego Ribeiro Rocha,1978-08-10,MG,Empresario,2146.14,782,2024-01-22
CLI002617,Gabriela Carvalho Martins,1988-04-06,SP,Autonomo,1373.83,687,2026-08-17
CLI002618,Vinicius Silva Araujo,1976-02-01,GO,Profissional Liberal,,551,2024-09-23
CLI002619,Juliana Teixeira Almeida,1999-12-24,SP,Profissional Liberal,14054.74,587,2022-03-27
CLI002620,Wagner Pereira Ribeiro,1977-01-03,SP,Servidor Publico,2536.19,446,2026-05-10
CLI002621,Ursula Ribeiro Nunes,1986-11-21,SC,Assalariado CLT,11348.51,601,2022-09-15
CLI002622,Mariana Oliveira Martins,1966-06-10,PR,Autonomo,7267.18,563,2022-11-12
CLI002623,Zeca Ribeiro Carvalho,1959-07-03,SP,Autonomo,8753.09,666,2022-08-08
CLI002624,Vinicius Araujo Santos,1996-01-20,BA,Profissional Liberal,,633,2023-10-04
CLI002625,Lucas Oliveira Martins,1970-12-01,RS,Assalariado CLT,5819.92,594,2023-07-07
CLI002626,Patricia Costa Ribeiro,1996-10-05,DF,Assalariado CLT,2168.53,563,2025-02-06
CLI002627,Nelson Gomes Rodrigues,1988-12-15,SP,Assalariado CLT,2315.38,756,2023-04-03
CLI002628,Yara Barbosa Oliveira,1985-07-06,SP,Autonomo,2667.21,539,2025-10-28
CLI002629,Ursula Costa Ribeiro,1995-11-01,SC,Servidor Publico,6725.64,633,2024-07-25
CLI002630,Lucas Ferreira Santos,1979-12-17,,Assalariado CLT,4822.87,601,2021-12-19
CLI002631,Thiago Ferreira Teixeira,1974-09-18,RJ,Autonomo,3171.34,765,2022-02-20
CLI002632,Gabriela Araujo Silva,1971-12-12,BA,Assalariado CLT,3813.14,325,2022-12-19
CLI002633,Sabrina Barbosa Silva,1998-02-21,,Assalariado CLT,6991.38,575,2024-09-18
CLI002634,Rodrigo Costa Ribeiro,1988-06-26,PR,Servidor Publico,7458.55,686,2022-03-12
CLI002635,Thiago Nunes Pereira,1975-06-02,SP,Autonomo,3944.39,385,2026-05-10
CLI002636,Paulo Martins Almeida,1979-10-09,PA,Assalariado CLT,3228.92,519,2025-08-08
CLI002637,Eduarda Moraes Lima,1973-06-03,SP,Aposentado,,808,2025-12-20
CLI002638,Olivia Araujo Santos,2006-09-23,ES,Assalariado CLT,11609.71,575,2022-07-21
CLI002639,Queren Teixeira Teixeira,1997-06-25,MG,Servidor Publico,5217.58,779,2023-03-23
CLI002640,Diego Rocha Rocha,1991-05-26,SP,Autonomo,7614.79,661,2022-04-08
CLI002641,Ana Gomes Santos,1994-02-11,RS,Autonomo,6062.06,592,2024-07-11
CLI002642,Vinicius Carvalho Teixeira,1984-06-01,SP,Assalariado CLT,,970,2026-06-02
CLI002643,Karina Oliveira Barbosa,1983-01-17,DF,Estudante,3407.27,659,2024-12-27
CLI002644,Ana Nunes Silva,1979-08-11,MG,Profissional Liberal,14625.38,490,2022-10-29
CLI002645,Isabela Almeida Teixeira,1997-08-26,SP,Autonomo,11381.56,519,2022-04-19
CLI002646,Marcelo Almeida Pereira,1976-08-12,PR,Autonomo,6650.53,686,2026-04-19
CLI002647,Henrique Martins Teixeira,1987-11-14,CE,,10780.86,530,2024-03-11
CLI002648,Bruno Rocha Almeida,1979-08-01,CE,Servidor Publico,4690.17,559,2024-02-28
CLI002649,Sabrina Gomes Barbosa,1986-03-21,PE,Assalariado CLT,5673.52,596,2024-02-03
CLI002650,Mariana Pereira Almeida,1988-05-30,BA,Assalariado CLT,6852.69,350,2025-09-17
CLI002651,Amanda Teixeira Lima,1998-11-27,GO,Aposentado,,653,2021-12-20
CLI002652,Yara Nunes Santos,2000-12-10,RJ,Assalariado CLT,1990.73,552,2025-03-02
CLI002653,Bruno Moraes Gomes,1978-05-11,DF,Servidor Publico,,932,2026-07-24
CLI002654,Wagner Rocha Costa,1975-12-02,MG,Servidor Publico,6696.79,713,2022-01-16
CLI002655,Rafael Barbosa Teixeira,1994-02-02,SP,Autonomo,,832,2023-06-25
CLI002656,Karina Ribeiro Araujo,1975-02-14,SP,,4509.85,527,2025-04-26
CLI002657,Ana Moraes Barbosa,1998-11-22,RJ,Assalariado CLT,2410.29,700,2022-05-21
CLI002658,Olivia Araujo Silva,1997-10-26,,Aposentado,2184.35,705,2024-10-01
CLI002659,Queren Moraes Gomes,1990-12-25,DF,,5950.68,503,2024-07-24
CLI002660,Nelson Costa Ribeiro,1969-06-24,,Estudante,2069.53,554,2021-08-26
CLI002661,Ursula Costa Carvalho,2000-03-21,RS,Autonomo,,574,2025-01-26
CLI002662,Nelson Silva Almeida,1986-05-18,SC,Assalariado CLT,7117.7,739,2026-01-24
CLI002663,Sabrina Rocha Rodrigues,1967-09-02,SP,Autonomo,3551.44,473,2025-10-11
CLI002664,Paulo Almeida Silva,1997-12-30,RJ,Assalariado CLT,,640,2025-05-06
CLI002665,Ana Moraes Rodrigues,2002-11-03,SP,Autonomo,1885.22,661,2022-07-23
CLI002666,Rafael Ribeiro Santos,1983-04-07,GO,Assalariado CLT,3444.66,434,2024-01-13
CLI002667,Yara Santos Gomes,1978-04-16,SP,Autonomo,2660.61,733,2022-02-25
CLI002668,Eduarda Pereira Souza,1965-10-14,SP,Assalariado CLT,9466.09,577,2024-08-07
CLI002669,Karina Moraes Gomes,1977-03-26,PE,Profissional Liberal,29461.06,558,2024-07-29
CLI002670,Olivia Nunes Teixeira,1979-10-05,PA,Autonomo,3291.13,577,2021-08-20
CLI002671,Amanda Santos Ribeiro,1998-09-22,PR,Aposentado,6972.09,598,2022-04-07
CLI002672,Isabela Almeida Ferreira,1987-06-15,CE,Autonomo,2020.77,379,2026-04-28
CLI002673,Nelson Rocha Rocha,1973-02-17,SP,Assalariado CLT,,462,2026-07-11
CLI002674,Juliana Rocha Rodrigues,1977-04-22,PA,Assalariado CLT,8632.99,731,2023-03-31
CLI002675,Zeca Rodrigues Oliveira,1997-10-27,MT,Autonomo,,571,2023-03-16
CLI002676,Queren Rodrigues Gomes,1982-03-04,SP,Assalariado CLT,1570.95,778,2024-04-14
CLI002677,Amanda Rodrigues Oliveira,2007-03-07,GO,Assalariado CLT,2804.55,587,2026-03-25
CLI002678,Carla Silva Ferreira,1976-09-08,DF,Aposentado,3078.61,436,2022-11-06
CLI002679,Nelson Almeida Rodrigues,1953-12-20,SP,Estudante,7857.09,465,2025-12-13
CLI002680,Ana Teixeira Martins,1981-03-17,MG,Autonomo,3761.38,624,2024-08-15
CLI002681,Bruno Moraes Souza,1990-05-05,PR,Autonomo,2855.49,734,2025-12-26
CLI002682,Marcelo Costa Rocha,1987-06-25,RS,Assalariado CLT,6984.17,736,2024-05-08
CLI002683,Rodrigo Moraes Araujo,1975-02-14,PR,Empresario,,540,2022-07-25
CLI002684,Amanda Almeida Rocha,1982-02-08,RS,Autonomo,1804.63,508,2025-12-27
CLI002685,Henrique Nunes Moraes,1980-11-24,MT,Assalariado CLT,,707,2024-07-04
CLI002686,Henrique Costa Rodrigues,2004-10-09,RS,Assalariado CLT,2754.95,662,2024-11-19
CLI002687,Amanda Pereira Ferreira,1972-11-01,SC,Assalariado CLT,2163.61,502,2023-06-23
CLI002688,Thiago Ferreira Costa,1978-04-13,MT,Assalariado CLT,9741.0,558,2024-01-22
CLI002689,Eduarda Souza Martins,1984-06-23,RJ,Servidor Publico,3483.38,414,2026-06-18
CLI002690,Paulo Araujo Martins,2003-04-06,PA,Autonomo,4176.28,863,2023-03-29
CLI002691,Olivia Araujo Oliveira,2007-06-02,PA,Assalariado CLT,6206.92,288,2022-10-30
CLI002692,Juliana Araujo Ribeiro,1973-04-11,SP,Servidor Publico,2634.1,852,2022-01-08
CLI002693,Patricia Barbosa Barbosa,1992-11-20,MG,Servidor Publico,5100.69,646,2022-05-05
CLI002694,Ursula Rodrigues Martins,1982-07-17,SP,Assalariado CLT,1974.56,454,2024-03-09
CLI002695,Diego Barbosa Lima,2006-10-12,GO,Assalariado CLT,4210.95,507,2023-12-05
CLI002696,Karina Pereira Costa,2001-06-05,MT,Profissional Liberal,3648.84,618,2021-12-15
CLI002697,Patricia Martins Oliveira,1996-09-13,SP,Assalariado CLT,13241.61,909,2023-02-21
CLI002698,Ursula Santos Barbosa,1993-01-04,SC,Profissional Liberal,3427.84,557,2026-08-22
CLI002699,Rafael Oliveira Lima,1972-12-16,PR,Autonomo,4578.81,621,2025-11-14
CLI002700,Isabela Gomes Teixeira,1992-05-21,SP,Assalariado CLT,1652.05,884,2023-06-26
CLI002701,Ursula Gomes Oliveira,1969-02-12,PA,Profissional Liberal,3474.77,699,2021-10-04
CLI002702,Nelson Nunes Nunes,1989-05-05,RJ,Autonomo,1363.37,542,2025-01-23
CLI002703,Juliana Ribeiro Ferreira,1978-12-26,PR,Empresario,3316.1,596,2022-03-13
CLI002704,Paulo Martins Santos,1979-09-29,GO,Assalariado CLT,2504.94,643,2023-03-26
CLI002705,Ursula Silva Oliveira,1999-05-24,MT,Assalariado CLT,,732,2023-03-13
CLI002706,Gabriela Lima Nunes,2000-12-15,DF,Empresario,12573.52,418,2026-02-15
CLI002707,Carla Rocha Ferreira,1974-05-06,BA,Assalariado CLT,3545.83,615,2026-07-20
CLI002708,Karina Gomes Silva,1978-09-08,BA,Autonomo,9078.2,864,2025-12-02
CLI002709,Olivia Silva Santos,1975-02-19,BA,Assalariado CLT,2111.24,601,2024-12-06
CLI002710,Wagner Martins Araujo,1975-12-23,RJ,Assalariado CLT,5688.45,494,2022-11-02
CLI002711,Zeca Almeida Oliveira,1995-04-26,CE,Assalariado CLT,1460.91,657,2024-08-03
CLI002712,Felipe Moraes Barbosa,1989-02-27,PR,Aposentado,2237.5,594,2023-07-12
CLI002713,Thiago Oliveira Nunes,1995-11-16,PA,Servidor Publico,2638.07,386,2024-11-09
CLI002714,Marcelo Teixeira Moraes,1993-11-24,SP,Servidor Publico,3821.27,542,2024-07-16
CLI002715,Sabrina Araujo Ferreira,1971-02-14,BA,Servidor Publico,1986.39,573,2023-07-07
CLI002716,Diego Carvalho Moraes,1973-07-03,SP,Aposentado,1910.52,546,2021-12-11
CLI002717,Paulo Araujo Lima,1989-02-23,MG,Autonomo,9385.03,786,2024-12-15
CLI002718,Diego Teixeira Nunes,1964-02-03,SP,Profissional Liberal,9478.59,454,2023-02-08
CLI002719,Sabrina Moraes Barbosa,1989-11-14,,Autonomo,,614,2023-05-18
CLI002720,Olivia Carvalho Araujo,1981-03-29,MG,Empresario,6980.76,453,2024-02-24
CLI002721,Amanda Oliveira Nunes,1965-06-14,PA,,10605.81,614,2022-06-02
CLI002722,Zeca Nunes Gomes,2006-09-18,SP,Assalariado CLT,5562.86,699,2025-10-08
CLI002723,Thiago Carvalho Costa,1966-06-08,MG,Profissional Liberal,3721.74,523,2022-05-13
CLI002724,Queren Santos Araujo,1985-10-18,PA,Assalariado CLT,10433.39,523,2022-12-10
CLI002725,Gabriela Pereira Nunes,2001-12-30,MT,Assalariado CLT,1200.0,721,2023-03-17
CLI002726,Vinicius Rocha Carvalho,1980-12-31,SC,Assalariado CLT,,645,2026-07-26
CLI002727,Queren Martins Souza,1988-11-30,SP,Autonomo,5446.04,736,2024-04-25
CLI002728,Queren Pereira Gomes,1980-05-30,RS,Autonomo,4707.68,692,2025-07-12
CLI002729,Wagner Lima Costa,1983-11-11,PR,Assalariado CLT,2526.13,678,2024-03-17
CLI002730,Karina Santos Santos,1961-02-15,RS,Autonomo,,492,2026-04-17
CLI002731,Yara Silva Ribeiro,2000-07-03,SP,Autonomo,1801.02,673,2023-08-07
CLI002732,Rodrigo Silva Santos,2001-09-05,MG,Assalariado CLT,1662.01,510,2022-05-08
CLI002733,Zeca Carvalho Ferreira,1988-05-17,CE,Empresario,4561.53,656,2022-04-03
CLI002734,Karina Rocha Araujo,1988-11-08,BA,Empresario,4628.15,587,2026-07-13
CLI002735,Isabela Ferreira Pereira,1972-10-09,PR,Assalariado CLT,8996.2,435,2026-08-22
CLI002736,Mariana Gomes Silva,1968-12-05,RS,Autonomo,7152.69,745,2026-06-22
CLI002737,Gabriela Costa Lima,1995-01-17,PE,Assalariado CLT,,484,2025-09-10
CLI002738,Nelson Lima Silva,1978-06-01,BA,Autonomo,3013.64,576,2022-12-24
CLI002739,Juliana Rodrigues Martins,1992-03-28,SP,Servidor Publico,,615,2023-05-05
CLI002740,Mariana Ribeiro Rodrigues,1994-12-20,DF,Assalariado CLT,1200.0,608,2022-05-19
CLI002741,Lucas Teixeira Carvalho,1967-04-06,SC,Assalariado CLT,8990.29,528,2025-07-17
CLI002742,Carla Martins Rodrigues,1960-08-16,CE,Assalariado CLT,8457.4,629,2026-07-09
CLI002743,Nelson Teixeira Ferreira,1989-09-01,SP,Assalariado CLT,3526.3,582,2023-03-12
CLI002744,Lucas Silva Nunes,1976-01-07,CE,Servidor Publico,12854.13,577,2022-10-23
CLI002745,Marcelo Souza Carvalho,1989-10-12,SP,Profissional Liberal,2414.99,455,2022-12-10
CLI002746,Eduarda Souza Barbosa,1996-06-09,GO,Assalariado CLT,3963.06,711,2021-09-22
CLI002747,Rafael Araujo Oliveira,1989-03-15,GO,Profissional Liberal,1764.38,616,2025-10-30
CLI002748,Ursula Ribeiro Ferreira,1997-09-19,SC,Autonomo,2940.8,365,2022-11-11
CLI002749,Joao Gomes Moraes,1985-02-15,DF,Autonomo,3395.72,599,2022-01-21
CLI002750,Gabriela Ribeiro Rocha,1990-06-12,SP,Assalariado CLT,1592.74,549,2022-09-11
CLI002751,Mariana Gomes Rodrigues,1985-11-26,RS,Assalariado CLT,,341,2023-03-16
CLI002752,Isabela Rodrigues Santos,1989-04-07,SP,Assalariado CLT,7577.83,702,2024-03-15
CLI002753,Zeca Costa Silva,1966-04-04,RS,Autonomo,4594.19,757,2025-07-14
CLI002754,Lucas Santos Santos,2007-05-25,SP,Assalariado CLT,5253.96,684,2024-07-26
CLI002755,Amanda Ferreira Araujo,1978-05-30,SC,Assalariado CLT,4324.14,654,2025-05-29
CLI002756,Paulo Souza Oliveira,1998-12-21,MT,Assalariado CLT,,794,2021-11-29
CLI002757,Henrique Souza Teixeira,1993-03-04,RS,Servidor Publico,,824,2025-01-31
CLI002758,Joao Gomes Teixeira,1973-10-12,MG,Assalariado CLT,6995.11,507,2025-11-04
CLI002759,Joao Rodrigues Pereira,1994-11-03,PE,Autonomo,,534,2022-12-30
CLI002760,Marcelo Oliveira Carvalho,1973-02-21,SP,Autonomo,3545.79,607,2024-05-08
CLI002761,Mariana Santos Almeida,1985-01-13,RJ,Assalariado CLT,1752.9,592,2026-01-06
CLI002762,Henrique Pereira Nunes,1999-06-14,ES,Autonomo,,859,2024-05-01
CLI002763,Gabriela Moraes Almeida,1995-05-06,PA,Aposentado,7485.33,552,2025-03-05
CLI002764,Amanda Lima Costa,1988-10-15,PR,Profissional Liberal,18354.82,778,2024-02-01
CLI002765,Joao Souza Santos,1979-03-31,SC,Autonomo,9018.92,652,2025-12-23
CLI002766,Yara Rocha Moraes,1983-12-09,PA,Aposentado,4822.64,640,2026-05-20
CLI002767,Isabela Pereira Moraes,1986-10-26,SP,Aposentado,2881.87,500,2023-04-11
CLI002768,Queren Ferreira Teixeira,1978-03-20,SP,Assalariado CLT,7884.2,546,2023-09-23
CLI002769,Felipe Silva Rocha,1958-08-21,PA,,8411.19,714,2023-07-09
CLI002770,Diego Almeida Carvalho,1998-06-18,PR,Aposentado,3654.29,689,2024-10-30
CLI002771,Rafael Moraes Santos,2007-02-11,PE,Servidor Publico,2473.93,636,2024-06-08
CLI002772,Felipe Silva Souza,1980-09-04,PA,Empresario,4099.89,722,2023-11-24
CLI002773,Olivia Almeida Gomes,1961-05-30,SC,,4833.47,670,2026-01-13
CLI002774,Amanda Nunes Souza,1978-03-12,MG,Assalariado CLT,5563.0,656,2022-05-12
CLI002775,Thiago Santos Martins,1972-02-07,,,,603,2022-08-05
CLI002776,Paulo Carvalho Moraes,1987-11-02,BA,,3684.85,634,2023-09-04
CLI002777,Eduarda Araujo Araujo,1983-02-01,PR,Servidor Publico,3578.26,608,2022-02-16
CLI002778,Mariana Souza Lima,1976-08-25,MG,Autonomo,8893.98,750,2025-07-07
CLI002779,Rodrigo Santos Nunes,1998-12-08,CE,Assalariado CLT,3216.32,409,2024-05-09
CLI002780,Henrique Souza Oliveira,1982-06-18,RS,Assalariado CLT,2386.5,382,2022-12-01
CLI002781,Vinicius Carvalho Souza,1985-10-20,SP,Autonomo,,561,2025-07-14
CLI002782,Yara Ribeiro Martins,1982-11-22,DF,Aposentado,4523.17,684,2024-02-15
CLI002783,Sabrina Santos Gomes,1992-08-03,SC,Assalariado CLT,,690,2024-03-06
CLI002784,Patricia Nunes Ribeiro,1958-10-01,SP,Assalariado CLT,,666,2025-12-22
CLI002785,Marcelo Martins Pereira,1990-07-10,RJ,Assalariado CLT,,343,2023-10-18
CLI002786,Juliana Martins Pereira,1968-11-14,PR,Autonomo,6703.42,581,2022-11-28
CLI002787,Nelson Teixeira Ribeiro,1977-07-02,PE,Profissional Liberal,8879.31,712,2024-04-07
CLI002788,Patricia Teixeira Costa,1976-11-29,BA,Assalariado CLT,10978.38,376,2025-04-17
CLI002789,Queren Almeida Oliveira,1981-07-24,MG,Autonomo,3142.74,580,2023-01-21
CLI002790,Wagner Silva Araujo,1985-12-18,PE,Autonomo,2798.34,563,2022-12-11
CLI002791,Diego Araujo Silva,1982-10-11,DF,Autonomo,5964.63,698,2025-09-12
CLI002792,Juliana Rodrigues Ribeiro,1979-05-29,PE,Estudante,3164.67,463,2025-06-17
CLI002793,Marcelo Ferreira Nunes,2005-04-30,MG,Assalariado CLT,4430.46,359,2023-01-31
CLI002794,Bruno Rocha Silva,1990-12-06,SP,Assalariado CLT,1728.8,632,2022-01-15
CLI002795,Rafael Rodrigues Rodrigues,1967-07-22,RJ,Profissional Liberal,7248.98,562,2023-02-21
CLI002796,Diego Oliveira Oliveira,1991-09-16,PR,Assalariado CLT,,649,2024-12-27
CLI002797,Gabriela Carvalho Ribeiro,1979-01-20,PR,Empresario,,722,2022-12-17
CLI002798,Thiago Oliveira Gomes,1967-12-27,GO,Assalariado CLT,2320.12,592,2022-12-06
CLI002799,Felipe Santos Teixeira,1973-03-22,SC,Estudante,12114.55,617,2023-07-26
CLI002800,Olivia Martins Santos,1968-04-21,BA,Assalariado CLT,,333,2025-12-17
CLI002801,Nelson Ferreira Souza,1989-04-27,PR,Assalariado CLT,,585,2024-03-22
CLI002802,Rafael Santos Araujo,1984-05-26,RS,Servidor Publico,10672.7,631,2023-06-05
CLI002803,Patricia Ferreira Pereira,1996-08-16,SP,,,726,2024-04-05
CLI002804,Felipe Costa Ferreira,2005-07-02,MG,Servidor Publico,,581,2024-11-13
CLI002805,Queren Teixeira Carvalho,1989-04-05,RS,Aposentado,2618.63,396,2025-11-11
CLI002806,Paulo Ferreira Gomes,2002-05-11,MG,Assalariado CLT,2535.94,607,2024-08-24
CLI002807,Karina Rodrigues Rocha,1973-11-22,MG,Autonomo,2823.91,621,2026-01-01
CLI002808,Nelson Barbosa Santos,1967-11-07,CE,Servidor Publico,11884.07,722,2024-01-09
CLI002809,Carla Souza Silva,1957-05-22,SP,Autonomo,3850.23,701,2023-05-27
CLI002810,Sabrina Lima Barbosa,1999-10-15,SP,Assalariado CLT,1200.0,767,2024-08-29
CLI002811,Lucas Ferreira Souza,1976-04-23,RS,Assalariado CLT,,490,2025-09-24
CLI002812,Eduarda Gomes Oliveira,1974-02-10,BA,Assalariado CLT,8121.99,701,2022-01-26
CLI002813,Queren Oliveira Oliveira,1968-09-11,GO,Empresario,2256.85,374,2024-12-10
CLI002814,Marcelo Souza Ribeiro,1973-05-27,BA,Empresario,,468,2025-12-08
CLI002815,Amanda Nunes Nunes,2007-07-05,GO,Autonomo,,527,2023-11-09
CLI002816,Paulo Carvalho Araujo,1977-08-24,SC,Servidor Publico,18121.76,445,2022-07-09
CLI002817,Rodrigo Gomes Rodrigues,1997-03-09,SP,Assalariado CLT,8029.75,429,2022-04-09
CLI002818,Nelson Carvalho Pereira,1985-01-04,SP,,3771.29,667,2026-06-15
CLI002819,Juliana Nunes Moraes,1998-02-14,SC,Aposentado,6619.65,701,2023-09-20
CLI002820,Diego Martins Oliveira,1963-12-02,DF,Autonomo,8694.46,639,2021-11-10
CLI002821,Ana Ferreira Oliveira,1993-09-28,BA,Servidor Publico,4656.65,665,2023-03-16
CLI002822,Sabrina Araujo Araujo,1983-02-14,PR,Profissional Liberal,2169.21,483,2021-10-24
CLI002823,Ursula Ribeiro Souza,1988-05-01,DF,Assalariado CLT,11936.3,684,2022-08-26
CLI002824,Carla Carvalho Costa,1979-03-23,PE,Estudante,5946.46,558,2026-07-18
CLI002825,Bruno Nunes Teixeira,2005-08-09,SP,Autonomo,3755.67,726,2022-06-07
CLI002826,Wagner Rocha Rodrigues,1993-12-08,SC,Aposentado,,668,2025-07-08
CLI002827,Eduarda Teixeira Rocha,1990-02-14,BA,Servidor Publico,3389.43,542,2024-05-25
CLI002828,Juliana Rocha Carvalho,1980-07-03,MG,Autonomo,7704.29,325,2022-05-11
CLI002829,Olivia Lima Rocha,1972-12-03,SP,Autonomo,4228.28,504,2026-07-26
CLI002830,Queren Rodrigues Gomes,1999-07-06,BA,Aposentado,7858.31,592,2024-11-13
CLI002831,Ana Moraes Oliveira,1973-08-20,PE,Assalariado CLT,3381.02,483,2022-01-24
CLI002832,Mariana Lima Silva,1988-01-08,RS,Assalariado CLT,7734.29,660,2025-03-27
CLI002833,Yara Nunes Oliveira,1990-03-06,PE,Aposentado,,634,2022-11-09
CLI002834,Rafael Nunes Rocha,1960-11-19,GO,Assalariado CLT,13664.75,659,2025-04-30
CLI002835,Amanda Teixeira Gomes,1984-12-11,SP,Autonomo,1449.98,564,2023-01-17
CLI002836,Henrique Santos Nunes,1965-08-02,PR,Aposentado,,627,2026-05-28
CLI002837,Patricia Oliveira Pereira,2006-10-30,GO,Assalariado CLT,,670,2023-04-17
CLI002838,Olivia Santos Gomes,1981-03-21,PA,Empresario,2854.92,336,2022-08-09
CLI002839,Karina Carvalho Moraes,1990-04-28,RJ,Servidor Publico,,739,2026-07-08
CLI002840,Karina Rodrigues Ferreira,2003-10-20,SP,Servidor Publico,5317.82,457,2026-01-14
CLI002841,Gabriela Gomes Santos,1963-06-15,DF,Profissional Liberal,3474.03,456,2026-07-31
CLI002842,Zeca Silva Teixeira,1985-05-13,RS,Assalariado CLT,2274.68,603,2022-09-16
CLI002843,Bruno Martins Silva,2007-01-11,RS,Aposentado,4124.48,643,2022-04-09
CLI002844,Eduarda Oliveira Pereira,1995-08-31,SP,Assalariado CLT,1582.94,644,2026-06-13
CLI002845,Yara Silva Nunes,1993-04-24,SP,Autonomo,2858.77,655,2022-01-15
CLI002846,Ursula Nunes Lima,1983-07-24,SC,,4035.9,644,2022-08-12
CLI002847,Patricia Martins Ferreira,1987-02-20,RS,Autonomo,5240.24,542,2026-06-27
CLI002848,Felipe Souza Almeida,1994-07-04,SP,Assalariado CLT,,511,2025-08-06
CLI002849,Amanda Rodrigues Souza,1974-01-29,PR,Assalariado CLT,2634.68,497,2023-07-28
CLI002850,Vinicius Barbosa Silva,1992-03-06,SP,Autonomo,9210.2,1000,2024-06-23
CLI002851,Zeca Nunes Santos,1994-07-13,MG,Assalariado CLT,2634.92,547,2025-09-05
CLI002852,Zeca Araujo Silva,1997-05-06,BA,Assalariado CLT,3015.65,687,2022-10-07
CLI002853,Henrique Souza Teixeira,2002-08-22,SP,Autonomo,3727.4,501,2022-01-14
CLI002854,Carla Almeida Silva,1968-12-26,MG,Assalariado CLT,,510,2026-06-28
CLI002855,Isabela Ferreira Santos,1950-04-29,MG,Assalariado CLT,4323.43,529,2023-02-12
CLI002856,Ursula Oliveira Ferreira,1972-10-04,RS,Autonomo,,481,2026-01-18
CLI002857,Lucas Rodrigues Pereira,1987-08-07,SP,Servidor Publico,11907.15,702,2023-10-11
CLI002858,Nelson Oliveira Moraes,1987-11-19,SP,Assalariado CLT,9235.2,559,2024-11-04
CLI002859,Mariana Gomes Carvalho,1974-04-22,CE,Autonomo,6283.24,506,2026-02-13
CLI002860,Mariana Ferreira Ferreira,1966-01-03,RS,Assalariado CLT,12018.42,632,2026-04-17
CLI002861,Mariana Santos Almeida,1991-05-02,SP,Servidor Publico,4382.08,389,2022-07-06
CLI002862,Patricia Santos Lima,2001-10-15,SP,Profissional Liberal,3203.62,792,2026-04-05
CLI002863,Thiago Costa Martins,1995-05-17,MG,Assalariado CLT,16483.12,667,2026-06-05
CLI002864,Wagner Ferreira Souza,2005-12-11,RS,Assalariado CLT,4573.82,599,2022-09-23
CLI002865,Marcelo Ferreira Almeida,1971-10-29,PR,Estudante,10895.61,456,2025-01-28
CLI002866,Zeca Souza Nunes,1999-05-03,MG,Assalariado CLT,25767.7,610,2023-12-13
CLI002867,Ana Teixeira Carvalho,1996-11-05,RS,Servidor Publico,2970.69,631,2022-01-28
CLI002868,Rafael Carvalho Oliveira,1990-05-12,,Profissional Liberal,3241.95,720,2025-11-02
CLI002869,Marcelo Rodrigues Lima,1962-08-10,SC,Servidor Publico,3363.2,728,2023-10-20
CLI002870,Olivia Silva Rocha,1974-04-08,RS,Profissional Liberal,3429.6,467,2022-10-15
CLI002871,Ursula Araujo Silva,2004-10-20,SP,Autonomo,7460.24,777,2023-09-10
CLI002872,Felipe Moraes Gomes,1973-03-07,RS,Autonomo,6836.11,841,2026-03-15
CLI002873,Sabrina Moraes Ferreira,1992-07-16,GO,Assalariado CLT,,777,2025-11-09
CLI002874,Queren Pereira Teixeira,1968-01-18,SC,Assalariado CLT,8126.79,784,2022-11-23
CLI002875,Yara Ribeiro Almeida,1982-05-14,CE,Assalariado CLT,8476.9,780,2025-03-31
CLI002876,Henrique Silva Rocha,1986-07-27,PE,Assalariado CLT,,873,2022-05-10
CLI002877,Henrique Martins Santos,1976-09-23,MT,Assalariado CLT,,518,2023-02-23
CLI002878,Marcelo Ribeiro Silva,2000-04-18,SC,Assalariado CLT,5553.84,542,2022-01-02
CLI002879,Eduarda Barbosa Teixeira,1988-12-07,SP,Profissional Liberal,21978.92,701,2022-08-23
CLI002880,Bruno Moraes Rocha,1982-04-14,SP,Assalariado CLT,1367.63,468,2025-01-12
CLI002881,Ana Martins Costa,2002-07-12,SP,Servidor Publico,4693.04,653,2024-09-27
CLI002882,Zeca Gomes Oliveira,1976-07-22,RS,Empresario,3197.12,615,2025-08-14
CLI002883,Vinicius Ribeiro Oliveira,1992-06-25,SC,Assalariado CLT,5832.65,499,2022-07-04
CLI002884,Thiago Barbosa Costa,1978-01-22,PR,Assalariado CLT,4230.94,458,2023-02-12
CLI002885,Bruno Souza Araujo,1994-12-14,,Profissional Liberal,6857.17,578,2025-09-08
CLI002886,Wagner Pereira Barbosa,1981-11-03,RJ,Assalariado CLT,1203.48,475,2023-03-14
CLI002887,Eduarda Martins Martins,1982-07-06,SP,Servidor Publico,,693,2026-04-30
CLI002888,Henrique Ferreira Rocha,1992-03-12,CE,Empresario,1599.1,412,2024-07-07
CLI002889,Isabela Martins Nunes,1997-05-27,,Assalariado CLT,,410,2022-08-23
CLI002890,Paulo Pereira Rocha,2002-08-28,RJ,Assalariado CLT,4334.71,568,2026-02-27
CLI002891,Isabela Souza Araujo,1978-06-13,DF,,,652,2024-11-29
CLI002892,Zeca Ribeiro Teixeira,1990-02-20,PR,Assalariado CLT,9411.02,583,2024-04-07
CLI002893,Eduarda Silva Barbosa,1973-10-16,SP,Empresario,4708.4,747,2024-05-12
CLI002894,Felipe Gomes Ribeiro,1964-12-10,SP,Assalariado CLT,5359.0,248,2026-01-07
CLI002895,Joao Ferreira Martins,1979-11-17,MG,Assalariado CLT,,527,2022-03-11
CLI002896,Juliana Ferreira Teixeira,1971-04-18,GO,Autonomo,5530.64,657,2024-11-09
CLI002897,Amanda Pereira Martins,1974-01-16,SC,,12707.56,748,2023-03-16
CLI002898,Yara Silva Rocha,1991-04-23,RJ,Assalariado CLT,,599,2023-12-10
CLI002899,Karina Nunes Almeida,1997-04-25,MG,Assalariado CLT,5245.15,719,2025-06-07
CLI002900,Nelson Teixeira Ribeiro,2005-07-12,CE,Empresario,5759.81,479,2022-11-03
CLI002901,Ursula Souza Barbosa,1973-02-12,MG,Aposentado,8043.96,489,2024-08-29
CLI002902,Rodrigo Souza Rocha,1993-01-13,BA,Aposentado,5887.04,802,2024-09-15
CLI002903,Carla Pereira Lima,2003-04-01,SP,Autonomo,2784.95,498,2023-07-14
CLI002904,Rodrigo Barbosa Pereira,1996-10-29,PR,Assalariado CLT,4532.56,510,2023-01-07
CLI002905,Rafael Almeida Almeida,1994-05-30,BA,Empresario,8498.67,434,2024-04-16
CLI002906,Marcelo Teixeira Santos,1976-02-17,SP,Aposentado,3668.83,592,2025-10-14
CLI002907,Wagner Souza Barbosa,1992-12-12,SC,Autonomo,5427.38,453,2025-04-21
CLI002908,Isabela Moraes Martins,1973-07-13,GO,Servidor Publico,5380.58,548,2023-08-21
CLI002909,Joao Nunes Silva,1997-11-06,SC,Aposentado,4994.31,377,2024-10-08
CLI002910,Gabriela Pereira Silva,2005-08-07,PR,Autonomo,2221.73,641,2022-02-28
CLI002911,Patricia Araujo Ribeiro,1989-11-30,PA,Autonomo,,534,2023-03-02
CLI002912,Amanda Ferreira Rocha,1993-02-19,MG,,9859.24,649,2023-10-16
CLI002913,Bruno Silva Teixeira,1983-10-15,PR,Aposentado,,685,2025-03-20
CLI002914,Nelson Barbosa Oliveira,1979-12-01,,Assalariado CLT,3327.05,730,2025-02-16
CLI002915,Henrique Araujo Silva,1986-07-27,SP,Assalariado CLT,14734.1,612,2023-09-01
CLI002916,Juliana Lima Araujo,1988-10-14,SC,Servidor Publico,5399.03,636,2022-05-09
CLI002917,Diego Pereira Rocha,1979-04-07,SP,Empresario,,594,2026-07-28
CLI002918,Olivia Martins Ferreira,1983-09-12,RS,Empresario,12237.76,584,2026-02-20
CLI002919,Yara Oliveira Gomes,1989-01-28,RJ,Servidor Publico,,715,2021-10-04
CLI002920,Ursula Santos Moraes,1985-09-13,RS,Empresario,,402,2025-06-18
CLI002921,Zeca Lima Pereira,2004-07-30,RJ,Assalariado CLT,1870.15,678,2024-06-26
CLI002922,Wagner Ribeiro Gomes,1979-10-31,ES,Assalariado CLT,2466.81,347,2023-10-13
CLI002923,Eduarda Martins Costa,1976-03-13,SP,Assalariado CLT,6318.14,778,2024-12-27
CLI002924,Eduarda Gomes Gomes,2003-10-28,RJ,Autonomo,,717,2024-08-24
CLI002925,Diego Gomes Pereira,1970-11-30,SP,Servidor Publico,8805.88,580,2023-05-07
CLI002926,Nelson Ferreira Moraes,1990-02-22,GO,Autonomo,3825.92,563,2022-11-25
CLI002927,Zeca Pereira Silva,1990-08-14,CE,,3691.57,769,2022-09-05
CLI002928,Wagner Oliveira Silva,1964-10-23,PR,Profissional Liberal,5388.19,654,2023-03-12
CLI002929,Nelson Ferreira Souza,1990-03-28,SP,Autonomo,2244.93,617,2025-11-04
CLI002930,Bruno Santos Almeida,1978-05-29,MG,Assalariado CLT,9525.77,493,2024-01-31
CLI002931,Karina Nunes Ferreira,1993-11-05,SP,Servidor Publico,,828,2023-02-12
CLI002932,Bruno Gomes Silva,1999-04-02,SC,Autonomo,5350.94,765,2024-04-07
CLI002933,Felipe Ferreira Oliveira,2000-08-21,PR,Assalariado CLT,,719,2024-12-14
CLI002934,Felipe Almeida Martins,1983-12-02,PR,Assalariado CLT,2949.2,511,2025-07-15
CLI002935,Queren Lima Rocha,1984-10-01,BA,Assalariado CLT,4571.24,503,2021-12-07
CLI002936,Thiago Oliveira Gomes,1999-05-02,BA,Autonomo,,917,2025-02-26
CLI002937,Karina Silva Carvalho,1988-07-12,SP,Assalariado CLT,12657.04,724,2026-02-07
CLI002938,Ana Almeida Souza,1980-11-17,SC,Assalariado CLT,13749.86,458,2024-04-03
CLI002939,Thiago Costa Almeida,1981-03-19,MG,Servidor Publico,4236.6,379,2022-10-10
CLI002940,Amanda Carvalho Rodrigues,1988-02-26,GO,Assalariado CLT,,451,2026-08-10
CLI002941,Paulo Costa Pereira,2006-12-29,PE,Servidor Publico,3380.14,664,2025-05-30
CLI002942,Wagner Teixeira Ribeiro,1975-12-29,PE,Servidor Publico,,576,2025-03-17
CLI002943,Ursula Rodrigues Lima,1986-11-10,RS,Autonomo,6167.02,294,2023-08-16
CLI002944,Joao Ribeiro Pereira,1978-01-24,MG,,3828.04,675,2023-02-22
CLI002945,Amanda Nunes Rodrigues,1971-03-10,SP,Autonomo,10606.28,748,2024-05-27
CLI002946,Rodrigo Oliveira Carvalho,1999-08-29,RJ,Empresario,10435.26,537,2025-03-06
CLI002947,Isabela Souza Nunes,1989-10-03,MG,Assalariado CLT,1200.0,586,2022-10-11
CLI002948,Felipe Rodrigues Barbosa,1985-10-15,SP,Assalariado CLT,14792.98,542,2023-01-05
CLI002949,Nelson Almeida Rocha,1960-01-01,PE,Empresario,3603.0,802,2022-05-01
CLI002950,Nelson Martins Carvalho,1982-05-30,BA,Profissional Liberal,,589,2022-06-29
CLI002951,Sabrina Lima Santos,1979-12-01,SP,Aposentado,12460.8,488,2022-11-25
CLI002952,Felipe Santos Pereira,1984-06-27,SP,Assalariado CLT,11719.12,457,2021-08-20
CLI002953,Thiago Rodrigues Almeida,1990-03-21,PE,Assalariado CLT,5209.71,645,2026-03-18
CLI002954,Gabriela Araujo Nunes,1997-05-15,PE,Assalariado CLT,3694.96,524,2022-10-05
CLI002955,Isabela Carvalho Oliveira,1985-10-05,SC,Autonomo,6391.95,542,2023-09-30
CLI002956,Karina Ferreira Ferreira,1982-08-27,MG,Assalariado CLT,7523.44,535,2024-12-23
CLI002957,Juliana Almeida Santos,1984-12-27,PR,Assalariado CLT,4062.61,590,2024-10-29
CLI002958,Ursula Rodrigues Silva,1992-10-10,PR,Assalariado CLT,,340,2023-05-06
CLI002959,Wagner Rodrigues Teixeira,1984-10-12,SP,Autonomo,,482,2025-02-06
CLI002960,Henrique Santos Lima,1987-12-27,SP,Empresario,,493,2023-08-25
CLI002961,Marcelo Costa Ferreira,1968-09-25,PA,Assalariado CLT,3633.34,807,2023-07-30
CLI002962,Olivia Martins Rocha,1983-12-12,BA,Assalariado CLT,3368.67,557,2026-03-31
CLI002963,Felipe Costa Souza,2000-01-01,RS,Profissional Liberal,7506.28,830,2025-07-31
CLI002964,Karina Martins Ferreira,2006-11-03,,Empresario,3732.3,699,2021-10-11
CLI002965,Ursula Teixeira Almeida,1984-07-07,SP,Autonomo,3188.11,657,2024-01-31
CLI002966,Henrique Silva Rocha,1985-12-02,RJ,Empresario,2853.15,737,2025-01-12
CLI002967,Sabrina Ferreira Oliveira,1992-03-24,MG,Assalariado CLT,3754.71,395,2023-01-23
CLI002968,Lucas Martins Costa,1990-06-28,DF,Aposentado,,616,2026-05-14
CLI002969,Joao Carvalho Rodrigues,1982-01-12,RJ,Servidor Publico,3000.85,506,2022-09-24
CLI002970,Marcelo Silva Costa,1994-05-14,SP,Assalariado CLT,3363.96,689,2025-09-16
CLI002971,Marcelo Moraes Moraes,2005-04-21,SP,Assalariado CLT,,771,2025-03-09
CLI002972,Paulo Pereira Costa,1977-03-26,SP,Autonomo,2847.8,527,2024-07-14
CLI002973,Isabela Costa Nunes,1984-07-23,SP,Autonomo,9278.77,486,2022-06-13
CLI002974,Eduarda Oliveira Nunes,1966-03-12,PE,Assalariado CLT,,662,2024-05-26
CLI002975,Henrique Almeida Costa,1975-07-14,DF,Empresario,4893.94,568,2023-09-05
CLI002976,Bruno Araujo Souza,1979-10-20,SP,Servidor Publico,,756,2026-04-22
CLI002977,Paulo Santos Nunes,1981-12-15,RS,Autonomo,,862,2025-04-29
CLI002978,Bruno Martins Ferreira,1988-12-08,MG,Assalariado CLT,6789.54,642,2023-04-27
CLI002979,Olivia Silva Rocha,1972-06-18,PE,Empresario,2792.02,599,2024-03-05
CLI002980,Mariana Silva Ribeiro,1989-11-18,SC,Aposentado,14536.6,519,2025-09-25
CLI002981,Zeca Carvalho Silva,1984-06-20,MG,Profissional Liberal,1929.99,478,2022-01-29
CLI002982,Paulo Carvalho Almeida,1991-02-04,BA,Autonomo,6411.15,688,2024-05-12
CLI002983,Joao Nunes Ribeiro,1984-01-08,SP,Profissional Liberal,2885.52,548,2022-04-09
CLI002984,Sabrina Moraes Silva,1992-05-10,RJ,Servidor Publico,,486,2026-03-22
CLI002985,Ana Santos Silva,1966-06-23,RS,Assalariado CLT,5922.9,616,2026-08-18
CLI002986,Paulo Martins Gomes,1983-07-14,SP,Aposentado,2814.46,587,2023-08-08
CLI002987,Queren Silva Pereira,2001-05-28,SP,Assalariado CLT,16497.39,614,2021-10-28
CLI002988,Marcelo Almeida Teixeira,1973-12-18,SP,Servidor Publico,1981.72,490,2022-09-27
CLI002989,Nelson Souza Rocha,2005-01-24,PR,,,793,2024-09-11
CLI002990,Yara Gomes Ferreira,1969-01-25,SP,Servidor Publico,8295.61,633,2023-02-05
CLI002991,Diego Ribeiro Rocha,1983-07-17,SP,Autonomo,5329.93,388,2022-02-23
CLI002992,Diego Oliveira Nunes,1969-12-21,BA,Assalariado CLT,4281.63,801,2022-09-29
CLI002993,Joao Souza Rodrigues,1997-04-13,SC,Assalariado CLT,,562,2025-08-22
CLI002994,Lucas Ferreira Nunes,1955-05-24,RS,Autonomo,4891.6,222,2024-07-26
CLI002995,Carla Barbosa Nunes,1985-10-23,GO,Assalariado CLT,9853.76,623,2024-01-24
CLI002996,Sabrina Pereira Martins,2001-09-01,DF,Assalariado CLT,,672,2025-07-16
CLI002997,Henrique Ribeiro Ferreira,1988-09-16,BA,Assalariado CLT,6453.18,897,2025-11-10
CLI002998,Rafael Araujo Santos,1971-10-28,DF,Empresario,1871.24,694,2023-07-13
CLI002999,Rafael Nunes Rocha,1987-08-11,RS,Assalariado CLT,,545,2026-02-27
CLI003000,Amanda Teixeira Almeida,1970-09-04,PR,Servidor Publico,5428.44,544,2022-05-28
CLI003001,Rafael Silva Nunes,1982-07-30,SP,,6451.2,642,2024-09-09
CLI003002,Karina Nunes Oliveira,2002-03-09,CE,Assalariado CLT,,488,2026-05-17
CLI003003,Felipe Almeida Gomes,1972-07-27,RJ,Empresario,,779,2024-05-07
CLI003004,Henrique Ribeiro Pereira,1976-02-28,GO,Empresario,6190.44,617,2025-08-24
CLI003005,Diego Carvalho Silva,1971-07-21,,Assalariado CLT,5355.91,750,2023-12-02
CLI003006,Vinicius Rocha Ribeiro,1965-06-03,MG,Servidor Publico,7304.86,568,2022-03-29
CLI003007,Vinicius Teixeira Araujo,1987-04-06,CE,Servidor Publico,,720,2023-02-20
CLI003008,Amanda Santos Pereira,1983-02-22,MG,Assalariado CLT,7876.71,627,2022-12-25
CLI003009,Bruno Almeida Almeida,1983-12-25,SP,Servidor Publico,2857.08,574,2022-07-02
CLI003010,Karina Silva Martins,1998-06-27,SP,Assalariado CLT,5298.07,634,2026-03-29
CLI003011,Diego Lima Oliveira,1990-05-03,CE,Empresario,5775.51,277,2024-01-30
CLI003012,Isabela Gomes Costa,1985-07-17,BA,Assalariado CLT,,569,2023-02-02
CLI003013,Thiago Ribeiro Moraes,1976-06-07,RS,Empresario,2452.6,720,2021-12-25
CLI003014,Eduarda Nunes Ferreira,1992-08-08,,Servidor Publico,9126.6,495,2025-11-01
CLI003015,Ana Costa Souza,1991-03-27,SC,Assalariado CLT,1606.62,561,2022-10-27
CLI003016,Rodrigo Teixeira Moraes,1969-05-16,GO,Assalariado CLT,4313.15,218,2022-06-28
CLI003017,Rodrigo Teixeira Carvalho,2003-06-30,SP,Empresario,4896.55,674,2026-07-27
CLI003018,Marcelo Santos Ribeiro,1987-04-27,PA,Autonomo,5614.96,564,2025-04-03
CLI003019,Mariana Carvalho Santos,1977-05-25,DF,Servidor Publico,5427.75,370,2021-12-23
CLI003020,Amanda Moraes Moraes,2007-02-22,PR,Assalariado CLT,2603.19,670,2021-10-01
CLI003021,Olivia Araujo Rocha,1969-04-19,SC,,2074.17,875,2022-03-31
CLI003022,Mariana Nunes Rodrigues,1975-06-01,RS,Profissional Liberal,3122.91,460,2024-05-03
CLI003023,Carla Gomes Ribeiro,1984-02-22,SP,Aposentado,8599.72,775,2022-04-06
CLI003024,Wagner Gomes Nunes,2007-02-19,GO,Assalariado CLT,,524,2024-11-01
CLI003025,Thiago Lima Barbosa,1997-08-05,MG,Empresario,6468.98,570,2026-08-18
CLI003026,Yara Pereira Almeida,1994-08-06,BA,,8559.3,594,2022-11-22
CLI003027,Queren Oliveira Rodrigues,1966-07-05,GO,Autonomo,8478.59,606,2022-09-07
CLI003028,Rafael Pereira Carvalho,1994-07-23,PE,Aposentado,4528.53,693,2022-09-03
CLI003029,Henrique Oliveira Oliveira,2007-05-12,BA,Assalariado CLT,2940.1,711,2021-11-01
CLI003030,Bruno Martins Moraes,2005-07-01,SP,Aposentado,4387.62,621,2022-03-11
CLI003031,Sabrina Rodrigues Almeida,1985-05-22,MG,Servidor Publico,3311.19,526,2022-03-14
CLI003032,Bruno Rodrigues Santos,1987-06-28,,Assalariado CLT,6476.58,761,2025-05-09
CLI003033,Joao Santos Gomes,1988-06-06,RJ,Assalariado CLT,4811.16,476,2021-11-25
CLI003034,Felipe Araujo Martins,1988-09-14,BA,Assalariado CLT,10866.54,556,2024-07-19
CLI003035,Gabriela Teixeira Carvalho,1977-12-07,SC,Profissional Liberal,3151.24,514,2024-12-13
CLI003036,Nelson Lima Ferreira,1979-05-24,RS,Autonomo,7123.55,801,2023-11-27
CLI003037,Karina Costa Moraes,1987-12-19,PR,Servidor Publico,1557.42,401,2024-08-13
CLI003038,Joao Barbosa Rocha,1984-02-21,RS,Aposentado,2408.19,641,2023-03-30
CLI003039,Yara Silva Ferreira,1979-05-24,BA,Autonomo,5175.46,599,2022-03-15
CLI003040,Sabrina Gomes Araujo,1986-03-08,DF,Assalariado CLT,,872,2021-09-19
CLI003041,Felipe Martins Costa,1994-10-07,CE,Autonomo,10727.67,592,2026-08-10
CLI003042,Vinicius Teixeira Silva,1984-09-19,SP,Empresario,4505.4,698,2024-05-04
CLI003043,Vinicius Rodrigues Martins,1999-09-19,SP,,,668,2022-11-10
CLI003044,Ana Rocha Santos,1995-02-24,PE,,1293.81,651,2026-03-30
CLI003045,Rodrigo Rodrigues Carvalho,1985-02-02,,Assalariado CLT,2307.99,495,2022-10-20
CLI003046,Juliana Ferreira Costa,1991-10-11,PR,Autonomo,4977.81,547,2023-09-29
CLI003047,Felipe Gomes Almeida,2005-06-13,MG,Autonomo,3739.31,569,2026-05-30
CLI003048,Vinicius Carvalho Moraes,1991-10-07,RJ,Assalariado CLT,,450,2023-01-23
CLI003049,Joao Gomes Rodrigues,2004-01-31,SP,Assalariado CLT,10745.03,821,2024-12-25
CLI003050,Juliana Martins Oliveira,1991-08-01,MG,Aposentado,,783,2022-08-22
CLI003051,Zeca Pereira Gomes,1995-03-19,BA,Assalariado CLT,4854.43,449,2021-12-05
CLI003052,Vinicius Martins Costa,1969-01-17,MT,Assalariado CLT,1769.09,582,2022-05-31
CLI003053,Bruno Nunes Carvalho,1981-12-24,MG,Autonomo,6417.11,463,2021-10-02
CLI003054,Ana Lima Carvalho,1987-07-05,BA,Aposentado,9600.86,642,2023-02-27
CLI003055,Queren Santos Teixeira,1986-07-19,SP,Assalariado CLT,2788.22,522,2024-01-17
CLI003056,Ana Lima Barbosa,1998-02-15,BA,Estudante,18038.54,849,2022-10-06
CLI003057,Ursula Ferreira Pereira,1990-12-24,PA,Autonomo,2017.56,939,2022-10-19
CLI003058,Wagner Rocha Silva,1985-10-10,RJ,Profissional Liberal,,668,2026-01-20
CLI003059,Nelson Araujo Pereira,1978-12-23,SP,Empresario,5321.56,524,2023-02-06
CLI003060,Sabrina Martins Oliveira,1966-12-05,PR,Estudante,,598,2023-09-30
CLI003061,Nelson Costa Moraes,1980-05-17,SC,Assalariado CLT,3021.34,460,2022-01-15
CLI003062,Carla Nunes Ferreira,1978-12-09,SP,Estudante,4136.18,601,2021-12-23
CLI003063,Yara Silva Carvalho,1980-10-30,BA,Assalariado CLT,5035.25,517,2022-04-10
CLI003064,Joao Almeida Costa,1986-03-13,SP,Autonomo,5061.39,600,2023-12-15
CLI003065,Carla Nunes Barbosa,1974-01-16,PR,Assalariado CLT,,400,2026-04-02
CLI003066,Queren Pereira Nunes,1977-06-24,RS,Profissional Liberal,9218.05,576,2025-11-21
CLI003067,Mariana Barbosa Lima,1981-07-15,RS,Assalariado CLT,7570.33,543,2025-01-25
CLI003068,Ursula Souza Araujo,1987-10-12,CE,Servidor Publico,10324.82,820,2025-11-14
CLI003069,Bruno Carvalho Pereira,1983-06-19,SP,Assalariado CLT,,773,2023-07-18
CLI003070,Paulo Ribeiro Santos,1977-11-22,SP,Assalariado CLT,3798.52,629,2023-04-06
CLI003071,Carla Pereira Moraes,1998-11-25,SP,Empresario,12496.39,678,2026-05-17
CLI003072,Rafael Moraes Moraes,1965-09-09,BA,,5434.2,834,2021-09-28
CLI003073,Eduarda Pereira Carvalho,1984-08-28,PE,Aposentado,12286.5,512,2024-08-04
CLI003074,Sabrina Martins Nunes,1981-12-02,PE,,2727.07,677,2024-01-02
CLI003075,Zeca Silva Rocha,1963-02-17,RJ,Empresario,,697,2024-04-04
CLI003076,Sabrina Oliveira Carvalho,1989-08-10,BA,Empresario,,451,2026-06-30
CLI003077,Gabriela Lima Martins,1973-09-25,SP,Autonomo,6223.89,524,2025-07-11
CLI003078,Lucas Santos Costa,1981-02-18,PE,Assalariado CLT,3852.86,392,2026-04-09
CLI003079,Marcelo Carvalho Barbosa,1964-02-02,,Empresario,2323.58,593,2022-11-24
CLI003080,Thiago Lima Barbosa,1957-09-09,SP,Servidor Publico,3173.79,602,2023-02-18
CLI003081,Zeca Carvalho Costa,2001-11-25,MG,Autonomo,3376.22,688,2022-09-05
CLI003082,Patricia Teixeira Araujo,1980-11-02,BA,Autonomo,7226.39,537,2023-01-16
CLI003083,Ursula Moraes Almeida,1990-06-19,PR,Assalariado CLT,6289.49,553,2026-08-15
CLI003084,Henrique Oliveira Gomes,1993-08-06,RS,Empresario,2464.27,543,2023-12-15
CLI003085,Diego Oliveira Teixeira,1990-10-24,CE,Autonomo,2648.01,530,2026-01-21
CLI003086,Eduarda Oliveira Santos,1982-03-23,RJ,Estudante,5321.24,528,2023-03-31
CLI003087,Patricia Rocha Moraes,2001-10-20,PE,,6121.98,481,2025-04-15
CLI003088,Henrique Ribeiro Barbosa,1982-02-05,SP,Servidor Publico,5976.95,689,2022-12-23
CLI003089,Olivia Teixeira Ribeiro,1989-06-27,SP,Assalariado CLT,4294.71,561,2026-02-04
CLI003090,Bruno Carvalho Martins,1973-02-09,MG,Empresario,4254.35,592,2022-08-13
CLI003091,Felipe Barbosa Ferreira,1982-01-03,BA,Profissional Liberal,8573.76,773,2022-12-21
CLI003092,Eduarda Rodrigues Barbosa,1983-02-08,MG,Empresario,2743.05,591,2021-08-21
CLI003093,Rafael Pereira Pereira,1970-12-16,SP,Autonomo,7072.89,677,2025-11-02
CLI003094,Paulo Carvalho Almeida,1974-05-19,ES,Assalariado CLT,6555.37,714,2022-01-12
CLI003095,Lucas Rodrigues Lima,1977-08-21,RJ,Assalariado CLT,5617.86,748,2026-05-06
CLI003096,Queren Martins Costa,1976-07-27,DF,Autonomo,,754,2021-11-09
CLI003097,Marcelo Silva Santos,1984-07-01,RS,,7117.7,847,2023-06-03
CLI003098,Bruno Pereira Gomes,1974-08-11,SP,Servidor Publico,1740.6,652,2024-08-20
CLI003099,Karina Oliveira Nunes,1993-01-25,MG,Assalariado CLT,5254.54,583,2024-07-16
CLI003100,Nelson Rodrigues Costa,1979-04-12,SP,Assalariado CLT,4657.47,333,2023-10-22
CLI003101,Ursula Moraes Ferreira,1970-08-21,RS,Aposentado,14650.65,496,2024-10-20
CLI003102,Sabrina Carvalho Santos,1978-04-07,PE,,2180.49,473,2023-01-04
CLI003103,Sabrina Nunes Almeida,1984-10-19,,Servidor Publico,,496,2025-05-13
CLI003104,Sabrina Araujo Nunes,1982-01-15,,Autonomo,1373.09,614,2025-08-31
CLI003105,Ana Rodrigues Oliveira,1969-06-25,RS,Autonomo,8369.99,567,2025-10-27
CLI003106,Sabrina Martins Pereira,1987-03-08,SP,Assalariado CLT,,621,2022-03-28
CLI003107,Vinicius Lima Gomes,2003-11-29,SC,Assalariado CLT,5043.66,538,2024-07-30
CLI003108,Rodrigo Rodrigues Almeida,1980-03-24,MT,Assalariado CLT,8882.13,897,2022-10-08
CLI003109,Rodrigo Oliveira Martins,1998-11-10,BA,Assalariado CLT,,855,2026-05-23
CLI003110,Karina Carvalho Ribeiro,2006-04-05,SC,Autonomo,5145.46,627,2023-11-12
CLI003111,Ana Ferreira Souza,1984-12-22,,Servidor Publico,,664,2024-10-09
CLI003112,Karina Moraes Lima,1978-08-28,SP,Assalariado CLT,2349.53,574,2024-06-10
CLI003113,Zeca Silva Costa,1971-07-21,RS,Profissional Liberal,5228.35,768,2025-06-14
CLI003114,Queren Barbosa Martins,1979-11-02,SP,Autonomo,6548.21,486,2022-12-22
CLI003115,Wagner Rocha Nunes,1990-03-08,PE,Autonomo,10531.45,451,2023-09-22
CLI003116,Henrique Souza Barbosa,1993-08-19,SP,Aposentado,1596.49,419,2025-11-27
CLI003117,Vinicius Pereira Costa,1986-01-20,RS,Profissional Liberal,,502,2024-02-26
CLI003118,Yara Souza Martins,1997-11-27,,Empresario,3359.05,555,2025-05-25
CLI003119,Thiago Gomes Rodrigues,2004-05-11,RS,Servidor Publico,4226.26,845,2023-04-19
CLI003120,Queren Teixeira Costa,1994-01-19,SC,Assalariado CLT,5990.94,686,2022-04-26
CLI003121,Patricia Moraes Ribeiro,1990-06-23,PR,Estudante,,468,2026-05-07
CLI003122,Zeca Gomes Teixeira,1964-01-21,BA,Assalariado CLT,4754.57,590,2022-11-11
CLI003123,Nelson Barbosa Martins,1956-03-29,RS,,5967.45,710,2023-11-11
CLI003124,Karina Nunes Lima,1986-06-30,SC,Aposentado,4616.86,620,2021-10-14
CLI003125,Karina Rocha Nunes,1978-06-24,ES,,16155.68,754,2024-07-07
CLI003126,Juliana Costa Pereira,1995-04-12,RS,Assalariado CLT,8169.56,609,2026-08-13
CLI003127,Eduarda Silva Rodrigues,2003-03-16,DF,Assalariado CLT,9595.18,843,2022-02-17
CLI003128,Vinicius Martins Carvalho,1987-08-17,SP,Assalariado CLT,6443.78,444,2024-06-06
CLI003129,Juliana Lima Ribeiro,1962-11-27,,,15158.79,673,2024-09-24
CLI003130,Ursula Rodrigues Barbosa,1999-10-19,PE,Assalariado CLT,1200.0,623,2026-02-23
CLI003131,Bruno Gomes Rodrigues,1999-06-24,SP,Assalariado CLT,4482.49,497,2022-12-26
CLI003132,Rodrigo Moraes Teixeira,1965-12-09,RS,Servidor Publico,5291.64,671,2026-01-31
CLI003133,Joao Rodrigues Moraes,1978-04-04,GO,Autonomo,3428.42,552,2022-11-25
CLI003134,Gabriela Silva Costa,1952-10-12,SC,Assalariado CLT,3287.48,641,2021-09-17
CLI003135,Marcelo Rocha Ribeiro,1977-04-15,SC,Assalariado CLT,5696.39,794,2022-05-27
CLI003136,Carla Silva Pereira,1977-01-03,SP,Assalariado CLT,,834,2022-08-31
CLI003137,Henrique Araujo Barbosa,1976-08-16,SC,Autonomo,,582,2022-05-23
CLI003138,Carla Moraes Gomes,1992-02-04,SC,Assalariado CLT,4424.53,611,2026-07-20
CLI003139,Henrique Rodrigues Costa,1991-06-07,RJ,Assalariado CLT,7600.02,558,2022-03-17
CLI003140,Bruno Barbosa Oliveira,2007-05-01,SP,Autonomo,2591.98,491,2025-04-25
CLI003141,Wagner Santos Pereira,1987-05-08,PR,Assalariado CLT,3823.89,711,2026-01-27
CLI003142,Marcelo Ferreira Almeida,1973-06-13,PE,Assalariado CLT,7797.38,650,2023-07-19
CLI003143,Diego Rocha Costa,1987-09-03,PR,Estudante,3729.45,546,2025-09-08
CLI003144,Rafael Rocha Oliveira,1983-08-26,PR,,17288.35,662,2026-05-19
CLI003145,Paulo Costa Souza,1983-10-08,RS,Empresario,3894.66,755,2024-02-06
CLI003146,Rodrigo Ferreira Teixeira,2007-06-22,BA,Assalariado CLT,4922.84,585,2024-06-13
CLI003147,Diego Gomes Rodrigues,1982-06-12,SP,Autonomo,10812.71,761,2023-01-11
CLI003148,Rodrigo Nunes Silva,1989-12-28,,Assalariado CLT,1200.0,516,2023-07-13
CLI003149,Queren Ribeiro Ribeiro,1983-10-30,RJ,Autonomo,7283.35,524,2022-05-13
CLI003150,Joao Nunes Silva,1993-08-16,BA,Empresario,2149.67,494,2023-09-14
CLI003151,Diego Teixeira Lima,1999-12-30,SP,Aposentado,2978.51,402,2024-06-13
CLI003152,Bruno Lima Martins,1984-06-21,SC,Autonomo,11092.66,479,2024-04-16
CLI003153,Patricia Rodrigues Oliveira,1968-03-23,BA,Autonomo,,834,2024-07-18
CLI003154,Joao Costa Carvalho,2007-04-05,PR,Autonomo,,635,2025-11-07
CLI003155,Wagner Barbosa Rodrigues,1962-03-27,PE,Profissional Liberal,18965.78,676,2021-12-08
CLI003156,Henrique Rodrigues Carvalho,1987-11-04,RJ,Estudante,9477.13,621,2026-06-01
CLI003157,Olivia Gomes Pereira,1972-06-24,SP,Assalariado CLT,9852.62,644,2023-08-18
CLI003158,Joao Souza Rodrigues,1990-02-22,SP,Assalariado CLT,5437.1,632,2022-01-27
CLI003159,Olivia Ribeiro Almeida,1981-06-24,RJ,Empresario,6697.41,600,2022-04-22
CLI003160,Carla Pereira Pereira,1965-04-17,PA,Aposentado,6100.08,515,2022-11-06
CLI003161,Queren Rodrigues Moraes,1995-01-07,DF,Servidor Publico,2778.17,919,2024-10-10
CLI003162,Bruno Martins Rodrigues,1999-06-16,SP,Assalariado CLT,4582.06,599,2025-02-13
CLI003163,Paulo Ferreira Nunes,1993-01-30,SP,Profissional Liberal,5549.32,895,2022-06-20
CLI003164,Patricia Santos Oliveira,1974-01-17,CE,Autonomo,6209.13,562,2024-07-10
CLI003165,Bruno Moraes Carvalho,1975-07-07,RS,Autonomo,5552.49,667,2025-04-25
CLI003166,Rodrigo Santos Nunes,1994-08-01,PE,Estudante,8243.78,654,2024-08-30
CLI003167,Marcelo Teixeira Barbosa,1982-07-19,PR,Aposentado,3755.73,466,2023-08-18
CLI003168,Yara Teixeira Souza,1986-09-25,ES,Autonomo,2152.26,782,2025-03-03
CLI003169,Wagner Ribeiro Ribeiro,1990-06-22,SP,Empresario,3506.24,603,2025-06-10
CLI003170,Diego Moraes Barbosa,1980-12-30,RJ,Assalariado CLT,5134.3,682,2024-01-14
CLI003171,Karina Oliveira Lima,1999-05-21,SP,Assalariado CLT,5224.74,547,2026-03-24
CLI003172,Juliana Martins Silva,1966-01-08,RJ,Estudante,,612,2025-05-23
CLI003173,Thiago Costa Lima,1987-08-09,MG,Assalariado CLT,3924.7,379,2023-02-02
CLI003174,Amanda Moraes Gomes,1985-02-25,SC,Autonomo,4323.06,616,2024-10-17
CLI003175,Yara Ribeiro Araujo,1968-10-09,DF,Assalariado CLT,3265.59,896,2024-01-21
CLI003176,Ursula Rodrigues Nunes,1979-01-18,SC,Autonomo,4117.33,782,2026-03-30
CLI003177,Wagner Santos Costa,1981-10-05,BA,Assalariado CLT,4320.56,572,2022-03-10
CLI003178,Vinicius Pereira Souza,1994-06-24,RJ,Autonomo,5536.36,781,2024-04-21
CLI003179,Wagner Moraes Costa,1997-09-26,SC,Assalariado CLT,3317.52,652,2025-01-05
CLI003180,Felipe Ribeiro Martins,1977-01-24,RJ,Empresario,3278.3,470,2025-10-15
CLI003181,Carla Santos Souza,1994-02-15,SP,Profissional Liberal,,520,2022-01-11
CLI003182,Nelson Teixeira Ferreira,1974-02-19,,Autonomo,5465.14,752,2024-06-06
CLI003183,Paulo Costa Rodrigues,1996-09-29,MG,,10351.49,690,2021-09-10
CLI003184,Joao Araujo Barbosa,1992-02-14,SP,Autonomo,12383.73,469,2026-06-24
CLI003185,Karina Rocha Silva,1997-12-02,SP,Assalariado CLT,1657.27,614,2021-10-22
CLI003186,Mariana Barbosa Ribeiro,1952-08-07,MG,Profissional Liberal,8097.09,657,2026-07-19
CLI003187,Diego Ferreira Nunes,1988-12-16,,Aposentado,3692.77,506,2022-07-26
CLI003188,Wagner Souza Rocha,1977-06-11,,Assalariado CLT,2756.91,730,2025-07-04
CLI003189,Nelson Gomes Barbosa,1977-03-08,SP,Autonomo,8715.5,649,2021-08-21
CLI003190,Lucas Pereira Ferreira,1983-10-09,PR,Assalariado CLT,8499.42,573,2026-04-23
CLI003191,Diego Carvalho Ribeiro,1986-05-26,BA,Autonomo,8389.43,486,2024-05-10
CLI003192,Olivia Nunes Pereira,1972-04-08,PA,Assalariado CLT,6082.23,580,2025-07-03
CLI003193,Juliana Moraes Araujo,1976-11-02,SP,Assalariado CLT,2602.68,647,2022-11-21
CLI003194,Juliana Nunes Martins,1985-11-11,PR,Assalariado CLT,3657.41,475,2025-11-03
CLI003195,Lucas Gomes Martins,1974-01-15,SP,Profissional Liberal,3575.13,650,2023-06-06
CLI003196,Nelson Rocha Costa,1976-03-16,SC,Empresario,12556.57,829,2023-02-15
CLI003197,Joao Rodrigues Almeida,1985-09-02,MG,Assalariado CLT,2518.16,410,2024-03-14
CLI003198,Ana Rodrigues Barbosa,1997-01-02,SC,Empresario,,744,2026-02-22
CLI003199,Gabriela Nunes Silva,1982-05-12,SP,Autonomo,1685.07,783,2023-03-24
CLI003200,Olivia Teixeira Pereira,1973-01-01,SP,Assalariado CLT,4233.03,678,2023-10-07
CLI003201,Juliana Moraes Barbosa,1987-03-12,PR,Empresario,6011.87,662,2022-02-16
CLI003202,Felipe Santos Lima,1969-12-31,SP,Assalariado CLT,3843.88,664,2024-09-04
CLI003203,Rafael Silva Santos,1996-12-17,CE,Autonomo,5434.81,469,2025-09-06
CLI003204,Amanda Ribeiro Nunes,1980-01-30,MG,Assalariado CLT,6945.75,604,2025-12-19
CLI003205,Yara Costa Gomes,1988-09-18,SP,Empresario,4635.11,583,2021-08-19
CLI003206,Queren Almeida Oliveira,1996-03-09,,Autonomo,7829.74,728,2023-12-25
CLI003207,Juliana Souza Barbosa,1986-05-06,RJ,Autonomo,,673,2024-10-29
CLI003208,Bruno Costa Ferreira,2005-04-09,SP,Servidor Publico,7715.25,533,2024-02-25
CLI003209,Amanda Pereira Carvalho,2001-07-04,SP,Empresario,,529,2023-06-30
CLI003210,Eduarda Rocha Nunes,1997-09-26,RS,Autonomo,15778.69,554,2025-04-24
CLI003211,Rafael Carvalho Lima,1982-12-03,SP,Assalariado CLT,6665.8,620,2023-11-12
CLI003212,Carla Santos Moraes,1987-10-06,RJ,Assalariado CLT,,457,2021-10-11
CLI003213,Amanda Araujo Moraes,1969-08-17,SP,Autonomo,1846.07,734,2026-07-27
CLI003214,Paulo Silva Nunes,1995-01-21,RJ,Autonomo,,709,2025-12-04
CLI003215,Karina Pereira Carvalho,1979-12-16,SP,Assalariado CLT,2837.15,566,2021-09-09
CLI003216,Olivia Martins Araujo,1984-10-30,MG,Aposentado,11863.64,522,2024-08-04
CLI003217,Sabrina Costa Costa,1977-02-15,RJ,Assalariado CLT,,489,2022-09-08
CLI003218,Paulo Martins Ribeiro,1983-06-16,SP,Servidor Publico,6490.73,667,2024-05-09
CLI003219,Juliana Silva Oliveira,1990-06-01,SP,Empresario,1839.69,598,2023-09-23
CLI003220,Vinicius Souza Lima,1975-09-20,RJ,Assalariado CLT,,591,2023-02-25
CLI003221,Amanda Almeida Ferreira,1973-07-08,MG,Estudante,4373.33,313,2022-01-12
CLI003222,Paulo Souza Santos,1995-10-13,SC,Assalariado CLT,2199.33,584,2021-11-10
CLI003223,Eduarda Pereira Almeida,1991-01-30,SP,Autonomo,3178.37,544,2025-08-13
CLI003224,Karina Souza Oliveira,2007-08-13,GO,Servidor Publico,4929.12,740,2023-06-01
CLI003225,Felipe Moraes Costa,1976-01-16,SP,Autonomo,,523,2022-03-11
CLI003226,Felipe Almeida Carvalho,1999-11-12,SP,Profissional Liberal,3965.44,747,2023-06-14
CLI003227,Joao Oliveira Teixeira,1993-10-05,SP,Profissional Liberal,,596,2024-09-13
CLI003228,Henrique Ferreira Almeida,1981-05-04,MT,,4539.57,847,2023-04-23
CLI003229,Juliana Teixeira Nunes,1987-03-30,SP,Assalariado CLT,4808.55,598,2023-07-28
CLI003230,Eduarda Teixeira Ribeiro,1997-06-28,SP,Empresario,2921.85,581,2022-09-13
CLI003231,Wagner Lima Araujo,1984-03-12,SP,Autonomo,8830.74,719,2024-04-01
CLI003232,Rafael Oliveira Santos,1985-02-23,SP,Aposentado,13444.05,523,2026-04-01
CLI003233,Henrique Teixeira Moraes,2006-11-01,RJ,Assalariado CLT,3421.34,753,2022-08-08
CLI003234,Rafael Silva Ribeiro,1956-01-27,MG,Empresario,5998.69,600,2025-02-28
CLI003235,Zeca Pereira Ferreira,1965-06-10,RJ,Empresario,,759,2024-03-04
CLI003236,Nelson Pereira Ferreira,1999-05-10,SP,Assalariado CLT,5025.65,806,2026-03-08
CLI003237,Isabela Araujo Araujo,1997-06-30,RJ,Servidor Publico,3972.63,495,2025-01-12
CLI003238,Gabriela Souza Rocha,1982-08-04,MG,Autonomo,10754.43,817,2026-02-05
CLI003239,Felipe Carvalho Rodrigues,1981-05-20,SP,,2434.92,665,2024-06-15
CLI003240,Zeca Martins Rodrigues,1991-02-25,SP,Autonomo,9399.7,568,2022-12-11
CLI003241,Felipe Costa Araujo,1975-02-08,PR,Assalariado CLT,,761,2024-02-28
CLI003242,Karina Ribeiro Barbosa,1974-09-15,CE,Servidor Publico,4519.05,548,2022-01-20
CLI003243,Gabriela Oliveira Moraes,1983-09-06,RS,Assalariado CLT,12168.44,636,2024-12-20
CLI003244,Amanda Gomes Gomes,1976-08-20,BA,Aposentado,7109.16,745,2025-04-24
CLI003245,Joao Almeida Moraes,1982-08-01,SP,Autonomo,5230.29,611,2023-10-07
CLI003246,Marcelo Martins Nunes,1995-12-03,PE,Autonomo,6058.33,473,2025-06-07
CLI003247,Amanda Silva Gomes,1984-06-24,MG,Empresario,,441,2023-12-09
CLI003248,Paulo Almeida Teixeira,1975-05-07,SP,Autonomo,7633.52,726,2025-10-05
CLI003249,Yara Almeida Ribeiro,1994-10-04,PR,Assalariado CLT,,593,2022-11-13
CLI003250,Sabrina Gomes Martins,1994-02-25,MT,Autonomo,,586,2024-03-10
CLI003251,Isabela Silva Carvalho,1986-09-11,RJ,Assalariado CLT,7750.27,586,2026-01-19
CLI003252,Ana Lima Barbosa,1994-09-05,PR,Profissional Liberal,5041.95,632,2022-06-08
CLI003253,Amanda Souza Gomes,1992-10-24,RJ,Autonomo,,604,2023-02-09
CLI003254,Gabriela Barbosa Santos,1979-08-11,RJ,Assalariado CLT,2045.96,694,2024-10-06
CLI003255,Rafael Ferreira Rocha,1998-11-16,MG,Empresario,5678.48,517,2026-01-10
CLI003256,Queren Souza Oliveira,1951-01-26,SP,Empresario,6596.96,535,2025-09-05
CLI003257,Rodrigo Ferreira Martins,1973-10-22,SP,Assalariado CLT,8008.56,498,2023-01-06
CLI003258,Diego Ferreira Oliveira,1988-09-24,SP,Assalariado CLT,,320,2026-07-20
CLI003259,Karina Moraes Ribeiro,1986-03-02,SP,Assalariado CLT,4132.31,668,2025-09-01
CLI003260,Marcelo Barbosa Oliveira,1980-01-09,MT,Assalariado CLT,9018.97,662,2025-12-03
CLI003261,Karina Nunes Martins,1983-06-23,DF,Assalariado CLT,16279.05,668,2023-09-11
CLI003262,Henrique Barbosa Costa,1973-11-29,MG,,5401.98,579,2024-09-04
CLI003263,Zeca Silva Ferreira,1971-01-26,GO,Empresario,4402.95,730,2024-10-21
CLI003264,Yara Nunes Pereira,1980-11-20,SP,Autonomo,13286.94,403,2024-03-13
CLI003265,Wagner Martins Lima,1992-03-31,MG,Servidor Publico,12071.58,604,2024-04-20
CLI003266,Paulo Costa Almeida,1969-03-12,CE,Estudante,2266.55,368,2025-02-17
CLI003267,Karina Costa Araujo,1979-02-16,RJ,Assalariado CLT,,638,2026-02-21
CLI003268,Isabela Moraes Lima,1964-06-09,SC,Aposentado,1390.01,648,2022-05-19
CLI003269,Ana Santos Costa,1978-03-02,BA,Empresario,9478.06,589,2025-12-12
CLI003270,Gabriela Martins Araujo,1979-07-25,GO,Servidor Publico,,731,2024-04-02
CLI003271,Karina Almeida Martins,1993-11-11,PE,Autonomo,2401.3,619,2025-09-25
CLI003272,Mariana Araujo Pereira,1996-09-21,SP,Autonomo,5251.63,393,2022-12-29
CLI003273,Carla Lima Carvalho,1978-08-09,SP,Servidor Publico,3884.62,632,2024-04-13
CLI003274,Patricia Santos Araujo,1984-05-23,GO,Autonomo,2635.77,459,2023-12-19
CLI003275,Paulo Nunes Martins,1994-03-04,MT,Assalariado CLT,5225.0,385,2024-02-06
CLI003276,Rafael Almeida Nunes,1994-08-05,SP,Assalariado CLT,,812,2024-02-09
CLI003277,Gabriela Souza Araujo,1979-01-09,DF,Assalariado CLT,2054.42,476,2026-06-13
CLI003278,Diego Pereira Ribeiro,1987-10-10,MG,Servidor Publico,,710,2024-05-04
CLI003279,Queren Araujo Ribeiro,1980-12-14,PR,Empresario,4948.56,670,2025-01-17
CLI003280,Eduarda Nunes Rodrigues,1984-08-21,ES,Assalariado CLT,3231.02,667,2022-03-30
CLI003281,Diego Martins Santos,1993-01-20,SP,Assalariado CLT,14580.48,591,2022-05-07
CLI003282,Paulo Ferreira Araujo,1993-06-02,MG,Empresario,3231.47,845,2026-07-24
CLI003283,Gabriela Ferreira Rodrigues,1959-02-10,BA,Assalariado CLT,,490,2024-10-16
CLI003284,Yara Carvalho Moraes,2007-06-27,PR,Assalariado CLT,,521,2025-12-30
CLI003285,Thiago Gomes Martins,1979-10-04,SP,Profissional Liberal,4112.56,733,2024-07-17
CLI003286,Marcelo Lima Costa,1981-08-04,SP,Assalariado CLT,4909.42,428,2022-05-28
CLI003287,Gabriela Oliveira Santos,1993-01-01,DF,Assalariado CLT,6746.63,518,2026-01-07
CLI003288,Yara Barbosa Martins,2007-01-06,MG,Servidor Publico,11715.26,358,2026-07-13
CLI003289,Patricia Ribeiro Araujo,1980-10-20,DF,Servidor Publico,,911,2022-02-03
CLI003290,Paulo Oliveira Nunes,1980-01-14,RJ,Servidor Publico,9081.78,711,2024-07-19
CLI003291,Felipe Moraes Silva,1984-04-27,PR,Servidor Publico,3788.73,932,2026-05-04
CLI003292,Paulo Ribeiro Ferreira,1977-03-22,PE,Empresario,7223.44,792,2024-11-01
CLI003293,Zeca Gomes Barbosa,1981-12-18,RJ,Profissional Liberal,,639,2021-11-03
CLI003294,Marcelo Souza Martins,1987-11-12,SP,Assalariado CLT,,573,2023-10-17
CLI003295,Thiago Teixeira Gomes,1981-12-23,SP,Aposentado,,542,2025-02-11
CLI003296,Thiago Santos Carvalho,1990-03-30,,Profissional Liberal,4493.33,590,2026-02-26
CLI003297,Diego Santos Ribeiro,1971-10-03,DF,Assalariado CLT,,572,2022-06-26
CLI003298,Yara Gomes Ferreira,2007-06-08,SP,Profissional Liberal,6190.05,375,2021-12-02
CLI003299,Zeca Santos Rodrigues,1998-11-21,MG,Autonomo,7960.58,389,2025-05-11
CLI003300,Juliana Costa Santos,1997-05-31,RS,,1537.25,607,2025-03-22
CLI003301,Karina Teixeira Ferreira,1994-11-26,MG,Profissional Liberal,,620,2025-07-27
CLI003302,Yara Oliveira Santos,1992-07-17,MG,,3031.59,849,2024-01-24
CLI003303,Felipe Rodrigues Rodrigues,1982-08-05,SP,Empresario,10043.58,752,2024-06-24
CLI003304,Olivia Lima Araujo,2007-03-13,RJ,Assalariado CLT,,679,2025-05-09
CLI003305,Olivia Almeida Nunes,1967-01-18,,Autonomo,2868.31,679,2026-05-13
CLI003306,Lucas Oliveira Martins,1990-04-26,SC,Profissional Liberal,8424.67,458,2023-07-25
CLI003307,Karina Teixeira Pereira,1982-10-17,GO,Aposentado,2193.31,740,2025-10-26
CLI003308,Vinicius Silva Rocha,1987-07-08,RJ,Autonomo,6428.62,680,2023-04-05
CLI003309,Ursula Martins Ribeiro,1982-04-19,SP,Assalariado CLT,4109.8,588,2025-05-30
CLI003310,Karina Rodrigues Carvalho,1996-07-25,SP,Assalariado CLT,,768,2026-06-08
CLI003311,Carla Lima Nunes,1975-01-30,MG,Autonomo,1589.6,570,2024-04-08
CLI003312,Thiago Almeida Rodrigues,1968-01-24,SP,Autonomo,4233.78,593,2021-12-24
CLI003313,Yara Ribeiro Araujo,1992-07-09,PE,Estudante,4723.21,692,2025-09-12
CLI003314,Isabela Souza Silva,1974-06-09,ES,Empresario,6178.39,638,2023-02-09
CLI003315,Sabrina Ferreira Teixeira,1975-07-07,SP,Profissional Liberal,3750.84,660,2024-08-30
CLI003316,Eduarda Costa Rodrigues,1975-07-16,SP,Assalariado CLT,3668.26,306,2023-08-14
CLI003317,Karina Carvalho Nunes,1992-08-26,MG,Autonomo,3824.9,457,2023-05-23
CLI003318,Wagner Lima Silva,1981-09-09,SP,Estudante,17419.09,595,2021-10-27
CLI003319,Thiago Ribeiro Costa,1998-04-05,CE,Autonomo,7007.15,359,2025-08-26
CLI003320,Diego Nunes Nunes,1982-09-14,RS,Empresario,3829.63,558,2025-11-30
CLI003321,Zeca Araujo Souza,1978-09-05,SP,Assalariado CLT,12145.13,695,2023-12-29
CLI003322,Carla Costa Silva,1984-02-06,DF,Autonomo,3593.5,520,2022-01-14
CLI003323,Paulo Santos Pereira,1979-08-14,RJ,Assalariado CLT,2932.65,435,2022-04-24
CLI003324,Lucas Ferreira Araujo,1980-11-06,SC,Assalariado CLT,6181.89,703,2022-11-08
CLI003325,Nelson Nunes Lima,1973-11-23,SP,Autonomo,1794.91,540,2023-06-19
CLI003326,Ana Gomes Almeida,1969-04-10,RJ,Empresario,,469,2024-06-11
CLI003327,Ursula Lima Nunes,1982-05-12,MG,Assalariado CLT,,599,2022-04-01
CLI003328,Paulo Almeida Lima,1984-10-11,SP,Assalariado CLT,,576,2025-08-01
CLI003329,Queren Gomes Barbosa,1973-01-04,DF,Aposentado,,506,2024-12-22
CLI003330,Ursula Gomes Rodrigues,1980-01-27,SP,Aposentado,14148.65,771,2026-03-23
CLI003331,Lucas Rodrigues Gomes,1981-03-21,BA,Assalariado CLT,3776.89,485,2026-01-30
CLI003332,Diego Gomes Ribeiro,1978-06-08,SP,Servidor Publico,4994.1,720,2025-11-11
CLI003333,Bruno Carvalho Gomes,1982-09-06,MT,Autonomo,1647.34,664,2025-07-20
CLI003334,Yara Oliveira Teixeira,1982-05-30,MG,Estudante,2813.97,545,2026-08-17
CLI003335,Mariana Rocha Costa,1994-06-11,SP,Autonomo,1755.22,595,2022-12-30
CLI003336,Ana Martins Martins,1982-12-30,CE,Assalariado CLT,,626,2022-06-04
CLI003337,Eduarda Rodrigues Nunes,1995-03-08,SP,Autonomo,7172.66,604,2024-08-21
CLI003338,Paulo Souza Ferreira,2000-01-24,RJ,Assalariado CLT,4487.95,644,2024-08-13
CLI003339,Rafael Gomes Oliveira,1985-05-17,SP,Empresario,5234.02,589,2023-09-11
CLI003340,Yara Costa Gomes,1984-10-10,GO,Empresario,2223.66,582,2022-05-08
CLI003341,Isabela Rocha Oliveira,1975-12-16,CE,Autonomo,6465.88,512,2022-10-10
CLI003342,Diego Santos Pereira,1968-02-11,ES,,2379.41,704,2024-02-06
CLI003343,Joao Silva Costa,1971-01-30,RS,Assalariado CLT,2724.41,676,2026-02-28
CLI003344,Lucas Carvalho Moraes,1974-11-18,MG,Assalariado CLT,7924.02,550,2023-12-12
CLI003345,Joao Carvalho Carvalho,2005-11-26,RJ,Empresario,7840.48,376,2024-06-06
CLI003346,Carla Ferreira Silva,1985-05-24,MG,Aposentado,8268.59,794,2021-10-15
CLI003347,Rodrigo Carvalho Teixeira,1973-01-08,SP,Assalariado CLT,,549,2023-03-08
CLI003348,Rafael Nunes Ribeiro,1986-10-03,PR,Servidor Publico,4504.62,661,2025-01-21
CLI003349,Patricia Gomes Oliveira,1972-10-26,MG,Servidor Publico,4481.69,567,2022-08-07
CLI003350,Gabriela Pereira Rodrigues,1969-11-06,RJ,Assalariado CLT,9745.8,545,2024-01-16
CLI003351,Diego Gomes Ribeiro,2006-10-30,DF,Assalariado CLT,9849.2,567,2022-08-17
CLI003352,Paulo Almeida Nunes,1990-10-31,SC,Assalariado CLT,23823.08,470,2025-02-02
CLI003353,Eduarda Martins Gomes,1972-08-16,RS,Assalariado CLT,6803.68,670,2024-03-01
CLI003354,Yara Silva Moraes,1980-03-12,RJ,Servidor Publico,,705,2022-12-26
CLI003355,Queren Rocha Carvalho,1961-11-06,SP,Aposentado,1878.41,495,2025-09-20
CLI003356,Patricia Martins Moraes,1991-08-23,PR,Aposentado,,673,2025-04-23
CLI003357,Amanda Ribeiro Araujo,1980-11-21,BA,Assalariado CLT,,526,2022-12-14
CLI003358,Patricia Teixeira Moraes,1988-08-07,CE,Aposentado,9862.02,1000,2024-12-23
CLI003359,Rodrigo Rodrigues Lima,1979-02-08,PE,Assalariado CLT,5130.04,558,2024-02-23
CLI003360,Bruno Nunes Souza,1952-08-21,GO,,5842.41,705,2023-09-02
CLI003361,Nelson Martins Santos,1993-10-13,SP,Assalariado CLT,2963.75,525,2024-08-02
CLI003362,Bruno Silva Moraes,1998-01-19,MG,Assalariado CLT,3700.52,420,2025-03-06
CLI003363,Juliana Rodrigues Carvalho,1991-04-02,MG,Autonomo,3164.12,628,2025-02-08
CLI003364,Wagner Souza Costa,1977-06-22,SC,,11790.34,525,2023-02-27
CLI003365,Patricia Gomes Gomes,1979-11-11,BA,Assalariado CLT,13099.42,536,2026-07-09
CLI003366,Paulo Ferreira Oliveira,1990-09-02,PR,Autonomo,3448.71,648,2025-03-14
CLI003367,Marcelo Araujo Araujo,2002-04-03,PR,Profissional Liberal,2784.84,548,2022-11-28
CLI003368,Diego Almeida Pereira,1987-06-22,SP,Autonomo,3109.86,679,2026-08-18
CLI003369,Gabriela Silva Teixeira,1987-10-30,SC,Assalariado CLT,5259.78,788,2022-05-20
CLI003370,Karina Rodrigues Teixeira,1983-07-16,DF,Servidor Publico,2300.32,673,2023-03-05
CLI003371,Vinicius Teixeira Rodrigues,2007-07-28,BA,Autonomo,8938.03,749,2026-02-17
CLI003372,Diego Almeida Barbosa,1962-11-12,SP,Assalariado CLT,2701.77,411,2022-04-22
CLI003373,Mariana Rocha Moraes,1990-01-06,SP,Assalariado CLT,,632,2023-02-19
CLI003374,Queren Teixeira Nunes,1989-10-05,ES,Assalariado CLT,,788,2025-05-09
CLI003375,Ana Oliveira Teixeira,1979-01-03,SP,Assalariado CLT,6147.3,616,2021-10-13
CLI003376,Nelson Rodrigues Nunes,1992-03-25,SC,Assalariado CLT,,670,2025-03-05
CLI003377,Ursula Oliveira Costa,1984-12-25,SP,Assalariado CLT,,728,2026-01-27
CLI003378,Rafael Carvalho Araujo,1981-02-09,MG,Assalariado CLT,10668.43,718,2025-07-02
CLI003379,Wagner Santos Almeida,1976-07-24,MG,Aposentado,5770.14,499,2022-08-27
CLI003380,Patricia Souza Araujo,1987-06-11,SP,Profissional Liberal,,421,2023-12-06
CLI003381,Isabela Rodrigues Gomes,1987-07-24,PE,Profissional Liberal,4766.44,476,2026-01-01
CLI003382,Paulo Nunes Martins,1993-12-22,PE,Assalariado CLT,3429.19,657,2026-01-16
CLI003383,Isabela Almeida Santos,1979-05-02,GO,Autonomo,4526.24,523,2026-06-19
CLI003384,Nelson Oliveira Rocha,1985-06-28,BA,Assalariado CLT,5377.57,573,2021-12-12
CLI003385,Ursula Gomes Silva,1991-01-12,SP,Profissional Liberal,1434.78,474,2024-08-17
CLI003386,Gabriela Rocha Costa,1981-07-14,ES,Autonomo,7344.43,636,2025-11-01
CLI003387,Diego Ferreira Nunes,1989-06-21,RJ,Assalariado CLT,18551.84,454,2024-09-23
CLI003388,Ana Pereira Rodrigues,1978-01-12,SP,Assalariado CLT,3196.21,707,2022-04-27
CLI003389,Joao Martins Carvalho,1970-04-17,SP,Assalariado CLT,7191.82,723,2025-09-02
CLI003390,Joao Rodrigues Pereira,1974-06-12,DF,Autonomo,6907.39,555,2025-10-20
CLI003391,Juliana Barbosa Ferreira,1993-03-10,MG,Autonomo,3075.85,505,2023-01-16
CLI003392,Wagner Ferreira Gomes,1974-11-13,,Autonomo,,559,2022-09-09
CLI003393,Wagner Costa Pereira,2001-04-22,SP,Assalariado CLT,2032.55,638,2022-12-26
CLI003394,Zeca Martins Rocha,1950-02-18,PE,Aposentado,11023.71,833,2021-10-14
CLI003395,Ursula Nunes Carvalho,1995-08-07,SP,Empresario,6856.12,810,2022-09-07
CLI003396,Olivia Carvalho Oliveira,1970-04-15,MG,Autonomo,10988.8,666,2022-08-18
CLI003397,Queren Costa Costa,1964-11-22,PR,Aposentado,2401.25,598,2023-07-28
CLI003398,Isabela Moraes Araujo,1968-12-04,RS,Assalariado CLT,2628.64,582,2023-02-09
CLI003399,Lucas Martins Santos,1986-06-18,SP,Empresario,5086.61,659,2025-05-15
CLI003400,Marcelo Nunes Gomes,1986-02-21,RJ,Autonomo,1631.32,734,2023-01-04
CLI003401,Rafael Nunes Teixeira,1983-12-10,SP,Autonomo,2303.87,433,2022-03-16
CLI003402,Joao Ferreira Moraes,1984-01-14,RJ,Autonomo,,728,2025-09-06
CLI003403,Olivia Barbosa Souza,1984-11-08,SP,Assalariado CLT,8319.31,744,2023-02-06
CLI003404,Diego Lima Oliveira,1971-11-28,RJ,Estudante,3472.32,552,2022-03-04
CLI003405,Zeca Gomes Ribeiro,1999-03-01,PE,Autonomo,2331.89,546,2023-01-07
CLI003406,Marcelo Pereira Ferreira,1989-12-07,PA,Empresario,5895.93,616,2022-03-15
CLI003407,Diego Araujo Pereira,1990-12-07,MG,Empresario,3647.51,572,2025-05-14
CLI003408,Marcelo Souza Ribeiro,1988-04-17,PR,Empresario,8311.67,824,2023-08-02
CLI003409,Rodrigo Lima Teixeira,1987-05-28,SP,Autonomo,3540.4,740,2023-09-03
CLI003410,Diego Rocha Araujo,1989-12-05,SP,Servidor Publico,4280.21,731,2024-02-06
CLI003411,Paulo Ribeiro Rodrigues,1982-03-04,CE,Assalariado CLT,2330.6,583,2024-03-16
CLI003412,Thiago Lima Nunes,1969-06-26,BA,Servidor Publico,,324,2024-12-01
CLI003413,Amanda Nunes Souza,1996-01-26,SP,Autonomo,,547,2022-12-07
CLI003414,Zeca Pereira Santos,1979-06-09,SP,Empresario,,507,2023-11-07
CLI003415,Mariana Santos Silva,1977-10-28,SP,Assalariado CLT,10070.75,749,2025-09-19
CLI003416,Queren Carvalho Lima,1969-01-03,MG,Autonomo,4256.37,535,2024-06-05
CLI003417,Isabela Rocha Lima,1995-03-08,MG,Assalariado CLT,,684,2025-04-16
CLI003418,Paulo Gomes Oliveira,1970-05-31,BA,Servidor Publico,4887.12,801,2022-10-15
CLI003419,Rodrigo Moraes Costa,1997-02-24,BA,Empresario,,573,2024-01-04
CLI003420,Olivia Ribeiro Araujo,1976-11-19,SC,Assalariado CLT,13393.44,808,2024-02-24
CLI003421,Nelson Teixeira Souza,1987-11-02,PA,Autonomo,,708,2025-03-13
CLI003422,Lucas Barbosa Silva,1985-07-17,RJ,Assalariado CLT,10924.82,444,2025-09-24
CLI003423,Eduarda Araujo Martins,1990-06-22,RS,Assalariado CLT,8962.56,782,2025-05-22
CLI003424,Diego Santos Teixeira,1985-07-03,SP,Assalariado CLT,10375.26,746,2023-08-30
CLI003425,Gabriela Martins Silva,2005-07-02,PE,Autonomo,3966.14,611,2026-04-09
CLI003426,Vinicius Almeida Santos,1985-01-25,SP,Autonomo,,881,2023-03-09
CLI003427,Queren Oliveira Gomes,1962-06-25,MT,Assalariado CLT,8285.29,369,2023-04-30
CLI003428,Mariana Araujo Santos,1992-09-28,RJ,Autonomo,,685,2024-01-01
CLI003429,Wagner Teixeira Souza,1977-11-08,MG,Servidor Publico,10415.01,569,2022-05-02
CLI003430,Paulo Ribeiro Teixeira,1980-08-05,PR,Autonomo,,713,2023-03-26
CLI003431,Yara Lima Silva,1982-08-13,SP,Assalariado CLT,3007.12,686,2026-06-12
CLI003432,Diego Martins Gomes,2002-07-11,RJ,Servidor Publico,1749.63,407,2023-02-21
CLI003433,Joao Nunes Lima,1975-02-02,MG,Autonomo,2791.39,493,2022-06-18
CLI003434,Olivia Costa Silva,1981-02-04,PA,Servidor Publico,4383.66,578,2025-02-27
CLI003435,Mariana Rocha Rodrigues,1973-09-09,BA,Assalariado CLT,12532.02,630,2024-12-31
CLI003436,Karina Moraes Carvalho,1974-10-03,BA,Profissional Liberal,4851.82,711,2026-06-20
CLI003437,Gabriela Rodrigues Carvalho,1986-12-04,PE,,,753,2023-03-29
CLI003438,Wagner Gomes Araujo,1985-02-12,RS,Aposentado,,536,2024-10-26
CLI003439,Ursula Rocha Pereira,1990-12-24,MG,Assalariado CLT,1200.0,833,2026-03-14
CLI003440,Rodrigo Araujo Ferreira,1973-06-13,RJ,Assalariado CLT,4094.92,519,2022-06-20
CLI003441,Amanda Pereira Oliveira,1951-03-10,PE,Autonomo,1511.34,633,2021-11-21
CLI003442,Karina Nunes Teixeira,1988-05-25,CE,Estudante,2904.79,600,2023-08-06
CLI003443,Carla Teixeira Rodrigues,1974-08-12,SP,Empresario,6001.88,678,2025-09-10
CLI003444,Zeca Lima Moraes,2000-10-07,,Aposentado,1200.0,838,2025-01-18
CLI003445,Gabriela Silva Rocha,1994-03-28,SP,Aposentado,,540,2024-12-14
CLI003446,Paulo Pereira Rodrigues,1976-10-08,MT,Empresario,4015.64,560,2022-07-15
CLI003447,Nelson Silva Moraes,1956-01-01,SP,Profissional Liberal,5237.16,610,2025-09-17
CLI003448,Henrique Moraes Rocha,1957-04-01,GO,Aposentado,3135.05,607,2025-07-22
CLI003449,Sabrina Pereira Almeida,1998-06-03,,Empresario,3468.38,752,2022-07-12
CLI003450,Ursula Nunes Ferreira,1993-02-02,SC,Profissional Liberal,,693,2022-08-08
CLI003451,Vinicius Carvalho Oliveira,1991-02-06,SC,Autonomo,,515,2022-07-02
CLI003452,Mariana Rocha Rocha,1982-09-26,PR,Servidor Publico,3981.98,575,2023-08-28
CLI003453,Amanda Almeida Ribeiro,1986-10-05,SP,Aposentado,1200.0,340,2023-09-01
CLI003454,Felipe Costa Carvalho,2002-09-06,GO,Assalariado CLT,2815.06,439,2025-07-02
CLI003455,Diego Rocha Costa,1983-05-16,SC,Assalariado CLT,2158.43,651,2024-12-13
CLI003456,Karina Santos Teixeira,1987-09-16,PE,Assalariado CLT,1903.27,612,2025-02-05
CLI003457,Paulo Pereira Nunes,1991-04-16,RS,Assalariado CLT,20112.11,626,2024-09-15
CLI003458,Vinicius Teixeira Martins,2006-10-19,RS,Assalariado CLT,7945.88,673,2026-05-19
CLI003459,Rodrigo Araujo Costa,1991-12-15,ES,Assalariado CLT,2232.02,700,2026-05-08
CLI003460,Henrique Moraes Santos,1980-07-26,MG,Assalariado CLT,8215.84,563,2026-07-13
CLI003461,Olivia Costa Rocha,2004-04-30,SC,Autonomo,6050.66,657,2024-06-12
CLI003462,Wagner Silva Ferreira,2001-11-12,SP,Assalariado CLT,3266.36,656,2022-02-25
CLI003463,Henrique Oliveira Carvalho,1973-10-10,BA,Assalariado CLT,7514.11,586,2024-10-08
CLI003464,Rodrigo Santos Rocha,1990-05-03,MT,Servidor Publico,2312.4,714,2023-04-30
CLI003465,Mariana Silva Moraes,1981-08-23,GO,Assalariado CLT,3610.08,522,2022-11-02
CLI003466,Ursula Ribeiro Gomes,1985-08-29,SP,Autonomo,7398.08,415,2022-06-27
CLI003467,Yara Carvalho Santos,1994-01-23,RS,Estudante,,752,2025-12-02
CLI003468,Rodrigo Ribeiro Souza,1978-04-26,SP,Aposentado,,381,2022-12-05
CLI003469,Rodrigo Moraes Rocha,1978-06-12,MG,Servidor Publico,2112.45,619,2024-07-11
CLI003470,Juliana Barbosa Gomes,1981-08-23,RS,Aposentado,10850.0,511,2022-03-13
CLI003471,Carla Rocha Almeida,1970-05-27,MG,Assalariado CLT,3700.18,594,2024-03-24
CLI003472,Juliana Rocha Araujo,1997-08-04,ES,Aposentado,7071.51,561,2026-07-20
CLI003473,Rafael Rocha Araujo,1980-04-29,RS,Assalariado CLT,4145.18,652,2022-01-05
CLI003474,Yara Ribeiro Rodrigues,1969-01-01,PR,Servidor Publico,6702.51,421,2026-02-08
CLI003475,Marcelo Souza Nunes,1999-11-01,DF,Assalariado CLT,,678,2021-10-17
CLI003476,Wagner Gomes Martins,1992-12-28,MG,Empresario,9283.88,684,2026-08-01
CLI003477,Carla Gomes Ribeiro,1972-12-13,DF,Assalariado CLT,4783.65,595,2023-02-26
CLI003478,Queren Carvalho Souza,1992-05-21,MG,Empresario,10209.82,435,2025-07-01
CLI003479,Karina Moraes Barbosa,1965-12-02,,Servidor Publico,5792.92,579,2024-03-29
CLI003480,Paulo Souza Ribeiro,1974-07-28,PA,Servidor Publico,2755.98,770,2021-08-22
CLI003481,Isabela Souza Costa,1996-04-17,MG,Autonomo,,647,2024-07-20
CLI003482,Nelson Souza Carvalho,1973-07-29,RJ,Empresario,6503.09,713,2023-01-07
CLI003483,Rafael Moraes Martins,1996-08-11,BA,Servidor Publico,2318.92,459,2024-12-31
CLI003484,Ana Costa Nunes,1979-07-24,SP,Assalariado CLT,,485,2025-08-02
CLI003485,Joao Nunes Araujo,1995-07-25,SC,Assalariado CLT,7166.35,657,2023-03-09
CLI003486,Patricia Araujo Teixeira,1988-01-30,PR,Assalariado CLT,1639.05,626,2026-01-13
CLI003487,Lucas Pereira Rocha,1995-10-08,BA,Assalariado CLT,7152.01,829,2025-09-04
CLI003488,Henrique Gomes Rodrigues,1992-06-21,SP,Assalariado CLT,2667.6,809,2022-08-05
CLI003489,Rodrigo Carvalho Ferreira,1996-03-08,RJ,Assalariado CLT,4922.5,671,2022-12-16
CLI003490,Nelson Santos Gomes,1996-05-14,MG,,2892.99,226,2024-05-21
CLI003491,Mariana Oliveira Silva,2004-09-01,PA,Assalariado CLT,8966.53,676,2025-12-15
CLI003492,Ana Silva Ferreira,1983-02-20,MG,Empresario,7150.78,628,2023-10-04
CLI003493,Bruno Silva Souza,1976-10-14,,Assalariado CLT,,624,2026-08-10
CLI003494,Diego Costa Rocha,1996-12-30,GO,Autonomo,34548.37,475,2023-06-22
CLI003495,Karina Oliveira Carvalho,1984-12-30,PR,Empresario,8546.78,554,2024-01-22
CLI003496,Ana Almeida Almeida,1981-04-02,MG,Assalariado CLT,,651,2026-01-01
CLI003497,Rodrigo Ribeiro Ribeiro,1982-03-31,RS,Assalariado CLT,,543,2022-05-03
CLI003498,Juliana Gomes Santos,1988-12-09,DF,Assalariado CLT,,518,2023-04-12
CLI003499,Nelson Moraes Martins,1997-12-16,DF,Aposentado,7951.85,707,2023-05-05
CLI003500,Sabrina Araujo Carvalho,1976-02-12,RS,Empresario,4479.85,677,2024-08-20
CLI003501,Carla Rodrigues Rodrigues,1992-02-27,GO,Servidor Publico,7809.26,575,2024-02-27
CLI003502,Joao Nunes Pereira,1997-05-02,SC,Assalariado CLT,4263.98,446,2025-06-20
CLI003503,Eduarda Ferreira Lima,1991-12-15,MG,Assalariado CLT,4661.11,547,2024-12-23
CLI003504,Henrique Costa Gomes,1993-04-12,GO,Aposentado,6337.39,599,2021-09-13
CLI003505,Rafael Souza Oliveira,1983-08-12,RJ,Servidor Publico,1566.64,514,2022-05-12
CLI003506,Diego Ferreira Moraes,1978-12-29,SP,Profissional Liberal,14903.94,815,2026-01-19
CLI003507,Vinicius Rocha Almeida,1977-09-05,RS,Autonomo,3539.62,679,2022-08-03
CLI003508,Joao Nunes Barbosa,1973-11-04,DF,Estudante,7739.79,719,2021-08-21
CLI003509,Diego Oliveira Ferreira,1972-08-01,RJ,Autonomo,8796.8,786,2022-02-01
CLI003510,Ursula Ribeiro Lima,1980-03-04,RS,,1631.46,677,2022-10-26
CLI003511,Olivia Pereira Silva,1969-03-11,DF,Assalariado CLT,5232.61,707,2022-03-08
CLI003512,Yara Gomes Gomes,1978-05-23,CE,Servidor Publico,5478.6,526,2024-08-06
CLI003513,Sabrina Martins Martins,1971-01-05,RS,Assalariado CLT,6693.41,863,2023-07-19
CLI003514,Felipe Martins Gomes,1985-05-24,RJ,Assalariado CLT,2949.67,446,2026-08-11
CLI003515,Gabriela Ferreira Nunes,1976-01-19,SP,Assalariado CLT,9561.59,620,2024-07-08
CLI003516,Eduarda Almeida Santos,1978-12-27,CE,Autonomo,4283.13,676,2025-07-10
CLI003517,Gabriela Ribeiro Silva,1985-06-23,PA,Empresario,,567,2025-02-15
CLI003518,Wagner Nunes Almeida,1979-06-04,MG,Assalariado CLT,3311.65,645,2023-08-19
CLI003519,Yara Rocha Barbosa,1976-12-07,PR,Assalariado CLT,,344,2024-05-17
CLI003520,Mariana Teixeira Teixeira,1979-04-02,CE,Empresario,9198.17,494,2025-08-13
CLI003521,Lucas Ribeiro Oliveira,1979-10-11,DF,Servidor Publico,6670.46,639,2024-08-13
CLI003522,Gabriela Santos Ferreira,1990-07-08,MT,Autonomo,13971.25,660,2024-03-14
CLI003523,Juliana Lima Teixeira,1986-01-14,ES,Assalariado CLT,2012.02,446,2023-11-22
CLI003524,Lucas Pereira Carvalho,1959-07-17,MG,Autonomo,13735.45,610,2026-07-26
CLI003525,Patricia Almeida Silva,1976-07-22,SP,Assalariado CLT,3155.0,694,2023-10-03
CLI003526,Yara Moraes Almeida,1993-06-08,CE,Assalariado CLT,,601,2026-04-22
CLI003527,Ana Costa Rodrigues,1992-09-05,RJ,Servidor Publico,,562,2024-04-08
CLI003528,Patricia Almeida Carvalho,1968-09-16,MG,Assalariado CLT,2883.81,575,2023-03-24
CLI003529,Rafael Martins Carvalho,2001-10-06,SP,Assalariado CLT,3130.56,471,2023-09-14
CLI003530,Rafael Rocha Lima,1975-01-05,DF,Autonomo,,507,2024-01-16
CLI003531,Ursula Souza Costa,2004-07-15,SC,Aposentado,3309.43,376,2024-10-28
CLI003532,Henrique Rodrigues Ribeiro,1996-10-04,CE,Servidor Publico,2199.45,611,2023-09-24
CLI003533,Lucas Costa Souza,1994-05-31,SC,Empresario,6798.79,747,2026-01-26
CLI003534,Wagner Ferreira Costa,1998-03-25,RS,Empresario,1327.86,778,2022-12-26
CLI003535,Amanda Ribeiro Barbosa,1964-07-06,RJ,Autonomo,12196.0,625,2024-04-26
CLI003536,Thiago Ferreira Santos,1966-06-23,SC,Assalariado CLT,,558,2024-03-26
CLI003537,Isabela Almeida Nunes,1990-09-07,PE,Estudante,7633.4,805,2026-05-27
CLI003538,Sabrina Rocha Costa,2005-01-11,CE,Empresario,3017.53,524,2024-01-11
CLI003539,Thiago Santos Souza,1974-07-09,SP,,18124.88,518,2025-04-24
CLI003540,Henrique Lima Carvalho,1972-08-09,PA,Assalariado CLT,4535.54,393,2022-01-04
CLI003541,Felipe Souza Carvalho,1983-12-06,RS,Assalariado CLT,22543.7,720,2022-02-19
CLI003542,Thiago Martins Araujo,1991-08-24,PE,Assalariado CLT,5334.76,540,2025-03-07
CLI003543,Yara Carvalho Pereira,1995-06-24,SP,Aposentado,2972.78,468,2025-05-20
CLI003544,Olivia Oliveira Martins,1976-02-27,MG,Assalariado CLT,3073.38,458,2025-07-05
CLI003545,Diego Nunes Teixeira,1980-11-13,RS,Assalariado CLT,,669,2024-12-27
CLI003546,Mariana Araujo Costa,1993-05-22,RJ,Servidor Publico,9403.77,393,2025-03-07
CLI003547,Mariana Martins Costa,1976-01-21,MG,Assalariado CLT,4245.95,527,2022-04-22
CLI003548,Felipe Rodrigues Pereira,1971-01-07,BA,Assalariado CLT,2594.25,552,2026-08-19
CLI003549,Queren Rodrigues Rodrigues,1974-05-13,PE,Assalariado CLT,14683.43,583,2022-03-27
CLI003550,Olivia Souza Lima,1976-05-15,SP,Empresario,,482,2023-09-21
CLI003551,Queren Moraes Gomes,1981-06-04,RJ,Autonomo,2683.94,635,2024-09-05
CLI003552,Lucas Gomes Costa,1970-10-02,SP,Autonomo,2834.11,609,2024-03-09
CLI003553,Diego Teixeira Moraes,1983-08-04,MG,Assalariado CLT,,643,2026-07-21
CLI003554,Olivia Nunes Souza,1980-04-05,MG,Empresario,1688.68,759,2022-09-19
CLI003555,Amanda Souza Pereira,1995-06-06,BA,Assalariado CLT,7287.9,527,2023-04-11
CLI003556,Paulo Teixeira Nunes,1997-06-02,RS,Autonomo,7232.65,572,2022-11-21
CLI003557,Bruno Ferreira Rodrigues,1994-11-29,RS,Empresario,6091.52,542,2024-05-08
CLI003558,Rafael Carvalho Rodrigues,1972-09-26,SP,Assalariado CLT,7552.21,600,2021-08-29
CLI003559,Felipe Teixeira Carvalho,1976-09-09,SP,Autonomo,4150.8,522,2022-12-04
CLI003560,Rodrigo Rodrigues Barbosa,1997-08-06,ES,Estudante,,782,2025-04-15
CLI003561,Olivia Martins Araujo,1986-02-04,RS,Autonomo,7317.28,918,2023-03-15
CLI003562,Queren Pereira Barbosa,1992-01-20,BA,,,575,2024-06-19
CLI003563,Queren Teixeira Rocha,2002-09-07,SC,Profissional Liberal,15485.1,529,2024-05-01
CLI003564,Olivia Pereira Souza,1994-10-09,BA,Empresario,3273.34,849,2022-05-24
CLI003565,Carla Lima Souza,1985-07-14,RJ,Assalariado CLT,,571,2026-07-17
CLI003566,Patricia Ferreira Araujo,2007-03-27,ES,Autonomo,2842.8,354,2024-06-03
CLI003567,Zeca Moraes Nunes,1971-07-25,RS,Autonomo,10844.99,559,2023-09-15
CLI003568,Rodrigo Almeida Rocha,1993-02-25,SC,Assalariado CLT,20694.1,675,2026-02-12
CLI003569,Karina Souza Santos,1975-11-16,MG,Assalariado CLT,1728.3,415,2022-07-04
CLI003570,Juliana Gomes Nunes,1993-09-08,MT,Autonomo,3848.07,511,2024-07-08
CLI003571,Mariana Souza Oliveira,1994-02-13,MG,Assalariado CLT,8853.33,798,2023-09-27
CLI003572,Joao Costa Teixeira,1979-07-26,DF,Aposentado,,753,2023-07-19
CLI003573,Juliana Souza Martins,1999-06-09,BA,Assalariado CLT,4100.05,566,2025-04-17
CLI003574,Zeca Almeida Pereira,1989-07-19,RJ,,5845.98,257,2025-07-21
CLI003575,Lucas Almeida Souza,1972-12-11,SP,Autonomo,2555.5,613,2021-10-28
CLI003576,Paulo Costa Souza,1956-10-29,SP,Aposentado,8758.66,390,2026-08-20
CLI003577,Queren Rocha Moraes,1970-11-30,RJ,Assalariado CLT,7005.42,711,2024-02-20
CLI003578,Felipe Pereira Ribeiro,1991-04-17,BA,Autonomo,11720.94,563,2024-10-25
CLI003579,Isabela Moraes Santos,1960-02-28,SP,Assalariado CLT,4657.8,309,2025-08-03
CLI003580,Olivia Costa Carvalho,1994-04-24,RS,Empresario,3883.03,715,2022-05-13
CLI003581,Marcelo Costa Carvalho,1984-10-02,RJ,Assalariado CLT,6249.67,446,2023-03-10
CLI003582,Eduarda Santos Martins,1990-12-22,DF,Servidor Publico,5429.61,834,2022-05-25
CLI003583,Sabrina Barbosa Almeida,1953-04-17,SP,Empresario,,750,2021-11-30
CLI003584,Ursula Martins Ferreira,1963-08-19,,Profissional Liberal,8184.93,668,2025-08-22
CLI003585,Mariana Souza Moraes,1974-10-04,PR,Aposentado,6479.27,564,2021-12-03
CLI003586,Sabrina Araujo Barbosa,1981-08-20,SC,Autonomo,5309.2,634,2026-04-18
CLI003587,Thiago Moraes Araujo,1996-12-04,BA,Aposentado,4973.65,512,2021-10-30
CLI003588,Ana Rocha Carvalho,1965-03-29,PR,,2289.18,625,2022-01-18
CLI003589,Rafael Santos Rocha,1979-11-05,SP,Autonomo,4601.7,672,2024-08-19
CLI003590,Sabrina Martins Lima,1991-04-15,PR,Assalariado CLT,1481.17,459,2023-10-27
CLI003591,Bruno Costa Rocha,1983-04-07,SP,Assalariado CLT,5413.96,511,2026-05-16
CLI003592,Ursula Barbosa Martins,1970-08-08,RS,Autonomo,5539.3,709,2024-06-10
CLI003593,Patricia Lima Nunes,1983-11-03,SP,Assalariado CLT,4309.37,493,2026-06-06
CLI003594,Queren Carvalho Pereira,1989-03-28,RJ,Estudante,3066.49,580,2024-09-05
CLI003595,Marcelo Moraes Santos,1962-12-25,SP,Autonomo,7460.99,600,2022-10-14
CLI003596,Queren Carvalho Lima,1971-07-26,DF,Assalariado CLT,15593.83,564,2026-08-04
CLI003597,Ursula Moraes Martins,1979-06-20,RJ,Autonomo,4177.16,540,2025-06-26
CLI003598,Karina Carvalho Pereira,1971-09-09,SP,,,426,2022-03-21
CLI003599,Juliana Ribeiro Ferreira,1973-07-28,RJ,Assalariado CLT,,702,2024-09-26
CLI003600,Bruno Moraes Carvalho,1971-12-31,SP,Servidor Publico,4908.68,498,2023-03-08
CLI003601,Thiago Pereira Nunes,1979-05-10,MG,Autonomo,7788.92,888,2025-05-29
CLI003602,Juliana Gomes Oliveira,1998-04-22,ES,Autonomo,3446.91,712,2024-04-18
CLI003603,Diego Ribeiro Rodrigues,1976-12-24,PR,Autonomo,8002.47,498,2024-04-05
CLI003604,Marcelo Barbosa Rocha,2000-05-04,RJ,Assalariado CLT,,622,2024-06-05
CLI003605,Ana Rocha Ribeiro,1989-11-04,MG,Estudante,,708,2025-02-19
CLI003606,Karina Souza Teixeira,1995-03-30,SP,Assalariado CLT,7328.41,572,2024-10-02
CLI003607,Wagner Souza Gomes,2002-04-08,SC,Profissional Liberal,,677,2022-01-05
CLI003608,Joao Oliveira Ribeiro,1990-12-04,MG,Servidor Publico,6114.69,608,2023-11-30
CLI003609,Gabriela Ferreira Gomes,1979-05-29,PA,Assalariado CLT,1538.26,537,2026-05-13
CLI003610,Juliana Carvalho Almeida,2002-10-20,SC,Aposentado,2848.26,657,2026-01-03
CLI003611,Henrique Costa Gomes,1980-02-24,RJ,Autonomo,1834.22,622,2024-09-26
CLI003612,Gabriela Ferreira Ribeiro,1976-08-30,SP,Empresario,,725,2025-12-16
CLI003613,Zeca Martins Souza,1998-11-21,PR,Assalariado CLT,1200.0,623,2023-07-05
CLI003614,Diego Costa Nunes,1992-07-14,SP,Aposentado,2560.63,439,2025-09-30
CLI003615,Yara Teixeira Moraes,1966-11-22,PR,Autonomo,1902.17,733,2026-05-29
CLI003616,Patricia Martins Ribeiro,1968-09-13,MG,Assalariado CLT,5592.84,1000,2023-05-31
CLI003617,Mariana Nunes Rocha,1976-07-22,SP,Empresario,,609,2022-07-04
CLI003618,Gabriela Rodrigues Ribeiro,1967-09-11,MG,Aposentado,2170.48,433,2022-02-25
CLI003619,Yara Pereira Pereira,1991-01-31,SP,Assalariado CLT,11605.63,733,2026-01-23
CLI003620,Paulo Souza Costa,1984-12-12,DF,Assalariado CLT,15158.43,583,2025-12-06
CLI003621,Nelson Carvalho Barbosa,1968-07-31,PR,,13607.68,499,2021-10-27
CLI003622,Wagner Araujo Rodrigues,1983-01-11,BA,Assalariado CLT,6714.44,659,2026-08-15
CLI003623,Mariana Ribeiro Rocha,1972-07-16,PE,Empresario,,608,2021-11-03
CLI003624,Henrique Ferreira Barbosa,1985-05-21,RJ,Autonomo,1777.47,484,2024-06-27
CLI003625,Olivia Pereira Teixeira,1975-02-16,RS,Assalariado CLT,5746.85,549,2026-04-30
CLI003626,Bruno Silva Almeida,1987-01-08,MT,Aposentado,4455.3,599,2024-10-21
CLI003627,Juliana Pereira Almeida,2001-05-15,SP,Aposentado,8147.26,701,2021-10-07
CLI003628,Rodrigo Teixeira Nunes,2001-03-20,ES,Empresario,4228.31,470,2022-05-20
CLI003629,Carla Ribeiro Araujo,1997-02-14,MT,,4573.91,525,2024-01-08
CLI003630,Marcelo Pereira Ribeiro,1984-11-05,CE,Autonomo,1200.0,545,2023-01-29
CLI003631,Gabriela Santos Araujo,1979-06-28,GO,Assalariado CLT,2978.39,571,2024-10-24
CLI003632,Sabrina Teixeira Almeida,1993-10-23,DF,Assalariado CLT,11566.38,729,2026-01-15
CLI003633,Yara Ferreira Rodrigues,1976-03-23,PR,Assalariado CLT,11684.04,549,2023-12-15
CLI003634,Rodrigo Silva Almeida,1987-10-20,SP,Empresario,2859.73,672,2022-01-18
CLI003635,Ana Souza Rodrigues,1978-04-09,RS,Assalariado CLT,4057.94,773,2023-11-09
CLI003636,Paulo Rodrigues Barbosa,1977-03-09,PR,Assalariado CLT,4873.42,877,2022-08-21
CLI003637,Mariana Araujo Souza,1998-04-17,SP,Aposentado,6760.17,723,2025-07-06
CLI003638,Karina Barbosa Rodrigues,1987-07-01,RJ,Autonomo,6261.62,519,2025-11-09
CLI003639,Karina Barbosa Nunes,1983-08-17,MG,Servidor Publico,3348.95,537,2023-07-11
CLI003640,Yara Martins Oliveira,1985-06-04,MG,,10741.76,728,2022-11-09
CLI003641,Amanda Souza Moraes,1987-11-30,MG,Assalariado CLT,7185.82,489,2025-12-05
CLI003642,Mariana Ferreira Costa,2007-03-21,SP,Assalariado CLT,11737.74,735,2022-07-04
CLI003643,Sabrina Barbosa Gomes,1989-05-31,RS,Assalariado CLT,2391.24,382,2026-08-17
CLI003644,Zeca Pereira Santos,1961-01-26,SP,Assalariado CLT,7152.18,585,2022-08-24
CLI003645,Thiago Almeida Souza,1976-07-26,SP,Assalariado CLT,5190.1,459,2025-06-10
CLI003646,Eduarda Barbosa Martins,1963-10-06,SP,Empresario,2692.41,666,2026-05-09
CLI003647,Bruno Rodrigues Oliveira,1978-09-28,SP,Autonomo,2376.56,697,2024-12-31
CLI003648,Thiago Martins Rocha,1989-10-16,SC,Empresario,1978.28,367,2025-02-18
CLI003649,Diego Teixeira Gomes,1987-11-05,PR,Assalariado CLT,4127.28,567,2023-01-20
CLI003650,Isabela Martins Araujo,1985-02-02,MG,Profissional Liberal,4357.87,741,2025-01-17
CLI003651,Olivia Nunes Gomes,1989-07-06,,,3882.62,701,2026-08-06
CLI003652,Karina Santos Santos,1991-05-22,PR,Servidor Publico,,701,2021-09-19
CLI003653,Bruno Lima Souza,1985-01-14,BA,Assalariado CLT,,629,2025-07-28
CLI003654,Paulo Rodrigues Barbosa,1954-12-20,SP,Assalariado CLT,3268.35,592,2026-04-15
CLI003655,Patricia Carvalho Souza,2004-07-09,CE,Empresario,8027.59,659,2025-12-03
CLI003656,Olivia Gomes Silva,1986-06-25,DF,Assalariado CLT,5946.35,536,2023-07-06
CLI003657,Karina Carvalho Costa,1990-07-21,SP,Autonomo,6854.37,721,2022-12-31
CLI003658,Ursula Oliveira Silva,1992-07-26,DF,Aposentado,8297.04,700,2022-10-02
CLI003659,Eduarda Moraes Martins,1971-09-14,PR,Autonomo,,610,2023-04-01
CLI003660,Eduarda Costa Santos,1989-02-25,ES,Assalariado CLT,3954.78,565,2025-10-24
CLI003661,Rafael Teixeira Ferreira,1986-02-26,SP,Autonomo,6432.76,687,2024-09-09
CLI003662,Olivia Costa Almeida,1985-03-09,MG,Autonomo,6103.42,850,2023-09-29
CLI003663,Felipe Teixeira Rodrigues,1988-02-23,RJ,Profissional Liberal,7836.27,765,2021-09-18
CLI003664,Felipe Pereira Costa,1988-01-24,RS,Assalariado CLT,9115.43,452,2024-06-09
CLI003665,Isabela Pereira Santos,1988-07-21,SP,Empresario,5638.36,663,2022-08-26
CLI003666,Henrique Nunes Santos,1978-08-07,GO,Assalariado CLT,6593.66,1000,2025-09-22
CLI003667,Queren Oliveira Rodrigues,1983-11-28,MG,Aposentado,5548.45,350,2026-03-28
CLI003668,Zeca Costa Ribeiro,1982-04-24,MG,Empresario,,588,2022-04-15
CLI003669,Felipe Rodrigues Oliveira,1977-02-09,SP,Autonomo,3077.28,574,2025-08-06
CLI003670,Queren Pereira Nunes,1996-08-02,SP,Profissional Liberal,2610.35,495,2025-12-05
CLI003671,Felipe Costa Teixeira,1991-10-01,DF,Autonomo,7089.16,389,2023-11-09
CLI003672,Diego Ferreira Santos,2005-02-06,MG,Empresario,9453.92,724,2023-07-18
CLI003673,Juliana Rocha Ferreira,1988-01-03,SP,Aposentado,5155.49,533,2024-07-27
CLI003674,Thiago Santos Nunes,1982-02-10,BA,Assalariado CLT,3220.3,516,2022-10-26
CLI003675,Amanda Martins Almeida,1994-12-22,MG,Aposentado,,683,2024-08-16
CLI003676,Eduarda Carvalho Rodrigues,1985-01-03,SP,Empresario,3178.8,450,2024-02-18
CLI003677,Juliana Araujo Araujo,1989-09-12,ES,Servidor Publico,3559.51,546,2022-08-06
CLI003678,Isabela Almeida Rocha,1979-01-25,PA,Assalariado CLT,3810.66,470,2023-06-29
CLI003679,Yara Pereira Santos,1985-12-28,PE,Assalariado CLT,4240.75,456,2022-08-15
CLI003680,Olivia Araujo Pereira,1991-11-17,ES,Assalariado CLT,2935.36,504,2024-04-27
CLI003681,Mariana Gomes Gomes,1988-09-05,ES,Autonomo,,620,2024-04-20
CLI003682,Eduarda Ferreira Almeida,2006-10-07,GO,Assalariado CLT,4180.27,528,2025-02-18
CLI003683,Paulo Ribeiro Ferreira,1988-06-25,SP,Estudante,4038.19,611,2024-10-19
CLI003684,Patricia Santos Lima,2002-07-10,,Assalariado CLT,8478.25,596,2022-07-31
CLI003685,Juliana Santos Araujo,1970-08-09,SP,Profissional Liberal,5257.0,673,2022-09-17
CLI003686,Thiago Teixeira Rocha,1979-06-26,RJ,Aposentado,4189.81,737,2023-12-11
CLI003687,Olivia Silva Costa,1999-06-10,SP,,10242.04,736,2025-11-22
CLI003688,Karina Silva Moraes,1979-12-28,SP,Empresario,4177.79,551,2021-11-16
CLI003689,Patricia Souza Teixeira,1976-02-04,DF,Autonomo,1954.74,386,2026-06-23
CLI003690,Rafael Teixeira Barbosa,1995-02-22,ES,Autonomo,12549.78,682,2024-08-03
CLI003691,Eduarda Carvalho Ribeiro,1986-05-27,GO,Profissional Liberal,6243.29,675,2023-11-30
CLI003692,Carla Costa Costa,1984-03-04,MG,Assalariado CLT,3323.59,525,2025-01-07
CLI003693,Eduarda Moraes Araujo,1982-10-09,ES,Autonomo,4686.49,604,2023-05-06
CLI003694,Henrique Oliveira Carvalho,1978-10-23,,Empresario,3281.65,584,2024-03-10
CLI003695,Paulo Gomes Lima,1983-03-21,RJ,Assalariado CLT,3710.24,507,2025-08-15
CLI003696,Gabriela Gomes Almeida,1988-11-15,RS,Autonomo,8294.87,513,2023-12-19
CLI003697,Gabriela Silva Lima,1985-08-21,PR,Aposentado,4003.22,749,2026-06-21
CLI003698,Joao Rocha Araujo,1980-04-19,RJ,Aposentado,7369.72,647,2024-06-30
CLI003699,Wagner Carvalho Pereira,1993-04-02,PR,Autonomo,,522,2023-03-14
CLI003700,Joao Santos Nunes,1991-10-27,CE,,,323,2024-09-16
CLI003701,Karina Oliveira Barbosa,1989-03-15,RJ,Assalariado CLT,,797,2023-02-12
CLI003702,Patricia Souza Carvalho,1991-11-07,SP,Profissional Liberal,,860,2024-07-23
CLI003703,Juliana Pereira Carvalho,1988-11-24,RS,Servidor Publico,2978.36,670,2025-03-26
CLI003704,Isabela Costa Gomes,1988-06-23,BA,Assalariado CLT,,356,2025-02-27
CLI003705,Marcelo Rocha Martins,1990-07-08,PR,Autonomo,5554.08,665,2026-02-01
CLI003706,Rodrigo Carvalho Ferreira,2006-11-04,PR,Aposentado,2680.72,638,2022-06-10
CLI003707,Eduarda Barbosa Moraes,2000-12-27,ES,,10384.33,448,2026-04-17
CLI003708,Queren Lima Ferreira,1965-07-25,,Aposentado,2487.12,400,2025-03-23
CLI003709,Karina Silva Gomes,1978-05-22,PE,Autonomo,3461.29,958,2025-12-11
CLI003710,Karina Martins Oliveira,1988-02-15,SC,Assalariado CLT,8644.02,440,2022-12-09
CLI003711,Ursula Souza Teixeira,1979-08-26,PR,Assalariado CLT,1863.8,785,2026-07-11
CLI003712,Karina Gomes Santos,1981-03-27,PE,Estudante,3121.2,628,2023-01-11
CLI003713,Marcelo Teixeira Santos,1985-07-23,SC,Empresario,1819.95,360,2023-04-19
CLI003714,Joao Barbosa Pereira,1983-07-07,MG,Servidor Publico,8144.86,525,2023-04-11
CLI003715,Mariana Almeida Ribeiro,1983-08-08,SC,Assalariado CLT,13347.58,587,2022-07-02
CLI003716,Joao Silva Martins,1996-12-06,GO,Empresario,,439,2022-04-26
CLI003717,Zeca Lima Araujo,2007-03-05,MT,Assalariado CLT,2269.83,502,2022-11-26
CLI003718,Rafael Carvalho Ferreira,1980-12-21,ES,Servidor Publico,5038.47,649,2024-11-01
CLI003719,Yara Costa Nunes,1980-08-19,RS,Assalariado CLT,9665.93,448,2022-01-16
CLI003720,Wagner Barbosa Lima,1974-09-05,BA,Assalariado CLT,,676,2026-01-07
CLI003721,Zeca Souza Almeida,1996-09-03,MG,Assalariado CLT,,454,2025-04-24
CLI003722,Diego Teixeira Rodrigues,1973-08-18,SC,Autonomo,2960.03,529,2025-02-05
CLI003723,Juliana Oliveira Barbosa,1976-11-30,RJ,,1648.62,483,2021-10-27
CLI003724,Joao Ferreira Ribeiro,1993-08-13,RJ,Empresario,13090.86,658,2024-01-27
CLI003725,Rodrigo Araujo Martins,1990-10-13,SP,Aposentado,6884.14,545,2023-11-06
CLI003726,Sabrina Oliveira Almeida,1986-04-10,PE,Autonomo,4941.72,589,2025-01-07
CLI003727,Henrique Nunes Souza,1992-06-23,RS,Empresario,2027.24,559,2022-05-24
CLI003728,Olivia Araujo Araujo,1977-03-23,PR,,12909.26,727,2024-04-13
CLI003729,Amanda Nunes Ribeiro,1955-04-12,BA,Assalariado CLT,,598,2022-11-05
CLI003730,Ana Martins Pereira,1997-11-04,BA,Empresario,9891.97,592,2024-09-10
CLI003731,Henrique Martins Silva,2007-04-19,MG,Profissional Liberal,8634.83,540,2026-02-15
CLI003732,Amanda Silva Souza,1992-07-01,SP,Assalariado CLT,,322,2026-04-13
CLI003733,Felipe Nunes Costa,1994-10-01,SP,Autonomo,,434,2025-12-30
CLI003734,Gabriela Nunes Gomes,1972-02-26,DF,Assalariado CLT,4234.7,800,2026-01-16
CLI003735,Diego Souza Nunes,1984-11-12,ES,Assalariado CLT,,817,2023-08-18
CLI003736,Isabela Ferreira Lima,1989-11-14,RJ,Assalariado CLT,3255.15,525,2026-02-01
CLI003737,Queren Araujo Oliveira,1985-02-19,DF,Servidor Publico,5191.91,570,2024-04-04
CLI003738,Rodrigo Araujo Carvalho,2001-04-04,RS,Autonomo,7269.82,535,2024-08-06
CLI003739,Amanda Nunes Lima,1968-03-14,CE,Autonomo,,316,2025-09-03
CLI003740,Patricia Moraes Pereira,1970-09-14,BA,Assalariado CLT,,445,2025-11-23
CLI003741,Carla Almeida Silva,1970-10-18,SP,Empresario,3360.99,463,2024-07-31
CLI003742,Ursula Nunes Moraes,1992-10-25,MG,Aposentado,,446,2025-01-08
CLI003743,Bruno Gomes Martins,2001-04-04,PR,Assalariado CLT,4628.68,522,2024-01-15
CLI003744,Yara Martins Martins,1992-05-22,SP,Autonomo,3452.93,359,2022-11-30
CLI003745,Wagner Lima Martins,1984-01-11,RJ,Assalariado CLT,4242.82,669,2023-01-19
CLI003746,Nelson Santos Oliveira,2007-06-27,,Assalariado CLT,13393.01,807,2024-06-23
CLI003747,Wagner Ferreira Silva,1987-08-04,MG,Servidor Publico,3004.38,551,2023-11-14
CLI003748,Henrique Santos Oliveira,1977-12-08,SP,Assalariado CLT,,830,2024-05-22
CLI003749,Carla Teixeira Pereira,1959-03-29,SC,Assalariado CLT,,595,2023-10-28
CLI003750,Karina Barbosa Ribeiro,1963-01-07,SC,Assalariado CLT,,611,2024-11-22
CLI003751,Karina Barbosa Costa,1999-12-11,CE,Assalariado CLT,10421.1,396,2026-06-14
CLI003752,Diego Araujo Nunes,1988-05-29,PA,Aposentado,3624.37,643,2023-05-20
CLI003753,Karina Ferreira Santos,1976-04-04,SP,Servidor Publico,3183.63,625,2026-07-22
CLI003754,Nelson Rocha Costa,1963-01-24,SP,Autonomo,6724.87,400,2022-10-15
CLI003755,Rodrigo Ribeiro Costa,1985-03-06,SC,Autonomo,,562,2021-12-23
CLI003756,Felipe Araujo Moraes,1982-08-12,SP,Assalariado CLT,2964.43,387,2023-05-31
CLI003757,Yara Santos Almeida,1986-12-01,MG,Assalariado CLT,4249.92,563,2026-02-11
CLI003758,Felipe Nunes Barbosa,1984-12-20,MG,Empresario,2117.35,664,2024-06-26
CLI003759,Gabriela Almeida Almeida,1989-09-10,DF,Profissional Liberal,9642.45,484,2026-04-17
CLI003760,Sabrina Almeida Lima,1959-01-06,CE,Assalariado CLT,3139.67,490,2026-07-27
CLI003761,Bruno Rocha Costa,1953-07-19,SP,Servidor Publico,4988.51,725,2026-07-17
CLI003762,Juliana Araujo Lima,1985-07-29,,Profissional Liberal,,358,2026-04-26
CLI003763,Yara Moraes Souza,1967-08-29,CE,Assalariado CLT,2349.16,636,2023-04-26
CLI003764,Joao Gomes Barbosa,1979-04-19,BA,Assalariado CLT,2123.66,749,2022-12-02
CLI003765,Carla Moraes Ferreira,1991-04-18,SP,Assalariado CLT,4237.48,815,2025-03-29
CLI003766,Amanda Costa Silva,1985-08-28,PR,Autonomo,2056.39,770,2024-04-12
CLI003767,Karina Carvalho Teixeira,1993-05-07,SC,Assalariado CLT,5194.9,376,2023-11-03
CLI003768,Thiago Ferreira Almeida,1977-03-03,BA,Assalariado CLT,14354.73,613,2024-10-22
CLI003769,Gabriela Ferreira Almeida,1974-08-31,MG,Empresario,8260.9,676,2022-08-11
CLI003770,Rodrigo Santos Rocha,1998-09-19,SP,Empresario,3196.18,455,2025-08-18
CLI003771,Zeca Silva Barbosa,1964-05-21,SP,Assalariado CLT,6908.19,666,2025-11-15
CLI003772,Eduarda Pereira Barbosa,1991-05-16,MG,,1857.57,430,2021-12-15
CLI003773,Yara Ferreira Nunes,1988-12-20,BA,Assalariado CLT,1727.61,706,2024-08-18
CLI003774,Bruno Souza Teixeira,1984-07-30,SP,Empresario,,692,2024-05-05
CLI003775,Ana Silva Souza,1993-08-11,RS,Autonomo,7559.54,664,2025-02-28
CLI003776,Felipe Souza Gomes,2001-04-20,RS,Autonomo,4709.56,746,2025-01-21
CLI003777,Mariana Araujo Almeida,1962-03-03,SP,Autonomo,,631,2023-05-08
CLI003778,Henrique Pereira Carvalho,1984-02-08,SP,Empresario,6783.72,364,2026-02-14
CLI003779,Ana Souza Rocha,1984-05-28,RJ,Aposentado,2945.82,628,2022-07-11
CLI003780,Ana Carvalho Gomes,1974-10-14,BA,Autonomo,,473,2024-02-25
CLI003781,Thiago Silva Lima,1981-11-03,BA,Assalariado CLT,2671.01,415,2022-04-02
CLI003782,Nelson Barbosa Barbosa,1983-02-12,,Servidor Publico,9370.98,299,2025-09-10
CLI003783,Eduarda Araujo Araujo,2006-10-14,MT,Autonomo,5186.75,668,2023-02-27
CLI003784,Paulo Silva Ribeiro,1991-11-12,MG,Empresario,,677,2024-07-10
CLI003785,Felipe Rocha Souza,1990-11-01,PR,Autonomo,6347.16,674,2023-02-26
CLI003786,Carla Nunes Almeida,1992-12-10,MG,Assalariado CLT,5056.81,347,2023-06-04
CLI003787,Rodrigo Nunes Moraes,1980-10-17,SP,Assalariado CLT,6804.19,864,2023-05-18
CLI003788,Mariana Araujo Almeida,1995-07-12,ES,Autonomo,,391,2023-02-10
CLI003789,Karina Lima Lima,1968-05-18,SP,Profissional Liberal,3211.48,654,2026-06-25
CLI003790,Amanda Moraes Silva,1989-11-24,PA,Assalariado CLT,4001.92,548,2022-04-23
CLI003791,Karina Ferreira Costa,1973-06-06,SC,,9474.18,570,2023-09-08
CLI003792,Isabela Carvalho Santos,1977-03-29,PE,Assalariado CLT,2496.69,585,2025-10-23
CLI003793,Carla Martins Ribeiro,1986-03-05,SP,Aposentado,1598.31,709,2023-12-04
CLI003794,Eduarda Santos Rodrigues,1996-10-28,,Assalariado CLT,12283.67,564,2026-06-14
CLI003795,Patricia Souza Souza,1981-08-08,RS,Profissional Liberal,,592,2023-11-10
CLI003796,Joao Costa Barbosa,2007-05-06,RJ,Assalariado CLT,,446,2026-02-28
CLI003797,Queren Moraes Araujo,1981-03-18,CE,Assalariado CLT,,964,2024-11-11
CLI003798,Rodrigo Martins Araujo,1987-11-09,SP,Profissional Liberal,,246,2026-02-20
CLI003799,Yara Costa Souza,1987-03-04,PA,Aposentado,1809.56,582,2022-09-09
CLI003800,Felipe Teixeira Carvalho,1975-06-14,SP,Assalariado CLT,5214.34,486,2024-11-13
CLI003801,Thiago Moraes Gomes,1985-10-23,RJ,Assalariado CLT,2044.86,725,2025-03-19
CLI003802,Sabrina Costa Almeida,1981-11-01,ES,Empresario,,664,2024-03-05
CLI003803,Eduarda Ferreira Nunes,1966-08-30,DF,Aposentado,6412.39,633,2026-02-09
CLI003804,Patricia Gomes Rodrigues,1992-06-04,SP,Assalariado CLT,2670.34,383,2022-01-07
CLI003805,Olivia Ferreira Souza,1982-07-22,PA,,3122.34,804,2023-08-06
CLI003806,Felipe Costa Silva,1985-12-09,SP,Autonomo,7764.4,598,2025-05-09
CLI003807,Rodrigo Silva Nunes,2002-05-20,PR,Assalariado CLT,10354.62,535,2024-07-16
CLI003808,Bruno Lima Araujo,1995-05-17,RS,Autonomo,1200.0,770,2024-02-13
CLI003809,Queren Martins Rodrigues,1992-05-11,SC,Assalariado CLT,1996.35,701,2022-06-16
CLI003810,Marcelo Carvalho Santos,1997-12-27,MG,Assalariado CLT,8570.85,608,2025-03-31
CLI003811,Ana Oliveira Ribeiro,1976-11-08,PA,Assalariado CLT,,689,2023-02-12
CLI003812,Juliana Carvalho Moraes,1985-01-22,MG,Aposentado,,520,2023-04-29
CLI003813,Mariana Rocha Santos,1997-08-14,SP,Assalariado CLT,2444.7,628,2024-02-19
CLI003814,Felipe Ribeiro Santos,1989-03-28,SP,Assalariado CLT,5385.18,750,2025-12-29
CLI003815,Lucas Almeida Rodrigues,1993-11-21,SP,,4981.22,515,2023-01-09
CLI003816,Olivia Araujo Rocha,1986-08-14,SC,Profissional Liberal,2410.52,896,2022-05-23
CLI003817,Lucas Araujo Rodrigues,1991-01-08,RS,Servidor Publico,14121.77,574,2025-10-17
CLI003818,Isabela Araujo Araujo,1955-04-27,SP,Aposentado,1993.18,589,2026-04-22
CLI003819,Gabriela Lima Rocha,1974-03-24,BA,Assalariado CLT,1437.65,765,2022-11-08
CLI003820,Karina Costa Carvalho,2006-07-30,,Assalariado CLT,7338.72,511,2025-07-23
CLI003821,Thiago Araujo Nunes,1986-07-29,ES,Assalariado CLT,1789.94,381,2022-12-06
CLI003822,Vinicius Almeida Silva,1990-04-11,PR,Assalariado CLT,6827.16,532,2021-09-28
CLI003823,Lucas Silva Rocha,1989-03-05,SP,Servidor Publico,3014.68,585,2023-10-11
CLI003824,Ana Pereira Ferreira,1992-12-23,SP,Aposentado,8967.01,734,2025-09-21
CLI003825,Nelson Moraes Rocha,1996-03-26,SC,Aposentado,7374.16,438,2021-09-21
CLI003826,Joao Nunes Ferreira,1994-06-26,PE,Servidor Publico,9528.84,498,2025-04-28
CLI003827,Diego Oliveira Costa,1971-05-03,PA,Assalariado CLT,2139.22,572,2024-03-06
CLI003828,Isabela Costa Pereira,1979-03-15,SP,Assalariado CLT,3194.07,527,2023-02-22
CLI003829,Juliana Pereira Costa,1990-06-04,PA,Autonomo,3762.54,562,2024-01-02
CLI003830,Vinicius Ferreira Almeida,1988-04-02,RJ,Assalariado CLT,3093.12,744,2026-05-01
CLI003831,Wagner Santos Teixeira,1975-01-16,RS,,1200.0,553,2024-07-15
CLI003832,Thiago Silva Barbosa,1985-01-08,MG,Autonomo,5436.37,871,2026-04-05
CLI003833,Mariana Nunes Almeida,1990-10-16,RS,Assalariado CLT,1807.68,436,2025-02-16
CLI003834,Paulo Rocha Moraes,1998-09-06,PA,Servidor Publico,12038.48,441,2024-09-15
CLI003835,Ursula Lima Oliveira,1993-07-05,SP,Empresario,14361.35,570,2025-05-12
CLI003836,Marcelo Nunes Rodrigues,1995-10-03,PR,Assalariado CLT,,706,2023-11-24
CLI003837,Felipe Barbosa Silva,1978-11-18,SC,,3467.83,593,2026-04-09
CLI003838,Zeca Araujo Ribeiro,1999-05-29,SP,Empresario,4395.66,533,2026-02-22
CLI003839,Queren Souza Rocha,1986-03-02,PA,Assalariado CLT,10568.49,592,2021-10-16
CLI003840,Paulo Teixeira Moraes,1969-04-01,SP,Assalariado CLT,2007.35,595,2023-06-22
CLI003841,Patricia Pereira Rodrigues,2004-02-16,CE,Autonomo,3548.28,641,2023-09-14
CLI003842,Yara Lima Silva,1976-12-02,SP,Autonomo,1200.0,563,2023-11-17
CLI003843,Rafael Ribeiro Pereira,1980-09-04,GO,Assalariado CLT,10167.12,561,2024-03-14
CLI003844,Queren Costa Ribeiro,1993-03-03,ES,Assalariado CLT,5229.74,633,2022-11-01
CLI003845,Eduarda Ferreira Rodrigues,2002-05-07,SP,Assalariado CLT,,806,2025-11-04
CLI003846,Wagner Teixeira Ribeiro,1970-07-03,RJ,Autonomo,,576,2026-01-03
CLI003847,Henrique Barbosa Rocha,1993-07-24,PR,Estudante,6221.75,360,2023-03-10
CLI003848,Ursula Pereira Oliveira,1968-08-13,GO,Empresario,4188.12,380,2024-06-26
CLI003849,Diego Martins Martins,1972-03-31,MG,Empresario,3025.26,673,2023-02-19
CLI003850,Lucas Santos Carvalho,1988-12-11,CE,Autonomo,7365.07,538,2021-11-13
CLI003851,Eduarda Rodrigues Barbosa,1983-11-25,PA,Assalariado CLT,4902.94,510,2025-04-14
CLI003852,Queren Araujo Moraes,1989-12-08,CE,Assalariado CLT,,685,2024-09-03
CLI003853,Rafael Lima Silva,1975-12-15,SP,Assalariado CLT,6824.28,706,2023-05-02
CLI003854,Joao Moraes Gomes,1993-02-11,RJ,Autonomo,4694.41,443,2026-08-08
CLI003855,Bruno Araujo Teixeira,2000-08-24,SP,Autonomo,10461.43,617,2022-11-03
CLI003856,Amanda Costa Ferreira,1980-03-28,RS,Autonomo,17025.74,726,2026-05-29
CLI003857,Diego Moraes Araujo,1970-02-08,ES,Aposentado,4228.38,446,2025-07-01
CLI003858,Rafael Santos Ferreira,1974-06-17,MT,Profissional Liberal,10025.1,519,2025-09-30
CLI003859,Mariana Lima Nunes,1992-01-20,DF,Aposentado,5184.12,623,2021-11-08
CLI003860,Amanda Teixeira Barbosa,1972-08-31,SC,Autonomo,4735.85,693,2023-02-25
CLI003861,Thiago Martins Costa,1970-10-28,ES,Assalariado CLT,2154.59,629,2022-05-15
CLI003862,Ursula Souza Barbosa,1995-02-26,RJ,Assalariado CLT,3740.13,553,2023-04-22
CLI003863,Yara Pereira Oliveira,1986-06-07,MG,Autonomo,4066.67,682,2023-10-25
CLI003864,Zeca Souza Ribeiro,1982-03-08,SP,Assalariado CLT,5194.35,716,2022-11-19
CLI003865,Paulo Silva Araujo,1992-11-18,SP,Autonomo,16910.76,519,2025-07-02
CLI003866,Amanda Costa Rocha,1969-03-27,RS,Assalariado CLT,4914.38,710,2023-12-13
CLI003867,Karina Costa Nunes,2007-03-11,MG,Autonomo,,610,2024-01-07
CLI003868,Sabrina Barbosa Santos,1998-12-09,BA,Aposentado,10289.75,510,2025-06-10
CLI003869,Bruno Rocha Santos,2001-12-05,BA,Assalariado CLT,2438.0,560,2024-07-03
CLI003870,Zeca Santos Pereira,1982-09-30,GO,,,515,2025-04-07
CLI003871,Isabela Rodrigues Rocha,1963-01-06,CE,Servidor Publico,3032.75,504,2022-07-22
CLI003872,Yara Santos Carvalho,1988-03-04,SP,Assalariado CLT,5450.33,639,2024-05-14
CLI003873,Patricia Oliveira Teixeira,1968-07-09,CE,Autonomo,2172.87,454,2024-02-07
CLI003874,Yara Oliveira Silva,1983-09-19,BA,Assalariado CLT,3841.68,626,2021-10-16
CLI003875,Ana Ribeiro Moraes,1976-02-27,MG,Autonomo,5622.24,306,2025-08-22
CLI003876,Ursula Santos Nunes,1996-12-22,PR,Profissional Liberal,2851.91,824,2025-12-07
CLI003877,Juliana Nunes Oliveira,1996-07-16,RS,Assalariado CLT,4212.55,594,2025-02-11
CLI003878,Ursula Ribeiro Ferreira,1990-04-27,BA,Assalariado CLT,3087.83,744,2023-08-18
CLI003879,Amanda Rocha Gomes,2007-05-28,MG,Aposentado,5641.14,443,2023-05-26
CLI003880,Ana Souza Ferreira,1988-01-26,PR,Autonomo,,625,2024-11-25
CLI003881,Felipe Moraes Barbosa,1970-07-16,DF,Profissional Liberal,4040.86,517,2026-06-30
CLI003882,Marcelo Martins Costa,1993-09-25,SP,Assalariado CLT,6702.74,761,2024-08-03
CLI003883,Gabriela Oliveira Costa,1961-01-29,SP,Autonomo,13332.59,707,2023-06-20
CLI003884,Vinicius Souza Costa,1977-06-27,SP,Assalariado CLT,4494.34,801,2025-09-04
CLI003885,Zeca Ribeiro Ferreira,1978-05-25,RS,Assalariado CLT,10465.07,797,2026-04-25
CLI003886,Vinicius Costa Gomes,1996-04-23,GO,Empresario,2777.93,543,2025-09-16
CLI003887,Mariana Lima Araujo,1999-03-06,RJ,Autonomo,3755.36,617,2026-07-08
CLI003888,Juliana Ribeiro Barbosa,1975-03-14,SP,Autonomo,,660,2023-10-18
CLI003889,Yara Lima Rodrigues,1977-04-21,SP,Servidor Publico,7163.42,643,2024-06-03
CLI003890,Thiago Almeida Oliveira,1978-09-19,GO,Autonomo,11561.95,645,2025-10-14
CLI003891,Amanda Ribeiro Costa,2006-11-13,PR,Assalariado CLT,,759,2022-08-02
CLI003892,Joao Ribeiro Santos,1975-06-14,SP,Assalariado CLT,11749.21,525,2026-05-06
CLI003893,Gabriela Barbosa Santos,1979-10-20,SP,Assalariado CLT,5992.96,638,2022-01-26
CLI003894,Sabrina Costa Carvalho,2003-04-19,MG,Assalariado CLT,2630.08,546,2023-08-04
CLI003895,Felipe Pereira Teixeira,1984-10-22,SP,Servidor Publico,6370.46,584,2024-11-20
CLI003896,Amanda Carvalho Silva,1995-05-31,PR,Autonomo,1595.72,722,2025-03-09
CLI003897,Diego Santos Ferreira,1990-10-17,MT,Autonomo,2289.24,692,2022-01-08
CLI003898,Yara Martins Rocha,1987-04-07,RJ,Autonomo,7078.3,678,2024-05-18
CLI003899,Eduarda Lima Araujo,1964-07-06,MG,Aposentado,6855.57,597,2025-12-06
CLI003900,Carla Souza Carvalho,1965-09-12,RJ,Servidor Publico,4243.03,311,2026-06-20
CLI003901,Thiago Rocha Carvalho,1984-11-23,PR,Empresario,,574,2024-01-27
CLI003902,Eduarda Oliveira Teixeira,2006-12-23,SP,Empresario,8329.27,634,2022-10-31
CLI003903,Juliana Souza Souza,1976-12-06,MG,Autonomo,2605.7,934,2023-08-26
CLI003904,Gabriela Pereira Carvalho,1973-05-19,DF,Servidor Publico,6426.65,674,2024-05-25
CLI003905,Diego Rodrigues Moraes,1998-11-01,PE,Assalariado CLT,3475.93,597,2023-03-19
CLI003906,Zeca Silva Rodrigues,1971-09-25,PA,Assalariado CLT,10450.88,465,2024-08-02
CLI003907,Marcelo Lima Nunes,1986-12-29,GO,Servidor Publico,,573,2024-06-06
CLI003908,Ana Costa Santos,1983-12-28,SC,Aposentado,1431.12,555,2021-10-07
CLI003909,Sabrina Silva Costa,1987-10-08,SP,Assalariado CLT,10848.78,567,2025-12-11
CLI003910,Joao Almeida Ferreira,1975-07-27,SP,Assalariado CLT,4876.68,677,2024-12-23
CLI003911,Nelson Ribeiro Costa,1981-07-30,SP,Assalariado CLT,8025.65,538,2025-05-25
CLI003912,Thiago Souza Costa,1990-05-10,PR,Empresario,4349.07,873,2022-06-01
CLI003913,Karina Gomes Teixeira,1992-04-30,ES,Autonomo,8883.39,743,2025-04-13
CLI003914,Lucas Teixeira Martins,1974-04-01,SP,Assalariado CLT,2903.51,490,2026-07-04
CLI003915,Lucas Oliveira Barbosa,1996-03-26,SP,Empresario,2523.93,515,2025-02-16
CLI003916,Karina Rodrigues Ribeiro,1972-08-26,PE,Autonomo,13457.36,778,2022-02-19
CLI003917,Queren Rodrigues Rocha,1973-01-05,SP,Assalariado CLT,5375.65,563,2021-09-27
CLI003918,Juliana Pereira Araujo,1993-07-15,RJ,Empresario,4954.3,809,2026-03-11
CLI003919,Thiago Silva Araujo,1974-03-04,MG,Servidor Publico,,300,2024-08-15
CLI003920,Wagner Gomes Santos,1986-07-16,SP,Profissional Liberal,15449.94,531,2026-07-15
CLI003921,Marcelo Ribeiro Souza,1998-01-12,GO,Empresario,1200.0,678,2024-07-23
CLI003922,Henrique Pereira Costa,1991-09-15,PA,Servidor Publico,5121.9,871,2024-04-20
CLI003923,Isabela Costa Rocha,1990-10-30,SP,Assalariado CLT,3408.69,602,2025-02-17
CLI003924,Ana Lima Ferreira,1981-01-18,SP,Aposentado,5471.16,331,2026-02-21
CLI003925,Ana Souza Rodrigues,1994-11-17,RJ,Assalariado CLT,8293.92,655,2024-12-06
CLI003926,Bruno Barbosa Rodrigues,1987-08-09,RJ,Assalariado CLT,4848.77,708,2024-09-13
CLI003927,Wagner Ferreira Oliveira,1967-04-06,SP,Empresario,2095.43,542,2025-07-31
CLI003928,Sabrina Carvalho Araujo,1993-05-15,SP,,,606,2023-03-05
CLI003929,Karina Moraes Nunes,2007-07-19,PR,Autonomo,2331.72,790,2023-01-13
CLI003930,Ana Costa Teixeira,2000-06-11,PA,Estudante,8121.62,681,2026-06-20
CLI003931,Wagner Pereira Silva,1997-10-21,BA,Empresario,,657,2023-03-17
CLI003932,Queren Ribeiro Rodrigues,1967-09-29,PR,Assalariado CLT,6552.32,732,2023-06-07
CLI003933,Karina Teixeira Costa,1971-03-08,ES,Aposentado,,439,2022-03-21
CLI003934,Rodrigo Santos Barbosa,1983-04-06,SP,Assalariado CLT,8633.1,645,2022-08-22
CLI003935,Henrique Rodrigues Ribeiro,1951-10-18,MG,Profissional Liberal,4405.17,644,2023-06-04
CLI003936,Ana Ferreira Silva,1976-02-21,RJ,Empresario,3803.54,706,2021-10-22
CLI003937,Isabela Costa Rocha,2003-04-06,MG,Aposentado,3963.45,497,2023-05-10
CLI003938,Olivia Costa Nunes,1984-04-22,ES,Assalariado CLT,9408.95,535,2024-08-07
CLI003939,Wagner Rocha Almeida,1971-09-15,RJ,Assalariado CLT,3761.44,784,2026-03-24
CLI003940,Rodrigo Oliveira Carvalho,2002-07-25,RS,Assalariado CLT,3161.43,735,2025-07-21
CLI003941,Yara Souza Souza,1980-04-24,RJ,Autonomo,6119.62,433,2026-02-03
CLI003942,Mariana Pereira Costa,1996-10-22,PE,Servidor Publico,1945.24,724,2024-09-24
CLI003943,Patricia Souza Lima,1981-05-01,PR,Servidor Publico,1715.63,628,2022-06-03
CLI003944,Marcelo Costa Nunes,1968-10-04,DF,Autonomo,3237.8,443,2023-11-27
CLI003945,Lucas Oliveira Rocha,1973-09-11,MT,Autonomo,5333.82,736,2026-06-10
CLI003946,Joao Almeida Gomes,1987-10-11,SP,Autonomo,5433.04,585,2026-05-09
CLI003947,Ursula Teixeira Ribeiro,1986-03-24,SP,Empresario,4550.44,709,2025-08-19
CLI003948,Ana Rocha Barbosa,1992-03-10,RS,Autonomo,1972.97,227,2025-08-17
CLI003949,Rafael Oliveira Nunes,1998-05-13,CE,Empresario,8231.87,663,2025-05-13
CLI003950,Sabrina Rocha Rodrigues,2007-06-20,BA,Autonomo,6948.35,719,2022-10-20
CLI003951,Amanda Rocha Rodrigues,1967-02-15,CE,Assalariado CLT,4425.21,551,2025-07-23
CLI003952,Ana Almeida Lima,1992-08-09,MG,Autonomo,1200.0,688,2021-09-17
CLI003953,Queren Souza Araujo,1976-02-26,SP,Servidor Publico,,715,2025-11-25
CLI003954,Felipe Martins Rodrigues,1994-09-18,SP,Profissional Liberal,1969.26,528,2023-06-13
CLI003955,Nelson Costa Araujo,1986-11-27,BA,Empresario,4898.22,409,2021-09-05
CLI003956,Ana Araujo Teixeira,1989-05-12,BA,Aposentado,3523.66,468,2025-04-21
CLI003957,Patricia Pereira Carvalho,1971-12-17,BA,Autonomo,6411.23,639,2025-07-30
CLI003958,Yara Lima Gomes,1976-07-03,ES,Aposentado,9958.65,590,2024-01-03
CLI003959,Karina Teixeira Lima,1978-01-28,MG,Assalariado CLT,3615.53,547,2026-01-26
CLI003960,Zeca Pereira Almeida,1995-12-25,SP,Autonomo,6186.87,713,2023-05-04
CLI003961,Eduarda Rodrigues Santos,1979-05-24,SP,Assalariado CLT,5860.09,850,2025-06-02
CLI003962,Zeca Gomes Rocha,1978-03-20,RS,Autonomo,4032.75,745,2025-05-26
CLI003963,Yara Rocha Moraes,2006-07-26,,Aposentado,,615,2022-02-08
CLI003964,Eduarda Araujo Santos,1997-07-13,SP,Aposentado,5978.94,583,2025-12-29
CLI003965,Gabriela Moraes Silva,1983-09-29,BA,Autonomo,6004.58,708,2026-05-25
CLI003966,Diego Carvalho Teixeira,1965-12-21,SP,Assalariado CLT,,600,2022-10-08
CLI003967,Marcelo Pereira Costa,1996-11-12,RS,Empresario,3366.84,427,2025-05-25
CLI003968,Vinicius Lima Carvalho,1987-04-01,RJ,Assalariado CLT,3067.43,754,2022-07-05
CLI003969,Bruno Almeida Carvalho,1997-02-14,SP,Assalariado CLT,2196.2,595,2023-03-25
CLI003970,Henrique Araujo Souza,1976-12-03,SP,Aposentado,3099.73,573,2021-12-27
CLI003971,Queren Barbosa Souza,1988-01-27,PR,Autonomo,6929.58,707,2022-11-11
CLI003972,Henrique Ribeiro Carvalho,1974-07-02,PE,Autonomo,2612.65,637,2026-05-13
CLI003973,Wagner Moraes Souza,2002-06-19,DF,Assalariado CLT,4571.11,570,2021-09-17
CLI003974,Sabrina Ribeiro Pereira,1998-07-09,RS,Assalariado CLT,,647,2026-01-11
CLI003975,Vinicius Silva Nunes,2003-04-05,,Autonomo,4426.01,712,2026-06-10
CLI003976,Thiago Teixeira Souza,1973-06-05,PE,Assalariado CLT,4033.12,883,2026-04-29
CLI003977,Sabrina Silva Santos,1992-11-19,RJ,,2424.2,683,2026-05-01
CLI003978,Henrique Gomes Costa,1987-11-08,MT,Autonomo,2810.01,483,2023-07-09
CLI003979,Rodrigo Araujo Martins,1984-09-04,BA,Autonomo,,812,2021-09-30
CLI003980,Joao Santos Rodrigues,1989-07-27,RJ,Assalariado CLT,3520.28,358,2022-08-30
CLI003981,Karina Souza Souza,1973-12-06,RJ,Autonomo,2312.5,838,2023-12-20
CLI003982,Lucas Ribeiro Rocha,1987-11-08,RJ,Assalariado CLT,5066.35,499,2025-08-15
CLI003983,Amanda Moraes Ribeiro,1986-07-13,BA,Empresario,3124.99,643,2025-01-10
CLI003984,Rodrigo Santos Moraes,2007-04-29,PR,Aposentado,3148.56,380,2026-06-27
CLI003985,Amanda Rodrigues Barbosa,1973-09-13,PR,Autonomo,,744,2026-04-18
CLI003986,Yara Souza Rodrigues,1995-07-15,SC,Autonomo,6862.81,611,2024-11-05
CLI003987,Paulo Nunes Rodrigues,1989-10-26,PR,Assalariado CLT,7138.48,640,2021-12-20
CLI003988,Olivia Santos Carvalho,1976-02-24,BA,Autonomo,,277,2024-10-10
CLI003989,Henrique Gomes Oliveira,1983-05-19,DF,Servidor Publico,5219.4,733,2023-10-06
CLI003990,Diego Souza Rodrigues,1977-02-01,SP,Autonomo,2812.01,203,2022-12-20
CLI003991,Zeca Martins Lima,1991-09-02,SP,Autonomo,4353.68,617,2025-06-27
CLI003992,Lucas Lima Almeida,2000-10-15,SP,Autonomo,4662.33,556,2023-05-16
CLI003993,Carla Rocha Lima,1989-09-26,SP,Servidor Publico,7627.87,582,2024-03-25
CLI003994,Zeca Souza Rodrigues,1990-07-02,MG,,9109.4,241,2024-12-29
CLI003995,Felipe Nunes Santos,1979-05-28,SP,Profissional Liberal,2179.15,711,2021-12-26
CLI003996,Gabriela Gomes Lima,1977-12-15,MG,Aposentado,7727.66,633,2024-02-06
CLI003997,Henrique Almeida Nunes,1977-12-27,GO,Estudante,1200.0,600,2025-10-15
CLI003998,Rafael Ribeiro Ferreira,1995-02-03,SP,Estudante,7391.94,656,2021-10-13
CLI003999,Nelson Gomes Teixeira,1979-08-31,DF,Profissional Liberal,7611.61,787,2025-02-18
CLI004000,Sabrina Teixeira Carvalho,1993-11-09,MG,Empresario,15824.46,495,2024-06-11
CLI004001,Queren Nunes Teixeira,1964-08-17,PR,Assalariado CLT,1993.4,596,2021-12-10
CLI004002,Patricia Oliveira Lima,2006-09-10,SP,Autonomo,,821,2022-02-02
CLI004003,Lucas Silva Gomes,1983-04-26,PR,Servidor Publico,2944.27,632,2025-08-18
CLI004004,Marcelo Nunes Pereira,1986-02-09,PE,Assalariado CLT,,509,2026-04-04
CLI004005,Carla Nunes Almeida,2006-09-25,RS,Servidor Publico,1643.89,599,2024-05-04
CLI004006,Diego Teixeira Moraes,1983-01-25,MG,Autonomo,,441,2025-09-05
CLI004007,Vinicius Costa Nunes,1981-07-31,DF,Assalariado CLT,,876,2024-12-19
CLI004008,Vinicius Pereira Costa,1997-06-15,BA,Assalariado CLT,,862,2024-12-28
CLI004009,Zeca Oliveira Oliveira,2006-11-15,MG,Assalariado CLT,9043.32,820,2023-10-29
CLI004010,Karina Carvalho Pereira,2007-02-02,MG,Assalariado CLT,5784.12,837,2023-09-22
CLI004011,Bruno Pereira Nunes,1969-07-15,PR,Autonomo,,503,2026-04-18
CLI004012,Ursula Souza Santos,1975-03-20,SP,Assalariado CLT,1256.61,712,2025-07-04
CLI004013,Mariana Moraes Lima,1970-03-30,SP,Autonomo,,684,2025-02-19
CLI004014,Olivia Silva Oliveira,1970-06-01,PE,Aposentado,4329.87,609,2023-05-24
CLI004015,Lucas Silva Barbosa,1965-01-06,SP,Profissional Liberal,5177.33,788,2025-03-25
CLI004016,Marcelo Costa Teixeira,2001-08-16,,Assalariado CLT,10256.9,806,2022-01-08
CLI004017,Isabela Rocha Martins,1998-08-24,SP,Autonomo,3452.62,669,2025-02-24
CLI004018,Paulo Gomes Souza,1975-03-29,,Autonomo,5255.26,658,2025-12-05
CLI004019,Rafael Silva Teixeira,1970-05-23,PE,Aposentado,6115.72,489,2022-01-18
CLI004020,Marcelo Teixeira Gomes,1993-10-14,BA,Autonomo,3772.71,731,2022-03-10
CLI004021,Vinicius Moraes Silva,1982-02-10,SC,Autonomo,3412.04,447,2025-07-21
CLI004022,Sabrina Costa Gomes,1956-07-02,BA,Aposentado,,749,2023-04-14
CLI004023,Carla Carvalho Rocha,2003-07-29,GO,Assalariado CLT,,835,2024-09-04
CLI004024,Amanda Carvalho Oliveira,1983-01-12,RJ,Servidor Publico,5995.32,401,2024-08-22
CLI004025,Henrique Araujo Silva,1979-09-08,GO,Assalariado CLT,9089.82,720,2024-08-29
CLI004026,Wagner Moraes Santos,1982-03-07,GO,Empresario,2911.62,747,2022-07-16
CLI004027,Juliana Nunes Rodrigues,1978-07-14,GO,Autonomo,11768.38,623,2022-06-29
CLI004028,Rafael Nunes Ferreira,1988-05-19,RJ,Assalariado CLT,12785.29,637,2023-10-09
CLI004029,Sabrina Lima Teixeira,1965-12-25,MG,Autonomo,2240.17,413,2025-08-23
CLI004030,Queren Rocha Gomes,1986-06-07,MG,Assalariado CLT,14177.96,575,2024-04-02
CLI004031,Yara Lima Moraes,1975-01-02,PE,Profissional Liberal,1358.32,428,2023-08-15
CLI004032,Ana Rodrigues Almeida,1985-06-07,SP,Servidor Publico,6358.07,642,2023-03-04
CLI004033,Zeca Araujo Pereira,1991-05-19,RS,Servidor Publico,15001.04,559,2024-02-02
CLI004034,Rodrigo Souza Souza,1993-09-29,RS,Assalariado CLT,3582.72,601,2022-11-26
CLI004035,Joao Santos Gomes,1987-09-03,CE,Assalariado CLT,3182.87,711,2021-09-09
CLI004036,Lucas Teixeira Santos,2006-11-08,PR,Empresario,2613.73,630,2026-07-31
CLI004037,Marcelo Ferreira Ribeiro,1987-12-05,MG,Autonomo,8151.92,689,2024-08-12
CLI004038,Thiago Souza Costa,1985-05-03,BA,,,497,2023-01-27
CLI004039,Ursula Souza Rocha,2001-03-04,,Autonomo,,773,2023-07-04
CLI004040,Isabela Lima Araujo,1977-01-04,CE,Assalariado CLT,5253.31,625,2026-01-13
CLI004041,Sabrina Martins Nunes,1998-12-28,SP,Assalariado CLT,10297.48,556,2025-08-08
CLI004042,Thiago Ribeiro Lima,1985-12-16,RS,Assalariado CLT,3524.76,557,2021-12-25
CLI004043,Henrique Rodrigues Carvalho,1987-05-19,BA,Assalariado CLT,,770,2025-06-14
CLI004044,Bruno Teixeira Martins,1970-09-22,RJ,Assalariado CLT,4042.15,746,2022-01-01
CLI004045,Ursula Carvalho Rocha,1985-04-13,SP,,8463.03,754,2023-03-13
CLI004046,Karina Pereira Ferreira,1989-04-02,GO,Aposentado,9812.6,469,2024-08-07
CLI004047,Karina Carvalho Martins,1978-11-24,SC,Servidor Publico,3814.58,504,2023-03-23
CLI004048,Patricia Martins Santos,1977-11-03,PE,Assalariado CLT,8343.84,630,2022-07-18
CLI004049,Eduarda Souza Moraes,1989-02-03,RJ,Servidor Publico,21690.07,456,2023-08-21
CLI004050,Thiago Silva Almeida,1985-05-23,BA,Aposentado,8165.6,583,2021-10-11
CLI004051,Ana Carvalho Gomes,1979-07-04,SP,Assalariado CLT,,796,2026-06-23
CLI004052,Gabriela Lima Silva,1997-06-12,DF,Assalariado CLT,,652,2025-08-28
CLI004053,Olivia Carvalho Araujo,1989-08-19,RJ,Servidor Publico,30994.74,766,2022-09-20
CLI004054,Isabela Costa Teixeira,1992-12-29,CE,Empresario,29947.86,543,2022-10-01
CLI004055,Patricia Lima Martins,1974-05-19,PA,Profissional Liberal,1542.62,585,2021-09-26
CLI004056,Isabela Moraes Santos,1974-03-22,RS,Assalariado CLT,18000.62,664,2023-08-05
CLI004057,Paulo Almeida Ribeiro,1981-12-06,BA,Servidor Publico,,744,2025-03-14
CLI004058,Diego Almeida Barbosa,1985-12-09,BA,Empresario,5979.73,523,2023-07-26
CLI004059,Paulo Carvalho Lima,1988-06-27,CE,Assalariado CLT,,414,2025-12-02
CLI004060,Thiago Souza Souza,2007-02-23,RS,Servidor Publico,,584,2026-07-24
CLI004061,Gabriela Ribeiro Souza,1983-07-25,DF,Empresario,6684.01,646,2025-07-17
CLI004062,Patricia Carvalho Ferreira,1981-09-13,SP,Estudante,4193.51,566,2024-08-04
CLI004063,Olivia Ferreira Rocha,1985-06-05,MT,Assalariado CLT,,781,2025-04-14
CLI004064,Rafael Teixeira Ribeiro,1966-03-13,MG,Assalariado CLT,1573.47,656,2024-04-17
CLI004065,Juliana Silva Almeida,1980-07-27,SP,Assalariado CLT,3013.17,528,2026-06-20
CLI004066,Paulo Carvalho Nunes,1980-07-17,SP,Assalariado CLT,2856.63,442,2023-10-11
CLI004067,Juliana Santos Costa,1984-04-09,RS,Autonomo,5499.5,634,2024-04-21
CLI004068,Felipe Martins Silva,1966-04-22,SC,Assalariado CLT,,496,2021-11-25
CLI004069,Ursula Silva Teixeira,1980-05-28,SP,Servidor Publico,,410,2026-08-04
CLI004070,Lucas Ferreira Oliveira,1969-07-05,RJ,,10109.98,889,2024-06-01
CLI004071,Bruno Santos Souza,1977-02-14,PR,Empresario,8010.32,696,2026-01-27
CLI004072,Rafael Araujo Costa,1981-04-17,PR,Autonomo,2968.43,449,2025-07-24
CLI004073,Amanda Oliveira Lima,1987-10-04,GO,Assalariado CLT,7217.59,688,2021-10-27
CLI004074,Ana Martins Oliveira,1972-01-16,PR,Servidor Publico,5356.53,906,2026-06-11
CLI004075,Rodrigo Pereira Gomes,1994-12-22,PA,Profissional Liberal,,604,2023-04-05
CLI004076,Nelson Rocha Pereira,2007-02-25,SP,Assalariado CLT,4787.91,633,2023-11-23
CLI004077,Lucas Araujo Rodrigues,1993-02-10,DF,Autonomo,1892.0,596,2025-08-14
CLI004078,Nelson Rodrigues Nunes,1974-08-31,SP,Assalariado CLT,4852.11,737,2026-07-07
CLI004079,Paulo Barbosa Martins,2001-04-22,PR,Autonomo,7119.38,384,2024-04-09
CLI004080,Gabriela Martins Ribeiro,1987-08-25,PR,Empresario,7547.52,629,2022-12-12
CLI004081,Karina Almeida Ferreira,2007-03-23,MG,Autonomo,,372,2022-10-12
CLI004082,Wagner Costa Nunes,1988-03-23,PE,Profissional Liberal,7433.45,714,2024-08-24
CLI004083,Ursula Barbosa Costa,1996-11-17,SC,Assalariado CLT,4816.63,369,2022-06-21
CLI004084,Wagner Araujo Teixeira,1972-06-13,SP,Assalariado CLT,2370.03,552,2025-04-30
CLI004085,Ursula Araujo Gomes,2002-04-14,RS,Empresario,6478.61,808,2024-05-22
CLI004086,Bruno Costa Souza,1983-10-20,SP,Assalariado CLT,1211.05,757,2022-01-28
CLI004087,Rafael Rocha Teixeira,1975-07-15,,Aposentado,5915.25,633,2024-10-17
CLI004088,Thiago Gomes Rodrigues,1974-10-24,SC,Assalariado CLT,3651.44,461,2022-08-29
CLI004089,Gabriela Gomes Gomes,1974-04-04,ES,Assalariado CLT,4480.27,582,2025-02-03
CLI004090,Rodrigo Carvalho Nunes,2003-09-16,,Autonomo,5152.5,654,2025-10-14
CLI004091,Mariana Silva Santos,1971-01-06,RJ,Empresario,3356.34,418,2023-09-28
CLI004092,Queren Santos Oliveira,2004-11-24,GO,Aposentado,7500.36,712,2024-10-11
CLI004093,Carla Costa Moraes,2001-12-10,MT,Assalariado CLT,6328.61,454,2023-11-10
CLI004094,Sabrina Costa Silva,1984-08-19,SP,Empresario,,629,2025-04-04
CLI004095,Rafael Oliveira Ferreira,2002-03-23,SP,Assalariado CLT,1810.28,643,2026-07-23
CLI004096,Rafael Martins Araujo,1988-01-04,PR,Autonomo,7297.78,720,2026-05-14
CLI004097,Felipe Lima Silva,1991-12-31,SP,Empresario,4768.01,539,2023-11-06
CLI004098,Wagner Oliveira Barbosa,1958-08-20,BA,Autonomo,,683,2025-03-29
CLI004099,Eduarda Oliveira Pereira,1992-12-10,MG,Aposentado,3504.57,658,2025-06-13
CLI004100,Carla Lima Oliveira,1994-04-13,SP,Servidor Publico,6146.95,272,2024-01-23
CLI004101,Olivia Almeida Moraes,1979-07-22,PE,Assalariado CLT,,669,2025-10-13
CLI004102,Juliana Teixeira Pereira,1992-04-10,GO,Empresario,4554.65,518,2025-11-14
CLI004103,Diego Ferreira Moraes,1985-10-18,RJ,Assalariado CLT,2845.84,473,2026-02-15
CLI004104,Rafael Martins Martins,2000-01-15,MG,Servidor Publico,3489.49,528,2023-05-03
CLI004105,Rafael Oliveira Nunes,1976-06-09,SP,Autonomo,6550.18,768,2023-07-26
CLI004106,Sabrina Almeida Martins,1962-11-30,PR,Estudante,6169.57,566,2024-10-13
CLI004107,Lucas Araujo Rocha,1966-07-28,BA,Assalariado CLT,4190.99,695,2025-11-27
CLI004108,Carla Ribeiro Ribeiro,1976-08-25,DF,Servidor Publico,10102.76,773,2023-08-09
CLI004109,Yara Silva Teixeira,1992-10-27,SP,Assalariado CLT,6474.4,507,2023-06-19
CLI004110,Joao Gomes Carvalho,1963-11-18,ES,Assalariado CLT,4374.22,672,2023-01-31
CLI004111,Karina Costa Almeida,1975-12-27,DF,Empresario,3647.85,791,2026-05-23
CLI004112,Amanda Moraes Martins,1967-02-02,SC,Assalariado CLT,2460.43,699,2022-09-20
CLI004113,Sabrina Rodrigues Martins,1963-01-30,SP,Servidor Publico,4015.6,727,2021-11-25
CLI004114,Mariana Oliveira Pereira,1993-04-10,PE,Assalariado CLT,6891.04,703,2022-12-17
CLI004115,Henrique Ferreira Oliveira,1969-02-21,PR,Autonomo,10990.02,534,2021-10-04
CLI004116,Lucas Almeida Barbosa,1981-06-20,RJ,Assalariado CLT,3985.32,522,2023-06-28
CLI004117,Ursula Nunes Martins,1963-12-15,SP,Assalariado CLT,14859.57,705,2023-01-29
CLI004118,Patricia Nunes Martins,1962-02-27,PR,Profissional Liberal,,902,2024-06-05
CLI004119,Ursula Nunes Araujo,1976-07-18,RS,Servidor Publico,12077.53,899,2024-02-04
CLI004120,Eduarda Costa Araujo,1983-08-21,MG,Autonomo,3464.33,586,2025-03-13
CLI004121,Mariana Barbosa Gomes,2005-04-14,RJ,Estudante,14614.38,729,2023-07-09
CLI004122,Carla Costa Rodrigues,1973-06-28,PR,Autonomo,5525.12,522,2022-04-13
CLI004123,Sabrina Silva Teixeira,1978-09-16,SP,Assalariado CLT,1806.62,503,2024-03-09
CLI004124,Mariana Rocha Souza,1987-05-16,MG,Assalariado CLT,9116.84,666,2026-07-27
CLI004125,Thiago Oliveira Moraes,1979-10-15,,Aposentado,20706.64,388,2023-11-03
CLI004126,Rafael Santos Pereira,2005-08-27,GO,Assalariado CLT,12099.64,809,2021-12-04
CLI004127,Diego Lima Lima,1974-03-06,RS,Autonomo,,501,2022-01-05
CLI004128,Vinicius Araujo Costa,1974-06-10,PE,Assalariado CLT,5115.22,668,2021-11-20
CLI004129,Joao Pereira Oliveira,1991-03-25,RJ,Empresario,5880.47,482,2026-07-28
CLI004130,Juliana Costa Carvalho,2004-03-19,SP,Autonomo,,464,2021-12-21
CLI004131,Juliana Moraes Teixeira,1970-02-26,GO,,1702.15,467,2026-02-12
CLI004132,Sabrina Nunes Lima,2003-01-05,SC,Empresario,5493.36,686,2024-01-11
CLI004133,Vinicius Martins Martins,1986-08-06,CE,Assalariado CLT,2062.93,710,2025-11-02
CLI004134,Ana Araujo Silva,1994-03-05,SP,Assalariado CLT,4046.49,436,2026-01-15
CLI004135,Joao Araujo Gomes,1997-11-24,PA,Empresario,,533,2025-05-24
CLI004136,Joao Carvalho Martins,1990-10-21,RJ,Assalariado CLT,3289.0,746,2021-10-29
CLI004137,Ana Oliveira Rodrigues,2002-06-16,MG,Autonomo,1200.0,428,2021-11-30
CLI004138,Juliana Gomes Pereira,1969-03-15,BA,Assalariado CLT,8427.41,785,2026-04-13
CLI004139,Gabriela Carvalho Barbosa,2001-06-07,SP,Assalariado CLT,4289.91,674,2025-04-17
CLI004140,Rafael Araujo Lima,1995-05-07,RS,Assalariado CLT,7332.72,595,2024-03-11
CLI004141,Wagner Ribeiro Pereira,2003-06-14,SP,Assalariado CLT,5986.25,388,2023-09-23
CLI004142,Sabrina Souza Silva,1969-02-14,ES,Assalariado CLT,3360.06,790,2023-09-23
CLI004143,Ursula Gomes Santos,1989-08-30,,Autonomo,3532.06,582,2023-04-01
CLI004144,Patricia Ferreira Martins,1982-09-05,RS,Profissional Liberal,5895.58,602,2023-09-11
CLI004145,Juliana Pereira Nunes,1978-12-25,RJ,Aposentado,2846.11,429,2024-09-15
CLI004146,Lucas Gomes Teixeira,1989-04-25,SP,Autonomo,4668.83,443,2022-11-23
CLI004147,Isabela Nunes Araujo,2001-12-25,PA,Empresario,2289.5,703,2023-06-18
CLI004148,Carla Lima Martins,2001-02-18,MG,Autonomo,4679.49,507,2024-08-13
CLI004149,Olivia Martins Ferreira,1994-02-26,SP,Aposentado,3036.99,562,2022-06-08
CLI004150,Gabriela Silva Ribeiro,1980-09-21,RS,Autonomo,6593.44,420,2025-08-11
CLI004151,Juliana Souza Teixeira,2003-02-07,SP,Empresario,6318.24,473,2023-01-19
CLI004152,Lucas Souza Teixeira,1975-12-14,SP,Empresario,9408.26,700,2021-09-08
CLI004153,Rafael Pereira Oliveira,1998-03-07,SP,Profissional Liberal,5033.44,465,2022-02-18
CLI004154,Zeca Santos Carvalho,1987-02-02,SC,Empresario,1200.0,367,2025-06-27
CLI004155,Rodrigo Araujo Carvalho,1993-04-07,PE,Assalariado CLT,,501,2022-05-29
CLI004156,Olivia Costa Santos,1993-06-13,DF,Autonomo,6198.68,606,2021-11-07
CLI004157,Yara Martins Moraes,1984-02-23,SP,Assalariado CLT,5716.6,568,2025-10-03
CLI004158,Rodrigo Gomes Santos,1974-04-24,RJ,Assalariado CLT,2732.81,793,2024-11-01
CLI004159,Marcelo Araujo Oliveira,1976-11-07,SP,Assalariado CLT,3779.98,619,2022-12-04
CLI004160,Sabrina Silva Santos,1995-08-14,RJ,,,556,2023-05-05
CLI004161,Joao Almeida Moraes,2001-08-07,MG,Assalariado CLT,4582.66,401,2022-11-17
CLI004162,Vinicius Gomes Costa,1983-05-07,SP,Assalariado CLT,,635,2022-11-08
CLI004163,Joao Gomes Oliveira,1992-01-22,RJ,Autonomo,9435.11,495,2024-07-26
CLI004164,Thiago Lima Lima,1969-05-11,GO,Profissional Liberal,,614,2024-03-15
CLI004165,Joao Almeida Souza,1985-06-09,SP,Assalariado CLT,,776,2021-08-23
CLI004166,Olivia Rocha Ferreira,1982-09-18,BA,Autonomo,3994.98,549,2025-08-14
CLI004167,Gabriela Pereira Ribeiro,1972-04-27,SP,Autonomo,5070.71,458,2024-02-21
CLI004168,Wagner Araujo Costa,1967-09-23,RS,Aposentado,1594.13,541,2026-06-20
CLI004169,Juliana Costa Lima,1959-01-10,SP,Autonomo,2980.47,392,2023-01-04
CLI004170,Queren Carvalho Nunes,1984-12-13,RJ,Autonomo,10623.52,655,2021-10-15
CLI004171,Joao Moraes Ferreira,1998-10-21,MG,Empresario,9327.74,569,2022-03-27
CLI004172,Carla Moraes Rodrigues,1987-10-20,PR,Profissional Liberal,1548.34,700,2024-01-05
CLI004173,Zeca Souza Almeida,1978-09-06,SP,Assalariado CLT,2389.07,646,2024-06-01
CLI004174,Mariana Ferreira Carvalho,1982-02-04,RJ,Aposentado,6134.42,667,2023-08-31
CLI004175,Bruno Carvalho Barbosa,2003-08-02,RJ,,,465,2022-12-11
CLI004176,Ursula Moraes Martins,2004-08-05,RS,Assalariado CLT,2931.24,949,2026-07-24
CLI004177,Carla Carvalho Gomes,1982-05-10,,Assalariado CLT,16755.28,678,2024-05-25
CLI004178,Isabela Costa Lima,1977-11-11,BA,Assalariado CLT,4362.92,593,2025-01-22
CLI004179,Ursula Pereira Rodrigues,1995-02-18,SP,Autonomo,7317.61,737,2024-04-12
CLI004180,Joao Santos Moraes,1992-05-13,SP,Servidor Publico,,630,2025-02-09
CLI004181,Carla Pereira Souza,1973-07-01,SC,Assalariado CLT,,517,2023-10-04
CLI004182,Olivia Carvalho Gomes,1968-07-04,SC,Autonomo,,486,2026-05-14
CLI004183,Ursula Pereira Lima,1975-05-04,SP,Autonomo,9807.18,487,2023-11-15
CLI004184,Karina Moraes Ferreira,1987-02-28,RJ,Aposentado,1760.46,560,2022-11-12
CLI004185,Wagner Moraes Souza,1990-11-03,PE,Assalariado CLT,14288.04,725,2025-02-14
CLI004186,Carla Rocha Souza,1992-04-24,MT,Assalariado CLT,3070.05,530,2024-04-30
CLI004187,Mariana Ferreira Moraes,1994-03-31,PE,Assalariado CLT,5254.53,409,2024-12-28
CLI004188,Ursula Souza Gomes,2001-09-19,SP,Autonomo,9638.24,674,2024-10-09
CLI004189,Felipe Oliveira Santos,1982-03-06,SP,Servidor Publico,3347.99,548,2023-05-08
CLI004190,Bruno Martins Ribeiro,1991-11-07,DF,Servidor Publico,2512.67,584,2022-05-14
CLI004191,Vinicius Rocha Santos,1984-07-15,DF,Servidor Publico,,587,2022-10-31
CLI004192,Marcelo Martins Pereira,1991-09-30,SP,Empresario,5418.85,924,2022-05-11
CLI004193,Karina Carvalho Santos,1993-11-21,PE,Assalariado CLT,,674,2024-10-05
CLI004194,Rafael Moraes Teixeira,1985-03-28,SP,Assalariado CLT,5051.47,558,2022-02-10
CLI004195,Patricia Ribeiro Silva,1986-11-30,SP,Assalariado CLT,4632.33,511,2025-10-03
CLI004196,Zeca Pereira Martins,2004-05-23,BA,Autonomo,4819.73,480,2024-01-19
CLI004197,Zeca Santos Rodrigues,1987-05-11,RJ,Autonomo,2270.77,856,2022-06-18
CLI004198,Queren Lima Rodrigues,2001-11-09,PE,,7066.68,741,2021-12-18
CLI004199,Patricia Rodrigues Lima,1983-10-17,RJ,Autonomo,2623.98,628,2026-03-20
CLI004200,Sabrina Lima Santos,1973-07-31,ES,Assalariado CLT,8011.85,838,2022-04-03
CLI004201,Queren Barbosa Rodrigues,1990-01-15,BA,Assalariado CLT,5623.28,568,2026-07-21
CLI004202,Olivia Silva Almeida,1970-11-25,MG,Assalariado CLT,4409.36,714,2023-04-14
CLI004203,Rafael Souza Moraes,1984-09-14,MG,Assalariado CLT,8620.64,543,2025-04-17
CLI004204,Thiago Barbosa Barbosa,1995-04-13,SP,Assalariado CLT,,663,2024-12-21
CLI004205,Olivia Oliveira Rodrigues,1981-11-06,SP,Autonomo,3763.3,570,2024-03-31
CLI004206,Ursula Almeida Araujo,1979-04-10,SP,Autonomo,,303,2022-07-31
CLI004207,Bruno Souza Martins,1997-03-10,ES,Servidor Publico,3573.45,495,2022-04-03
CLI004208,Queren Pereira Gomes,1994-06-23,RJ,Assalariado CLT,2486.16,472,2024-02-08
CLI004209,Diego Moraes Costa,1969-07-04,SP,Servidor Publico,5578.97,765,2022-01-27
CLI004210,Sabrina Barbosa Souza,1996-10-11,SP,Autonomo,3351.25,592,2023-12-11
CLI004211,Gabriela Santos Oliveira,1968-08-19,SP,Assalariado CLT,2483.58,708,2022-09-22
CLI004212,Paulo Araujo Lima,1984-11-26,GO,,3069.06,689,2021-09-04
CLI004213,Olivia Martins Araujo,1974-12-10,SP,Assalariado CLT,15449.37,521,2026-02-04
CLI004214,Sabrina Carvalho Gomes,1976-04-09,RJ,Assalariado CLT,4828.93,618,2025-04-19
CLI004215,Carla Silva Martins,1993-09-29,RJ,Aposentado,2965.64,588,2024-07-14
CLI004216,Marcelo Souza Carvalho,1992-12-16,SC,Autonomo,5155.34,453,2025-12-24
CLI004217,Karina Pereira Almeida,1980-08-12,SP,Empresario,6972.67,587,2026-01-30
CLI004218,Felipe Martins Ferreira,1981-02-20,SP,Assalariado CLT,2900.12,561,2022-09-30
CLI004219,Ana Oliveira Almeida,1991-08-24,,Assalariado CLT,,516,2022-07-22
CLI004220,Yara Araujo Carvalho,2001-08-30,CE,Assalariado CLT,2124.89,435,2025-04-14
CLI004221,Vinicius Lima Barbosa,1979-07-17,ES,Autonomo,9691.69,663,2024-02-06
CLI004222,Gabriela Rodrigues Souza,1985-05-10,SP,Assalariado CLT,1492.67,584,2026-05-27
CLI004223,Paulo Barbosa Oliveira,1995-12-21,RS,Servidor Publico,14812.02,690,2024-02-07
CLI004224,Zeca Barbosa Silva,1958-09-09,,Assalariado CLT,6949.84,445,2024-03-10
CLI004225,Nelson Souza Pereira,2000-02-05,CE,Assalariado CLT,4835.22,497,2025-09-18
CLI004226,Amanda Gomes Souza,1996-06-14,SP,Autonomo,,440,2026-01-24
CLI004227,Ana Gomes Pereira,1978-02-10,DF,Assalariado CLT,,425,2021-10-10
CLI004228,Felipe Gomes Silva,2004-09-05,MG,Assalariado CLT,5094.02,713,2023-01-21
CLI004229,Queren Gomes Barbosa,1950-03-18,SP,Assalariado CLT,10240.14,618,2024-06-14
CLI004230,Isabela Silva Moraes,2002-07-23,RS,Empresario,10606.19,738,2022-12-23
CLI004231,Karina Barbosa Santos,1993-10-28,MG,Aposentado,8594.8,611,2024-06-04
CLI004232,Queren Araujo Lima,1994-12-05,BA,Profissional Liberal,6520.31,580,2023-04-07
CLI004233,Olivia Ribeiro Santos,2007-01-02,RS,Autonomo,1790.84,427,2023-08-05
CLI004234,Marcelo Rodrigues Moraes,1974-01-04,MG,Servidor Publico,4953.62,734,2024-06-05
CLI004235,Joao Costa Nunes,1968-11-29,PR,Assalariado CLT,3671.27,668,2023-08-10
CLI004236,Eduarda Pereira Moraes,1972-01-11,SP,Autonomo,2815.53,534,2025-01-07
CLI004237,Karina Santos Almeida,1997-09-08,SP,Empresario,4535.29,585,2021-11-26
CLI004238,Patricia Souza Silva,1986-07-10,SP,Assalariado CLT,3982.9,763,2022-04-15
CLI004239,Eduarda Carvalho Teixeira,1994-08-26,PR,Servidor Publico,2708.81,572,2024-09-08
CLI004240,Queren Gomes Rodrigues,1966-04-06,SC,Assalariado CLT,8376.7,596,2025-08-25
CLI004241,Ursula Rocha Araujo,1983-08-05,SP,Autonomo,6042.79,670,2023-10-19
CLI004242,Zeca Oliveira Gomes,1996-12-26,SP,Assalariado CLT,1409.55,620,2025-10-23
CLI004243,Bruno Gomes Oliveira,1964-11-12,SP,Autonomo,,681,2023-08-10
CLI004244,Ursula Oliveira Lima,2002-11-23,SP,Servidor Publico,2155.69,447,2025-11-28
CLI004245,Olivia Gomes Moraes,1984-07-21,SC,Aposentado,3486.81,758,2023-08-14
CLI004246,Yara Gomes Barbosa,1968-03-19,ES,Autonomo,9168.16,591,2025-09-06
CLI004247,Nelson Moraes Souza,1969-06-16,ES,Assalariado CLT,11023.46,548,2026-06-21
CLI004248,Mariana Barbosa Moraes,1990-09-27,CE,Aposentado,2935.03,446,2025-11-07
CLI004249,Queren Santos Lima,1983-06-05,SP,Assalariado CLT,4266.59,686,2025-06-07
CLI004250,Rafael Moraes Santos,1988-10-31,PA,Empresario,8282.86,302,2025-01-07
CLI004251,Eduarda Silva Carvalho,1995-06-14,PR,,2578.06,554,2023-11-27
CLI004252,Zeca Teixeira Teixeira,1995-07-25,SP,Assalariado CLT,2603.78,587,2024-04-13
CLI004253,Bruno Almeida Barbosa,1997-06-26,MG,Autonomo,4334.02,564,2021-10-27
CLI004254,Gabriela Ribeiro Teixeira,1999-05-15,PR,Empresario,1200.0,828,2021-11-13
CLI004255,Mariana Almeida Silva,1990-10-16,ES,,7745.59,633,2023-08-28
CLI004256,Ursula Silva Martins,1981-06-25,,,6330.95,588,2025-04-09
CLI004257,Paulo Barbosa Oliveira,1989-05-02,SP,Assalariado CLT,3087.2,731,2025-10-14
CLI004258,Mariana Gomes Moraes,1984-06-19,MG,Autonomo,3676.91,616,2025-11-01
CLI004259,Joao Lima Gomes,1978-12-11,BA,Estudante,6135.56,568,2026-05-16
CLI004260,Carla Martins Costa,1978-05-27,RJ,Assalariado CLT,2709.0,481,2024-08-29
CLI004261,Queren Almeida Santos,1984-05-01,RJ,Autonomo,8990.0,429,2022-05-06
CLI004262,Mariana Ferreira Moraes,1974-03-12,CE,Autonomo,3588.17,681,2022-07-03
CLI004263,Rafael Barbosa Teixeira,1980-05-26,RJ,Assalariado CLT,4374.78,583,2024-02-19
CLI004264,Lucas Teixeira Araujo,2007-07-01,PA,Servidor Publico,6334.58,631,2021-09-15
CLI004265,Amanda Santos Araujo,1981-09-10,RS,Assalariado CLT,6278.36,643,2022-08-27
CLI004266,Thiago Silva Almeida,1974-04-25,SC,Autonomo,5084.81,576,2021-10-20
CLI004267,Amanda Lima Oliveira,1996-09-24,RS,Profissional Liberal,10281.64,839,2025-12-22
CLI004268,Zeca Ribeiro Costa,1957-02-14,MG,Assalariado CLT,9803.56,650,2024-12-17
CLI004269,Nelson Rodrigues Carvalho,1985-07-20,SP,Assalariado CLT,4109.04,672,2026-04-04
CLI004270,Rafael Silva Souza,1989-10-04,SP,Aposentado,6443.96,740,2024-10-24
CLI004271,Wagner Ribeiro Rocha,2004-07-07,BA,Servidor Publico,,566,2026-01-29
CLI004272,Sabrina Lima Pereira,1973-02-03,BA,Autonomo,,598,2023-07-13
CLI004273,Carla Souza Barbosa,2003-04-10,DF,Assalariado CLT,2632.55,463,2023-03-04
CLI004274,Eduarda Araujo Carvalho,1974-05-25,PA,Aposentado,9859.02,333,2024-01-23
CLI004275,Amanda Lima Santos,1985-12-30,PE,Assalariado CLT,2215.28,736,2023-01-09
CLI004276,Lucas Nunes Teixeira,1957-08-29,BA,Autonomo,1713.67,510,2025-10-24
CLI004277,Joao Gomes Lima,1982-04-24,DF,Aposentado,2222.72,360,2022-05-01
CLI004278,Carla Santos Martins,1989-04-15,RS,Autonomo,,466,2023-09-11
CLI004279,Rafael Ribeiro Gomes,1977-03-12,RS,Assalariado CLT,8022.99,579,2023-11-26
CLI004280,Zeca Gomes Araujo,1958-04-24,RS,Assalariado CLT,6828.17,687,2022-08-16
CLI004281,Olivia Pereira Santos,1962-11-10,ES,Assalariado CLT,8793.27,623,2022-12-28
CLI004282,Mariana Ferreira Barbosa,1985-05-19,GO,Autonomo,2072.45,329,2025-07-14
CLI004283,Ana Silva Santos,1985-11-21,PA,Autonomo,,593,2022-07-17
CLI004284,Vinicius Pereira Araujo,1998-09-07,SP,Assalariado CLT,,537,2022-03-17
CLI004285,Karina Gomes Oliveira,1983-02-18,RJ,Autonomo,4216.65,602,2023-09-14
CLI004286,Yara Araujo Nunes,1972-11-27,DF,Empresario,1416.7,621,2023-02-25
CLI004287,Ursula Nunes Ribeiro,1974-06-13,SP,Assalariado CLT,1200.0,597,2022-08-06
CLI004288,Queren Lima Barbosa,1972-05-28,BA,Autonomo,10342.96,944,2023-01-17
CLI004289,Juliana Rocha Pereira,1987-03-27,MG,Autonomo,1357.63,533,2025-10-11
CLI004290,Marcelo Almeida Teixeira,1992-10-23,RS,Autonomo,3576.35,476,2022-12-16
CLI004291,Joao Carvalho Teixeira,1955-03-14,SP,,15949.9,805,2025-04-16
CLI004292,Joao Martins Nunes,1968-07-31,PR,Assalariado CLT,4517.95,459,2024-12-15
CLI004293,Marcelo Araujo Souza,1992-08-23,DF,Aposentado,5358.15,628,2024-09-05
CLI004294,Nelson Nunes Gomes,1987-12-08,SP,Assalariado CLT,5603.01,544,2024-01-20
CLI004295,Henrique Moraes Carvalho,2004-07-20,SP,Assalariado CLT,7380.52,451,2024-10-23
CLI004296,Zeca Gomes Nunes,1986-05-16,PR,Assalariado CLT,6025.32,618,2023-03-24
CLI004297,Vinicius Ferreira Nunes,1994-07-31,MT,Assalariado CLT,5853.64,661,2023-11-27
CLI004298,Patricia Costa Souza,1981-10-22,MG,,2868.56,531,2022-10-16
CLI004299,Eduarda Martins Ferreira,1981-03-31,SP,Autonomo,1590.73,498,2022-12-05
CLI004300,Gabriela Carvalho Barbosa,1966-07-19,SC,Estudante,2905.78,472,2024-06-29
CLI004301,Zeca Souza Nunes,1976-11-26,RJ,Autonomo,9740.9,749,2026-03-25
CLI004302,Rodrigo Pereira Rocha,1976-12-31,SP,Autonomo,,546,2022-11-29
CLI004303,Marcelo Pereira Barbosa,1996-10-02,RJ,Estudante,2769.37,674,2023-05-04
CLI004304,Felipe Costa Teixeira,1961-08-17,SP,Autonomo,,622,2026-02-05
CLI004305,Bruno Carvalho Martins,1969-11-02,PA,Assalariado CLT,4945.3,758,2026-02-25
CLI004306,Mariana Ribeiro Oliveira,1984-01-31,MG,Assalariado CLT,2294.61,287,2024-11-12
CLI004307,Rodrigo Nunes Rocha,1967-10-21,SP,Assalariado CLT,3450.0,687,2024-11-08
CLI004308,Mariana Oliveira Ribeiro,1986-01-24,SP,Autonomo,4964.89,663,2024-04-01
CLI004309,Eduarda Santos Costa,1997-08-31,SP,Assalariado CLT,1607.22,619,2022-08-31
CLI004310,Henrique Moraes Almeida,1983-02-17,PE,Servidor Publico,,649,2026-04-15
CLI004311,Carla Gomes Carvalho,2005-10-20,RS,Autonomo,8983.71,571,2021-10-05
CLI004312,Nelson Teixeira Silva,1980-04-07,RJ,,1434.71,866,2023-05-19
CLI004313,Wagner Lima Oliveira,1965-02-20,CE,Assalariado CLT,3627.38,259,2024-07-26
CLI004314,Isabela Carvalho Teixeira,1989-03-08,RS,Autonomo,,523,2025-01-06
CLI004315,Wagner Rocha Carvalho,1981-10-26,MG,Servidor Publico,6326.65,629,2023-12-17
CLI004316,Wagner Pereira Nunes,1976-07-14,SC,Assalariado CLT,10355.05,505,2025-07-04
CLI004317,Felipe Costa Martins,1995-04-10,RS,Autonomo,,808,2022-11-25
CLI004318,Bruno Ribeiro Silva,1980-11-18,MG,Empresario,2225.18,502,2025-07-29
CLI004319,Gabriela Silva Rocha,2000-12-10,SP,Profissional Liberal,3058.85,705,2024-06-26
CLI004320,Queren Silva Ribeiro,1986-02-19,PE,Aposentado,,588,2023-04-13
CLI004321,Amanda Carvalho Gomes,1996-07-04,SP,Assalariado CLT,2496.19,569,2022-10-17
CLI004322,Sabrina Souza Ribeiro,1999-04-27,BA,Assalariado CLT,2797.21,868,2026-01-04
CLI004323,Karina Nunes Moraes,1983-05-27,CE,Assalariado CLT,,676,2022-09-16
CLI004324,Juliana Barbosa Silva,1994-10-27,,Assalariado CLT,1636.7,539,2023-10-27
CLI004325,Felipe Carvalho Santos,1990-08-08,SP,Servidor Publico,,718,2023-07-31
CLI004326,Felipe Araujo Silva,1979-09-11,BA,Assalariado CLT,6624.08,598,2023-02-22
CLI004327,Lucas Nunes Carvalho,1965-07-06,,Assalariado CLT,2040.62,542,2021-11-07
CLI004328,Thiago Santos Rodrigues,1989-06-27,SP,,19127.81,726,2022-06-11
CLI004329,Juliana Rodrigues Rocha,1996-05-06,CE,Assalariado CLT,10899.09,439,2025-01-21
CLI004330,Amanda Lima Ferreira,1988-08-23,RS,Autonomo,,565,2024-03-30
CLI004331,Ana Ferreira Rocha,1971-04-03,,Assalariado CLT,,721,2025-03-11
CLI004332,Isabela Gomes Carvalho,1981-12-28,SP,Assalariado CLT,4470.7,422,2022-01-10
CLI004333,Juliana Barbosa Pereira,1990-04-03,RS,Assalariado CLT,2844.07,384,2026-03-21
CLI004334,Lucas Almeida Rodrigues,1987-11-09,SC,,4216.46,526,2026-03-03
CLI004335,Amanda Ferreira Gomes,1973-12-28,PE,Assalariado CLT,4435.74,741,2025-01-31
CLI004336,Gabriela Teixeira Martins,1991-01-02,SP,Assalariado CLT,3422.32,530,2023-09-02
CLI004337,Karina Barbosa Ferreira,1965-06-24,SP,Assalariado CLT,3697.04,610,2025-09-09
CLI004338,Juliana Oliveira Barbosa,2002-02-12,,Autonomo,6918.0,570,2022-12-13
CLI004339,Henrique Souza Ferreira,1989-04-18,SP,Estudante,4592.04,460,2026-03-14
CLI004340,Olivia Silva Nunes,1981-03-07,RJ,Assalariado CLT,7823.31,672,2024-01-15
CLI004341,Lucas Araujo Rodrigues,1972-09-22,SP,Servidor Publico,4972.76,714,2024-03-03
CLI004342,Ursula Almeida Gomes,1963-05-18,SP,Profissional Liberal,,436,2021-12-02
CLI004343,Patricia Martins Carvalho,1959-08-05,PR,Profissional Liberal,5212.81,660,2025-04-03
CLI004344,Isabela Santos Nunes,1969-06-12,GO,Autonomo,6240.16,491,2024-05-23
CLI004345,Carla Barbosa Martins,1976-04-10,,Assalariado CLT,1200.0,765,2022-06-27
CLI004346,Nelson Ferreira Araujo,1976-10-20,SP,Assalariado CLT,8572.69,795,2025-07-09
CLI004347,Paulo Lima Costa,1983-11-06,RS,Estudante,4523.76,473,2024-08-09
CLI004348,Wagner Almeida Carvalho,1984-07-15,PA,Servidor Publico,5021.33,716,2023-12-26
CLI004349,Wagner Ferreira Carvalho,1983-06-02,SC,Autonomo,5188.89,441,2022-05-23
CLI004350,Gabriela Carvalho Rodrigues,1989-07-11,RS,Assalariado CLT,,470,2025-02-09
CLI004351,Lucas Lima Gomes,1989-01-08,SP,Profissional Liberal,2688.32,554,2026-08-13
CLI004352,Eduarda Teixeira Martins,1966-08-09,,Estudante,18085.9,741,2022-02-28
CLI004353,Marcelo Ribeiro Ribeiro,1963-05-05,SC,Assalariado CLT,6788.37,363,2025-07-30
CLI004354,Juliana Araujo Teixeira,1959-12-06,BA,Autonomo,5120.42,586,2021-12-27
CLI004355,Yara Moraes Ferreira,1985-11-10,SC,Autonomo,8076.91,611,2022-02-21
CLI004356,Thiago Moraes Lima,1986-05-17,DF,Assalariado CLT,3983.0,400,2026-05-25
CLI004357,Paulo Silva Rodrigues,2001-12-16,GO,Assalariado CLT,4433.58,672,2022-06-07
CLI004358,Olivia Gomes Lima,1982-10-20,SP,Autonomo,7984.33,724,2025-09-17
CLI004359,Henrique Teixeira Oliveira,1985-02-15,SP,Assalariado CLT,,822,2025-09-19
CLI004360,Olivia Lima Almeida,1990-03-25,DF,Assalariado CLT,3168.7,689,2024-07-16
CLI004361,Paulo Teixeira Almeida,1978-03-27,MG,Empresario,7961.67,420,2025-08-31
CLI004362,Olivia Oliveira Silva,1993-01-18,SP,Assalariado CLT,,605,2025-05-31
CLI004363,Paulo Moraes Ribeiro,2000-01-13,DF,Assalariado CLT,2949.81,529,2023-10-14
CLI004364,Queren Souza Lima,1992-08-31,CE,Assalariado CLT,,690,2025-12-26
CLI004365,Marcelo Lima Moraes,1982-11-27,SP,Empresario,12046.53,591,2024-12-28
CLI004366,Rodrigo Pereira Rodrigues,1980-02-19,PE,Assalariado CLT,3086.25,520,2023-01-21
CLI004367,Wagner Martins Silva,1978-05-18,BA,Aposentado,5511.42,548,2023-05-08
CLI004368,Lucas Almeida Araujo,2004-02-03,SC,Autonomo,2803.22,663,2022-07-11
CLI004369,Ana Rocha Rodrigues,1977-04-22,SP,Autonomo,9231.27,505,2025-02-06
CLI004370,Marcelo Rodrigues Barbosa,1981-08-22,SC,,6280.25,528,2024-12-31
CLI004371,Henrique Ferreira Souza,1978-11-24,SP,Assalariado CLT,3356.56,812,2025-03-02
CLI004372,Eduarda Carvalho Nunes,1980-03-01,DF,Aposentado,,553,2021-10-05
CLI004373,Ursula Silva Teixeira,1992-12-06,PE,Autonomo,2933.56,602,2024-10-28
CLI004374,Amanda Almeida Nunes,1978-02-09,SP,Assalariado CLT,2810.63,753,2024-10-03
CLI004375,Sabrina Carvalho Lima,1985-04-09,MT,Assalariado CLT,5512.91,576,2022-10-27
CLI004376,Marcelo Almeida Lima,1977-11-18,PR,,3565.7,544,2022-06-02
CLI004377,Eduarda Nunes Ferreira,1972-07-06,,Empresario,,676,2022-11-09
CLI004378,Vinicius Souza Ferreira,1966-06-02,GO,Assalariado CLT,4000.09,433,2025-04-13
CLI004379,Lucas Rocha Santos,1981-12-01,SP,Assalariado CLT,2660.8,432,2026-08-01
CLI004380,Henrique Souza Barbosa,1975-05-08,PR,Assalariado CLT,3330.42,510,2024-07-15
CLI004381,Rafael Pereira Moraes,1967-01-28,DF,Aposentado,27250.56,713,2021-11-20
CLI004382,Diego Barbosa Almeida,1990-06-26,BA,Autonomo,5294.61,684,2022-09-16
CLI004383,Mariana Lima Oliveira,1977-07-10,RJ,Autonomo,3578.07,698,2024-12-04
CLI004384,Rodrigo Almeida Teixeira,1981-05-24,PR,Servidor Publico,4410.87,324,2024-12-17
CLI004385,Zeca Ribeiro Almeida,1999-12-15,RS,Servidor Publico,2994.22,602,2024-11-16
CLI004386,Vinicius Almeida Ribeiro,1984-09-22,SP,Assalariado CLT,8442.7,600,2025-09-08
CLI004387,Isabela Carvalho Martins,1991-11-06,PE,Autonomo,1893.27,433,2024-08-24
CLI004388,Juliana Oliveira Oliveira,1996-10-09,SP,Autonomo,5492.25,538,2024-08-31
CLI004389,Lucas Araujo Martins,1984-02-23,SC,Autonomo,4446.45,659,2023-07-27
CLI004390,Bruno Souza Rodrigues,1975-02-20,PA,Assalariado CLT,3321.4,593,2025-07-16
CLI004391,Sabrina Teixeira Silva,1980-02-19,MG,Servidor Publico,9032.89,587,2024-01-25
CLI004392,Paulo Lima Silva,1986-11-10,MG,Empresario,7111.61,440,2025-05-02
CLI004393,Sabrina Souza Martins,1973-06-30,PE,Autonomo,3710.88,382,2023-03-15
CLI004394,Diego Ribeiro Silva,1996-04-15,PR,Aposentado,3337.33,357,2023-07-13
CLI004395,Carla Carvalho Almeida,1994-08-31,MG,Assalariado CLT,3277.58,531,2025-01-01
CLI004396,Isabela Moraes Santos,1980-08-18,CE,Autonomo,3857.52,560,2023-11-04
CLI004397,Henrique Rodrigues Ribeiro,1986-09-14,SP,Assalariado CLT,3392.73,407,2025-01-18
CLI004398,Mariana Gomes Rocha,1987-01-17,SC,,11928.74,656,2023-09-28
CLI004399,Joao Rocha Ferreira,1967-07-10,RJ,Empresario,,645,2022-06-02
CLI004400,Ursula Silva Teixeira,2005-05-12,BA,Profissional Liberal,,717,2021-12-17
CLI004401,Olivia Araujo Martins,1990-08-14,PE,Assalariado CLT,11128.49,533,2025-02-17
CLI004402,Ana Almeida Ferreira,1999-08-07,GO,Empresario,11438.29,522,2023-05-17
CLI004403,Rafael Gomes Nunes,1978-06-02,PR,,4040.92,756,2025-10-29
CLI004404,Juliana Costa Silva,1999-01-26,RS,Assalariado CLT,2166.37,656,2023-08-05
CLI004405,Amanda Almeida Rodrigues,1979-06-27,PR,Aposentado,2214.48,527,2026-03-01
CLI004406,Marcelo Teixeira Rodrigues,1987-06-14,DF,Assalariado CLT,4235.48,710,2023-06-29
CLI004407,Carla Costa Almeida,1993-10-20,DF,Assalariado CLT,11927.02,772,2026-05-02
CLI004408,Wagner Rocha Martins,1965-06-10,RJ,Servidor Publico,3504.88,635,2023-05-08
CLI004409,Patricia Pereira Rodrigues,1987-09-18,RS,Servidor Publico,,428,2022-02-19
CLI004410,Marcelo Nunes Martins,1966-02-13,GO,Aposentado,5612.41,284,2022-03-12
CLI004411,Thiago Martins Ferreira,1983-06-03,DF,Assalariado CLT,4816.47,613,2026-01-06
CLI004412,Zeca Almeida Gomes,1997-09-17,PR,,8009.64,536,2022-06-09
CLI004413,Wagner Moraes Gomes,1966-02-03,GO,Assalariado CLT,3998.43,864,2025-04-05
CLI004414,Gabriela Oliveira Oliveira,1960-06-02,SP,Servidor Publico,3913.97,804,2023-06-01
CLI004415,Amanda Silva Pereira,1998-04-24,RJ,Assalariado CLT,2082.56,850,2021-11-27
CLI004416,Rafael Lima Rocha,1961-05-11,ES,Assalariado CLT,,632,2024-08-18
CLI004417,Thiago Rodrigues Martins,1985-04-03,SP,Assalariado CLT,2719.44,679,2024-01-28
CLI004418,Isabela Costa Costa,1994-08-14,ES,Assalariado CLT,2012.82,356,2025-03-05
CLI004419,Zeca Rodrigues Teixeira,1976-03-16,GO,Autonomo,8838.39,600,2025-07-22
CLI004420,Rodrigo Souza Ferreira,1989-07-13,RJ,Empresario,,707,2025-01-31
CLI004421,Marcelo Lima Gomes,1982-06-15,SP,Autonomo,2409.8,720,2024-07-19
CLI004422,Bruno Rodrigues Moraes,1979-04-05,SP,Autonomo,4565.08,488,2024-05-05
CLI004423,Marcelo Rocha Rocha,1965-07-10,SP,,4244.27,737,2023-04-24
CLI004424,Mariana Carvalho Oliveira,1983-05-19,,Assalariado CLT,6747.65,423,2023-05-28
CLI004425,Eduarda Silva Ribeiro,1996-09-11,PR,Assalariado CLT,2198.72,801,2022-01-11
CLI004426,Felipe Almeida Oliveira,2006-03-12,SP,Assalariado CLT,2142.56,748,2024-04-25
CLI004427,Paulo Silva Souza,1967-07-20,PR,Autonomo,4657.79,515,2025-02-05
CLI004428,Ursula Almeida Moraes,1972-10-01,MG,Empresario,,425,2025-12-13
CLI004429,Bruno Gomes Gomes,1982-09-29,RJ,Empresario,5883.09,460,2024-03-22
CLI004430,Ana Nunes Oliveira,1997-01-29,PE,Assalariado CLT,,480,2021-10-19
CLI004431,Juliana Pereira Gomes,1987-02-19,PE,Assalariado CLT,3087.05,503,2022-11-29
CLI004432,Nelson Almeida Rocha,1983-10-15,RJ,Servidor Publico,5185.48,505,2024-02-23
CLI004433,Juliana Martins Lima,1981-01-24,BA,Assalariado CLT,2508.55,601,2023-11-29
CLI004434,Olivia Carvalho Gomes,1991-06-21,RJ,Assalariado CLT,4453.21,563,2023-12-02
CLI004435,Marcelo Barbosa Moraes,1987-03-21,ES,,2705.31,820,2024-11-07
CLI004436,Mariana Carvalho Moraes,1970-04-28,SP,Assalariado CLT,5813.51,641,2025-02-12
CLI004437,Ana Teixeira Moraes,2005-11-21,SP,Servidor Publico,3090.74,590,2026-05-15
CLI004438,Lucas Nunes Silva,1991-01-18,RS,Empresario,2659.29,462,2022-11-18
CLI004439,Rodrigo Costa Carvalho,1984-01-26,PR,Autonomo,10568.93,563,2023-03-02
CLI004440,Lucas Martins Ribeiro,1978-03-12,PR,Servidor Publico,8179.68,654,2025-02-22
CLI004441,Queren Araujo Nunes,1982-10-26,RJ,Assalariado CLT,5026.16,809,2024-12-26
CLI004442,Yara Araujo Barbosa,2001-08-04,PR,Empresario,2272.06,656,2023-05-23
CLI004443,Juliana Teixeira Barbosa,1977-10-13,SP,Autonomo,5109.21,508,2024-05-21
CLI004444,Zeca Teixeira Rocha,1961-09-23,MG,Assalariado CLT,,479,2021-10-16
CLI004445,Isabela Rodrigues Martins,1994-08-22,MG,Assalariado CLT,10284.34,717,2023-01-24
CLI004446,Juliana Oliveira Pereira,1985-08-11,RJ,Autonomo,4585.72,530,2025-11-28
CLI004447,Ursula Nunes Souza,1991-09-30,RS,Assalariado CLT,5089.95,645,2023-08-08
CLI004448,Carla Silva Moraes,1984-08-17,SP,Assalariado CLT,9377.91,422,2024-06-01
CLI004449,Henrique Barbosa Nunes,1972-03-05,RJ,Assalariado CLT,4075.63,565,2025-11-21
CLI004450,Ana Lima Teixeira,1977-08-28,SP,Aposentado,3855.01,590,2025-07-31
CLI004451,Joao Rodrigues Gomes,1972-12-31,SP,Aposentado,,471,2023-07-19
CLI004452,Eduarda Gomes Santos,1972-09-13,PR,Autonomo,1470.38,523,2023-08-16
CLI004453,Mariana Costa Gomes,2001-01-06,PA,Assalariado CLT,6016.12,623,2024-08-08
CLI004454,Karina Oliveira Oliveira,1975-11-23,SP,Assalariado CLT,,437,2025-10-24
CLI004455,Henrique Teixeira Moraes,1980-03-26,SP,Empresario,4794.91,619,2023-11-20
CLI004456,Ursula Santos Santos,1992-05-27,DF,Assalariado CLT,3063.17,549,2022-11-19
CLI004457,Lucas Teixeira Barbosa,1994-07-17,BA,Aposentado,2017.59,619,2021-11-10
CLI004458,Ana Silva Barbosa,2004-07-07,PR,Profissional Liberal,1864.82,607,2022-06-27
CLI004459,Rafael Silva Silva,2004-04-09,BA,Assalariado CLT,9740.13,587,2025-01-14
CLI004460,Joao Moraes Carvalho,1984-08-16,MG,Autonomo,6226.5,564,2024-05-22
CLI004461,Olivia Rodrigues Araujo,1986-02-21,PE,,9071.18,894,2026-03-07
CLI004462,Diego Souza Souza,1948-02-21,PR,Aposentado,1659.28,881,2024-08-18
CLI004463,Vinicius Oliveira Barbosa,1988-12-11,MG,Assalariado CLT,2092.5,583,2023-07-09
CLI004464,Marcelo Barbosa Araujo,1978-03-03,PE,Assalariado CLT,3323.61,840,2024-07-26
CLI004465,Juliana Ferreira Carvalho,1988-09-02,MG,Servidor Publico,11614.14,585,2024-02-20
CLI004466,Isabela Silva Gomes,1989-02-19,,,2495.99,461,2021-08-26
CLI004467,Zeca Teixeira Oliveira,1970-10-03,BA,Assalariado CLT,,735,2026-05-21
CLI004468,Juliana Pereira Nunes,1982-12-08,RJ,Empresario,3241.18,606,2022-08-31
CLI004469,Nelson Araujo Ribeiro,1995-06-14,ES,Assalariado CLT,,511,2022-03-24
CLI004470,Eduarda Rodrigues Carvalho,1977-03-29,SC,Assalariado CLT,8790.36,566,2023-03-05
CLI004471,Vinicius Nunes Carvalho,1984-04-12,MG,Assalariado CLT,5108.37,737,2022-07-20
CLI004472,Sabrina Ribeiro Teixeira,2002-11-29,ES,Assalariado CLT,46904.74,445,2022-09-20
CLI004473,Isabela Pereira Oliveira,1979-12-09,SP,Autonomo,3298.05,468,2021-09-19
CLI004474,Wagner Almeida Rodrigues,2001-05-31,RS,Empresario,4252.47,590,2022-09-22
CLI004475,Henrique Teixeira Carvalho,1988-01-24,RS,Servidor Publico,4344.24,573,2024-02-22
CLI004476,Yara Pereira Costa,1959-12-22,,Assalariado CLT,2728.3,681,2023-03-22
CLI004477,Mariana Rodrigues Moraes,1962-07-07,SP,Aposentado,4953.94,320,2023-07-09
CLI004478,Rafael Pereira Gomes,1986-12-18,RJ,Autonomo,3106.18,458,2022-06-06
CLI004479,Gabriela Nunes Barbosa,1978-11-22,MT,Aposentado,3131.22,651,2024-03-27
CLI004480,Joao Silva Nunes,1994-01-04,PA,Assalariado CLT,4007.21,514,2024-11-26
CLI004481,Isabela Teixeira Rodrigues,1985-12-03,RS,Autonomo,6054.52,807,2026-02-06
CLI004482,Amanda Costa Silva,2007-06-30,SP,Assalariado CLT,,607,2026-04-30
CLI004483,Ursula Oliveira Pereira,1994-09-07,ES,Assalariado CLT,3203.31,595,2026-04-30
CLI004484,Wagner Ferreira Araujo,2007-02-06,BA,Assalariado CLT,6887.5,808,2022-06-18
CLI004485,Sabrina Silva Santos,1974-09-05,SP,Assalariado CLT,10084.22,849,2021-08-20
CLI004486,Mariana Barbosa Martins,1992-11-27,CE,Servidor Publico,,469,2024-05-08
CLI004487,Paulo Teixeira Araujo,2006-09-15,RJ,Autonomo,4670.57,653,2022-06-23
CLI004488,Isabela Moraes Barbosa,1998-07-26,SP,Assalariado CLT,3357.6,728,2022-04-12
CLI004489,Joao Martins Almeida,1995-02-01,GO,Assalariado CLT,,676,2025-05-16
CLI004490,Joao Almeida Ferreira,1979-11-29,MG,Assalariado CLT,,742,2026-06-19
CLI004491,Bruno Araujo Ferreira,1997-05-31,SC,Autonomo,2370.04,761,2024-03-15
CLI004492,Olivia Ribeiro Carvalho,1970-10-24,PE,Assalariado CLT,8936.46,599,2025-08-02
CLI004493,Olivia Rodrigues Nunes,1975-01-26,SP,Assalariado CLT,2052.5,464,2025-11-23
CLI004494,Felipe Rocha Lima,1973-12-08,PA,Assalariado CLT,,629,2024-04-28
CLI004495,Paulo Barbosa Araujo,2001-08-25,CE,,9746.14,571,2021-09-01
CLI004496,Amanda Gomes Carvalho,1975-01-20,SP,Assalariado CLT,1536.6,534,2024-06-15
CLI004497,Gabriela Carvalho Teixeira,1996-11-26,PR,Aposentado,6643.05,551,2023-02-17
CLI004498,Gabriela Lima Ribeiro,1985-02-07,GO,Assalariado CLT,2677.13,689,2026-07-10
CLI004499,Rafael Rodrigues Ribeiro,1981-08-07,BA,Servidor Publico,9564.73,640,2023-02-22
CLI004500,Henrique Teixeira Carvalho,1984-06-17,RJ,Empresario,4124.93,737,2022-09-02
CLI004501,Rodrigo Rodrigues Costa,1976-08-01,RS,Assalariado CLT,6097.11,558,2026-04-14
CLI004502,Henrique Oliveira Carvalho,1983-10-13,RJ,Aposentado,2539.42,657,2024-09-29
CLI004503,Gabriela Pereira Rodrigues,1986-02-25,SP,Assalariado CLT,,544,2023-05-23
CLI004504,Eduarda Costa Souza,2005-12-25,PR,Profissional Liberal,4946.83,832,2024-12-24
CLI004505,Zeca Pereira Carvalho,1989-06-27,,Profissional Liberal,1826.8,514,2024-12-21
CLI004506,Paulo Araujo Rodrigues,1994-10-08,BA,Servidor Publico,4416.56,665,2022-07-17
CLI004507,Ana Nunes Pereira,1993-01-15,,Estudante,10900.45,389,2022-03-01
CLI004508,Isabela Souza Almeida,1979-01-09,SP,Autonomo,4408.89,591,2023-03-26
CLI004509,Zeca Martins Teixeira,1996-07-23,SP,,6207.99,382,2023-05-06
CLI004510,Carla Teixeira Pereira,1980-10-13,BA,Autonomo,8311.29,601,2025-12-20
CLI004511,Yara Moraes Araujo,1993-01-09,MG,Profissional Liberal,12735.87,379,2022-05-17
CLI004512,Lucas Araujo Gomes,1982-03-19,MG,Profissional Liberal,2556.37,525,2021-09-29
CLI004513,Nelson Almeida Santos,1980-10-12,,Aposentado,8427.16,615,2021-08-23
CLI004514,Mariana Santos Teixeira,1980-05-24,SP,,2693.84,593,2026-07-19
CLI004515,Vinicius Silva Gomes,1974-03-01,DF,Assalariado CLT,3333.14,782,2024-11-12
CLI004516,Karina Nunes Ribeiro,1988-05-19,DF,Autonomo,,551,2024-08-09
CLI004517,Yara Silva Lima,1965-10-07,SP,Assalariado CLT,5150.49,738,2022-09-18
CLI004518,Juliana Rocha Santos,1992-10-16,SC,Aposentado,4914.66,757,2023-01-28
CLI004519,Gabriela Rodrigues Araujo,1976-05-17,SP,Assalariado CLT,4245.49,473,2022-01-03
CLI004520,Queren Silva Pereira,1986-07-30,MG,Profissional Liberal,3543.45,511,2024-10-02
CLI004521,Olivia Martins Barbosa,1988-12-19,SP,Assalariado CLT,,489,2022-01-27
CLI004522,Diego Moraes Carvalho,1987-12-10,RS,,5884.4,800,2023-01-18
CLI004523,Karina Lima Teixeira,1986-09-15,SP,Assalariado CLT,,436,2025-03-08
CLI004524,Eduarda Rodrigues Santos,1994-08-16,GO,Autonomo,2589.53,539,2022-04-26
CLI004525,Rafael Moraes Santos,1978-07-31,RS,Assalariado CLT,6046.68,536,2026-02-22
CLI004526,Ana Souza Ferreira,1990-10-03,RS,Aposentado,6101.38,784,2023-08-06
CLI004527,Ana Carvalho Araujo,1999-06-12,PA,Aposentado,3505.33,788,2026-02-05
CLI004528,Henrique Almeida Moraes,1975-04-26,BA,Aposentado,8560.43,644,2025-06-12
CLI004529,Joao Ribeiro Gomes,2000-03-27,MG,Aposentado,12520.05,645,2023-12-03
CLI004530,Isabela Moraes Lima,1980-03-07,SP,Assalariado CLT,9401.27,610,2024-03-26
CLI004531,Diego Nunes Carvalho,1991-01-08,BA,Aposentado,10617.62,303,2022-06-29
CLI004532,Mariana Gomes Oliveira,1984-01-23,RS,Servidor Publico,4956.95,834,2024-07-21
CLI004533,Queren Carvalho Ferreira,1988-09-16,RS,Assalariado CLT,,723,2021-10-19
CLI004534,Sabrina Nunes Nunes,1989-08-11,SP,Autonomo,2210.22,689,2026-01-05
CLI004535,Yara Carvalho Barbosa,1985-10-17,SP,Assalariado CLT,4052.75,552,2022-01-11
CLI004536,Nelson Martins Araujo,1968-04-21,MT,Profissional Liberal,20367.73,615,2021-10-15
CLI004537,Lucas Ferreira Silva,1981-08-30,MG,Autonomo,1982.44,563,2023-08-14
CLI004538,Rodrigo Rocha Gomes,1995-05-20,BA,Profissional Liberal,2944.25,495,2022-02-19
CLI004539,Joao Souza Silva,1974-12-28,MG,Assalariado CLT,6143.66,597,2022-09-17
CLI004540,Amanda Costa Silva,1980-12-09,SP,Autonomo,5974.62,684,2022-09-19
CLI004541,Sabrina Ferreira Araujo,1996-01-11,PR,Autonomo,2379.84,596,2025-11-21
CLI004542,Joao Costa Barbosa,1978-06-06,BA,Autonomo,3007.52,716,2025-10-11
CLI004543,Sabrina Teixeira Nunes,1974-10-27,SP,Assalariado CLT,6086.84,762,2024-07-19
CLI004544,Patricia Pereira Santos,1980-02-06,,Empresario,,716,2024-01-11
CLI004545,Queren Martins Gomes,1990-04-06,MT,Servidor Publico,3921.72,731,2026-04-03
CLI004546,Vinicius Costa Gomes,1987-05-05,,Autonomo,,538,2026-03-08
CLI004547,Gabriela Carvalho Teixeira,1990-09-26,CE,Aposentado,3543.46,621,2026-06-17
CLI004548,Mariana Teixeira Souza,1982-08-19,MG,Empresario,4226.28,518,2024-07-07
CLI004549,Thiago Ferreira Santos,1972-02-07,RJ,Assalariado CLT,1593.59,585,2026-05-31
CLI004550,Paulo Santos Araujo,1998-10-30,,Servidor Publico,5326.7,435,2025-08-14
CLI004551,Thiago Martins Araujo,1983-05-24,MG,Servidor Publico,5402.88,596,2023-05-31
CLI004552,Diego Teixeira Rodrigues,1981-05-25,GO,Autonomo,3753.38,626,2022-01-22
CLI004553,Ana Costa Nunes,2000-02-05,SP,Assalariado CLT,10999.89,863,2022-01-11
CLI004554,Felipe Rocha Araujo,1967-07-04,PR,Assalariado CLT,4645.24,537,2024-05-29
CLI004555,Bruno Ribeiro Lima,1982-01-01,RS,Servidor Publico,10416.98,778,2022-12-03
CLI004556,Wagner Martins Barbosa,1985-07-25,,Autonomo,7404.69,841,2022-02-16
CLI004557,Ana Santos Araujo,1985-06-17,BA,Assalariado CLT,9482.24,715,2024-11-18
CLI004558,Carla Lima Nunes,1982-06-30,SC,Aposentado,,776,2021-09-25
CLI004559,Ursula Rocha Costa,1982-02-21,RS,Autonomo,3161.49,615,2023-10-12
CLI004560,Henrique Moraes Rocha,2006-08-07,GO,Autonomo,5882.3,567,2025-05-01
CLI004561,Mariana Santos Gomes,1969-10-08,DF,Empresario,,476,2022-12-19
CLI004562,Diego Rocha Silva,1990-09-06,PE,Autonomo,2830.79,669,2025-04-06
CLI004563,Bruno Ferreira Rocha,1988-07-27,MG,Assalariado CLT,,409,2023-04-06
CLI004564,Yara Martins Souza,1987-12-28,SP,,8624.93,722,2023-02-18
CLI004565,Bruno Santos Souza,1997-04-11,PE,Assalariado CLT,1848.65,618,2022-02-24
CLI004566,Bruno Ribeiro Rocha,1971-09-08,CE,,,494,2022-01-21
CLI004567,Diego Gomes Araujo,1984-08-21,RJ,Assalariado CLT,11986.42,646,2026-06-13
CLI004568,Yara Rodrigues Rodrigues,1991-02-13,SP,Autonomo,5247.73,813,2024-05-23
CLI004569,Felipe Martins Silva,1996-06-07,SP,Autonomo,,800,2022-06-11
CLI004570,Sabrina Barbosa Lima,1996-03-20,MG,Assalariado CLT,7201.46,507,2024-01-07
CLI004571,Rafael Moraes Martins,1990-10-24,SP,,,780,2022-03-18
CLI004572,Olivia Barbosa Souza,1993-12-29,DF,,12179.23,526,2026-06-24
CLI004573,Marcelo Ferreira Araujo,1976-07-18,MG,Autonomo,,585,2021-11-07
CLI004574,Karina Oliveira Araujo,2003-02-06,PE,Assalariado CLT,2046.31,859,2025-03-20
CLI004575,Eduarda Barbosa Rocha,1979-08-19,MG,Autonomo,1200.0,558,2023-12-31
CLI004576,Thiago Lima Pereira,1965-11-19,SP,Assalariado CLT,2290.37,637,2022-04-28
CLI004577,Vinicius Teixeira Moraes,1983-08-05,RJ,Assalariado CLT,4386.79,418,2022-04-27
CLI004578,Carla Almeida Carvalho,1988-10-29,PE,Servidor Publico,2163.93,660,2024-10-31
CLI004579,Wagner Almeida Moraes,1983-02-22,BA,Assalariado CLT,1380.9,441,2026-07-20
CLI004580,Zeca Nunes Santos,1991-12-19,SC,,2062.13,805,2022-03-10
CLI004581,Joao Almeida Rocha,1986-11-16,SP,Autonomo,5772.43,694,2023-03-09
CLI004582,Nelson Nunes Ferreira,1957-01-14,MG,Servidor Publico,9011.98,713,2026-06-08
CLI004583,Amanda Santos Gomes,1978-08-05,MG,Assalariado CLT,1200.0,725,2026-08-02
CLI004584,Mariana Pereira Oliveira,1985-09-29,MG,Assalariado CLT,3180.25,486,2025-02-16
CLI004585,Sabrina Carvalho Moraes,2006-03-29,MG,Autonomo,5216.35,659,2025-11-10
CLI004586,Zeca Silva Carvalho,1968-01-23,SP,Autonomo,1979.62,605,2025-02-14
CLI004587,Marcelo Costa Rocha,1987-01-13,MG,Assalariado CLT,6696.88,636,2023-08-21
CLI004588,Wagner Carvalho Ribeiro,1998-01-22,PR,Assalariado CLT,3690.19,658,2022-05-29
CLI004589,Ursula Rodrigues Lima,2001-12-03,SP,Empresario,7458.68,747,2026-08-04
CLI004590,Amanda Souza Oliveira,1974-03-02,PR,Autonomo,7349.19,625,2022-12-24
CLI004591,Olivia Ferreira Costa,1991-08-04,PR,Assalariado CLT,4889.94,789,2024-06-27
CLI004592,Juliana Oliveira Oliveira,1994-02-15,DF,Servidor Publico,2913.13,567,2023-08-30
CLI004593,Rafael Ferreira Santos,2007-07-21,SP,Servidor Publico,4629.85,533,2023-04-30
CLI004594,Karina Ribeiro Rodrigues,1993-12-03,PR,,2033.14,781,2023-04-08
CLI004595,Henrique Barbosa Ferreira,1976-10-06,RS,,1958.93,576,2024-07-28
CLI004596,Yara Gomes Rocha,1985-06-17,SP,Aposentado,2151.65,447,2023-10-29
CLI004597,Isabela Ferreira Rodrigues,1977-08-19,PR,Profissional Liberal,3176.51,639,2025-11-21
CLI004598,Gabriela Lima Carvalho,2007-02-05,SC,Autonomo,2241.27,463,2023-11-04
CLI004599,Henrique Ferreira Ferreira,1984-09-25,SC,Servidor Publico,4641.12,783,2024-04-30
CLI004600,Queren Carvalho Santos,1977-02-01,DF,Servidor Publico,12479.74,435,2022-11-28
CLI004601,Diego Martins Lima,1976-07-16,MG,Assalariado CLT,7224.15,553,2023-12-14
CLI004602,Thiago Souza Rodrigues,1993-01-05,SP,Empresario,5148.01,721,2025-11-13
CLI004603,Zeca Araujo Costa,1973-11-24,SP,Assalariado CLT,12036.35,869,2022-04-11
CLI004604,Diego Costa Carvalho,1992-04-30,BA,Assalariado CLT,2364.34,615,2024-12-19
CLI004605,Rodrigo Costa Santos,1997-07-28,SP,Autonomo,,649,2021-11-03
CLI004606,Sabrina Lima Gomes,1970-06-18,MG,Aposentado,3561.18,696,2023-02-27
CLI004607,Lucas Pereira Silva,1974-08-24,,Assalariado CLT,5542.91,503,2025-08-13
CLI004608,Mariana Ferreira Teixeira,1975-09-13,MG,Assalariado CLT,11344.29,736,2023-09-05
CLI004609,Zeca Teixeira Martins,1986-07-17,RJ,Assalariado CLT,2718.06,534,2026-02-02
CLI004610,Paulo Pereira Barbosa,1979-09-22,MG,Assalariado CLT,12425.88,482,2024-08-26
CLI004611,Sabrina Souza Pereira,1979-03-15,RJ,Servidor Publico,5724.73,612,2022-05-04
CLI004612,Carla Araujo Silva,1973-02-09,RS,Assalariado CLT,4739.84,449,2025-11-11
CLI004613,Diego Pereira Teixeira,1975-05-05,PE,Assalariado CLT,,492,2025-04-12
CLI004614,Diego Silva Santos,1986-06-26,DF,Assalariado CLT,,613,2022-02-23
CLI004615,Thiago Teixeira Martins,1975-04-10,MT,Assalariado CLT,7233.71,528,2024-09-02
CLI004616,Zeca Ferreira Gomes,1990-06-04,SP,Autonomo,1939.3,785,2024-08-27
CLI004617,Ana Pereira Silva,1981-06-03,GO,Assalariado CLT,8840.43,463,2022-05-29
CLI004618,Queren Souza Souza,2007-08-18,RS,Estudante,10600.4,589,2025-02-01
CLI004619,Bruno Araujo Lima,1995-03-09,SP,Assalariado CLT,5084.62,476,2024-07-18
CLI004620,Rafael Nunes Souza,1985-06-23,SP,Estudante,2756.33,527,2026-01-05
CLI004621,Bruno Souza Gomes,1990-06-09,SP,Empresario,8739.11,611,2022-07-09
CLI004622,Felipe Ferreira Rocha,1996-07-09,GO,Assalariado CLT,1685.7,547,2026-02-12
CLI004623,Eduarda Rodrigues Rodrigues,1991-09-19,RS,Assalariado CLT,6925.89,584,2024-11-14
CLI004624,Eduarda Rocha Barbosa,1990-08-04,MG,Autonomo,1335.17,744,2023-12-11
CLI004625,Yara Carvalho Barbosa,1979-04-15,MT,Assalariado CLT,8229.79,532,2023-01-14
CLI004626,Olivia Lima Rodrigues,1996-02-23,RS,,6763.73,676,2026-06-22
CLI004627,Rodrigo Ribeiro Barbosa,1981-09-18,DF,Assalariado CLT,3242.18,717,2025-08-04
CLI004628,Nelson Teixeira Souza,1994-02-01,CE,Servidor Publico,4520.39,393,2021-12-05
CLI004629,Olivia Almeida Barbosa,1981-08-05,RS,Autonomo,14202.13,758,2023-05-18
CLI004630,Mariana Rodrigues Santos,1982-01-26,DF,Autonomo,8132.36,643,2025-03-29
CLI004631,Lucas Rocha Ferreira,1986-01-04,SP,Assalariado CLT,3017.65,571,2023-07-24
CLI004632,Bruno Teixeira Rocha,1980-07-18,RS,Assalariado CLT,2913.91,435,2023-06-21
CLI004633,Patricia Ferreira Moraes,1973-07-29,DF,Assalariado CLT,6258.01,579,2026-02-05
CLI004634,Lucas Ribeiro Martins,1978-08-22,SP,Profissional Liberal,9797.33,409,2024-08-18
CLI004635,Ursula Teixeira Teixeira,2006-12-12,BA,Assalariado CLT,,681,2023-02-06
CLI004636,Henrique Araujo Carvalho,1998-12-23,MG,,4904.61,499,2025-07-08
CLI004637,Carla Lima Barbosa,1992-04-28,SC,,6894.34,740,2021-12-13
CLI004638,Eduarda Carvalho Lima,2003-06-10,MG,Assalariado CLT,2813.82,857,2025-05-21
CLI004639,Nelson Santos Gomes,1994-03-19,MG,Autonomo,,456,2023-07-28
CLI004640,Bruno Rocha Moraes,1993-10-22,MG,Empresario,,608,2026-08-11
CLI004641,Paulo Moraes Pereira,1987-07-17,PE,Autonomo,6144.85,576,2026-04-04
CLI004642,Felipe Silva Souza,1992-04-27,GO,Autonomo,5889.07,915,2022-11-29
CLI004643,Patricia Souza Barbosa,1985-11-08,,Assalariado CLT,,960,2022-11-22
CLI004644,Henrique Carvalho Martins,1988-03-22,SP,Profissional Liberal,4003.72,445,2021-10-18
CLI004645,Juliana Silva Moraes,1995-09-10,SP,Assalariado CLT,2366.75,703,2022-12-09
CLI004646,Ursula Barbosa Costa,1981-06-12,SP,Aposentado,7676.77,573,2025-01-13
CLI004647,Gabriela Araujo Silva,1980-02-16,BA,,1804.76,598,2021-11-23
CLI004648,Zeca Nunes Gomes,1988-01-04,PR,Autonomo,9214.41,569,2024-07-06
CLI004649,Eduarda Ribeiro Martins,2007-02-25,SP,Assalariado CLT,,550,2025-07-22
CLI004650,Amanda Moraes Pereira,1977-01-07,DF,Autonomo,5429.6,752,2026-03-27
CLI004651,Sabrina Ribeiro Araujo,1974-07-23,SP,Assalariado CLT,3602.89,611,2026-05-21
CLI004652,Sabrina Gomes Araujo,1971-11-15,DF,Assalariado CLT,2360.19,659,2025-01-18
CLI004653,Sabrina Lima Barbosa,2004-07-25,ES,Autonomo,2997.43,603,2023-08-07
CLI004654,Patricia Rocha Moraes,1969-06-12,RJ,Profissional Liberal,2768.59,666,2021-10-21
CLI004655,Joao Ferreira Costa,1991-07-14,MG,Assalariado CLT,8953.21,511,2025-05-24
CLI004656,Yara Nunes Rodrigues,1998-01-21,RJ,Assalariado CLT,2677.61,731,2022-08-04
CLI004657,Yara Pereira Silva,2002-08-20,RJ,Assalariado CLT,4349.3,740,2025-10-28
CLI004658,Thiago Lima Lima,2003-04-17,SP,Assalariado CLT,,593,2025-08-07
CLI004659,Nelson Ribeiro Pereira,1967-10-12,SP,Empresario,6691.85,429,2023-05-08
CLI004660,Sabrina Gomes Teixeira,1963-11-28,SP,Aposentado,3553.69,725,2026-05-04
CLI004661,Wagner Nunes Nunes,2003-07-31,SP,Profissional Liberal,2757.54,514,2025-05-30
CLI004662,Juliana Lima Ferreira,1979-09-15,DF,Servidor Publico,4758.6,533,2023-10-11
CLI004663,Diego Barbosa Teixeira,1992-01-04,PA,Assalariado CLT,,667,2024-10-29
CLI004664,Carla Ferreira Araujo,1988-05-24,RJ,,4813.99,671,2025-05-22
CLI004665,Ana Barbosa Gomes,1995-08-23,MG,Autonomo,10794.77,468,2022-05-04
CLI004666,Paulo Costa Ferreira,1967-08-20,RJ,Assalariado CLT,4162.26,719,2024-12-15
CLI004667,Diego Lima Nunes,1986-01-23,BA,Assalariado CLT,8060.3,521,2021-09-01
CLI004668,Ursula Costa Barbosa,1992-08-27,BA,Autonomo,5431.1,532,2023-01-24
CLI004669,Paulo Gomes Costa,1995-02-15,PE,,1961.23,689,2021-10-11
CLI004670,Lucas Araujo Gomes,1984-10-15,SP,Assalariado CLT,2915.97,659,2022-05-01
CLI004671,Wagner Pereira Barbosa,1961-07-28,SP,Aposentado,,630,2022-05-20
CLI004672,Ursula Almeida Almeida,1992-04-01,DF,Assalariado CLT,1528.41,553,2023-02-21
CLI004673,Gabriela Gomes Ferreira,1978-12-10,SP,Aposentado,,319,2026-04-28
CLI004674,Karina Moraes Santos,2007-02-01,,Empresario,,444,2023-05-28
CLI004675,Karina Rocha Barbosa,1992-08-06,MG,Autonomo,4893.2,890,2024-03-21
CLI004676,Vinicius Rocha Almeida,1964-12-28,DF,,1779.18,720,2025-10-24
CLI004677,Queren Rodrigues Souza,2001-02-17,BA,Aposentado,5860.43,499,2022-07-14
CLI004678,Joao Almeida Nunes,1982-08-02,SP,Autonomo,5495.09,558,2022-03-20
CLI004679,Vinicius Moraes Almeida,1965-07-18,RJ,Aposentado,8090.26,536,2023-09-01
CLI004680,Rodrigo Barbosa Martins,1984-01-17,RS,Profissional Liberal,5751.51,471,2025-08-05
CLI004681,Isabela Ferreira Rodrigues,1982-06-22,PR,Empresario,16944.91,490,2022-02-20
CLI004682,Olivia Oliveira Gomes,1986-02-18,SP,Servidor Publico,12306.8,594,2026-03-05
CLI004683,Marcelo Santos Teixeira,1983-07-31,,Assalariado CLT,4667.38,476,2021-12-17
CLI004684,Karina Rocha Ribeiro,1976-11-22,RS,Empresario,4567.54,477,2024-03-25
CLI004685,Marcelo Rodrigues Ribeiro,1990-10-28,PR,Assalariado CLT,2931.11,517,2025-09-11
CLI004686,Mariana Costa Almeida,1995-04-05,PA,Assalariado CLT,8109.65,649,2023-06-08
CLI004687,Eduarda Almeida Nunes,1984-11-25,MG,Profissional Liberal,8683.37,582,2023-11-26
CLI004688,Ana Ribeiro Lima,1973-04-20,CE,Assalariado CLT,4250.66,608,2022-01-25
CLI004689,Patricia Martins Moraes,2003-12-23,PA,,1524.68,680,2026-04-18
CLI004690,Nelson Silva Silva,1990-05-27,MG,Autonomo,2391.07,554,2026-02-19
CLI004691,Amanda Almeida Souza,1984-03-02,MT,Autonomo,,530,2024-05-12
CLI004692,Lucas Teixeira Souza,1977-05-29,RS,Assalariado CLT,3466.3,516,2024-11-10
CLI004693,Gabriela Barbosa Oliveira,1976-06-21,MG,Estudante,,324,2022-04-17
CLI004694,Thiago Nunes Almeida,1979-02-21,PA,Empresario,3513.97,771,2022-10-12
CLI004695,Marcelo Santos Silva,1977-10-25,CE,Assalariado CLT,,541,2025-10-07
CLI004696,Felipe Teixeira Carvalho,1972-12-03,RS,Servidor Publico,,438,2024-09-30
CLI004697,Felipe Moraes Gomes,1971-03-21,SP,Assalariado CLT,,554,2022-07-23
CLI004698,Karina Carvalho Nunes,1976-06-23,SP,Autonomo,4380.59,621,2026-01-12
CLI004699,Eduarda Silva Oliveira,1978-12-26,RS,Profissional Liberal,1437.88,819,2026-07-29
CLI004700,Ursula Santos Gomes,1998-12-10,RJ,Autonomo,5899.09,596,2025-04-15
CLI004701,Queren Araujo Gomes,2005-02-15,ES,Assalariado CLT,6574.93,605,2025-11-09
CLI004702,Ana Araujo Pereira,1982-04-11,DF,,2306.67,717,2025-01-29
CLI004703,Sabrina Ribeiro Rodrigues,1994-06-18,RJ,Assalariado CLT,1200.0,550,2022-07-28
CLI004704,Henrique Pereira Nunes,1983-11-24,MG,Assalariado CLT,2816.67,650,2024-11-18
CLI004705,Ana Carvalho Teixeira,1967-05-23,SP,Autonomo,4086.44,415,2023-10-05
CLI004706,Patricia Rodrigues Barbosa,1994-04-10,CE,Autonomo,2406.92,672,2023-08-28
CLI004707,Carla Santos Lima,1976-04-19,SP,Assalariado CLT,3100.74,509,2026-03-14
CLI004708,Henrique Rocha Ferreira,2001-09-12,SP,Profissional Liberal,2013.84,449,2022-05-16
CLI004709,Karina Ferreira Pereira,2004-07-30,RS,Servidor Publico,6201.51,493,2023-01-31
CLI004710,Rodrigo Costa Martins,1988-01-06,BA,Autonomo,,450,2023-12-27
CLI004711,Henrique Ferreira Oliveira,1982-03-31,,Autonomo,,591,2022-08-26
CLI004712,Olivia Souza Rodrigues,2006-01-06,MG,Assalariado CLT,,611,2023-08-04
CLI004713,Ana Barbosa Ferreira,1986-01-11,SP,Profissional Liberal,9097.39,721,2023-05-20
CLI004714,Rafael Pereira Teixeira,1995-07-18,SC,Profissional Liberal,3035.56,679,2022-06-24
CLI004715,Juliana Martins Martins,1999-04-24,MG,Autonomo,4606.62,704,2021-12-11
CLI004716,Rafael Santos Lima,1966-03-15,SP,,4950.63,587,2024-10-19
CLI004717,Ana Lima Lima,1975-02-01,BA,Assalariado CLT,2168.87,568,2026-05-03
CLI004718,Juliana Martins Araujo,1980-04-15,SP,Empresario,5233.16,633,2025-08-20
CLI004719,Amanda Souza Lima,1983-02-17,RJ,Autonomo,7247.22,679,2023-04-29
CLI004720,Diego Pereira Costa,1987-12-22,SP,Autonomo,6739.56,695,2023-09-17
CLI004721,Rodrigo Pereira Silva,1966-02-24,RS,Aposentado,5904.08,657,2023-07-04
CLI004722,Thiago Araujo Pereira,1985-07-03,MG,,5241.39,728,2023-10-01
CLI004723,Wagner Teixeira Pereira,1990-02-17,RJ,Autonomo,9044.61,608,2024-12-25
CLI004724,Zeca Carvalho Teixeira,1981-07-15,SC,Aposentado,,641,2023-11-23
CLI004725,Gabriela Silva Silva,1970-12-22,SC,Autonomo,2602.78,598,2023-02-18
CLI004726,Felipe Rodrigues Almeida,2005-05-01,PE,Assalariado CLT,2547.02,535,2023-06-24
CLI004727,Marcelo Araujo Souza,1994-02-19,GO,Assalariado CLT,7030.38,432,2025-07-25
CLI004728,Nelson Gomes Lima,1995-05-06,CE,Autonomo,5142.47,585,2022-05-13
CLI004729,Vinicius Oliveira Ribeiro,1979-10-01,PE,Assalariado CLT,7226.61,605,2026-03-31
CLI004730,Rodrigo Pereira Moraes,2005-02-05,CE,Assalariado CLT,,415,2022-08-15
CLI004731,Ana Gomes Araujo,1991-10-09,SP,Aposentado,5499.48,525,2021-09-15
CLI004732,Wagner Araujo Pereira,1988-09-12,PA,Assalariado CLT,,601,2024-04-16
CLI004733,Henrique Teixeira Santos,1980-03-13,CE,Autonomo,6248.69,877,2024-06-25
CLI004734,Gabriela Ferreira Pereira,1998-06-28,DF,Aposentado,7161.99,792,2022-12-13
CLI004735,Zeca Santos Araujo,1999-01-23,SP,Servidor Publico,5469.02,774,2024-08-01
CLI004736,Diego Araujo Ribeiro,1974-07-28,DF,Assalariado CLT,,696,2021-12-20
CLI004737,Henrique Martins Ribeiro,1986-02-24,PE,Empresario,,489,2025-08-31
CLI004738,Mariana Rodrigues Nunes,1978-11-08,SP,Servidor Publico,6548.8,817,2023-01-17
CLI004739,Rafael Teixeira Ribeiro,1987-10-15,PE,Assalariado CLT,1300.45,612,2023-03-14
CLI004740,Eduarda Oliveira Ferreira,1985-07-01,RJ,Assalariado CLT,11067.52,423,2024-07-02
CLI004741,Gabriela Teixeira Nunes,1962-07-01,PA,Servidor Publico,6459.35,709,2025-06-20
CLI004742,Juliana Santos Gomes,1983-04-27,MG,Estudante,4745.18,631,2022-04-25
CLI004743,Ana Pereira Santos,1973-02-19,SP,Autonomo,17905.79,616,2023-08-15
CLI004744,Diego Rodrigues Moraes,1980-06-25,PE,Profissional Liberal,16112.92,795,2025-10-15
CLI004745,Felipe Barbosa Ferreira,1994-05-11,SC,Assalariado CLT,2308.05,725,2024-06-27
CLI004746,Eduarda Ferreira Almeida,2006-11-22,RS,Servidor Publico,5682.23,550,2023-08-17
CLI004747,Mariana Costa Araujo,1993-09-13,RS,Assalariado CLT,1904.61,451,2021-09-06
CLI004748,Juliana Moraes Rocha,1990-05-11,PR,Servidor Publico,2344.44,792,2022-09-02
CLI004749,Patricia Ribeiro Almeida,1987-10-06,SP,Assalariado CLT,12410.08,486,2025-08-30
CLI004750,Thiago Santos Oliveira,1993-09-07,CE,Assalariado CLT,,356,2025-06-25
CLI004751,Juliana Araujo Rodrigues,1968-07-30,GO,Assalariado CLT,3096.41,501,2025-05-12
CLI004752,Isabela Almeida Costa,1968-05-04,ES,Assalariado CLT,4626.76,660,2025-05-19
CLI004753,Ana Oliveira Souza,1979-10-16,SP,Autonomo,13118.24,574,2023-03-19
CLI004754,Henrique Araujo Barbosa,1966-01-19,SP,Servidor Publico,3802.49,608,2022-10-08
CLI004755,Yara Ferreira Costa,1988-01-31,RJ,Assalariado CLT,3465.09,748,2024-09-28
CLI004756,Mariana Souza Carvalho,1976-09-30,DF,Servidor Publico,,454,2026-07-02
CLI004757,Paulo Rocha Almeida,1990-09-08,PE,Autonomo,4145.6,274,2024-03-06
CLI004758,Amanda Silva Martins,1999-06-13,PR,Aposentado,12192.27,988,2026-05-07
CLI004759,Juliana Rodrigues Gomes,1994-11-01,PR,Autonomo,7784.58,608,2022-08-17
CLI004760,Nelson Souza Martins,1998-07-22,RS,Assalariado CLT,,512,2025-02-22
CLI004761,Marcelo Costa Lima,1988-07-13,RS,Servidor Publico,5167.48,727,2025-11-24
CLI004762,Bruno Santos Teixeira,1985-09-25,MG,Profissional Liberal,7911.05,715,2024-11-01
CLI004763,Olivia Martins Rocha,1989-12-10,RJ,Profissional Liberal,5027.44,588,2023-11-05
CLI004764,Marcelo Martins Moraes,1969-01-24,SP,Autonomo,5685.26,691,2022-12-06
CLI004765,Ursula Martins Carvalho,1991-01-23,,Assalariado CLT,13405.33,557,2026-08-12
CLI004766,Joao Santos Martins,1985-06-17,RJ,Empresario,2213.55,554,2022-12-29
CLI004767,Gabriela Gomes Araujo,1987-04-02,SC,Autonomo,,596,2023-08-01
CLI004768,Ursula Barbosa Martins,1980-12-19,,Assalariado CLT,2614.78,692,2024-03-02
CLI004769,Olivia Oliveira Santos,1988-02-05,SP,,9726.63,411,2022-07-13
CLI004770,Paulo Carvalho Souza,2001-02-09,SP,Profissional Liberal,2352.27,563,2022-05-27
CLI004771,Thiago Santos Moraes,1985-08-04,SP,Servidor Publico,3557.58,473,2022-03-14
CLI004772,Mariana Martins Moraes,1998-10-22,,Empresario,5862.96,564,2022-10-23
CLI004773,Queren Almeida Barbosa,1999-01-11,BA,Assalariado CLT,12239.83,866,2025-02-19
CLI004774,Zeca Barbosa Ferreira,2006-02-16,SP,Autonomo,2867.66,642,2024-04-14
CLI004775,Karina Costa Santos,2002-03-03,CE,Autonomo,12151.77,524,2024-12-04
CLI004776,Isabela Barbosa Rocha,1990-05-18,PR,Assalariado CLT,,671,2024-04-16
CLI004777,Patricia Ribeiro Oliveira,1993-02-12,,Assalariado CLT,8914.0,696,2023-09-21
CLI004778,Juliana Rodrigues Rodrigues,1997-11-14,PR,Assalariado CLT,7194.95,455,2024-09-24
CLI004779,Eduarda Pereira Rocha,1983-03-31,MG,Assalariado CLT,,622,2022-01-17
CLI004780,Vinicius Pereira Pereira,2007-08-29,RS,Servidor Publico,3866.38,645,2024-10-04
CLI004781,Olivia Silva Carvalho,1977-12-23,RS,Assalariado CLT,5038.12,651,2023-03-11
CLI004782,Carla Barbosa Costa,1978-11-11,RJ,Assalariado CLT,5699.42,654,2023-05-10
CLI004783,Ursula Nunes Gomes,1983-03-18,RJ,Aposentado,7702.25,548,2024-08-30
CLI004784,Karina Souza Almeida,1992-11-19,SP,Assalariado CLT,6558.18,854,2023-12-19
CLI004785,Bruno Ferreira Oliveira,1978-06-12,PR,Assalariado CLT,3799.62,622,2025-10-30
CLI004786,Bruno Araujo Gomes,1963-12-27,PE,Autonomo,2867.38,365,2022-11-11
CLI004787,Thiago Moraes Oliveira,1998-04-24,ES,Assalariado CLT,2796.2,592,2023-01-25
CLI004788,Olivia Teixeira Oliveira,1993-10-02,MG,Profissional Liberal,6415.31,788,2022-06-15
CLI004789,Patricia Lima Moraes,2004-04-01,MT,Servidor Publico,,520,2023-10-23
CLI004790,Ursula Rocha Moraes,1987-03-11,SP,Profissional Liberal,4252.86,803,2024-08-20
CLI004791,Eduarda Barbosa Moraes,1977-10-31,DF,Profissional Liberal,7088.73,708,2022-10-27
CLI004792,Rafael Almeida Silva,1994-11-28,DF,Aposentado,4382.4,481,2025-07-05
CLI004793,Bruno Costa Silva,1970-11-26,GO,Autonomo,,650,2024-10-16
CLI004794,Bruno Teixeira Nunes,1987-04-09,MG,,5144.63,764,2026-05-18
CLI004795,Mariana Carvalho Pereira,1988-03-28,MG,Assalariado CLT,2557.92,510,2025-08-11
CLI004796,Amanda Teixeira Lima,1989-11-20,RS,Empresario,11001.21,691,2023-06-14
CLI004797,Nelson Pereira Araujo,1998-10-15,,Empresario,5650.19,608,2026-01-06
CLI004798,Gabriela Souza Araujo,1965-07-28,RJ,Assalariado CLT,13446.44,490,2024-12-17
CLI004799,Mariana Rodrigues Barbosa,1987-10-05,SP,Assalariado CLT,,625,2024-07-29
CLI004800,Marcelo Oliveira Rodrigues,2000-11-12,RS,Profissional Liberal,5716.81,593,2023-11-28
CLI004801,Amanda Moraes Ribeiro,1964-12-16,SP,Assalariado CLT,,678,2024-08-17
CLI004802,Henrique Rocha Silva,1965-02-01,SP,Aposentado,6830.21,708,2022-04-28
CLI004803,Ana Moraes Moraes,2007-05-24,SP,Autonomo,7694.43,746,2023-05-17
CLI004804,Juliana Gomes Lima,1995-03-30,CE,Assalariado CLT,5366.47,567,2025-01-24
CLI004805,Amanda Lima Pereira,1989-04-17,RJ,Autonomo,3863.73,755,2026-03-25
CLI004806,Diego Ferreira Rocha,2007-03-11,RJ,Empresario,4328.04,803,2021-09-05
CLI004807,Diego Santos Oliveira,1979-01-11,MG,Autonomo,1929.21,528,2022-01-07
CLI004808,Paulo Martins Souza,1968-09-03,PE,Autonomo,19851.09,649,2021-10-07
CLI004809,Vinicius Souza Costa,1991-01-03,BA,Autonomo,6445.85,485,2024-11-25
CLI004810,Diego Ribeiro Ferreira,1995-03-24,GO,Assalariado CLT,,737,2023-12-24
CLI004811,Vinicius Teixeira Oliveira,1974-12-20,RS,Assalariado CLT,2114.28,751,2024-09-18
CLI004812,Zeca Martins Pereira,1993-05-29,GO,Aposentado,,694,2025-11-11
CLI004813,Nelson Carvalho Santos,1978-10-22,MT,Empresario,5404.35,524,2025-05-06
CLI004814,Patricia Teixeira Silva,1990-11-11,BA,Servidor Publico,6923.65,648,2024-08-03
CLI004815,Juliana Almeida Ribeiro,1984-09-03,BA,Assalariado CLT,4175.41,608,2023-01-12
CLI004816,Amanda Rocha Teixeira,1987-10-04,PR,Assalariado CLT,3269.42,523,2026-01-16
CLI004817,Felipe Pereira Ribeiro,2004-07-15,PA,Empresario,,546,2025-03-23
CLI004818,Eduarda Lima Teixeira,1962-09-20,ES,Empresario,5371.42,638,2022-01-10
CLI004819,Lucas Silva Nunes,2003-07-22,RJ,Assalariado CLT,2770.91,391,2026-02-03
CLI004820,Queren Carvalho Silva,1978-10-05,,Empresario,5331.11,609,2026-06-23
CLI004821,Yara Souza Ribeiro,1990-02-19,RJ,Servidor Publico,6192.55,808,2025-07-23
CLI004822,Bruno Almeida Barbosa,1986-04-08,ES,Autonomo,,673,2022-04-08
CLI004823,Mariana Ribeiro Santos,1993-07-29,SP,Empresario,8195.28,601,2026-03-17
CLI004824,Mariana Pereira Souza,1973-06-25,SP,Assalariado CLT,,597,2023-07-30
CLI004825,Isabela Araujo Ribeiro,1968-09-09,CE,Assalariado CLT,,652,2025-06-25
CLI004826,Thiago Martins Almeida,1989-07-03,PR,Assalariado CLT,5681.57,766,2023-01-06
CLI004827,Rafael Teixeira Lima,1983-12-22,SP,Aposentado,4697.15,757,2026-05-31
CLI004828,Gabriela Almeida Oliveira,1979-04-21,SP,Autonomo,2577.32,651,2023-02-17
CLI004829,Juliana Ribeiro Martins,1998-03-31,RS,Autonomo,5536.42,511,2021-09-27
CLI004830,Vinicius Ferreira Ferreira,1990-01-10,BA,Autonomo,7172.09,803,2026-03-03
CLI004831,Mariana Araujo Ribeiro,1968-10-12,BA,Aposentado,,545,2024-12-19
CLI004832,Amanda Costa Teixeira,1998-12-15,RS,Assalariado CLT,3150.13,480,2024-07-24
CLI004833,Ursula Barbosa Silva,2002-02-24,PE,Assalariado CLT,1270.85,573,2025-10-08
CLI004834,Ana Santos Nunes,1991-07-19,PE,Autonomo,8547.7,639,2023-05-25
CLI004835,Rafael Almeida Teixeira,1975-04-24,PE,Empresario,1200.0,588,2024-12-20
CLI004836,Zeca Almeida Ferreira,1991-03-23,RS,Assalariado CLT,3096.62,763,2024-07-31
CLI004837,Zeca Carvalho Ribeiro,1973-03-11,SP,Assalariado CLT,,820,2024-03-06
CLI004838,Gabriela Moraes Costa,1991-12-18,RS,Servidor Publico,18859.74,681,2021-10-13
CLI004839,Nelson Araujo Martins,1993-12-31,SC,Assalariado CLT,,248,2025-05-14
CLI004840,Ursula Carvalho Rodrigues,1975-03-24,SP,Autonomo,,499,2021-12-28
CLI004841,Queren Santos Teixeira,1957-07-18,RJ,Autonomo,3899.04,809,2024-05-10
CLI004842,Wagner Pereira Costa,2002-02-06,PR,Profissional Liberal,,617,2025-03-06
CLI004843,Felipe Silva Souza,1989-05-15,SP,Assalariado CLT,3931.18,583,2025-09-30
CLI004844,Rafael Moraes Carvalho,1980-07-21,SP,,1959.72,677,2026-07-11
CLI004845,Thiago Silva Moraes,1978-06-26,,Servidor Publico,,518,2024-10-08
CLI004846,Rodrigo Almeida Almeida,1982-05-26,MG,Empresario,5290.38,778,2023-02-15
CLI004847,Lucas Rodrigues Pereira,1971-06-02,PE,Aposentado,7816.49,613,2022-11-16
CLI004848,Isabela Carvalho Rodrigues,1992-08-30,CE,Estudante,4640.06,483,2025-08-25
CLI004849,Thiago Moraes Barbosa,1962-01-12,GO,Aposentado,5111.49,716,2026-03-12
CLI004850,Sabrina Moraes Lima,1970-07-04,MT,Profissional Liberal,12312.74,648,2024-10-21
CLI004851,Thiago Barbosa Araujo,2000-09-26,ES,Autonomo,16436.19,704,2023-06-10
CLI004852,Sabrina Almeida Silva,1987-04-12,SP,Empresario,1403.66,821,2025-10-25
CLI004853,Vinicius Oliveira Moraes,1974-06-14,PR,Autonomo,7842.36,573,2023-02-04
CLI004854,Mariana Almeida Barbosa,1989-10-26,SP,Assalariado CLT,4751.22,812,2025-02-12
CLI004855,Sabrina Moraes Teixeira,1977-08-17,MG,Assalariado CLT,,544,2022-05-22
CLI004856,Zeca Pereira Santos,2007-04-08,SC,,8205.65,981,2025-07-23
CLI004857,Felipe Teixeira Rocha,1990-07-20,,Aposentado,9619.09,689,2023-04-15
CLI004858,Isabela Costa Martins,1994-06-01,SP,Empresario,4031.65,795,2021-11-18
CLI004859,Zeca Santos Gomes,2001-08-31,DF,Autonomo,,626,2024-03-28
CLI004860,Ursula Costa Teixeira,1977-01-19,DF,Autonomo,23748.88,674,2024-11-19
CLI004861,Felipe Martins Santos,1985-03-07,BA,Assalariado CLT,,590,2025-07-08
CLI004862,Patricia Rocha Carvalho,1981-07-30,,Autonomo,,742,2021-11-09
CLI004863,Bruno Carvalho Santos,1995-06-13,PA,Servidor Publico,1980.57,673,2026-03-07
CLI004864,Rodrigo Moraes Souza,2006-11-29,RS,Autonomo,3629.68,298,2022-12-18
CLI004865,Carla Rocha Costa,1994-05-12,RJ,,7182.64,421,2024-06-22
CLI004866,Vinicius Carvalho Costa,1992-06-17,GO,Assalariado CLT,3325.75,571,2025-07-30
CLI004867,Nelson Lima Araujo,1990-03-02,RS,Assalariado CLT,,655,2025-10-18
CLI004868,Gabriela Gomes Martins,1981-01-08,DF,Profissional Liberal,9925.28,592,2022-12-10
CLI004869,Rafael Barbosa Teixeira,1976-10-31,ES,Assalariado CLT,2951.93,548,2026-01-13
CLI004870,Karina Costa Lima,1983-06-13,PE,,3933.74,568,2023-08-19
CLI004871,Sabrina Lima Rocha,1999-12-10,ES,Assalariado CLT,2139.16,591,2022-08-19
CLI004872,Felipe Rocha Oliveira,1986-09-03,RJ,Autonomo,6999.87,533,2022-08-19
CLI004873,Eduarda Silva Rodrigues,2007-05-29,MG,Assalariado CLT,10245.7,539,2025-08-13
CLI004874,Diego Nunes Souza,1978-12-29,SP,Aposentado,2700.33,673,2024-12-02
CLI004875,Joao Souza Ferreira,1981-06-20,,Empresario,,527,2025-02-18
CLI004876,Diego Gomes Souza,1982-06-23,SP,Servidor Publico,2131.5,540,2024-04-21
CLI004877,Rafael Ribeiro Teixeira,1962-12-07,SP,Autonomo,4928.46,546,2025-08-09
CLI004878,Juliana Nunes Ribeiro,1975-10-20,DF,,3254.04,712,2022-08-06
CLI004879,Lucas Barbosa Rocha,1996-01-08,SC,Servidor Publico,,660,2024-09-20
CLI004880,Rafael Carvalho Carvalho,1992-02-09,SC,,4463.35,610,2024-06-19
CLI004881,Karina Gomes Costa,1989-01-16,PE,Assalariado CLT,4508.81,662,2026-01-30
CLI004882,Thiago Carvalho Carvalho,1978-12-24,PR,Profissional Liberal,4077.1,617,2024-02-27
CLI004883,Olivia Araujo Lima,1975-05-28,SP,Autonomo,,361,2024-09-21
CLI004884,Olivia Costa Santos,1984-03-12,SP,Assalariado CLT,3343.28,797,2021-12-04
CLI004885,Gabriela Nunes Nunes,1979-01-26,MT,,2136.15,542,2023-01-22
CLI004886,Mariana Teixeira Gomes,1959-06-01,SP,Assalariado CLT,3277.33,521,2024-08-24
CLI004887,Juliana Carvalho Souza,1995-03-10,MG,Autonomo,10572.38,511,2023-09-11
CLI004888,Diego Pereira Carvalho,1967-04-29,GO,Empresario,10511.53,640,2022-07-16
CLI004889,Ursula Barbosa Souza,1992-04-16,PE,Assalariado CLT,2895.12,627,2024-04-10
CLI004890,Rodrigo Nunes Lima,2006-07-13,SP,Servidor Publico,2646.71,853,2025-12-18
CLI004891,Isabela Costa Pereira,1983-10-10,RS,Assalariado CLT,,717,2024-02-23
CLI004892,Thiago Almeida Rocha,1988-07-30,RS,Assalariado CLT,4901.24,422,2023-02-02
CLI004893,Ursula Silva Souza,1991-11-28,MG,,13161.78,774,2025-07-15
CLI004894,Queren Souza Souza,1971-10-20,GO,Assalariado CLT,2382.1,629,2025-10-08
CLI004895,Gabriela Carvalho Martins,1987-04-12,PR,Empresario,3428.84,440,2023-01-26
CLI004896,Wagner Pereira Moraes,1973-11-09,SP,Assalariado CLT,,539,2023-03-10
CLI004897,Nelson Teixeira Rodrigues,1991-06-03,SP,Assalariado CLT,,552,2026-08-10
CLI004898,Nelson Santos Almeida,1987-05-09,PE,Autonomo,,458,2022-10-18
CLI004899,Zeca Gomes Silva,1990-03-06,PE,Profissional Liberal,5448.33,640,2025-05-21
CLI004900,Yara Lima Rodrigues,1967-11-10,RS,,1888.1,645,2025-02-05
CLI004901,Felipe Carvalho Barbosa,1980-05-25,RS,Aposentado,3108.41,707,2024-01-14
CLI004902,Felipe Barbosa Santos,1985-11-03,SP,Assalariado CLT,2222.13,726,2023-02-12
CLI004903,Queren Moraes Santos,1985-11-22,RS,Empresario,1380.8,644,2024-04-10
CLI004904,Joao Araujo Costa,1997-04-05,RJ,Aposentado,8596.38,718,2023-08-23
CLI004905,Sabrina Rodrigues Lima,1990-04-18,RJ,Assalariado CLT,3257.81,610,2022-04-21
CLI004906,Rodrigo Ribeiro Ribeiro,1979-12-20,PR,Assalariado CLT,9344.13,553,2022-12-24
CLI004907,Rodrigo Costa Araujo,1983-04-27,SP,,2013.06,763,2025-10-12
CLI004908,Amanda Almeida Ribeiro,2000-07-29,PA,Autonomo,1954.28,572,2025-02-04
CLI004909,Felipe Gomes Carvalho,1978-07-23,GO,,,639,2024-04-13
CLI004910,Karina Almeida Pereira,1991-09-06,BA,Empresario,,496,2021-09-13
CLI004911,Olivia Silva Rodrigues,1980-05-05,BA,Aposentado,2183.61,628,2026-05-24
CLI004912,Gabriela Santos Araujo,1983-06-07,,Assalariado CLT,1735.39,366,2025-12-05
CLI004913,Zeca Moraes Rodrigues,2007-01-23,RS,Assalariado CLT,2390.92,440,2023-07-13
CLI004914,Thiago Costa Araujo,1988-10-28,DF,,1705.13,901,2023-07-19
CLI004915,Ursula Lima Martins,1975-07-09,RS,Assalariado CLT,,500,2025-07-25
CLI004916,Thiago Martins Carvalho,1963-01-16,SP,Assalariado CLT,8353.76,784,2025-01-30
CLI004917,Amanda Nunes Pereira,1997-11-15,MG,Profissional Liberal,4082.93,430,2023-02-23
CLI004918,Marcelo Ferreira Nunes,1972-09-22,SP,Profissional Liberal,1565.81,631,2026-02-16
CLI004919,Lucas Pereira Barbosa,1967-03-28,SP,Assalariado CLT,2748.95,457,2023-07-03
CLI004920,Bruno Ferreira Rocha,1980-08-18,,Assalariado CLT,3675.0,748,2022-07-04
CLI004921,Olivia Ferreira Carvalho,1994-07-16,MG,Empresario,1803.46,599,2024-05-07
CLI004922,Thiago Silva Martins,1986-08-02,SP,Assalariado CLT,7193.3,663,2023-10-27
CLI004923,Gabriela Oliveira Souza,1978-09-09,GO,Empresario,8709.1,784,2025-05-27
CLI004924,Patricia Carvalho Oliveira,1971-03-23,SC,Aposentado,6207.48,449,2025-03-08
CLI004925,Gabriela Araujo Silva,1999-03-10,PR,Aposentado,3584.73,786,2022-01-07
CLI004926,Paulo Oliveira Carvalho,1984-09-27,SP,Assalariado CLT,8847.76,701,2025-08-31
CLI004927,Marcelo Rodrigues Martins,1974-08-31,PR,Assalariado CLT,11408.76,611,2022-01-08
CLI004928,Vinicius Gomes Nunes,1980-05-04,PR,Assalariado CLT,,512,2025-05-18
CLI004929,Paulo Pereira Pereira,1965-12-12,PR,Autonomo,2127.11,543,2024-02-04
CLI004930,Mariana Ferreira Martins,1987-08-19,BA,Assalariado CLT,6899.53,727,2024-07-11
CLI004931,Karina Teixeira Souza,1980-08-05,RJ,Assalariado CLT,14757.86,617,2025-12-30
CLI004932,Amanda Barbosa Moraes,1976-08-22,SP,Servidor Publico,,375,2024-09-04
CLI004933,Thiago Moraes Moraes,2007-08-10,RS,Assalariado CLT,6146.13,519,2024-10-28
CLI004934,Rodrigo Teixeira Santos,1964-06-01,SP,Assalariado CLT,6008.08,491,2024-05-24
CLI004935,Ana Gomes Martins,1987-08-10,GO,Autonomo,2040.71,658,2025-08-12
CLI004936,Joao Barbosa Ribeiro,1999-06-01,PR,Aposentado,8360.82,348,2024-06-26
CLI004937,Thiago Rodrigues Gomes,2002-10-31,MT,Servidor Publico,1489.5,463,2023-05-08
CLI004938,Yara Costa Nunes,2001-07-16,PE,Autonomo,,873,2024-06-01
CLI004939,Rafael Ribeiro Barbosa,1973-11-15,RJ,Assalariado CLT,3545.07,526,2025-11-19
CLI004940,Amanda Nunes Rodrigues,1993-10-09,RJ,Aposentado,1200.0,940,2023-03-25
CLI004941,Sabrina Lima Pereira,1983-12-09,SC,Servidor Publico,1359.88,566,2026-06-11
CLI004942,Ana Gomes Pereira,2006-10-02,SP,Assalariado CLT,4262.35,855,2026-08-18
CLI004943,Isabela Lima Barbosa,1998-07-13,CE,Assalariado CLT,5771.77,771,2026-01-09
CLI004944,Thiago Araujo Ribeiro,2005-02-10,RS,Assalariado CLT,6624.87,517,2021-10-27
CLI004945,Nelson Teixeira Costa,1980-09-29,MG,Empresario,,729,2023-12-06
CLI004946,Vinicius Pereira Nunes,2004-01-09,PR,Assalariado CLT,3511.06,392,2023-05-16
CLI004947,Queren Costa Rocha,1979-01-27,PR,Empresario,5804.23,636,2025-10-24
CLI004948,Juliana Pereira Rodrigues,1990-03-10,DF,Autonomo,,621,2023-07-22
CLI004949,Ana Carvalho Costa,1996-02-21,SP,Autonomo,1788.22,731,2025-10-30
CLI004950,Diego Oliveira Santos,1988-07-02,,Assalariado CLT,1441.79,625,2021-10-15
CLI004951,Rodrigo Santos Gomes,1984-12-01,SP,Assalariado CLT,4579.74,472,2022-03-14
CLI004952,Henrique Ferreira Barbosa,1992-04-09,PE,Autonomo,,728,2025-09-03
CLI004953,Nelson Teixeira Rodrigues,1990-08-05,DF,Assalariado CLT,4100.44,695,2022-12-22
CLI004954,Ursula Pereira Gomes,1999-06-12,BA,Servidor Publico,,679,2023-11-06
CLI004955,Karina Rocha Lima,1985-01-05,MG,Estudante,,722,2023-12-21
CLI004956,Gabriela Almeida Lima,1990-02-21,BA,Empresario,8905.88,523,2023-03-14
CLI004957,Ana Costa Araujo,1980-08-03,ES,Empresario,,609,2022-07-11
CLI004958,Carla Nunes Carvalho,1956-10-31,DF,Assalariado CLT,,497,2021-11-30
CLI004959,Wagner Ribeiro Pereira,2007-03-10,SC,Assalariado CLT,4846.46,627,2022-05-20
CLI004960,Joao Lima Silva,1990-11-05,RJ,Assalariado CLT,2844.76,704,2026-08-15
CLI004961,Eduarda Teixeira Pereira,1988-08-22,ES,Assalariado CLT,13465.91,509,2022-05-23
CLI004962,Isabela Moraes Oliveira,1986-02-26,MG,Assalariado CLT,10417.01,632,2023-01-25
CLI004963,Paulo Moraes Rodrigues,1993-07-25,SP,Autonomo,11639.79,667,2026-02-21
CLI004964,Sabrina Martins Ferreira,1984-03-17,BA,Assalariado CLT,1823.77,681,2023-06-23
CLI004965,Gabriela Santos Moraes,2007-05-18,SP,Profissional Liberal,8252.18,690,2023-05-01
CLI004966,Zeca Ferreira Araujo,1991-04-26,CE,Aposentado,7930.7,302,2023-12-22
CLI004967,Carla Pereira Moraes,2007-06-12,MG,Autonomo,3200.71,691,2024-07-17
CLI004968,Carla Rodrigues Silva,1989-11-29,RS,Assalariado CLT,4602.69,618,2026-07-29
CLI004969,Lucas Rodrigues Oliveira,1998-04-24,MG,Assalariado CLT,1239.01,794,2024-05-29
CLI004970,Paulo Rocha Oliveira,1979-04-26,RJ,Autonomo,1937.65,783,2024-07-18
CLI004971,Rodrigo Almeida Almeida,1992-10-05,RJ,Autonomo,,546,2021-10-03
CLI004972,Queren Costa Moraes,1983-03-24,MT,Assalariado CLT,6982.94,572,2023-10-20
CLI004973,Nelson Barbosa Oliveira,2002-09-08,SP,Assalariado CLT,1663.04,641,2026-08-12
CLI004974,Rodrigo Pereira Ribeiro,1993-02-24,SP,Empresario,2115.1,642,2026-03-26
CLI004975,Diego Pereira Oliveira,1982-02-12,SP,Empresario,5424.57,435,2023-12-20
CLI004976,Eduarda Ribeiro Araujo,1994-05-25,GO,Autonomo,6612.8,945,2026-07-30
CLI004977,Nelson Ferreira Pereira,1976-03-02,SP,Servidor Publico,10098.23,792,2024-03-16
CLI004978,Rodrigo Ferreira Souza,1988-01-31,BA,Autonomo,1247.13,766,2025-04-27
CLI004979,Olivia Almeida Moraes,1973-11-13,ES,Servidor Publico,4900.0,428,2023-10-08
CLI004980,Mariana Almeida Nunes,1968-04-14,PR,Assalariado CLT,3660.96,478,2025-12-05
CLI004981,Eduarda Almeida Almeida,1986-12-31,SP,Aposentado,,421,2025-09-17
CLI004982,Rafael Teixeira Carvalho,1988-07-27,PE,Assalariado CLT,3768.43,460,2022-05-27
CLI004983,Rodrigo Costa Rocha,1967-10-25,CE,Autonomo,3547.39,433,2022-03-23
CLI004984,Vinicius Pereira Carvalho,1992-02-24,RS,Assalariado CLT,,733,2021-12-28
CLI004985,Zeca Costa Nunes,1969-10-26,SP,Assalariado CLT,1499.71,630,2025-12-05
CLI004986,Thiago Costa Moraes,1966-12-23,SP,Autonomo,,717,2025-12-29
CLI004987,Karina Barbosa Ribeiro,1981-04-02,PA,Assalariado CLT,2236.21,574,2023-05-11
CLI004988,Bruno Ribeiro Gomes,1984-06-25,SP,Empresario,3539.27,656,2025-11-13
CLI004989,Rodrigo Moraes Rocha,1973-03-07,SP,Profissional Liberal,1973.43,822,2024-02-28
CLI004990,Paulo Costa Oliveira,1987-01-27,CE,Profissional Liberal,6873.02,477,2023-01-03
CLI004991,Olivia Rodrigues Santos,1984-05-14,PR,Assalariado CLT,5006.67,506,2021-09-02
CLI004992,Zeca Carvalho Martins,2006-02-04,MG,Empresario,5710.8,683,2023-06-18
CLI004993,Zeca Rocha Santos,2000-05-26,PR,Assalariado CLT,7217.79,649,2025-09-06
CLI004994,Yara Rodrigues Carvalho,1996-11-13,BA,,3569.27,455,2024-06-19
CLI004995,Diego Lima Rodrigues,1974-03-04,PA,Empresario,,498,2025-05-27
CLI004996,Felipe Costa Santos,2001-03-03,DF,Assalariado CLT,2768.35,560,2022-05-05
CLI004997,Patricia Ribeiro Moraes,1983-07-08,SP,Aposentado,2609.97,513,2025-12-14
CLI004998,Isabela Martins Rodrigues,1974-06-20,PR,Autonomo,2826.34,665,2024-09-09
CLI004999,Thiago Ribeiro Ribeiro,1983-08-29,BA,Autonomo,3174.02,565,2023-07-28
CLI005000,Gabriela Barbosa Ribeiro,1979-05-18,PR,Assalariado CLT,,505,2021-10-08
CLI005001,Nelson Ferreira Rodrigues,2004-06-08,MG,Autonomo,4758.63,572,2022-08-25
CLI005002,Marcelo Carvalho Ferreira,1972-11-08,PE,Autonomo,4513.5,683,2024-06-13
CLI005003,Bruno Martins Ferreira,1977-11-14,GO,Assalariado CLT,3933.44,765,2022-11-21
CLI005004,Thiago Araujo Gomes,1995-06-30,RJ,Assalariado CLT,5434.78,523,2023-04-05
CLI005005,Lucas Souza Moraes,1978-08-19,CE,Assalariado CLT,18905.39,623,2023-02-28
CLI005006,Rafael Ferreira Santos,1974-04-08,MG,Assalariado CLT,,602,2024-10-21
CLI005007,Zeca Oliveira Moraes,1988-11-29,SP,Empresario,5036.07,926,2023-10-01
CLI005008,Felipe Santos Gomes,1993-05-31,PA,Profissional Liberal,2497.12,550,2024-03-20
CLI005009,Felipe Carvalho Almeida,1968-06-01,GO,Assalariado CLT,9593.34,580,2024-03-21
CLI005010,Yara Gomes Souza,1998-05-28,BA,Aposentado,,559,2024-03-05
CLI005011,Eduarda Carvalho Costa,1990-08-13,ES,Autonomo,5844.7,513,2024-04-22
CLI005012,Amanda Ribeiro Pereira,1978-11-16,SP,Servidor Publico,10301.36,683,2022-10-05
CLI005013,Paulo Oliveira Ferreira,1987-03-26,MG,Aposentado,2847.68,306,2025-07-21
CLI005014,Vinicius Araujo Santos,1980-07-22,SP,Servidor Publico,2953.06,652,2021-12-24
CLI005015,Marcelo Nunes Lima,1999-05-21,PE,Assalariado CLT,5597.91,553,2025-07-06
CLI005016,Ana Santos Gomes,1993-04-05,MT,Empresario,4297.37,704,2024-09-10
CLI005017,Amanda Almeida Santos,1988-03-26,MG,Autonomo,4169.3,526,2024-10-02
CLI005018,Lucas Santos Rodrigues,1971-08-05,SC,Autonomo,8339.86,683,2025-07-17
CLI005019,Bruno Araujo Rocha,1984-12-30,SP,Profissional Liberal,17538.92,659,2023-12-13
CLI005020,Carla Rodrigues Gomes,1983-08-08,SP,Empresario,4504.07,443,2024-10-20
CLI005021,Paulo Costa Pereira,2007-07-20,GO,Autonomo,2346.03,539,2023-02-23
CLI005022,Olivia Teixeira Ferreira,1974-11-13,RS,Aposentado,6178.18,643,2022-04-03
CLI005023,Mariana Costa Teixeira,1974-07-20,MG,Assalariado CLT,4825.59,712,2025-11-09
CLI005024,Queren Nunes Lima,1979-10-16,SP,Empresario,3985.63,600,2022-01-20
CLI005025,Rafael Pereira Gomes,1985-03-13,SP,Assalariado CLT,6552.01,820,2025-04-22
CLI005026,Lucas Lima Almeida,1977-07-25,GO,Empresario,2843.93,743,2026-01-29
CLI005027,Eduarda Santos Almeida,1981-02-14,SP,Autonomo,1979.46,874,2023-01-22
CLI005028,Rafael Silva Gomes,1975-10-22,MG,Assalariado CLT,,525,2026-03-17
CLI005029,Ursula Almeida Rodrigues,1981-08-02,ES,Autonomo,,499,2026-02-20
CLI005030,Karina Gomes Moraes,1992-05-26,SP,,6777.98,695,2024-06-01
CLI005031,Gabriela Rodrigues Ribeiro,1994-03-27,RS,,12715.18,462,2023-10-01
CLI005032,Isabela Pereira Souza,1983-10-03,,Assalariado CLT,3681.86,739,2026-05-06
CLI005033,Zeca Silva Araujo,2007-02-25,PA,Aposentado,5905.6,605,2022-08-25
CLI005034,Juliana Martins Araujo,1964-11-13,PR,Autonomo,1200.0,841,2025-05-19
CLI005035,Karina Ferreira Nunes,1974-06-16,SP,Assalariado CLT,13216.88,663,2026-07-14
CLI005036,Juliana Costa Oliveira,2000-02-07,SP,Assalariado CLT,4723.02,778,2022-04-01
CLI005037,Juliana Rocha Rodrigues,1951-07-01,SC,Servidor Publico,3318.53,691,2024-09-23
CLI005038,Queren Gomes Carvalho,1991-11-03,CE,Assalariado CLT,3871.69,672,2023-02-16
CLI005039,Olivia Oliveira Carvalho,1995-11-28,CE,Assalariado CLT,1696.32,740,2022-06-17
CLI005040,Diego Nunes Nunes,1986-03-27,SP,Assalariado CLT,5081.09,623,2025-03-29
CLI005041,Gabriela Teixeira Araujo,1992-02-23,,,2614.45,486,2025-02-12
CLI005042,Juliana Araujo Oliveira,1988-09-14,SP,Empresario,2168.77,308,2022-09-28
CLI005043,Gabriela Almeida Gomes,1978-11-10,PR,Servidor Publico,,443,2025-11-05
CLI005044,Rodrigo Santos Almeida,1978-11-05,PE,Profissional Liberal,6216.39,531,2024-11-23
CLI005045,Mariana Nunes Rodrigues,1986-03-13,PE,Profissional Liberal,,433,2024-12-21
CLI005046,Isabela Barbosa Pereira,1954-07-19,SC,Assalariado CLT,,516,2026-03-10
CLI005047,Henrique Souza Almeida,1981-04-25,MG,Autonomo,5287.12,616,2021-10-26
CLI005048,Henrique Lima Teixeira,1995-12-23,SP,Assalariado CLT,3183.55,572,2025-08-04
CLI005049,Ana Silva Souza,1990-06-06,SC,Aposentado,1398.56,556,2024-11-03
CLI005050,Nelson Souza Gomes,1997-01-11,SP,Assalariado CLT,7497.08,723,2026-05-21
CLI005051,Zeca Rodrigues Araujo,1979-01-19,SP,Empresario,3297.31,587,2021-10-09
CLI005052,Gabriela Silva Ribeiro,1964-06-07,MG,Autonomo,8761.83,533,2021-12-14
CLI005053,Felipe Costa Ferreira,1974-09-26,SC,Profissional Liberal,11446.48,672,2024-03-24
CLI005054,Henrique Carvalho Gomes,1984-11-21,PR,Assalariado CLT,1880.48,832,2022-02-13
CLI005055,Marcelo Souza Lima,1984-02-04,SP,Assalariado CLT,,572,2025-08-02
CLI005056,Olivia Pereira Carvalho,1992-08-26,GO,Assalariado CLT,3099.71,700,2025-12-24
CLI005057,Isabela Ribeiro Rodrigues,2007-08-17,SP,Servidor Publico,2873.51,529,2024-12-23
CLI005058,Mariana Almeida Gomes,1970-09-20,ES,Servidor Publico,10667.96,578,2022-07-10
CLI005059,Carla Araujo Oliveira,1989-12-19,,Autonomo,2135.33,710,2025-08-28
CLI005060,Ana Moraes Ribeiro,2003-04-26,BA,Empresario,2272.77,654,2026-04-18
CLI005061,Yara Costa Rodrigues,1983-06-13,BA,Assalariado CLT,2151.46,614,2026-05-24
CLI005062,Queren Carvalho Lima,1998-10-29,MG,Assalariado CLT,,600,2025-04-22
CLI005063,Queren Pereira Oliveira,1997-08-24,MG,,6229.37,511,2023-06-26
CLI005064,Zeca Ribeiro Santos,1973-08-06,BA,Servidor Publico,3190.74,687,2023-06-01
CLI005065,Juliana Oliveira Almeida,1984-07-22,BA,Autonomo,6867.55,645,2025-11-17
CLI005066,Rafael Ribeiro Teixeira,1973-10-16,RS,Assalariado CLT,10763.29,596,2026-08-01
CLI005067,Wagner Moraes Rodrigues,2006-07-01,SP,Aposentado,1811.15,622,2022-07-14
CLI005068,Queren Carvalho Pereira,1986-01-06,MG,,3257.51,538,2021-11-15
CLI005069,Patricia Araujo Ribeiro,2000-07-18,PR,Assalariado CLT,8330.88,520,2024-06-14
CLI005070,Amanda Pereira Oliveira,1983-12-31,RJ,Assalariado CLT,5877.97,646,2025-06-10
CLI005071,Yara Oliveira Costa,2001-10-26,SC,Autonomo,14418.75,568,2025-04-28
CLI005072,Yara Souza Martins,1980-05-04,SP,Assalariado CLT,,592,2022-09-11
CLI005073,Paulo Araujo Costa,1977-03-07,SP,Estudante,,649,2021-11-15
CLI005074,Bruno Araujo Costa,1983-08-01,ES,Profissional Liberal,,684,2026-06-07
CLI005075,Eduarda Lima Martins,1974-11-10,SP,Assalariado CLT,15448.14,531,2022-02-13
CLI005076,Mariana Costa Martins,1959-10-27,SP,Autonomo,2762.12,555,2025-01-10
CLI005077,Isabela Lima Lima,1982-12-26,BA,Servidor Publico,5869.1,588,2022-12-09
CLI005078,Amanda Carvalho Moraes,1987-05-30,CE,Assalariado CLT,4461.25,590,2023-10-15
CLI005079,Queren Rocha Rocha,1991-07-20,MT,Assalariado CLT,2625.4,370,2024-08-15
CLI005080,Sabrina Almeida Almeida,1982-01-27,PE,Assalariado CLT,3477.46,599,2021-08-27
CLI005081,Wagner Almeida Almeida,1994-01-02,RS,Aposentado,2922.57,360,2024-09-01
CLI005082,Joao Martins Araujo,1973-02-20,PR,Assalariado CLT,13703.98,908,2022-09-02
CLI005083,Joao Moraes Nunes,1968-04-07,GO,Empresario,2439.88,635,2023-05-22
CLI005084,Sabrina Silva Carvalho,1980-05-20,PR,Assalariado CLT,3581.38,526,2025-08-18
CLI005085,Joao Almeida Oliveira,1983-12-10,SP,Assalariado CLT,1200.0,573,2022-08-26
CLI005086,Olivia Teixeira Teixeira,1992-06-24,RS,Autonomo,,412,2023-09-29
CLI005087,Patricia Teixeira Silva,1983-03-25,SP,Assalariado CLT,2656.74,779,2021-12-08
CLI005088,Marcelo Almeida Araujo,1975-04-29,SP,Autonomo,4431.21,678,2023-12-09
CLI005089,Mariana Teixeira Almeida,1979-11-25,RS,Aposentado,7176.92,546,2024-02-17
CLI005090,Sabrina Almeida Rocha,1977-03-27,MG,Empresario,2065.06,528,2023-09-04
CLI005091,Henrique Carvalho Souza,1991-01-16,RS,Assalariado CLT,3470.51,718,2022-09-28
CLI005092,Diego Carvalho Barbosa,1994-02-08,RS,Autonomo,8552.44,895,2022-04-25
CLI005093,Amanda Teixeira Souza,1967-02-10,CE,Empresario,,885,2022-02-16
CLI005094,Zeca Almeida Rodrigues,2003-02-10,PR,Assalariado CLT,9871.65,451,2022-02-11
CLI005095,Felipe Costa Rodrigues,1970-07-27,DF,Profissional Liberal,,778,2024-01-03
CLI005096,Henrique Rodrigues Rodrigues,1996-05-10,SP,Autonomo,5396.33,266,2022-09-23
CLI005097,Lucas Ferreira Carvalho,1973-09-25,BA,Autonomo,6392.32,585,2021-08-29
CLI005098,Olivia Silva Oliveira,1994-08-01,GO,Assalariado CLT,6612.48,549,2024-07-11
CLI005099,Vinicius Rocha Barbosa,1986-04-28,PR,Servidor Publico,4938.66,547,2022-11-06
CLI005100,Marcelo Oliveira Ribeiro,1984-07-19,MG,Assalariado CLT,10029.97,463,2023-09-16
CLI005101,Karina Barbosa Nunes,1976-09-04,SP,Autonomo,7009.89,618,2021-12-26
CLI005102,Marcelo Ribeiro Nunes,1999-02-10,BA,Autonomo,2390.14,470,2023-03-24
CLI005103,Ursula Carvalho Martins,1982-02-23,SP,Servidor Publico,,578,2026-03-10
CLI005104,Vinicius Souza Santos,1994-08-19,SP,Autonomo,,551,2025-07-29
CLI005105,Ana Pereira Martins,1971-08-20,SP,Assalariado CLT,10925.72,538,2025-05-01
CLI005106,Nelson Martins Araujo,1978-11-02,CE,Estudante,7052.18,442,2022-09-28
CLI005107,Marcelo Santos Teixeira,1985-09-15,DF,Assalariado CLT,1200.0,465,2022-04-21
CLI005108,Felipe Silva Silva,1980-05-24,SC,Assalariado CLT,7629.2,523,2024-09-11
CLI005109,Bruno Rodrigues Araujo,2007-07-31,RJ,,2742.65,501,2021-09-20
CLI005110,Zeca Carvalho Carvalho,1998-01-24,RS,Servidor Publico,,181,2023-02-27
CLI005111,Rodrigo Silva Rodrigues,2007-08-08,SP,Servidor Publico,7579.82,625,2025-04-20
CLI005112,Queren Moraes Santos,1986-06-16,SC,Empresario,2069.39,550,2022-09-28
CLI005113,Yara Martins Oliveira,1974-06-02,PE,Assalariado CLT,3136.93,647,2025-09-18
CLI005114,Rafael Silva Santos,2003-06-04,SP,Assalariado CLT,1545.29,465,2022-03-23
CLI005115,Felipe Carvalho Pereira,1984-04-23,RJ,Autonomo,,502,2023-01-30
CLI005116,Thiago Carvalho Almeida,1993-01-18,MT,Empresario,12238.84,593,2022-11-14
CLI005117,Marcelo Ribeiro Almeida,1989-10-05,SP,Assalariado CLT,8836.27,525,2025-01-02
CLI005118,Mariana Oliveira Ribeiro,1964-06-07,MG,Empresario,3915.46,656,2024-11-28
CLI005119,Yara Rocha Araujo,2000-03-28,SP,,8280.16,597,2022-11-07
CLI005120,Gabriela Almeida Nunes,1969-03-09,SP,Assalariado CLT,1906.07,560,2023-07-18
CLI005121,Mariana Gomes Costa,1980-10-09,RJ,Assalariado CLT,7761.36,707,2023-10-15
CLI005122,Isabela Barbosa Nunes,1999-07-20,MT,Assalariado CLT,7358.7,768,2025-07-10
CLI005123,Rodrigo Lima Rodrigues,1968-05-31,PR,Empresario,3473.65,202,2021-11-09
CLI005124,Mariana Costa Martins,1992-11-24,PR,Autonomo,3749.81,667,2024-09-21
CLI005125,Paulo Teixeira Pereira,1975-02-24,RJ,Assalariado CLT,2560.15,787,2022-10-14
CLI005126,Thiago Moraes Rocha,1986-10-06,BA,Assalariado CLT,1658.82,545,2021-09-19
CLI005127,Lucas Carvalho Almeida,1990-01-26,SP,Servidor Publico,1897.36,466,2025-05-30
CLI005128,Yara Moraes Almeida,1997-07-21,RS,Autonomo,5699.33,662,2023-05-12
CLI005129,Carla Santos Ribeiro,2000-04-30,SP,Empresario,3517.06,437,2024-04-02
CLI005130,Rafael Barbosa Barbosa,1953-02-19,SP,Assalariado CLT,8314.79,762,2023-06-21
CLI005131,Ana Ribeiro Costa,1955-10-13,SP,Autonomo,3052.54,527,2024-01-26
CLI005132,Amanda Araujo Araujo,1970-04-18,SP,Assalariado CLT,14896.16,376,2025-03-04
CLI005133,Henrique Rocha Barbosa,1978-05-12,RJ,Autonomo,2949.54,540,2024-11-15
CLI005134,Karina Almeida Araujo,1996-05-12,SP,Assalariado CLT,6276.84,667,2022-08-09
CLI005135,Gabriela Oliveira Teixeira,1986-09-05,GO,Assalariado CLT,3764.92,509,2024-03-27
CLI005136,Vinicius Pereira Oliveira,1969-08-29,ES,Servidor Publico,4823.68,728,2023-12-08
CLI005137,Henrique Araujo Carvalho,1985-07-23,SP,Servidor Publico,2902.99,808,2025-10-09
CLI005138,Juliana Santos Santos,1971-11-01,SC,Autonomo,2786.29,548,2026-04-10
CLI005139,Henrique Nunes Costa,2007-02-21,PR,Assalariado CLT,1307.12,700,2021-08-29
CLI005140,Carla Pereira Rodrigues,2007-01-31,SP,Servidor Publico,3496.56,624,2024-02-20
CLI005141,Paulo Rocha Moraes,2000-03-02,GO,Assalariado CLT,,660,2024-02-27
CLI005142,Wagner Teixeira Santos,1966-09-24,SP,Autonomo,1662.83,619,2024-04-14
CLI005143,Rodrigo Moraes Carvalho,1997-06-02,DF,Aposentado,1200.0,816,2024-03-31
CLI005144,Vinicius Teixeira Silva,1986-05-04,SP,,3767.75,464,2023-01-20
CLI005145,Henrique Santos Lima,2007-04-10,BA,Autonomo,1520.02,874,2025-12-20
CLI005146,Joao Nunes Ferreira,1969-09-24,ES,Autonomo,10213.14,612,2022-03-14
CLI005147,Patricia Nunes Ribeiro,1982-09-07,BA,Assalariado CLT,,668,2022-04-17
CLI005148,Yara Santos Martins,1973-01-23,SP,Profissional Liberal,4986.43,594,2025-04-20
CLI005149,Amanda Souza Silva,1981-03-02,SP,Empresario,5686.2,604,2025-01-17
CLI005150,Queren Araujo Oliveira,1978-08-18,BA,Profissional Liberal,4730.57,300,2021-11-20
CLI005151,Yara Souza Silva,1987-09-02,SP,Assalariado CLT,5399.95,788,2024-12-19
CLI005152,Amanda Silva Souza,2005-01-15,RS,,4104.83,913,2022-03-30
CLI005153,Ana Rodrigues Carvalho,1994-08-26,RS,Assalariado CLT,2115.2,382,2026-02-15
CLI005154,Rodrigo Gomes Ferreira,1974-07-11,SP,Assalariado CLT,3982.32,660,2024-03-10
CLI005155,Diego Lima Araujo,1985-03-22,BA,Assalariado CLT,4316.15,434,2024-03-30
CLI005156,Carla Silva Rocha,1960-10-08,DF,Assalariado CLT,4197.86,703,2026-02-15
CLI005157,Zeca Martins Gomes,1984-04-27,SP,Assalariado CLT,2639.11,481,2022-04-27
CLI005158,Carla Silva Lima,1967-04-14,ES,Servidor Publico,3479.32,608,2021-12-31
CLI005159,Vinicius Ribeiro Moraes,1979-10-16,,Assalariado CLT,,418,2023-03-16
CLI005160,Rodrigo Santos Barbosa,2003-07-25,PR,Assalariado CLT,5999.41,401,2024-01-28
CLI005161,Isabela Rodrigues Martins,1979-04-21,RS,Assalariado CLT,3319.63,605,2026-04-15
CLI005162,Paulo Gomes Martins,1984-04-17,PR,Assalariado CLT,4650.01,551,2024-04-11
CLI005163,Lucas Martins Lima,1965-11-16,PA,Assalariado CLT,2271.53,548,2023-09-06
CLI005164,Patricia Costa Ferreira,1978-09-09,SP,Assalariado CLT,6918.87,616,2022-01-01
CLI005165,Rodrigo Moraes Teixeira,1978-06-15,MT,Autonomo,7414.49,569,2025-12-18
CLI005166,Felipe Barbosa Lima,1987-10-08,MG,Autonomo,1497.51,295,2025-10-12
CLI005167,Ursula Nunes Santos,1986-05-06,ES,Estudante,3899.91,425,2024-03-23
CLI005168,Yara Martins Almeida,1989-08-11,SC,Assalariado CLT,2899.94,671,2024-09-24
CLI005169,Carla Martins Pereira,1986-11-22,SP,Assalariado CLT,4041.43,850,2025-12-31
CLI005170,Ana Araujo Almeida,1984-02-05,SP,Aposentado,12366.5,718,2024-09-28
CLI005171,Gabriela Ribeiro Rocha,2005-02-23,ES,Assalariado CLT,20743.28,618,2023-05-24
CLI005172,Rodrigo Almeida Souza,1987-10-22,MG,Servidor Publico,1253.84,523,2025-08-21
CLI005173,Nelson Rocha Martins,1975-01-02,PR,,5846.39,775,2024-10-16
CLI005174,Zeca Costa Rodrigues,1976-04-18,ES,Aposentado,2747.56,528,2026-02-22
CLI005175,Marcelo Silva Oliveira,1992-11-20,GO,Assalariado CLT,4817.62,483,2023-02-14
CLI005176,Amanda Nunes Araujo,1984-07-03,SP,Autonomo,2196.45,574,2021-12-26
CLI005177,Henrique Ribeiro Oliveira,1992-12-24,PR,Assalariado CLT,,488,2022-08-09
CLI005178,Nelson Almeida Lima,2004-06-22,PE,Assalariado CLT,3820.45,539,2022-01-30
CLI005179,Patricia Rocha Moraes,1970-06-23,,Empresario,6421.47,732,2026-06-20
CLI005180,Gabriela Ribeiro Souza,1985-09-03,BA,Autonomo,2476.42,764,2022-08-04
CLI005181,Ursula Gomes Oliveira,1993-04-25,GO,Empresario,1546.81,648,2023-02-12
CLI005182,Sabrina Ferreira Oliveira,1984-09-09,CE,Autonomo,6240.08,318,2023-06-10
CLI005183,Gabriela Rodrigues Souza,1984-02-19,MG,Autonomo,,345,2023-12-15
CLI005184,Juliana Rodrigues Almeida,1985-07-11,,Assalariado CLT,4009.04,625,2026-07-03
CLI005185,Ana Silva Ferreira,1992-12-01,SP,Servidor Publico,1918.23,686,2025-04-15
CLI005186,Marcelo Nunes Moraes,1977-10-14,MT,,17175.68,448,2023-06-14
CLI005187,Nelson Carvalho Barbosa,1972-12-24,MG,Autonomo,,663,2023-07-21
CLI005188,Amanda Gomes Souza,1979-11-24,RS,Autonomo,6734.61,521,2021-12-17
CLI005189,Sabrina Ribeiro Rocha,1984-07-22,MT,Autonomo,,475,2023-11-13
CLI005190,Marcelo Souza Ribeiro,2001-05-01,PE,Assalariado CLT,15077.8,607,2022-10-06
CLI005191,Diego Lima Almeida,1975-09-02,SC,Assalariado CLT,4501.47,702,2024-03-22
CLI005192,Diego Pereira Oliveira,1982-02-12,RJ,Autonomo,1519.05,844,2023-10-15
CLI005193,Marcelo Teixeira Ribeiro,1984-04-25,BA,Profissional Liberal,1200.0,563,2025-04-20
CLI005194,Olivia Pereira Gomes,2000-04-13,MT,Autonomo,,621,2024-11-27
CLI005195,Bruno Gomes Barbosa,1976-09-13,SP,Assalariado CLT,7380.76,311,2025-03-02
CLI005196,Juliana Nunes Teixeira,2003-05-04,MG,Servidor Publico,5144.51,575,2026-07-25
CLI005197,Zeca Pereira Moraes,1965-03-29,SP,Assalariado CLT,3852.6,612,2023-06-11
CLI005198,Lucas Souza Pereira,1996-10-01,PR,Profissional Liberal,5785.02,708,2025-12-19
CLI005199,Ana Oliveira Lima,1991-01-31,SC,Assalariado CLT,6368.49,668,2026-08-05
CLI005200,Vinicius Moraes Barbosa,1990-11-30,GO,Aposentado,3827.22,571,2026-05-17
CLI005201,Rafael Souza Oliveira,2007-02-27,CE,,3010.64,480,2023-03-21
CLI005202,Paulo Moraes Almeida,2006-12-27,SP,Assalariado CLT,9292.02,741,2023-08-10
CLI005203,Juliana Moraes Nunes,1959-09-03,SP,Assalariado CLT,7441.7,730,2024-06-02
CLI005204,Carla Moraes Rodrigues,1993-01-13,SP,Aposentado,,648,2024-04-20
CLI005205,Eduarda Lima Ferreira,1983-04-14,GO,Autonomo,6599.17,698,2025-02-26
CLI005206,Sabrina Santos Araujo,1996-11-10,MT,Assalariado CLT,7125.05,509,2023-01-04
CLI005207,Juliana Martins Lima,1985-11-19,PR,,12348.45,494,2023-03-12
CLI005208,Diego Rodrigues Rodrigues,1974-09-07,RS,Assalariado CLT,,731,2023-05-01
CLI005209,Rafael Teixeira Araujo,1971-10-05,GO,,4241.94,422,2026-04-16
CLI005210,Patricia Rodrigues Santos,1973-01-24,PE,Autonomo,11744.96,651,2022-04-19
CLI005211,Sabrina Moraes Carvalho,1988-07-18,RJ,Aposentado,7656.18,583,2024-04-29
CLI005212,Henrique Moraes Oliveira,1962-12-15,PR,Assalariado CLT,,574,2025-03-05
CLI005213,Olivia Teixeira Ribeiro,1992-03-21,GO,Assalariado CLT,1987.96,507,2024-02-16
CLI005214,Diego Lima Carvalho,1987-02-04,DF,,5895.24,718,2024-08-06
CLI005215,Yara Oliveira Rodrigues,1981-02-15,MG,Aposentado,9032.86,628,2023-10-08
CLI005216,Patricia Pereira Oliveira,1986-07-13,SP,Assalariado CLT,9382.26,760,2022-07-02
CLI005217,Thiago Ribeiro Carvalho,1988-05-27,SC,Empresario,2467.21,620,2025-09-20
CLI005218,Olivia Costa Barbosa,2006-12-08,SP,Aposentado,5401.0,535,2022-05-02
CLI005219,Rafael Barbosa Santos,1988-08-01,SP,Autonomo,1223.7,767,2022-06-06
CLI005220,Joao Ribeiro Costa,1968-12-21,GO,Autonomo,5896.86,706,2026-04-30
CLI005221,Sabrina Barbosa Rodrigues,2004-01-12,SP,Assalariado CLT,6374.05,691,2025-06-05
CLI005222,Rodrigo Araujo Silva,1983-08-13,PA,Empresario,1200.0,661,2026-06-23
CLI005223,Rodrigo Rocha Carvalho,1999-04-29,CE,Autonomo,,529,2026-06-23
CLI005224,Wagner Moraes Almeida,1990-05-19,RJ,Assalariado CLT,,863,2024-04-10
CLI005225,Nelson Oliveira Teixeira,1968-04-18,ES,Aposentado,1880.83,544,2023-05-27
CLI005226,Ursula Pereira Teixeira,1982-06-02,RJ,Servidor Publico,,523,2024-10-31
CLI005227,Juliana Gomes Oliveira,1980-04-11,SP,Assalariado CLT,1200.0,684,2021-09-29
CLI005228,Henrique Araujo Moraes,1986-01-13,SP,Assalariado CLT,1200.0,573,2021-11-07
CLI005229,Rodrigo Souza Ribeiro,1979-07-09,RJ,Empresario,4046.92,548,2023-05-08
CLI005230,Joao Silva Carvalho,1978-11-14,ES,Assalariado CLT,,455,2025-08-27
CLI005231,Sabrina Nunes Santos,1982-12-06,PE,Assalariado CLT,1294.36,325,2024-05-04
CLI005232,Paulo Ribeiro Santos,1995-12-31,RS,Aposentado,9326.91,633,2026-07-16
CLI005233,Rodrigo Araujo Barbosa,1980-08-19,BA,Assalariado CLT,3128.87,538,2024-07-12
CLI005234,Wagner Nunes Barbosa,2001-02-25,PR,Profissional Liberal,,574,2024-07-04
CLI005235,Thiago Rocha Martins,2005-10-05,MG,Autonomo,6129.54,573,2026-04-12
CLI005236,Juliana Pereira Gomes,1982-12-30,PR,Assalariado CLT,4496.44,805,2023-04-26
CLI005237,Lucas Moraes Oliveira,2007-01-05,MG,Autonomo,8045.2,581,2025-06-11
CLI005238,Sabrina Costa Ribeiro,1976-10-11,CE,Autonomo,3304.77,552,2022-04-13
CLI005239,Felipe Almeida Martins,1968-06-24,CE,Autonomo,,494,2021-12-31
CLI005240,Carla Pereira Lima,1992-11-20,RJ,Assalariado CLT,8806.94,553,2024-03-02
CLI005241,Ursula Rocha Rodrigues,1977-08-02,MG,Assalariado CLT,4189.0,590,2023-05-16
CLI005242,Lucas Ribeiro Ferreira,1993-01-12,BA,Assalariado CLT,3332.75,663,2022-01-24
CLI005243,Bruno Martins Ribeiro,1971-05-13,MG,Autonomo,6106.01,633,2024-08-27
CLI005244,Zeca Moraes Nunes,2001-02-15,SP,Autonomo,12492.95,762,2025-04-08
CLI005245,Bruno Gomes Ferreira,1974-04-10,RS,Assalariado CLT,3172.39,318,2022-07-09
CLI005246,Diego Nunes Teixeira,1989-11-01,SP,Autonomo,2717.2,728,2022-07-08
CLI005247,Ursula Souza Pereira,1989-02-26,PE,Assalariado CLT,,835,2024-06-19
CLI005248,Isabela Costa Rocha,1989-08-28,,Assalariado CLT,3660.45,464,2022-03-09
CLI005249,Sabrina Araujo Costa,1964-10-28,RJ,Autonomo,5895.85,592,2024-07-23
CLI005250,Henrique Rodrigues Silva,1981-11-12,SP,Assalariado CLT,1928.04,652,2022-08-07
CLI005251,Felipe Martins Lima,1986-12-02,PR,Autonomo,2298.19,564,2025-06-07
CLI005252,Zeca Souza Martins,1976-03-31,RS,Autonomo,5246.23,725,2024-02-20
CLI005253,Isabela Ferreira Ribeiro,1990-10-27,PE,Aposentado,4705.15,359,2024-08-25
CLI005254,Eduarda Oliveira Gomes,1992-09-17,PE,Assalariado CLT,3689.68,615,2025-10-23
CLI005255,Carla Martins Barbosa,1985-10-23,,Empresario,3040.45,560,2023-10-27
CLI005256,Olivia Lima Carvalho,1985-11-27,SP,Assalariado CLT,6933.98,634,2023-08-24
CLI005257,Rafael Lima Ribeiro,1999-11-30,MG,Assalariado CLT,13284.76,558,2024-08-18
CLI005258,Paulo Silva Ferreira,2006-09-26,PE,Autonomo,3495.81,733,2024-09-11
CLI005259,Rafael Oliveira Martins,1976-05-10,SP,Assalariado CLT,5916.27,681,2025-09-02
CLI005260,Olivia Teixeira Lima,1997-08-12,SC,Autonomo,2487.04,455,2025-06-06
CLI005261,Rafael Silva Rocha,1978-07-13,PA,Assalariado CLT,3911.46,403,2024-08-15
CLI005262,Nelson Rodrigues Costa,1979-11-05,SP,Assalariado CLT,3231.16,583,2024-12-12
CLI005263,Sabrina Rodrigues Carvalho,2007-06-28,RS,Assalariado CLT,2808.56,624,2023-07-16
CLI005264,Nelson Silva Nunes,1975-06-18,MG,Assalariado CLT,,481,2022-10-21
CLI005265,Rafael Rocha Araujo,1962-04-07,MT,,3285.59,779,2025-12-06
CLI005266,Wagner Ribeiro Ribeiro,1990-10-06,PE,Profissional Liberal,4973.29,702,2023-06-20
CLI005267,Olivia Gomes Ribeiro,1988-03-12,SC,Aposentado,15294.78,570,2025-03-05
CLI005268,Lucas Rodrigues Moraes,1993-12-31,MG,Servidor Publico,1771.05,610,2025-04-28
CLI005269,Carla Pereira Pereira,1978-12-04,SC,Servidor Publico,3735.67,723,2024-04-07
CLI005270,Carla Araujo Ribeiro,1993-07-07,SP,Servidor Publico,5664.24,566,2025-12-26
CLI005271,Olivia Rodrigues Oliveira,1982-11-20,MG,Servidor Publico,2566.03,534,2025-06-29
CLI005272,Yara Ribeiro Souza,2006-09-10,DF,Assalariado CLT,12652.91,342,2025-07-01
CLI005273,Isabela Oliveira Costa,1985-10-04,MT,Empresario,3099.36,688,2022-07-26
CLI005274,Mariana Almeida Santos,1987-03-31,SP,Empresario,6382.63,602,2023-04-01
CLI005275,Ursula Almeida Silva,1961-04-05,PR,Assalariado CLT,1946.4,742,2024-12-19
CLI005276,Thiago Rocha Oliveira,1989-05-15,SP,Assalariado CLT,6496.22,526,2022-02-24
CLI005277,Henrique Araujo Nunes,1982-07-27,GO,Assalariado CLT,2241.49,701,2022-04-14
CLI005278,Lucas Souza Gomes,1984-10-07,PA,Empresario,4492.31,784,2025-02-03
CLI005279,Lucas Santos Rocha,2001-07-13,RJ,Servidor Publico,5486.38,507,2023-12-03
CLI005280,Karina Araujo Carvalho,2003-12-06,MG,Autonomo,4356.59,480,2022-08-18
CLI005281,Vinicius Gomes Rocha,1987-10-06,RJ,Servidor Publico,7552.02,623,2026-04-16
CLI005282,Carla Santos Barbosa,1999-09-12,SP,Autonomo,,747,2022-10-08
CLI005283,Ana Carvalho Gomes,1968-05-19,PE,Assalariado CLT,5104.17,479,2025-11-23
CLI005284,Sabrina Ferreira Moraes,1983-10-28,RS,Assalariado CLT,3456.99,624,2022-09-02
CLI005285,Queren Oliveira Rodrigues,1981-08-04,PE,,2986.12,675,2024-05-04
CLI005286,Zeca Souza Ribeiro,1978-01-21,MG,Servidor Publico,,672,2024-11-15
CLI005287,Yara Barbosa Carvalho,1974-02-02,SP,Aposentado,8310.84,617,2023-09-02
CLI005288,Eduarda Martins Santos,1979-04-12,RS,Assalariado CLT,2856.34,519,2025-02-24
CLI005289,Paulo Oliveira Teixeira,1974-03-08,BA,Estudante,8049.82,692,2022-04-06
CLI005290,Vinicius Martins Rodrigues,1985-08-10,PA,Autonomo,12889.79,574,2023-04-29
CLI005291,Juliana Lima Costa,2004-06-26,SC,Aposentado,2588.4,629,2026-02-03
CLI005292,Joao Nunes Oliveira,1989-03-13,RJ,Assalariado CLT,13734.49,781,2023-02-03
CLI005293,Gabriela Moraes Gomes,2006-10-11,PE,Servidor Publico,1392.76,483,2025-11-17
CLI005294,Rafael Lima Ferreira,1977-05-28,PR,Profissional Liberal,2625.47,669,2026-07-27
CLI005295,Ana Costa Santos,1988-02-18,,Aposentado,6643.51,408,2023-01-11
CLI005296,Ana Ferreira Ribeiro,1979-11-28,SP,,3193.84,559,2023-07-26
CLI005297,Gabriela Rodrigues Rodrigues,1986-07-15,SC,Servidor Publico,3652.96,559,2022-07-01
CLI005298,Isabela Lima Nunes,1997-08-04,SP,Autonomo,1396.71,724,2024-11-25
CLI005299,Lucas Martins Barbosa,1989-03-06,SP,Assalariado CLT,3365.15,567,2023-02-20
CLI005300,Henrique Barbosa Ferreira,1992-10-02,PE,Assalariado CLT,5427.3,735,2023-06-21
CLI005301,Rodrigo Carvalho Ferreira,1988-11-20,RS,Assalariado CLT,1200.0,506,2024-04-30
CLI005302,Carla Moraes Pereira,1982-01-03,PR,Autonomo,2105.58,560,2021-08-27
CLI005303,Queren Carvalho Rocha,1979-03-08,PE,Assalariado CLT,3651.72,935,2026-01-05
CLI005304,Yara Souza Gomes,1970-02-25,SP,Assalariado CLT,,490,2025-04-12
CLI005305,Gabriela Carvalho Carvalho,1989-12-16,CE,,3575.62,648,2021-12-12
CLI005306,Zeca Moraes Teixeira,1998-03-28,,Autonomo,1243.1,719,2023-06-27
CLI005307,Rodrigo Lima Carvalho,2003-10-14,SC,Empresario,3192.75,400,2024-05-30
CLI005308,Olivia Ferreira Ribeiro,1989-11-23,SP,Empresario,5543.34,526,2024-03-14
CLI005309,Diego Martins Costa,1979-07-06,RJ,Empresario,1845.04,785,2024-07-04
CLI005310,Wagner Gomes Lima,1963-08-01,RS,Servidor Publico,5040.59,650,2021-09-30
CLI005311,Isabela Almeida Oliveira,1962-08-31,RS,Assalariado CLT,11390.37,594,2022-03-11
CLI005312,Eduarda Carvalho Lima,1994-11-22,ES,Profissional Liberal,3391.67,416,2024-10-19
CLI005313,Rodrigo Almeida Martins,1980-07-31,RJ,,1811.39,490,2022-08-31
CLI005314,Yara Barbosa Pereira,1967-12-07,BA,Assalariado CLT,,456,2025-06-04
CLI005315,Mariana Gomes Santos,1984-12-12,SC,Assalariado CLT,2633.1,536,2025-12-14
CLI005316,Rafael Pereira Moraes,1973-03-07,SP,Autonomo,,618,2025-04-08
CLI005317,Paulo Gomes Santos,1972-02-02,GO,Assalariado CLT,16098.19,697,2025-09-04
CLI005318,Amanda Ferreira Moraes,2007-07-13,CE,Assalariado CLT,,580,2025-09-23
CLI005319,Bruno Carvalho Souza,1996-04-04,SP,Autonomo,8744.35,631,2025-04-04
CLI005320,Isabela Oliveira Barbosa,1957-03-22,BA,Autonomo,,529,2026-08-05
CLI005321,Yara Rodrigues Rocha,2001-05-25,PR,Aposentado,3991.97,720,2025-06-13
CLI005322,Juliana Carvalho Araujo,1980-04-29,SP,Empresario,3949.03,585,2025-03-22
CLI005323,Karina Costa Souza,1999-02-18,SP,Autonomo,1200.0,600,2022-05-06
CLI005324,Bruno Lima Santos,1987-05-02,SP,Autonomo,7906.08,458,2025-01-28
CLI005325,Rodrigo Carvalho Rocha,1979-04-22,,Assalariado CLT,4388.93,617,2026-01-10
CLI005326,Ursula Souza Araujo,1976-12-30,DF,Assalariado CLT,5735.84,530,2022-10-16
CLI005327,Henrique Moraes Pereira,1988-06-03,PR,Assalariado CLT,6169.89,319,2025-02-09
CLI005328,Diego Souza Pereira,1990-12-18,MG,,3624.96,424,2026-07-30
CLI005329,Ursula Rodrigues Pereira,1990-10-31,RJ,Assalariado CLT,2331.08,713,2022-03-09
CLI005330,Vinicius Lima Teixeira,1988-03-12,RJ,Aposentado,6571.09,708,2022-01-19
CLI005331,Marcelo Souza Martins,1971-04-10,PR,Assalariado CLT,2723.11,845,2022-10-18
CLI005332,Olivia Almeida Martins,1974-09-26,BA,Assalariado CLT,1609.33,929,2024-08-06
CLI005333,Olivia Carvalho Souza,1990-06-16,GO,Assalariado CLT,4116.21,439,2022-05-01
CLI005334,Gabriela Rocha Ribeiro,2000-12-16,CE,Autonomo,4026.06,284,2024-06-11
CLI005335,Zeca Barbosa Rocha,1987-06-05,SP,Assalariado CLT,3183.72,690,2025-05-18
CLI005336,Bruno Ferreira Rodrigues,1979-10-26,RJ,,3259.23,530,2025-04-15
CLI005337,Karina Rocha Rodrigues,1996-05-13,PE,Profissional Liberal,6853.36,520,2021-11-07
CLI005338,Ursula Souza Araujo,1987-06-05,MG,Profissional Liberal,5086.78,691,2025-08-10
CLI005339,Karina Costa Araujo,1990-04-02,SP,Assalariado CLT,6196.82,559,2022-04-19
CLI005340,Ana Gomes Gomes,1990-12-03,SP,Profissional Liberal,15307.11,454,2025-02-09
CLI005341,Patricia Lima Pereira,1992-05-09,CE,,3903.57,617,2025-03-12
CLI005342,Mariana Nunes Lima,2003-09-27,PR,Empresario,5233.97,621,2025-11-10
CLI005343,Gabriela Teixeira Ribeiro,1995-02-09,PR,Assalariado CLT,3894.5,773,2024-05-06
CLI005344,Mariana Barbosa Oliveira,1979-04-14,MG,Autonomo,,404,2023-11-21
CLI005345,Joao Rocha Lima,1998-02-14,SP,Autonomo,5914.9,571,2023-02-13
CLI005346,Paulo Pereira Gomes,1989-07-03,DF,,4751.75,641,2022-04-19
CLI005347,Patricia Barbosa Costa,1986-04-29,SP,Servidor Publico,2697.36,614,2024-12-07
CLI005348,Ana Costa Barbosa,2007-01-10,SP,Empresario,6673.74,583,2025-11-13
CLI005349,Diego Costa Barbosa,1974-06-22,RJ,Autonomo,5249.23,693,2024-08-23
CLI005350,Patricia Barbosa Ribeiro,1986-04-21,SP,Assalariado CLT,7717.3,626,2022-03-23
CLI005351,Queren Araujo Almeida,1969-04-12,PA,Assalariado CLT,4040.11,587,2026-04-23
CLI005352,Nelson Rocha Almeida,1983-12-19,PR,Servidor Publico,9827.81,716,2025-10-14
CLI005353,Ursula Barbosa Martins,1989-12-23,SP,Servidor Publico,4502.51,538,2026-02-12
CLI005354,Karina Souza Carvalho,1987-05-04,RS,Estudante,,835,2026-08-19
CLI005355,Wagner Souza Teixeira,1998-09-14,RS,Assalariado CLT,12046.18,495,2022-08-26
CLI005356,Thiago Moraes Araujo,2007-01-22,BA,Autonomo,2085.58,635,2021-10-19
CLI005357,Carla Nunes Costa,1993-03-12,SC,Assalariado CLT,6445.79,522,2022-08-15
CLI005358,Diego Oliveira Souza,1990-12-29,ES,Assalariado CLT,6179.64,591,2022-01-19
CLI005359,Olivia Gomes Almeida,1998-01-03,PE,Autonomo,5054.56,308,2023-06-18
CLI005360,Diego Nunes Santos,1990-10-14,SC,Servidor Publico,3885.69,685,2025-11-04
CLI005361,Thiago Almeida Pereira,1988-09-12,PE,Empresario,2136.61,709,2022-11-24
CLI005362,Karina Souza Barbosa,1975-03-26,ES,Assalariado CLT,2684.89,988,2022-11-08
CLI005363,Karina Almeida Almeida,1982-10-18,PR,Assalariado CLT,,422,2022-01-27
CLI005364,Isabela Carvalho Souza,1984-08-06,PR,Empresario,3381.46,896,2025-10-13
CLI005365,Marcelo Silva Pereira,1993-09-21,MG,Autonomo,2414.82,588,2026-06-06
CLI005366,Karina Nunes Ribeiro,1998-01-20,CE,Profissional Liberal,2535.53,525,2021-12-28
CLI005367,Karina Teixeira Ribeiro,1974-11-28,SP,Aposentado,4482.6,472,2026-07-08
CLI005368,Amanda Pereira Carvalho,1990-08-22,GO,Assalariado CLT,5325.77,621,2023-08-14
CLI005369,Eduarda Santos Almeida,1974-11-02,SC,Servidor Publico,11819.53,460,2022-01-06
CLI005370,Karina Almeida Pereira,1967-09-26,PR,Assalariado CLT,5224.81,599,2024-04-06
CLI005371,Henrique Rodrigues Teixeira,2007-03-07,RJ,Assalariado CLT,,717,2026-03-12
CLI005372,Sabrina Pereira Pereira,1982-11-08,PR,Assalariado CLT,1490.71,656,2025-05-09
CLI005373,Joao Pereira Rocha,2006-06-21,CE,Profissional Liberal,,782,2025-01-20
CLI005374,Karina Rodrigues Araujo,1974-08-26,SP,Assalariado CLT,,345,2021-09-03
CLI005375,Gabriela Oliveira Pereira,1978-08-03,MG,Autonomo,8097.67,583,2025-02-22
CLI005376,Rafael Teixeira Moraes,1965-08-01,MG,,4920.07,616,2024-05-26
CLI005377,Patricia Rodrigues Lima,1976-02-06,PE,Empresario,,688,2023-02-26
CLI005378,Diego Ribeiro Silva,1979-12-23,MG,Autonomo,5327.67,639,2026-08-07
CLI005379,Isabela Gomes Almeida,1994-04-24,,Autonomo,5423.34,452,2023-04-17
CLI005380,Lucas Moraes Silva,1962-07-24,GO,,,578,2022-02-21
CLI005381,Felipe Ferreira Rocha,1977-11-20,PR,Assalariado CLT,2210.52,672,2025-02-18
CLI005382,Isabela Pereira Ferreira,2007-04-07,RJ,Assalariado CLT,,735,2021-09-21
CLI005383,Ana Ferreira Costa,2003-07-01,PR,Assalariado CLT,7419.83,789,2026-07-09
CLI005384,Sabrina Martins Santos,1973-08-06,RJ,Assalariado CLT,,653,2023-12-28
CLI005385,Sabrina Barbosa Costa,2007-06-13,SP,Assalariado CLT,6608.93,669,2024-02-02
CLI005386,Juliana Oliveira Gomes,1975-11-01,SC,Assalariado CLT,,486,2023-08-17
CLI005387,Joao Moraes Nunes,1977-09-25,SP,Autonomo,3635.73,762,2022-01-26
CLI005388,Thiago Rocha Pereira,2001-11-12,SP,Empresario,,530,2025-09-28
CLI005389,Ursula Souza Lima,1974-11-16,SC,Assalariado CLT,4091.94,541,2022-10-27
CLI005390,Mariana Almeida Pereira,1990-02-12,SP,Assalariado CLT,4726.29,734,2024-11-09
CLI005391,Eduarda Santos Rodrigues,1974-01-16,RJ,Autonomo,12530.32,617,2024-04-28
CLI005392,Ursula Martins Gomes,1964-06-04,SP,Assalariado CLT,4015.87,677,2022-03-29
CLI005393,Joao Santos Ribeiro,1987-08-13,SP,Servidor Publico,,799,2024-07-10
CLI005394,Marcelo Teixeira Ribeiro,1978-02-16,SP,,8228.2,642,2026-04-15
CLI005395,Vinicius Rocha Lima,1976-07-17,SP,,,608,2022-07-02
CLI005396,Yara Moraes Costa,1973-06-02,SP,Assalariado CLT,,500,2022-03-31
CLI005397,Amanda Pereira Moraes,1989-04-27,RS,Servidor Publico,1942.72,452,2024-05-25
CLI005398,Bruno Martins Costa,1957-02-24,SP,Autonomo,3555.81,807,2022-02-21
CLI005399,Rafael Silva Santos,1979-02-07,SP,Profissional Liberal,1200.0,620,2025-07-18
CLI005400,Zeca Moraes Teixeira,1991-08-19,MG,Empresario,,614,2024-08-01
CLI005401,Yara Costa Carvalho,1985-07-31,ES,Autonomo,3300.61,415,2025-01-25
CLI005402,Amanda Silva Rocha,1992-09-20,BA,Autonomo,10448.44,664,2025-09-02
CLI005403,Rodrigo Moraes Pereira,1980-10-14,BA,Servidor Publico,,559,2026-02-01
CLI005404,Rodrigo Oliveira Almeida,2001-11-14,ES,Empresario,,920,2021-09-30
CLI005405,Isabela Barbosa Carvalho,1980-12-26,PR,Assalariado CLT,15098.3,647,2021-10-28
CLI005406,Zeca Oliveira Moraes,1990-05-04,SP,Estudante,5161.83,633,2023-03-13
CLI005407,Juliana Teixeira Martins,1997-08-27,GO,Assalariado CLT,9571.08,785,2025-04-23
CLI005408,Zeca Moraes Silva,1989-12-05,SP,Assalariado CLT,10735.12,481,2025-06-04
CLI005409,Sabrina Araujo Lima,1994-08-25,BA,Aposentado,6750.57,704,2025-01-25
CLI005410,Rodrigo Lima Santos,1967-10-13,SP,Autonomo,,500,2025-07-17
CLI005411,Lucas Rodrigues Costa,1996-09-18,RS,Assalariado CLT,2317.72,702,2023-06-16
CLI005412,Amanda Souza Souza,1979-09-07,BA,Assalariado CLT,,572,2026-02-03
CLI005413,Ursula Oliveira Santos,1970-10-25,SP,Assalariado CLT,3404.58,706,2023-09-01
CLI005414,Sabrina Almeida Pereira,2001-08-27,DF,Assalariado CLT,,750,2024-04-23
CLI005415,Queren Santos Rocha,2000-08-09,RS,Empresario,2661.64,802,2024-01-12
CLI005416,Ana Silva Teixeira,1975-06-03,RJ,Autonomo,1791.5,700,2025-06-16
CLI005417,Mariana Barbosa Souza,1977-11-19,BA,Autonomo,9408.59,521,2023-11-03
CLI005418,Karina Rodrigues Lima,1990-07-08,SC,Aposentado,8314.06,791,2026-04-17
CLI005419,Zeca Nunes Teixeira,1978-07-25,SP,Assalariado CLT,7660.37,640,2022-01-12
CLI005420,Felipe Oliveira Teixeira,1969-05-23,CE,Servidor Publico,10791.1,453,2025-09-10
CLI005421,Olivia Costa Ribeiro,1964-05-20,RS,Autonomo,3337.05,375,2026-06-30
CLI005422,Juliana Santos Rocha,1983-05-15,ES,Autonomo,7580.1,550,2023-02-28
CLI005423,Vinicius Teixeira Barbosa,1993-08-27,SP,Assalariado CLT,6529.63,527,2024-10-26
CLI005424,Ursula Lima Nunes,1974-07-15,MG,Assalariado CLT,4798.85,527,2024-02-08
CLI005425,Juliana Lima Santos,2005-10-06,,Servidor Publico,10049.53,623,2025-03-15
CLI005426,Zeca Pereira Nunes,1989-06-01,CE,Autonomo,,734,2025-09-20
CLI005427,Marcelo Teixeira Teixeira,2007-03-02,CE,Servidor Publico,4418.66,623,2021-11-28
CLI005428,Carla Souza Gomes,1979-03-07,DF,Autonomo,4181.5,497,2025-04-29
CLI005429,Rafael Almeida Costa,2007-06-01,BA,Aposentado,2741.64,532,2024-07-18
CLI005430,Sabrina Barbosa Gomes,1989-07-12,RS,Estudante,16421.86,472,2023-05-29
CLI005431,Eduarda Teixeira Teixeira,1964-06-01,BA,Servidor Publico,4914.87,659,2026-08-13
CLI005432,Carla Pereira Almeida,1995-04-03,SP,Autonomo,,709,2025-05-04
CLI005433,Joao Lima Martins,1987-06-09,SP,Autonomo,3363.66,409,2021-10-05
CLI005434,Isabela Ferreira Lima,1995-01-01,CE,Assalariado CLT,12044.86,521,2023-08-04
CLI005435,Ursula Costa Araujo,1973-11-24,DF,,,924,2024-09-12
CLI005436,Thiago Carvalho Rodrigues,2006-12-23,BA,Autonomo,6119.36,641,2026-04-30
CLI005437,Nelson Santos Araujo,1994-01-15,BA,Aposentado,5781.91,626,2023-02-14
CLI005438,Yara Pereira Almeida,1994-12-23,SP,Servidor Publico,8183.02,643,2022-01-08
CLI005439,Patricia Santos Santos,1977-08-15,CE,Autonomo,,613,2025-08-31
CLI005440,Rodrigo Ribeiro Santos,2000-11-05,SC,Assalariado CLT,8496.15,683,2025-01-17
CLI005441,Ana Moraes Souza,1992-07-23,GO,Servidor Publico,3857.74,722,2023-11-26
CLI005442,Rodrigo Carvalho Martins,1996-05-01,SP,,1699.91,487,2021-12-19
CLI005443,Marcelo Nunes Gomes,2000-10-01,PA,Assalariado CLT,4557.03,750,2024-09-04
CLI005444,Henrique Gomes Gomes,1981-08-29,PR,,,902,2023-03-21
CLI005445,Ana Carvalho Ribeiro,1997-05-09,RS,Autonomo,2321.4,535,2024-08-20
CLI005446,Zeca Martins Costa,1979-01-15,SP,Servidor Publico,4373.65,563,2022-05-13
CLI005447,Amanda Barbosa Souza,1970-12-16,PA,Assalariado CLT,5117.1,873,2023-11-15
CLI005448,Thiago Santos Martins,1968-08-26,MG,Assalariado CLT,3968.7,543,2022-08-03
CLI005449,Thiago Silva Nunes,1985-05-08,SP,Autonomo,6536.01,733,2024-11-27
CLI005450,Mariana Nunes Ribeiro,2006-12-22,SC,Assalariado CLT,3566.34,508,2021-11-24
CLI005451,Henrique Ferreira Ferreira,1976-04-21,MG,Servidor Publico,8524.36,673,2025-04-16
CLI005452,Ana Santos Lima,2001-08-15,BA,Servidor Publico,,699,2023-05-19
CLI005453,Mariana Martins Gomes,1964-04-20,SP,Autonomo,1200.0,884,2022-12-07
CLI005454,Bruno Barbosa Barbosa,1991-09-26,MG,Assalariado CLT,4871.74,676,2021-09-20
CLI005455,Vinicius Nunes Costa,2002-06-10,RJ,Assalariado CLT,3149.08,487,2024-07-15
CLI005456,Vinicius Rocha Ribeiro,1995-02-18,SP,Assalariado CLT,3120.6,579,2024-07-20
CLI005457,Ursula Ribeiro Ferreira,1995-03-26,RS,Profissional Liberal,,579,2025-08-26
CLI005458,Rafael Araujo Barbosa,1986-08-10,RJ,Servidor Publico,3068.65,343,2023-07-19
CLI005459,Yara Rodrigues Teixeira,1984-11-03,SP,Autonomo,11204.49,668,2025-02-17
CLI005460,Marcelo Souza Silva,2000-01-14,SP,Assalariado CLT,2737.42,548,2023-06-24
CLI005461,Rafael Pereira Teixeira,1992-01-30,BA,Estudante,13417.29,729,2023-08-01
CLI005462,Zeca Gomes Santos,1970-01-07,GO,Assalariado CLT,6581.54,641,2025-12-05
CLI005463,Joao Moraes Teixeira,1984-06-22,SP,Assalariado CLT,4386.38,650,2021-10-05
CLI005464,Queren Martins Teixeira,2006-08-14,SP,Assalariado CLT,2851.34,681,2023-07-14
CLI005465,Gabriela Santos Silva,1976-10-19,MG,Assalariado CLT,4126.26,476,2023-02-28
CLI005466,Ursula Ferreira Souza,1957-06-15,BA,Empresario,2576.92,582,2026-07-04
CLI005467,Queren Moraes Teixeira,1976-09-06,SC,Autonomo,3304.73,786,2025-12-25
CLI005468,Rafael Nunes Carvalho,1987-11-19,SP,Servidor Publico,6315.33,796,2023-07-20
CLI005469,Vinicius Teixeira Lima,1962-12-24,RJ,Profissional Liberal,6944.75,544,2023-08-23
CLI005470,Ursula Rodrigues Pereira,1971-11-26,RJ,Assalariado CLT,2551.46,376,2022-11-22
CLI005471,Diego Silva Almeida,1970-03-21,RS,Servidor Publico,6507.01,625,2023-10-18
CLI005472,Bruno Oliveira Gomes,1983-04-21,RJ,Assalariado CLT,11788.77,687,2025-06-15
CLI005473,Lucas Barbosa Santos,1982-10-10,PR,Assalariado CLT,3782.49,539,2022-05-02
CLI005474,Zeca Rodrigues Ribeiro,1974-03-20,PE,Empresario,4302.3,549,2024-09-19
CLI005475,Ursula Oliveira Souza,1975-05-16,BA,Assalariado CLT,,895,2021-10-22
CLI005476,Zeca Souza Rocha,1981-04-21,SC,Autonomo,1796.01,430,2022-05-29
CLI005477,Patricia Nunes Ferreira,1985-04-14,SP,Autonomo,,556,2026-03-17
CLI005478,Joao Santos Almeida,1989-03-12,MG,Profissional Liberal,4584.49,620,2023-01-25
CLI005479,Juliana Nunes Teixeira,1964-08-25,ES,Assalariado CLT,3209.21,611,2021-09-08
CLI005480,Mariana Teixeira Martins,1993-12-27,CE,Assalariado CLT,2874.17,611,2025-04-10
CLI005481,Queren Ferreira Souza,1979-12-11,SP,Profissional Liberal,8505.65,673,2025-11-29
CLI005482,Thiago Moraes Costa,1986-05-14,MG,Aposentado,2775.3,576,2022-04-19
CLI005483,Lucas Barbosa Lima,1977-01-27,BA,Empresario,2326.59,886,2025-10-30
CLI005484,Henrique Almeida Costa,1984-12-13,SP,Assalariado CLT,3529.34,687,2025-08-27
CLI005485,Karina Gomes Santos,1977-12-27,MG,Assalariado CLT,,703,2022-04-05
CLI005486,Joao Barbosa Moraes,2003-07-28,RS,Servidor Publico,9210.07,529,2025-04-29
CLI005487,Queren Rocha Silva,1987-08-26,PR,Assalariado CLT,2208.54,501,2025-07-22
CLI005488,Diego Rodrigues Araujo,1991-12-05,PR,Assalariado CLT,,701,2021-12-13
CLI005489,Amanda Moraes Teixeira,1972-01-10,PR,Assalariado CLT,12091.48,464,2023-12-18
CLI005490,Marcelo Carvalho Almeida,1997-06-25,MG,Profissional Liberal,4792.04,699,2022-06-06
CLI005491,Thiago Barbosa Teixeira,1964-09-23,SC,Aposentado,2548.72,560,2023-06-12
CLI005492,Wagner Ferreira Rocha,1985-05-27,RJ,Assalariado CLT,5174.19,492,2025-07-02
CLI005493,Sabrina Souza Rodrigues,1978-01-09,MG,Empresario,1903.85,493,2024-03-08
CLI005494,Rafael Martins Moraes,1991-12-20,CE,Servidor Publico,11073.8,593,2025-06-16
CLI005495,Joao Rocha Rodrigues,1982-08-10,,Aposentado,4744.35,540,2025-06-05
CLI005496,Patricia Rocha Moraes,1970-03-02,SP,Aposentado,,505,2021-11-26
CLI005497,Henrique Rodrigues Souza,1976-07-27,RJ,Autonomo,2080.78,461,2024-02-05
CLI005498,Patricia Silva Lima,1966-03-01,SP,Assalariado CLT,6131.47,694,2026-05-21
CLI005499,Felipe Teixeira Almeida,1983-07-10,MG,Assalariado CLT,2194.75,634,2024-12-10
CLI005500,Juliana Nunes Costa,1976-04-21,PE,Autonomo,2530.41,759,2025-03-14
CLI005501,Paulo Carvalho Rocha,2001-06-27,PR,Aposentado,3637.0,716,2023-05-18
CLI005502,Sabrina Silva Souza,1976-08-11,SP,Empresario,10727.74,714,2023-12-31
CLI005503,Nelson Teixeira Rodrigues,1958-07-14,BA,Assalariado CLT,4452.09,722,2023-11-09
CLI005504,Marcelo Ribeiro Rocha,1978-01-31,SP,Assalariado CLT,2458.08,546,2025-12-29
CLI005505,Carla Nunes Martins,1994-11-04,SP,Autonomo,4330.84,658,2026-08-19
CLI005506,Carla Rodrigues Silva,1987-02-05,RJ,Assalariado CLT,3318.05,528,2023-06-17
CLI005507,Lucas Araujo Martins,2007-08-09,RJ,Autonomo,4653.21,583,2021-09-14
CLI005508,Karina Silva Barbosa,2000-08-23,PR,Autonomo,4874.66,659,2022-07-06
CLI005509,Bruno Moraes Martins,1995-12-06,PR,Assalariado CLT,10952.24,810,2024-02-25
CLI005510,Marcelo Oliveira Ribeiro,1977-05-07,GO,Autonomo,8251.61,502,2023-04-11
CLI005511,Sabrina Souza Nunes,1991-07-19,PR,Assalariado CLT,,459,2025-02-12
CLI005512,Joao Lima Pereira,1977-03-14,MG,Assalariado CLT,3842.04,563,2023-05-17
CLI005513,Vinicius Araujo Costa,1989-07-13,BA,Servidor Publico,,680,2024-02-18
CLI005514,Sabrina Martins Santos,1993-10-23,MG,Aposentado,11540.72,796,2021-11-05
CLI005515,Vinicius Martins Silva,1998-04-10,SP,Servidor Publico,4790.68,824,2023-06-22
CLI005516,Patricia Carvalho Nunes,1967-07-08,,Servidor Publico,1200.0,647,2026-02-28
CLI005517,Gabriela Martins Pereira,1983-07-12,GO,Assalariado CLT,5936.8,633,2026-06-14
CLI005518,Wagner Carvalho Nunes,1969-09-05,ES,Profissional Liberal,4418.3,552,2024-03-03
CLI005519,Felipe Ribeiro Ferreira,1984-05-07,BA,Assalariado CLT,,639,2024-03-07
CLI005520,Patricia Carvalho Almeida,1980-06-08,SP,Servidor Publico,,787,2022-05-31
CLI005521,Diego Silva Oliveira,1988-02-14,ES,Servidor Publico,,649,2023-04-06
CLI005522,Gabriela Costa Barbosa,1988-09-24,SC,Assalariado CLT,5257.11,411,2022-10-21
CLI005523,Diego Martins Ribeiro,1995-09-15,PR,Assalariado CLT,5862.25,409,2025-04-26
CLI005524,Patricia Almeida Carvalho,1984-10-23,SP,Assalariado CLT,2207.21,466,2022-12-16
CLI005525,Diego Souza Moraes,1986-10-03,MG,Assalariado CLT,4505.74,664,2022-05-23
CLI005526,Henrique Nunes Ferreira,1971-12-09,PR,Assalariado CLT,4016.02,504,2022-07-28
CLI005527,Marcelo Oliveira Araujo,1963-04-19,PA,Aposentado,5713.82,573,2026-08-08
CLI005528,Wagner Barbosa Silva,1972-12-04,SC,,,523,2022-04-04
CLI005529,Amanda Ribeiro Pereira,1981-11-25,MG,Profissional Liberal,8243.6,432,2022-07-02
CLI005530,Rodrigo Santos Carvalho,1992-03-08,MG,Assalariado CLT,25359.81,804,2026-05-02
CLI005531,Ana Moraes Almeida,1984-01-19,MG,Autonomo,,664,2023-10-14
CLI005532,Eduarda Ribeiro Almeida,1996-01-13,CE,Assalariado CLT,7375.54,530,2023-11-29
CLI005533,Amanda Oliveira Barbosa,1991-07-10,RJ,Aposentado,6975.67,601,2025-06-18
CLI005534,Paulo Costa Rocha,1982-07-16,RS,Profissional Liberal,3504.17,535,2022-07-19
CLI005535,Wagner Rodrigues Silva,1979-06-19,PR,Profissional Liberal,6727.49,772,2023-10-15
CLI005536,Amanda Rocha Pereira,1986-07-07,ES,Assalariado CLT,4752.91,604,2022-02-05
CLI005537,Ana Pereira Nunes,1978-12-06,GO,Servidor Publico,,590,2024-09-04
CLI005538,Wagner Gomes Nunes,1989-06-27,PR,Assalariado CLT,5054.93,480,2021-10-02
CLI005539,Rafael Santos Oliveira,1979-01-25,PR,Assalariado CLT,2743.1,684,2023-02-11
CLI005540,Patricia Silva Gomes,1980-03-02,RS,Profissional Liberal,4661.75,733,2026-02-16
CLI005541,Olivia Oliveira Pereira,1978-01-15,SP,Aposentado,1581.63,581,2025-06-02
CLI005542,Zeca Lima Araujo,1987-01-13,MG,Autonomo,23664.53,581,2025-03-19
CLI005543,Carla Lima Martins,2000-06-14,RS,Autonomo,2019.63,661,2022-05-31
CLI005544,Zeca Gomes Almeida,1978-04-28,PA,Assalariado CLT,3852.09,733,2025-09-09
CLI005545,Karina Nunes Costa,1979-06-05,SP,Assalariado CLT,,457,2023-11-23
CLI005546,Ursula Silva Souza,1997-12-29,SP,Assalariado CLT,,971,2021-09-26
CLI005547,Gabriela Gomes Silva,2007-04-21,SP,Assalariado CLT,2037.52,617,2025-07-05
CLI005548,Eduarda Pereira Oliveira,1994-10-16,SP,,3152.24,688,2025-08-08
CLI005549,Isabela Souza Martins,1986-08-06,BA,Aposentado,3447.28,678,2025-08-03
CLI005550,Olivia Moraes Pereira,1977-09-13,BA,Profissional Liberal,8031.86,442,2023-04-28
CLI005551,Marcelo Almeida Nunes,1978-11-08,PR,Empresario,,624,2023-04-21
CLI005552,Karina Lima Rodrigues,1994-01-15,BA,Assalariado CLT,6032.97,805,2021-11-29
CLI005553,Patricia Silva Nunes,1977-07-12,RS,Profissional Liberal,12446.09,575,2021-11-19
CLI005554,Olivia Teixeira Silva,1982-07-15,DF,Assalariado CLT,5627.25,687,2023-07-07
CLI005555,Zeca Martins Rocha,1964-04-30,DF,Assalariado CLT,2360.05,363,2025-02-07
CLI005556,Isabela Martins Rodrigues,1975-06-20,SP,Aposentado,,526,2025-12-27
CLI005557,Eduarda Gomes Nunes,1984-03-27,ES,Aposentado,3907.55,864,2024-10-30
CLI005558,Yara Gomes Nunes,1979-09-28,RJ,,2891.02,609,2022-02-08
CLI005559,Patricia Rodrigues Costa,1984-08-17,PE,Aposentado,4145.96,496,2022-08-09
CLI005560,Rafael Oliveira Martins,1987-04-08,,,1889.62,793,2025-12-19
CLI005561,Marcelo Moraes Gomes,1995-09-03,SP,Aposentado,9485.87,819,2023-11-29
CLI005562,Bruno Teixeira Almeida,1988-08-13,SP,,6027.7,505,2021-09-10
CLI005563,Marcelo Martins Lima,1991-08-31,CE,Assalariado CLT,,507,2023-04-30
CLI005564,Rodrigo Ferreira Gomes,2007-07-14,DF,Assalariado CLT,5038.99,687,2022-07-01
CLI005565,Paulo Carvalho Santos,1997-05-03,SP,Servidor Publico,7203.52,489,2024-03-20
CLI005566,Juliana Nunes Costa,1970-04-24,RJ,Assalariado CLT,,639,2021-09-14
CLI005567,Rafael Pereira Ribeiro,1993-12-18,SP,Assalariado CLT,5133.88,503,2025-06-15
CLI005568,Paulo Souza Silva,2004-03-08,SP,Assalariado CLT,2703.38,704,2022-10-27
CLI005569,Vinicius Nunes Barbosa,1980-11-24,GO,Autonomo,6018.28,680,2022-01-31
CLI005570,Ana Nunes Teixeira,1990-03-26,DF,Assalariado CLT,,456,2024-08-18
CLI005571,Juliana Silva Araujo,1981-09-27,RS,Profissional Liberal,3462.78,381,2025-10-30
CLI005572,Amanda Pereira Araujo,2002-06-23,PR,Autonomo,3587.69,618,2025-01-14
CLI005573,Queren Santos Carvalho,1982-05-24,SC,Assalariado CLT,3917.77,523,2026-01-02
CLI005574,Thiago Silva Rodrigues,1991-08-01,SC,Assalariado CLT,3602.42,390,2023-07-16
CLI005575,Carla Teixeira Nunes,1979-03-24,PR,Profissional Liberal,2776.44,870,2021-08-25
CLI005576,Wagner Rocha Pereira,1989-12-16,PA,Servidor Publico,11392.65,726,2025-05-06
CLI005577,Diego Nunes Almeida,1979-01-30,MT,Autonomo,3002.76,524,2022-05-05
CLI005578,Felipe Pereira Teixeira,1986-03-04,CE,Empresario,3541.16,667,2025-01-06
CLI005579,Diego Almeida Moraes,2004-07-29,RJ,Assalariado CLT,6376.9,588,2025-06-19
CLI005580,Gabriela Rodrigues Gomes,1973-08-07,SP,Assalariado CLT,2490.32,674,2023-09-25
CLI005581,Lucas Martins Costa,1977-08-09,MG,Assalariado CLT,3844.39,681,2022-02-17
CLI005582,Rodrigo Carvalho Pereira,1989-12-30,PE,Aposentado,1636.03,441,2022-04-22
CLI005583,Paulo Almeida Araujo,1987-06-04,ES,,,609,2025-11-17
CLI005584,Felipe Almeida Lima,1990-07-19,SP,Assalariado CLT,2697.94,467,2023-08-12
CLI005585,Yara Ferreira Rocha,1979-03-07,GO,Assalariado CLT,1862.28,625,2022-12-27
CLI005586,Ursula Moraes Araujo,1997-08-03,SP,Assalariado CLT,8921.25,578,2026-04-19
CLI005587,Amanda Oliveira Oliveira,1973-07-11,SP,Aposentado,5336.47,425,2023-02-07
CLI005588,Queren Martins Oliveira,1972-02-05,DF,Autonomo,,920,2022-03-07
CLI005589,Lucas Barbosa Teixeira,1996-08-07,BA,Profissional Liberal,14622.64,838,2025-12-31
CLI005590,Nelson Almeida Ribeiro,1968-06-13,RS,Autonomo,5511.52,653,2023-11-24
CLI005591,Carla Souza Rodrigues,2006-07-24,RS,Empresario,3678.71,566,2023-12-12
CLI005592,Bruno Rocha Santos,1974-11-02,RJ,Assalariado CLT,4143.11,539,2022-08-23
CLI005593,Lucas Nunes Oliveira,1987-01-27,RJ,Autonomo,2305.5,436,2021-09-24
CLI005594,Thiago Teixeira Costa,1970-03-27,GO,Servidor Publico,6348.7,534,2025-08-17
CLI005595,Felipe Costa Moraes,1989-09-09,MG,Autonomo,7910.91,774,2025-10-17
CLI005596,Zeca Araujo Martins,2000-09-09,PR,Servidor Publico,4599.14,551,2023-10-25
CLI005597,Juliana Lima Moraes,1978-03-04,SP,Assalariado CLT,6448.03,387,2025-10-31
CLI005598,Sabrina Lima Almeida,1974-09-09,SC,Assalariado CLT,1460.8,707,2024-04-15
CLI005599,Carla Araujo Santos,1988-08-08,MG,Autonomo,2307.09,649,2026-04-05
CLI005600,Diego Carvalho Teixeira,2005-06-13,MG,,4896.88,617,2026-05-20
CLI005601,Patricia Ribeiro Pereira,1978-04-10,RS,Aposentado,9927.37,361,2022-03-11
CLI005602,Olivia Oliveira Araujo,1998-05-13,DF,Assalariado CLT,5999.15,643,2023-04-10
CLI005603,Paulo Gomes Ferreira,1967-12-05,ES,Autonomo,15702.56,685,2025-03-08
CLI005604,Rodrigo Oliveira Teixeira,1988-11-08,MG,Assalariado CLT,4234.12,654,2022-08-14
CLI005605,Mariana Araujo Barbosa,1977-10-12,PR,Assalariado CLT,7099.88,642,2026-07-24
CLI005606,Rodrigo Teixeira Almeida,1996-05-30,RS,Servidor Publico,7248.53,499,2024-07-15
CLI005607,Mariana Carvalho Costa,1985-06-04,SP,Empresario,4549.23,686,2022-05-27
CLI005608,Mariana Santos Silva,2003-07-20,BA,,,540,2025-08-05
CLI005609,Isabela Pereira Martins,1956-04-03,RJ,Profissional Liberal,9104.73,698,2022-02-20
CLI005610,Yara Oliveira Carvalho,1983-04-06,SP,Assalariado CLT,,380,2024-07-12
CLI005611,Vinicius Santos Martins,1993-12-29,BA,Assalariado CLT,8184.7,570,2024-05-27
CLI005612,Ursula Rocha Gomes,1978-10-27,PE,Assalariado CLT,12082.99,663,2024-07-22
CLI005613,Lucas Moraes Rodrigues,1978-11-18,PR,Empresario,,736,2021-09-08
CLI005614,Vinicius Rocha Carvalho,2003-07-05,BA,Assalariado CLT,12036.42,485,2021-09-08
CLI005615,Ana Carvalho Araujo,1989-08-02,SP,Assalariado CLT,6161.08,505,2025-10-19
CLI005616,Henrique Teixeira Oliveira,1984-01-12,CE,Estudante,3794.04,403,2022-08-10
CLI005617,Sabrina Barbosa Souza,1993-11-18,PR,Servidor Publico,1998.43,517,2023-06-17
CLI005618,Olivia Rocha Almeida,2007-01-26,SP,Assalariado CLT,3311.16,491,2024-06-08
CLI005619,Isabela Pereira Moraes,1985-09-29,MG,Profissional Liberal,2934.9,377,2026-05-19
CLI005620,Henrique Moraes Ribeiro,1983-09-23,RS,Empresario,6736.77,560,2024-02-22
CLI005621,Wagner Carvalho Barbosa,1993-01-21,SP,Assalariado CLT,3429.73,673,2024-01-13
CLI005622,Sabrina Almeida Ferreira,1998-12-06,DF,Assalariado CLT,4679.11,226,2026-04-06
CLI005623,Yara Almeida Santos,1978-06-10,BA,Assalariado CLT,,420,2026-07-30
CLI005624,Mariana Costa Rocha,1987-12-25,MT,Autonomo,8094.11,576,2022-07-05
CLI005625,Zeca Pereira Rodrigues,1994-05-08,RS,Assalariado CLT,1937.9,706,2024-04-26
CLI005626,Yara Souza Nunes,1978-06-24,SP,Assalariado CLT,4016.56,722,2022-03-13
CLI005627,Rafael Barbosa Martins,2007-03-04,SP,Aposentado,,491,2024-06-10
CLI005628,Ursula Gomes Santos,2002-04-18,SP,Autonomo,,517,2026-04-22
CLI005629,Patricia Martins Pereira,1972-06-11,GO,Profissional Liberal,3235.04,838,2026-07-12
CLI005630,Eduarda Ferreira Oliveira,1985-08-07,PE,Servidor Publico,,430,2021-11-19
CLI005631,Joao Silva Rocha,1987-05-02,MG,Empresario,1881.14,515,2025-03-06
CLI005632,Thiago Almeida Nunes,1990-10-05,RJ,Profissional Liberal,,708,2023-08-13
CLI005633,Joao Barbosa Moraes,1978-12-10,GO,Estudante,5321.58,621,2024-09-14
CLI005634,Juliana Moraes Rodrigues,1987-03-20,ES,Profissional Liberal,,340,2021-10-13
CLI005635,Amanda Santos Santos,1988-11-11,RS,Autonomo,15882.36,676,2023-01-22
CLI005636,Joao Rocha Ferreira,2007-03-31,SP,Aposentado,5127.56,577,2023-02-19
CLI005637,Isabela Rocha Silva,1992-11-28,RJ,Assalariado CLT,24428.65,420,2023-04-12
CLI005638,Juliana Costa Silva,1990-02-28,RS,Profissional Liberal,1974.63,543,2022-04-07
CLI005639,Gabriela Martins Ribeiro,1993-10-12,PE,Assalariado CLT,2631.11,446,2026-01-16
CLI005640,Vinicius Teixeira Nunes,1985-06-19,MG,Empresario,,404,2025-11-03
CLI005641,Gabriela Oliveira Carvalho,1986-04-25,RJ,Assalariado CLT,8227.59,569,2025-11-06
CLI005642,Isabela Souza Gomes,2006-12-10,PE,Assalariado CLT,3875.62,729,2023-07-18
CLI005643,Carla Silva Almeida,1970-12-20,GO,Assalariado CLT,1934.29,595,2023-04-15
CLI005644,Henrique Silva Silva,1984-04-04,SP,Empresario,4916.88,690,2023-12-02
CLI005645,Juliana Teixeira Lima,1968-02-23,,Servidor Publico,2501.47,672,2024-11-05
CLI005646,Yara Costa Ribeiro,1996-11-25,BA,Autonomo,11478.51,412,2025-11-14
CLI005647,Juliana Teixeira Gomes,1977-06-14,BA,Assalariado CLT,4379.41,573,2021-12-10
CLI005648,Isabela Barbosa Oliveira,2006-09-11,BA,Autonomo,2002.5,510,2021-11-25
CLI005649,Ursula Silva Carvalho,1993-11-06,GO,Assalariado CLT,1357.37,504,2024-07-20
CLI005650,Rafael Rodrigues Carvalho,1972-03-04,SP,Assalariado CLT,5202.17,457,2023-04-21
CLI005651,Diego Souza Gomes,1962-12-18,ES,Assalariado CLT,5331.46,595,2022-10-09
CLI005652,Paulo Santos Araujo,1959-11-07,GO,Autonomo,9334.23,616,2023-11-07
CLI005653,Karina Santos Nunes,1989-06-03,GO,,4094.25,449,2026-03-29
CLI005654,Paulo Moraes Santos,1974-11-20,SC,Assalariado CLT,2736.96,510,2025-01-13
CLI005655,Diego Almeida Ferreira,1967-07-26,GO,Assalariado CLT,3593.54,511,2022-02-22
CLI005656,Nelson Pereira Souza,1986-03-21,MG,Autonomo,8135.0,515,2022-10-18
CLI005657,Lucas Silva Pereira,1981-06-01,SP,Assalariado CLT,10252.22,737,2026-07-08
CLI005658,Paulo Rodrigues Silva,1981-12-05,RS,Assalariado CLT,7627.0,814,2023-04-25
CLI005659,Carla Barbosa Nunes,1986-12-05,SP,Assalariado CLT,,496,2023-07-10
CLI005660,Vinicius Almeida Rocha,2006-12-29,MG,Aposentado,5008.98,674,2024-11-04
CLI005661,Olivia Carvalho Moraes,1978-01-13,DF,Empresario,6670.81,529,2024-12-18
CLI005662,Gabriela Martins Teixeira,1991-04-10,PA,Servidor Publico,,932,2025-03-07
CLI005663,Felipe Rodrigues Ferreira,1978-10-30,SP,Profissional Liberal,6285.06,719,2025-09-04
CLI005664,Queren Ferreira Barbosa,1977-05-16,SP,Assalariado CLT,10721.06,583,2022-05-23
CLI005665,Karina Nunes Lima,1994-09-08,,,2580.26,389,2024-09-27
CLI005666,Marcelo Carvalho Costa,1995-03-29,SP,Assalariado CLT,5524.68,526,2023-06-23
CLI005667,Isabela Nunes Souza,1987-04-22,MG,,15963.72,614,2021-08-22
CLI005668,Zeca Lima Almeida,1984-01-08,SP,Assalariado CLT,7667.12,526,2023-11-21
CLI005669,Joao Silva Rodrigues,1978-12-04,DF,Profissional Liberal,4300.05,809,2023-01-08
CLI005670,Vinicius Martins Pereira,1982-06-22,DF,Aposentado,,679,2024-06-15
CLI005671,Karina Rodrigues Barbosa,1996-11-09,GO,Aposentado,9322.95,412,2023-09-05
CLI005672,Paulo Moraes Souza,1991-10-13,SP,Assalariado CLT,2190.97,513,2023-04-09
CLI005673,Olivia Costa Pereira,1972-05-01,CE,Assalariado CLT,2171.92,469,2022-09-11
CLI005674,Bruno Araujo Nunes,1953-02-01,RJ,Assalariado CLT,4626.84,612,2024-05-17
CLI005675,Marcelo Oliveira Pereira,1979-05-06,RS,Aposentado,10406.37,518,2021-11-27
CLI005676,Rafael Martins Costa,1978-11-20,SP,Assalariado CLT,,528,2022-01-15
CLI005677,Marcelo Gomes Almeida,2001-05-30,PA,Servidor Publico,,545,2025-11-22
CLI005678,Joao Costa Teixeira,1970-05-22,PR,Assalariado CLT,8373.61,721,2021-09-19
CLI005679,Mariana Oliveira Santos,1993-09-01,MG,Profissional Liberal,,513,2023-12-30
CLI005680,Ursula Ribeiro Souza,1994-02-05,ES,Estudante,3759.11,655,2022-07-27
CLI005681,Mariana Lima Gomes,1993-01-22,RS,Assalariado CLT,6353.67,863,2025-07-03
CLI005682,Zeca Oliveira Rodrigues,2000-04-04,RS,Assalariado CLT,3399.51,671,2022-11-11
CLI005683,Ursula Carvalho Gomes,1982-08-01,RJ,Empresario,3639.95,712,2026-02-17
CLI005684,Zeca Ribeiro Lima,1995-07-23,MG,Profissional Liberal,,613,2022-04-04
CLI005685,Patricia Almeida Martins,1988-07-08,PE,Assalariado CLT,2263.99,447,2026-08-11
CLI005686,Mariana Silva Rodrigues,1988-11-20,RS,Profissional Liberal,11670.69,889,2026-05-14
CLI005687,Amanda Ribeiro Lima,1998-12-17,GO,Assalariado CLT,,659,2022-10-13
CLI005688,Patricia Teixeira Almeida,1972-09-15,RJ,Profissional Liberal,5343.88,614,2024-05-25
CLI005689,Gabriela Santos Souza,1974-08-24,BA,Autonomo,1696.59,563,2022-10-05
CLI005690,Carla Teixeira Santos,1976-02-27,GO,Aposentado,5907.62,646,2024-02-01
CLI005691,Patricia Souza Martins,1976-11-23,MG,Assalariado CLT,4049.58,870,2026-01-16
CLI005692,Felipe Martins Silva,1990-05-23,SP,,,505,2023-12-13
CLI005693,Wagner Martins Ribeiro,1992-04-03,MG,Assalariado CLT,3321.42,556,2023-11-23
CLI005694,Juliana Ribeiro Rocha,1984-06-28,RJ,Assalariado CLT,2399.42,758,2023-01-18
CLI005695,Felipe Silva Teixeira,1987-11-17,ES,Assalariado CLT,1200.0,559,2025-05-08
CLI005696,Sabrina Souza Martins,1994-01-13,SP,Autonomo,4024.83,413,2023-03-17
CLI005697,Bruno Almeida Silva,1990-12-04,SP,,3076.01,606,2023-07-08
CLI005698,Nelson Teixeira Moraes,1992-03-16,SP,Profissional Liberal,6481.7,760,2024-06-22
CLI005699,Diego Almeida Santos,1986-07-10,PE,Assalariado CLT,6829.27,732,2026-01-15
CLI005700,Nelson Rocha Carvalho,1998-02-05,RS,Aposentado,,704,2023-06-11
CLI005701,Patricia Oliveira Rodrigues,1978-04-23,BA,Assalariado CLT,4226.29,634,2022-09-23
CLI005702,Eduarda Santos Santos,1982-11-16,SP,Assalariado CLT,2313.98,552,2026-05-28
CLI005703,Joao Araujo Nunes,1993-10-17,RJ,Autonomo,4259.15,572,2023-06-29
CLI005704,Rafael Pereira Oliveira,1994-04-01,MT,Assalariado CLT,2461.64,702,2025-02-21
CLI005705,Yara Carvalho Rocha,1985-09-07,SP,Empresario,3205.21,775,2026-01-05
CLI005706,Thiago Rodrigues Rocha,1982-03-16,RS,Empresario,,650,2024-08-21
CLI005707,Thiago Martins Ribeiro,1972-11-08,RS,Servidor Publico,3227.0,378,2021-10-30
CLI005708,Patricia Costa Costa,1994-08-24,PE,,,668,2025-04-02
CLI005709,Diego Lima Carvalho,1971-10-17,MG,Empresario,3383.75,533,2022-09-20
CLI005710,Gabriela Silva Almeida,1978-02-28,SP,Autonomo,,454,2022-12-11
CLI005711,Rafael Ferreira Santos,1976-09-25,PR,Profissional Liberal,10100.12,473,2023-01-19
CLI005712,Paulo Costa Almeida,1979-08-05,CE,Empresario,,673,2025-04-13
CLI005713,Sabrina Silva Ribeiro,1983-07-02,RJ,Assalariado CLT,1623.56,779,2024-02-14
CLI005714,Bruno Ribeiro Barbosa,1983-12-12,DF,Empresario,2610.95,1000,2025-05-17
CLI005715,Ursula Souza Rocha,1975-08-25,RS,Assalariado CLT,,515,2021-11-02
CLI005716,Carla Costa Barbosa,2007-05-25,SP,Assalariado CLT,1633.37,607,2026-07-15
CLI005717,Zeca Souza Ribeiro,1986-05-14,SP,Empresario,,741,2021-12-16
CLI005718,Joao Silva Santos,2007-06-02,CE,,17116.82,612,2022-10-25
CLI005719,Rodrigo Araujo Costa,2004-02-18,MT,Empresario,3840.16,638,2023-11-29
CLI005720,Vinicius Moraes Rodrigues,1997-09-13,SP,Assalariado CLT,4329.67,572,2021-09-04
CLI005721,Carla Araujo Nunes,1978-01-29,MG,Assalariado CLT,6463.15,663,2025-09-29
CLI005722,Wagner Ribeiro Pereira,2005-01-28,MG,Profissional Liberal,4591.16,334,2022-12-12
CLI005723,Yara Costa Ferreira,1979-05-02,MG,,4440.53,352,2025-12-27
CLI005724,Ursula Ribeiro Santos,1990-11-22,MT,Assalariado CLT,2150.51,484,2023-06-23
CLI005725,Joao Costa Araujo,1977-12-27,CE,Empresario,,491,2023-05-15
CLI005726,Carla Almeida Ribeiro,1990-08-13,MG,Assalariado CLT,4924.23,576,2022-06-26
CLI005727,Gabriela Almeida Ribeiro,2000-08-13,BA,Aposentado,1200.0,532,2022-02-15
CLI005728,Lucas Martins Rodrigues,1979-01-20,PE,Assalariado CLT,5328.54,711,2026-01-04
CLI005729,Paulo Pereira Carvalho,1983-02-06,SC,Autonomo,7038.35,661,2024-09-20
CLI005730,Nelson Silva Oliveira,1993-06-07,PA,Assalariado CLT,12543.3,526,2025-10-21
CLI005731,Patricia Moraes Carvalho,1971-05-06,BA,Assalariado CLT,3907.33,575,2024-12-13
CLI005732,Bruno Santos Rodrigues,2000-11-26,RS,Assalariado CLT,,523,2023-04-07
CLI005733,Felipe Rocha Martins,2006-04-11,SC,Autonomo,4886.96,600,2024-10-14
CLI005734,Gabriela Ferreira Ribeiro,1976-02-28,RJ,Profissional Liberal,4863.98,540,2026-07-03
CLI005735,Gabriela Araujo Moraes,1977-09-02,,Servidor Publico,8116.54,653,2023-05-30
CLI005736,Rodrigo Martins Martins,1963-10-01,MG,Assalariado CLT,2416.55,274,2024-05-03
CLI005737,Diego Santos Carvalho,1975-07-23,RS,Assalariado CLT,1200.0,965,2023-08-08
CLI005738,Eduarda Costa Carvalho,1999-04-05,BA,Estudante,2103.85,580,2024-08-19
CLI005739,Thiago Pereira Moraes,1991-05-05,MT,Aposentado,3241.78,680,2026-02-06
CLI005740,Nelson Ribeiro Souza,1972-03-07,SP,Autonomo,10893.7,718,2024-07-06
CLI005741,Vinicius Rodrigues Gomes,1977-05-08,SP,Autonomo,3187.55,539,2023-01-12
CLI005742,Eduarda Nunes Ferreira,1990-05-30,SP,Autonomo,2271.9,705,2022-04-22
CLI005743,Vinicius Gomes Araujo,1990-04-29,SP,Assalariado CLT,2505.21,731,2022-08-24
CLI005744,Juliana Rodrigues Pereira,1987-05-15,ES,Autonomo,3578.39,621,2022-06-23
CLI005745,Olivia Oliveira Ferreira,1966-05-29,RJ,Assalariado CLT,5481.08,503,2025-01-07
CLI005746,Olivia Pereira Souza,1983-09-16,ES,,,559,2025-08-05
CLI005747,Gabriela Oliveira Rocha,1967-09-22,RJ,Assalariado CLT,3239.16,760,2023-04-28
CLI005748,Wagner Ribeiro Araujo,1959-12-20,MG,Autonomo,,581,2026-08-04
CLI005749,Rodrigo Moraes Nunes,2002-10-13,SP,Assalariado CLT,3093.8,361,2021-08-29
CLI005750,Sabrina Gomes Rodrigues,1966-11-29,MG,Assalariado CLT,4873.13,543,2024-04-28
CLI005751,Juliana Ferreira Carvalho,1973-09-09,,Assalariado CLT,,721,2024-02-09
CLI005752,Yara Silva Barbosa,1975-03-21,PA,Assalariado CLT,5268.72,866,2023-05-20
CLI005753,Juliana Rocha Martins,1999-03-13,BA,Autonomo,3887.53,502,2023-07-12
CLI005754,Lucas Teixeira Ribeiro,1994-12-10,MG,Autonomo,3892.49,444,2023-08-12
CLI005755,Henrique Nunes Carvalho,1990-08-31,DF,Assalariado CLT,9431.42,778,2026-07-19
CLI005756,Diego Moraes Rodrigues,1984-02-03,RS,Assalariado CLT,3510.66,583,2024-05-20
CLI005757,Nelson Rocha Carvalho,1978-09-06,,,5786.65,465,2023-09-12
CLI005758,Marcelo Rocha Barbosa,1982-12-08,PE,Profissional Liberal,1714.29,429,2026-02-08
CLI005759,Eduarda Silva Nunes,1987-07-23,PE,Assalariado CLT,2228.36,455,2023-11-19
CLI005760,Eduarda Oliveira Rodrigues,1985-06-29,RJ,,1336.25,604,2025-12-12
CLI005761,Zeca Oliveira Nunes,1965-07-21,PR,Profissional Liberal,11100.11,615,2025-03-11
CLI005762,Bruno Ferreira Araujo,2004-04-15,ES,Autonomo,12473.2,666,2025-07-29
CLI005763,Patricia Moraes Lima,1994-06-03,SP,Assalariado CLT,3409.9,548,2023-06-16
CLI005764,Amanda Gomes Rocha,1976-04-16,RS,Assalariado CLT,,767,2025-05-14
CLI005765,Juliana Lima Barbosa,1967-10-17,SP,Assalariado CLT,,674,2023-09-29
CLI005766,Rodrigo Martins Carvalho,1984-11-23,RS,Aposentado,4588.58,492,2022-03-24
CLI005767,Nelson Lima Teixeira,1977-01-20,SP,Servidor Publico,6398.53,567,2022-06-13
CLI005768,Gabriela Almeida Ferreira,2006-10-02,,Autonomo,4040.39,659,2023-08-18
CLI005769,Yara Araujo Lima,1987-03-10,PE,Assalariado CLT,,460,2026-04-10
CLI005770,Amanda Teixeira Silva,1997-12-21,BA,Autonomo,3257.91,635,2023-02-23
CLI005771,Rafael Pereira Rocha,1986-09-21,PE,Assalariado CLT,2601.64,841,2021-10-01
CLI005772,Rafael Araujo Santos,1968-12-20,SP,Assalariado CLT,10626.47,534,2023-12-09
CLI005773,Amanda Rodrigues Santos,1982-07-01,SP,Servidor Publico,3134.45,622,2022-05-23
CLI005774,Mariana Ribeiro Araujo,2003-04-30,CE,,4426.82,535,2025-03-22
CLI005775,Zeca Silva Ferreira,1978-11-07,SC,Autonomo,6413.67,394,2026-07-29
CLI005776,Lucas Moraes Teixeira,1979-08-11,DF,Autonomo,2360.8,487,2021-12-22
CLI005777,Gabriela Rodrigues Pereira,1980-01-26,RS,Assalariado CLT,1200.0,751,2024-11-14
CLI005778,Ana Nunes Souza,1984-08-05,SP,Servidor Publico,2231.78,715,2025-08-09
CLI005779,Eduarda Carvalho Carvalho,1985-12-11,SP,Assalariado CLT,3340.07,561,2022-04-05
CLI005780,Wagner Teixeira Souza,1979-10-04,SP,Assalariado CLT,5229.02,579,2025-05-15
CLI005781,Mariana Rodrigues Martins,1994-02-02,MG,Assalariado CLT,,506,2023-08-29
CLI005782,Henrique Teixeira Ribeiro,1988-07-16,SP,Servidor Publico,7580.48,497,2025-09-13
CLI005783,Eduarda Almeida Santos,1973-01-23,MG,Aposentado,5425.4,709,2022-09-29
CLI005784,Henrique Costa Ferreira,1975-01-23,PE,Assalariado CLT,,509,2024-07-17
CLI005785,Mariana Teixeira Almeida,1983-11-30,PR,Assalariado CLT,7174.41,459,2025-06-08
CLI005786,Patricia Almeida Moraes,1999-02-08,SP,Autonomo,8461.48,731,2023-01-18
CLI005787,Lucas Rocha Teixeira,1992-05-02,MG,Autonomo,4264.06,726,2023-11-22
CLI005788,Carla Santos Gomes,1994-09-18,CE,Autonomo,3530.96,595,2024-03-03
CLI005789,Zeca Santos Souza,1981-08-21,BA,Assalariado CLT,5733.27,442,2024-05-27
CLI005790,Joao Rodrigues Gomes,1983-05-14,MT,Assalariado CLT,,165,2024-01-14
CLI005791,Rodrigo Santos Lima,1968-03-14,PE,Servidor Publico,8440.25,638,2022-08-16
CLI005792,Amanda Costa Araujo,2001-07-27,RJ,Assalariado CLT,3830.68,489,2022-06-23
CLI005793,Karina Carvalho Ferreira,1981-03-10,RJ,Assalariado CLT,9762.24,648,2026-04-26
CLI005794,Gabriela Martins Gomes,1973-08-15,PE,Servidor Publico,6482.41,638,2025-04-04
CLI005795,Eduarda Martins Costa,1980-12-28,SP,Assalariado CLT,2476.23,613,2023-08-20
CLI005796,Rafael Barbosa Teixeira,1997-01-06,RJ,Autonomo,4279.5,760,2025-09-25
CLI005797,Patricia Pereira Moraes,1962-12-19,,Autonomo,,508,2025-06-04
CLI005798,Eduarda Araujo Silva,1988-08-27,PE,,3635.96,694,2023-05-09
CLI005799,Bruno Ferreira Teixeira,1987-10-17,SP,,1964.41,573,2023-02-14
CLI005800,Felipe Lima Martins,1993-06-25,SC,Assalariado CLT,1993.44,477,2026-04-04
CLI005801,Juliana Nunes Rodrigues,1987-09-21,RS,Servidor Publico,19194.44,655,2024-06-18
CLI005802,Olivia Gomes Ferreira,1992-10-16,,Empresario,3736.5,605,2024-05-17
CLI005803,Eduarda Nunes Ribeiro,1965-10-22,MT,Assalariado CLT,10640.25,616,2021-12-08
CLI005804,Bruno Rocha Santos,1970-07-18,,,1979.89,516,2025-01-30
CLI005805,Yara Costa Carvalho,1974-04-24,,Aposentado,8727.32,563,2021-12-07
CLI005806,Paulo Moraes Ferreira,1997-03-25,RJ,Profissional Liberal,14152.44,342,2026-02-10
CLI005807,Mariana Ribeiro Carvalho,1986-09-05,MG,Autonomo,5607.6,595,2025-02-26
CLI005808,Henrique Gomes Nunes,1965-06-17,RS,Assalariado CLT,2949.85,477,2022-07-17
CLI005809,Wagner Souza Rodrigues,1982-04-13,DF,Empresario,2679.18,666,2025-08-07
CLI005810,Carla Ribeiro Carvalho,1983-11-25,RJ,Assalariado CLT,3952.95,635,2025-03-11
CLI005811,Nelson Santos Ferreira,1965-12-28,PA,Estudante,7439.52,628,2024-10-10
CLI005812,Yara Ferreira Santos,1966-02-21,SP,,4438.49,543,2022-10-10
CLI005813,Karina Martins Pereira,1978-10-26,MG,Autonomo,1269.59,426,2026-02-16
CLI005814,Patricia Araujo Teixeira,1980-02-08,SP,Assalariado CLT,4316.76,674,2026-03-31
CLI005815,Wagner Lima Costa,1979-11-14,SP,Profissional Liberal,3884.3,686,2026-02-24
CLI005816,Nelson Pereira Oliveira,1976-06-28,PE,Autonomo,3992.47,767,2023-10-21
CLI005817,Marcelo Souza Pereira,1995-02-11,ES,Assalariado CLT,11823.41,583,2023-07-25
CLI005818,Lucas Rocha Barbosa,1999-04-08,PR,Assalariado CLT,,665,2021-09-30
CLI005819,Eduarda Santos Martins,1988-10-31,RJ,Assalariado CLT,8590.91,418,2021-08-30
CLI005820,Joao Ribeiro Martins,1975-03-01,RJ,Assalariado CLT,1221.69,645,2026-03-19
CLI005821,Diego Moraes Lima,1980-06-18,RJ,Assalariado CLT,4338.98,636,2026-03-17
CLI005822,Bruno Rocha Moraes,2005-08-17,SP,Assalariado CLT,2588.23,718,2024-09-27
CLI005823,Isabela Ribeiro Gomes,1967-02-11,SP,Empresario,7548.38,632,2024-06-28
CLI005824,Lucas Araujo Barbosa,1998-03-17,PE,Assalariado CLT,13913.3,625,2021-08-26
CLI005825,Wagner Gomes Carvalho,1990-06-10,MG,Servidor Publico,4006.11,664,2021-10-12
CLI005826,Vinicius Ribeiro Araujo,2004-09-07,PR,Servidor Publico,,506,2024-12-11
CLI005827,Henrique Nunes Rodrigues,1981-03-10,SP,Autonomo,7159.53,542,2026-08-08
CLI005828,Thiago Barbosa Santos,1995-06-24,PE,Assalariado CLT,9168.92,569,2025-05-13
CLI005829,Felipe Rodrigues Moraes,1998-02-18,RJ,Assalariado CLT,12107.31,662,2024-07-18
CLI005830,Carla Rodrigues Ribeiro,1963-05-08,PE,Estudante,2738.86,727,2022-12-26
CLI005831,Paulo Oliveira Silva,1969-02-03,MG,Assalariado CLT,5781.05,509,2023-03-03
CLI005832,Wagner Moraes Oliveira,2000-07-12,SC,Assalariado CLT,5457.99,673,2022-11-12
CLI005833,Juliana Pereira Santos,1983-09-25,SP,,14403.31,675,2026-08-15
CLI005834,Mariana Teixeira Martins,1998-11-20,SC,Assalariado CLT,5040.34,545,2025-11-28
CLI005835,Rodrigo Ribeiro Carvalho,1977-01-19,SP,Servidor Publico,4587.53,324,2023-01-30
CLI005836,Ursula Teixeira Martins,1976-01-02,,Autonomo,9229.51,742,2023-08-27
CLI005837,Zeca Oliveira Moraes,1981-04-21,RJ,Autonomo,,548,2025-06-24
CLI005838,Paulo Nunes Barbosa,1978-11-23,SP,Assalariado CLT,3917.45,822,2025-09-06
CLI005839,Vinicius Teixeira Santos,1993-08-09,PA,Assalariado CLT,,772,2023-02-17
CLI005840,Olivia Nunes Costa,1984-05-12,RJ,Profissional Liberal,10035.64,772,2026-04-07
CLI005841,Rodrigo Carvalho Souza,1982-10-27,MG,Assalariado CLT,2615.48,804,2025-10-22
CLI005842,Thiago Moraes Martins,1985-11-13,MG,Assalariado CLT,5749.4,725,2026-05-12
CLI005843,Marcelo Teixeira Silva,1963-04-29,MG,Servidor Publico,,552,2021-12-15
CLI005844,Sabrina Teixeira Ribeiro,1984-08-12,SP,Assalariado CLT,2566.35,691,2022-05-26
CLI005845,Sabrina Moraes Araujo,2007-01-22,BA,Autonomo,2960.8,692,2026-01-23
CLI005846,Rodrigo Nunes Moraes,1987-03-25,SP,Autonomo,,552,2022-07-27
CLI005847,Rafael Barbosa Costa,1985-04-25,RS,Assalariado CLT,2947.96,495,2024-06-10
CLI005848,Yara Silva Souza,1980-03-07,RS,Assalariado CLT,4139.25,504,2025-02-21
CLI005849,Isabela Barbosa Pereira,1991-01-16,MG,Assalariado CLT,4177.33,753,2023-11-02
CLI005850,Rafael Ribeiro Almeida,1971-02-07,RS,Empresario,9541.42,652,2023-07-08
CLI005851,Olivia Barbosa Martins,1989-05-10,PR,Aposentado,,695,2023-08-04
CLI005852,Paulo Lima Pereira,2000-04-25,SP,Profissional Liberal,7487.94,748,2026-08-09
CLI005853,Eduarda Lima Carvalho,1988-06-05,MG,Servidor Publico,2358.58,632,2022-11-07
CLI005854,Vinicius Silva Souza,2007-04-29,SP,Profissional Liberal,9029.14,625,2024-03-11
CLI005855,Joao Nunes Souza,1987-07-23,RJ,Autonomo,3808.19,707,2024-02-12
CLI005856,Carla Nunes Lima,1971-08-02,SP,Assalariado CLT,7694.11,482,2022-04-16
CLI005857,Amanda Nunes Silva,1985-01-14,MG,Estudante,5646.45,650,2023-07-30
CLI005858,Ursula Oliveira Pereira,2000-06-17,SC,Aposentado,11163.6,718,2022-01-07
CLI005859,Juliana Carvalho Santos,2007-03-31,DF,Profissional Liberal,5119.62,685,2025-10-24
CLI005860,Queren Rocha Nunes,1983-03-06,MT,Assalariado CLT,5776.69,241,2022-04-21
CLI005861,Henrique Araujo Rocha,1984-02-26,ES,Aposentado,4913.5,699,2024-01-10
CLI005862,Olivia Ribeiro Martins,1985-05-17,MT,Assalariado CLT,4864.11,722,2025-11-04
CLI005863,Eduarda Teixeira Lima,1982-01-28,RS,Assalariado CLT,11078.39,812,2024-10-28
CLI005864,Vinicius Barbosa Santos,1979-09-19,PR,,6006.72,460,2024-06-03
CLI005865,Gabriela Teixeira Pereira,1982-02-25,SP,Assalariado CLT,3212.79,634,2025-08-26
CLI005866,Carla Almeida Pereira,1978-07-14,PR,Assalariado CLT,9416.17,698,2023-11-01
CLI005867,Zeca Barbosa Ribeiro,1988-03-22,PE,,,531,2024-03-21
CLI005868,Zeca Costa Almeida,1985-03-20,BA,Servidor Publico,6046.82,616,2023-12-15
CLI005869,Ursula Teixeira Martins,1978-11-10,SP,Autonomo,4959.69,704,2022-05-09
CLI005870,Nelson Silva Santos,1998-10-29,SP,,11981.47,561,2022-12-28
CLI005871,Diego Souza Nunes,1982-04-23,SP,Autonomo,4485.68,552,2022-10-29
CLI005872,Juliana Pereira Rocha,1971-10-23,DF,Servidor Publico,2638.72,375,2023-11-28
CLI005873,Gabriela Araujo Santos,1997-12-26,,Servidor Publico,8292.85,611,2025-10-10
CLI005874,Patricia Ribeiro Oliveira,1985-09-14,BA,Assalariado CLT,1575.27,698,2024-01-19
CLI005875,Carla Rodrigues Souza,1978-05-10,RJ,Autonomo,3224.13,417,2022-11-30
CLI005876,Nelson Martins Moraes,1982-11-19,MG,Aposentado,5235.17,663,2022-04-15
CLI005877,Carla Teixeira Gomes,1995-06-13,RJ,Servidor Publico,2943.54,565,2023-12-27
CLI005878,Carla Almeida Rodrigues,1978-06-11,PR,Assalariado CLT,10471.88,485,2024-08-28
CLI005879,Paulo Carvalho Barbosa,1982-10-13,MG,Autonomo,,390,2025-11-21
CLI005880,Rafael Costa Santos,1981-04-02,ES,Profissional Liberal,2095.24,563,2023-05-17
CLI005881,Karina Nunes Martins,1985-05-18,SP,Assalariado CLT,2459.13,622,2022-06-13
CLI005882,Juliana Lima Martins,1973-10-10,SC,Assalariado CLT,,804,2024-12-22
CLI005883,Eduarda Rocha Santos,1994-11-02,SC,Assalariado CLT,2607.37,830,2025-08-18
CLI005884,Gabriela Santos Araujo,1995-11-19,MG,Assalariado CLT,7376.44,731,2026-01-17
CLI005885,Wagner Moraes Ferreira,1992-10-20,SP,,2124.02,748,2023-04-14
CLI005886,Rodrigo Ribeiro Gomes,1999-04-29,SP,Aposentado,2984.67,892,2022-06-20
CLI005887,Gabriela Ribeiro Pereira,1973-04-06,PR,Autonomo,,704,2024-09-28
CLI005888,Isabela Ferreira Nunes,1961-04-12,MG,Autonomo,5767.58,590,2024-02-21
CLI005889,Zeca Silva Silva,1986-02-17,MG,Autonomo,15600.2,561,2025-06-14
CLI005890,Rodrigo Araujo Oliveira,1982-05-01,SP,Assalariado CLT,2323.03,946,2022-04-10
CLI005891,Lucas Oliveira Gomes,1984-02-23,SP,,3775.32,597,2022-10-30
CLI005892,Paulo Ferreira Pereira,1984-10-06,SP,Servidor Publico,,582,2025-06-18
CLI005893,Felipe Moraes Araujo,1978-06-09,RJ,,2462.88,564,2025-02-21
CLI005894,Carla Oliveira Barbosa,1981-05-07,PR,Assalariado CLT,5774.82,642,2024-01-11
CLI005895,Mariana Gomes Moraes,1993-06-01,RS,,3593.15,467,2022-07-01
CLI005896,Ursula Ribeiro Rodrigues,1985-10-19,SC,Assalariado CLT,,495,2026-07-01
CLI005897,Patricia Souza Moraes,1987-11-02,PR,Assalariado CLT,11426.64,701,2025-01-17
CLI005898,Bruno Pereira Souza,1993-02-18,RS,Autonomo,4515.77,664,2022-09-25
CLI005899,Gabriela Souza Gomes,1988-10-01,RJ,Aposentado,4009.78,503,2022-08-06
CLI005900,Karina Nunes Moraes,1974-06-09,SP,Autonomo,,737,2026-05-19
CLI005901,Paulo Nunes Gomes,2003-03-04,RJ,Autonomo,7026.46,545,2024-04-05
CLI005902,Thiago Pereira Martins,1966-12-27,GO,Assalariado CLT,5224.33,611,2025-10-09
CLI005903,Wagner Ribeiro Teixeira,1970-06-26,RS,Profissional Liberal,7667.55,436,2025-10-28
CLI005904,Gabriela Moraes Ferreira,1980-10-13,SC,Servidor Publico,8893.13,640,2023-09-08
CLI005905,Amanda Carvalho Rocha,1966-08-13,MG,Assalariado CLT,10859.93,704,2025-05-21
CLI005906,Rafael Costa Silva,1982-06-12,SP,Autonomo,3754.82,503,2024-02-26
CLI005907,Yara Moraes Pereira,1963-08-31,SC,Assalariado CLT,5546.47,371,2026-05-30
CLI005908,Gabriela Costa Carvalho,1985-12-28,SP,Profissional Liberal,8488.77,689,2023-09-25
CLI005909,Diego Gomes Lima,1989-01-28,SP,Aposentado,5164.84,647,2022-03-08
CLI005910,Zeca Araujo Pereira,1963-03-04,PR,Autonomo,4624.02,538,2022-06-02
CLI005911,Bruno Ferreira Pereira,1972-05-28,SP,Autonomo,,757,2026-02-26
CLI005912,Gabriela Ferreira Souza,1990-04-12,SC,Assalariado CLT,4506.24,724,2023-01-25
CLI005913,Wagner Gomes Barbosa,1985-09-29,CE,,1901.78,439,2022-03-10
CLI005914,Queren Rocha Almeida,1981-04-03,PR,Assalariado CLT,5753.97,654,2024-01-09
CLI005915,Gabriela Oliveira Oliveira,1969-11-21,SP,Empresario,,501,2023-11-06
CLI005916,Rafael Costa Oliveira,1996-07-29,RS,,3776.46,937,2025-01-07
CLI005917,Marcelo Nunes Lima,1986-02-12,,Empresario,,707,2024-12-24
CLI005918,Vinicius Ribeiro Almeida,1984-02-01,,,,756,2022-09-09
CLI005919,Joao Nunes Araujo,1991-05-27,SP,,2562.83,560,2022-12-23
CLI005920,Vinicius Souza Costa,1981-01-23,PR,Servidor Publico,3335.68,488,2022-03-30
CLI005921,Carla Barbosa Teixeira,1992-11-12,SP,Assalariado CLT,10905.6,692,2023-09-11
CLI005922,Patricia Almeida Ferreira,1987-02-24,CE,,,497,2022-07-30
CLI005923,Felipe Carvalho Costa,1983-06-18,PR,Empresario,5647.8,585,2022-04-20
CLI005924,Olivia Araujo Lima,1992-07-05,SC,Servidor Publico,11919.59,758,2024-08-03
CLI005925,Eduarda Oliveira Ribeiro,1977-04-06,ES,Assalariado CLT,8916.91,622,2024-12-03
CLI005926,Zeca Martins Silva,1993-03-19,CE,Empresario,1870.77,524,2023-02-20
CLI005927,Ana Araujo Silva,1998-07-22,SP,Autonomo,2076.03,806,2022-06-20
CLI005928,Marcelo Moraes Gomes,1989-12-30,PE,Assalariado CLT,2415.52,435,2025-04-27
CLI005929,Nelson Barbosa Oliveira,1969-02-16,PR,Servidor Publico,1832.51,605,2023-08-18
CLI005930,Mariana Almeida Santos,1984-01-11,RS,Assalariado CLT,7220.87,536,2022-05-05
CLI005931,Gabriela Gomes Rocha,1977-08-23,PR,Servidor Publico,16433.13,582,2025-03-30
CLI005932,Sabrina Martins Araujo,1995-05-06,SP,Autonomo,2942.71,191,2025-04-17
CLI005933,Felipe Moraes Ribeiro,2001-07-08,SP,Assalariado CLT,1772.26,685,2023-11-04
CLI005934,Nelson Martins Souza,1972-11-20,RS,Autonomo,8402.24,480,2022-12-09
CLI005935,Henrique Costa Souza,1980-12-09,SP,Assalariado CLT,8111.07,498,2025-12-23
CLI005936,Nelson Souza Rodrigues,1985-03-27,SP,Assalariado CLT,3974.52,789,2024-12-04
CLI005937,Eduarda Pereira Ferreira,1999-01-26,ES,Empresario,2610.76,570,2022-04-15
CLI005938,Yara Carvalho Santos,1996-10-15,SP,Autonomo,17666.03,815,2025-09-06
CLI005939,Henrique Ribeiro Carvalho,1963-03-20,RS,Autonomo,,471,2022-05-05
CLI005940,Isabela Moraes Carvalho,1974-03-12,PR,Servidor Publico,4734.36,576,2021-12-10
CLI005941,Felipe Pereira Santos,1957-10-26,CE,Assalariado CLT,2229.84,605,2026-07-14
CLI005942,Isabela Martins Gomes,1979-07-27,BA,Servidor Publico,6042.98,594,2023-10-17
CLI005943,Joao Martins Souza,1991-06-14,SP,Servidor Publico,9468.0,665,2023-12-26
CLI005944,Eduarda Araujo Carvalho,1969-03-04,SP,Aposentado,3628.12,563,2025-08-18
CLI005945,Ursula Martins Moraes,1988-10-01,DF,Assalariado CLT,10499.82,655,2023-06-09
CLI005946,Gabriela Nunes Souza,1959-02-18,,Assalariado CLT,,433,2024-04-02
CLI005947,Carla Santos Rocha,1988-10-29,MT,Autonomo,5004.6,839,2025-03-06
CLI005948,Ursula Souza Barbosa,1986-03-01,SP,Autonomo,1649.35,466,2026-05-09
CLI005949,Vinicius Ferreira Pereira,1974-01-25,SP,Autonomo,7746.01,549,2024-09-06
CLI005950,Paulo Nunes Barbosa,1993-04-29,RS,Servidor Publico,4357.3,776,2024-06-15
CLI005951,Ana Ferreira Costa,1995-11-13,RJ,Assalariado CLT,9650.34,734,2023-07-23
CLI005952,Olivia Costa Santos,1970-08-18,BA,,13436.62,622,2023-04-19
CLI005953,Wagner Silva Santos,1987-01-15,SP,Assalariado CLT,14484.41,441,2021-10-06
CLI005954,Ana Rodrigues Ribeiro,1993-03-21,MG,Assalariado CLT,1200.0,752,2025-03-30
CLI005955,Isabela Santos Silva,1989-02-08,PE,Autonomo,3927.05,744,2024-06-02
CLI005956,Vinicius Santos Carvalho,1969-03-29,PA,Assalariado CLT,1789.23,563,2022-03-20
CLI005957,Zeca Nunes Araujo,1986-08-09,RS,Assalariado CLT,5620.36,557,2022-03-26
CLI005958,Felipe Moraes Almeida,1989-06-17,SP,Aposentado,5526.57,629,2026-07-06
CLI005959,Patricia Teixeira Almeida,1968-03-25,SP,Aposentado,2424.29,538,2024-07-03
CLI005960,Mariana Nunes Rodrigues,1966-01-02,SP,Autonomo,3562.35,700,2026-01-30
CLI005961,Ursula Santos Lima,1982-05-28,RJ,Assalariado CLT,3452.74,796,2022-12-22
CLI005962,Vinicius Gomes Barbosa,1984-10-18,GO,Assalariado CLT,9535.58,668,2026-05-17
CLI005963,Diego Costa Santos,1996-02-28,PA,Estudante,,605,2022-08-31
CLI005964,Karina Araujo Silva,1972-04-04,PE,Assalariado CLT,9958.85,422,2026-05-30
CLI005965,Marcelo Rocha Oliveira,1979-02-22,BA,Assalariado CLT,2998.0,468,2023-12-05
CLI005966,Felipe Nunes Silva,1986-05-01,SP,Assalariado CLT,11102.93,655,2021-11-05
CLI005967,Karina Ferreira Nunes,1980-09-03,SP,Autonomo,5217.97,695,2022-01-15
CLI005968,Wagner Moraes Pereira,1987-05-25,RS,Assalariado CLT,7341.95,565,2023-03-29
CLI005969,Thiago Souza Ribeiro,1964-09-09,RJ,Autonomo,3470.74,752,2021-09-26
CLI005970,Vinicius Teixeira Barbosa,1986-10-09,SP,Autonomo,3322.69,504,2021-09-02
CLI005971,Lucas Barbosa Teixeira,1996-05-20,PR,Assalariado CLT,9445.22,605,2025-05-18
CLI005972,Zeca Gomes Carvalho,1995-11-02,SP,Autonomo,5603.6,611,2023-10-13
CLI005973,Vinicius Almeida Costa,2002-04-12,RS,Assalariado CLT,,661,2022-03-10
CLI005974,Lucas Oliveira Souza,1981-10-05,SP,,1849.19,685,2024-07-29
CLI005975,Ana Ferreira Lima,1973-04-03,RJ,Servidor Publico,8359.61,756,2022-09-07
CLI005976,Bruno Almeida Santos,2007-06-07,SP,Assalariado CLT,4630.65,570,2026-01-22
CLI005977,Yara Souza Ferreira,1987-01-04,PE,Autonomo,3995.29,540,2022-07-23
CLI005978,Paulo Martins Santos,1990-12-11,PE,Autonomo,2522.57,628,2026-07-31
CLI005979,Felipe Gomes Lima,2001-07-04,SP,Assalariado CLT,,535,2022-01-11
CLI005980,Marcelo Santos Ferreira,1970-06-11,RJ,,,523,2026-03-02
CLI005981,Ursula Barbosa Santos,1993-12-29,RJ,Aposentado,5626.88,688,2023-07-30
CLI005982,Thiago Teixeira Santos,1982-06-11,MT,Assalariado CLT,5202.48,812,2025-04-13
CLI005983,Joao Nunes Rodrigues,1992-11-14,MG,Empresario,6710.12,646,2025-05-09
CLI005984,Sabrina Santos Silva,2004-04-09,SP,Empresario,1200.0,652,2024-01-15
CLI005985,Karina Almeida Gomes,1989-05-15,SP,Servidor Publico,2827.36,566,2024-06-13
CLI005986,Olivia Almeida Ferreira,1972-05-26,SP,Servidor Publico,9076.58,634,2023-10-25
CLI005987,Diego Santos Souza,1996-03-28,PR,Assalariado CLT,3969.67,738,2025-09-02
CLI005988,Vinicius Carvalho Carvalho,1987-06-13,SC,Assalariado CLT,4455.23,692,2021-12-17
CLI005989,Ana Almeida Ribeiro,1987-07-30,PR,Empresario,,879,2022-12-21
CLI005990,Felipe Martins Carvalho,1985-02-21,SC,Aposentado,8602.94,625,2026-03-15
CLI005991,Amanda Souza Pereira,1967-11-30,PR,Profissional Liberal,1738.91,631,2023-05-04
CLI005992,Vinicius Carvalho Ferreira,1986-10-22,SP,Assalariado CLT,3493.27,619,2024-11-25
CLI005993,Vinicius Santos Carvalho,1997-02-14,SP,Empresario,3360.76,375,2022-06-29
CLI005994,Amanda Ribeiro Santos,1980-08-04,SP,Assalariado CLT,2539.82,689,2022-10-10
CLI005995,Gabriela Teixeira Ribeiro,1992-02-13,BA,Empresario,,799,2021-12-05
CLI005996,Zeca Martins Souza,1970-08-03,SP,Empresario,4614.94,639,2022-05-23
CLI005997,Marcelo Nunes Araujo,1975-03-30,RJ,Assalariado CLT,11763.04,608,2026-03-21
CLI005998,Lucas Nunes Lima,1992-05-01,RJ,Autonomo,6459.99,673,2023-07-06
CLI005999,Diego Ferreira Pereira,1994-03-31,SC,Assalariado CLT,2933.3,534,2022-08-15
CLI006000,Amanda Carvalho Ribeiro,1969-12-28,SP,Autonomo,,357,2024-03-18
CLI006001,Zeca Ferreira Costa,1986-12-02,BA,Assalariado CLT,4942.22,484,2024-12-01
CLI006002,Rodrigo Rodrigues Lima,2005-02-23,GO,Autonomo,6665.07,422,2024-09-24
CLI006003,Amanda Teixeira Araujo,1978-02-18,PR,Assalariado CLT,4460.43,616,2026-05-05
CLI006004,Isabela Martins Rodrigues,1995-03-20,GO,Assalariado CLT,2371.09,799,2022-01-26
CLI006005,Patricia Nunes Gomes,1985-09-15,SC,Profissional Liberal,3955.57,798,2026-07-29
CLI006006,Paulo Ribeiro Teixeira,1995-05-31,SC,Servidor Publico,2209.74,445,2022-02-10
CLI006007,Olivia Almeida Barbosa,1982-05-01,MT,Autonomo,3365.75,786,2024-04-11
CLI006008,Bruno Silva Teixeira,1987-03-31,RJ,Assalariado CLT,,595,2022-05-09
CLI006009,Olivia Rodrigues Costa,1967-05-05,RS,Assalariado CLT,2747.08,576,2025-01-22
CLI006010,Karina Rocha Martins,1983-09-03,RS,Empresario,9014.53,466,2026-03-30
CLI006011,Zeca Moraes Rodrigues,1968-11-16,SP,Assalariado CLT,2253.19,650,2022-10-12
CLI006012,Isabela Costa Nunes,1994-05-26,RJ,Assalariado CLT,6287.97,578,2023-09-29
CLI006013,Vinicius Rocha Gomes,1976-03-24,BA,Servidor Publico,2410.15,756,2025-11-10
CLI006014,Felipe Costa Pereira,1965-08-13,RS,Autonomo,3893.36,1000,2025-03-29
CLI006015,Thiago Costa Araujo,1988-02-25,MG,Profissional Liberal,7785.86,910,2025-08-24
CLI006016,Rafael Silva Gomes,1970-06-11,MT,Empresario,4543.74,805,2022-10-22
CLI006017,Bruno Costa Souza,1987-09-12,SP,Servidor Publico,1824.88,675,2025-09-08
CLI006018,Sabrina Moraes Pereira,2001-01-06,BA,Empresario,,650,2025-10-23
CLI006019,Paulo Ribeiro Gomes,1982-03-29,PR,Assalariado CLT,3257.31,732,2022-10-10
CLI006020,Carla Ribeiro Barbosa,1997-11-30,PR,Autonomo,14422.93,536,2025-07-18
CLI006021,Queren Ferreira Nunes,1969-01-07,MG,Assalariado CLT,2585.49,568,2023-03-19
CLI006022,Juliana Almeida Santos,1998-04-23,MG,Assalariado CLT,3462.16,590,2024-10-11
CLI006023,Nelson Teixeira Almeida,1999-04-16,SP,Assalariado CLT,5268.28,539,2021-12-30
CLI006024,Wagner Araujo Gomes,1970-07-10,SP,Profissional Liberal,7695.04,498,2024-11-29
CLI006025,Eduarda Nunes Teixeira,1987-10-02,MG,Aposentado,14138.41,569,2024-08-27
CLI006026,Wagner Gomes Araujo,1993-02-25,ES,Autonomo,9325.35,573,2024-06-28
CLI006027,Isabela Ribeiro Pereira,1972-05-16,BA,Assalariado CLT,6661.36,189,2026-02-15
CLI006028,Juliana Martins Carvalho,1977-09-25,MG,Servidor Publico,1283.96,627,2022-12-09
CLI006029,Henrique Gomes Barbosa,1974-04-14,RJ,Aposentado,3755.7,681,2022-03-17
CLI006030,Carla Moraes Santos,1977-01-20,SC,Autonomo,8907.31,510,2023-07-22
CLI006031,Paulo Nunes Ferreira,1995-07-29,,Assalariado CLT,7585.16,526,2025-07-11
CLI006032,Yara Moraes Araujo,1984-08-07,MG,Servidor Publico,4922.09,469,2025-05-18
CLI006033,Isabela Rodrigues Ferreira,1991-07-02,SC,Empresario,5064.16,588,2024-01-31
CLI006034,Amanda Almeida Teixeira,1975-10-14,SC,Servidor Publico,5980.55,626,2024-08-30
CLI006035,Ursula Oliveira Costa,1991-02-20,SP,Assalariado CLT,2246.96,882,2023-08-16
CLI006036,Olivia Almeida Pereira,1994-07-22,,Autonomo,5451.03,582,2021-09-19
CLI006037,Diego Ferreira Araujo,1982-09-16,PA,Servidor Publico,11403.46,507,2023-09-29
CLI006038,Isabela Gomes Rocha,1989-05-29,DF,Empresario,5577.93,820,2021-12-26
CLI006039,Olivia Rocha Oliveira,1964-10-27,SP,Assalariado CLT,16905.6,761,2023-06-09
CLI006040,Joao Ribeiro Martins,1978-06-07,SP,Servidor Publico,,681,2025-10-05
CLI006041,Marcelo Silva Rodrigues,2004-12-15,CE,Assalariado CLT,6206.27,656,2023-07-26
CLI006042,Amanda Rodrigues Almeida,1982-05-07,PR,Assalariado CLT,10277.9,568,2026-05-07
CLI006043,Rodrigo Souza Martins,1982-03-07,BA,Autonomo,7654.41,528,2021-09-21
CLI006044,Paulo Barbosa Gomes,1991-05-05,CE,Servidor Publico,1995.89,528,2021-10-26
CLI006045,Gabriela Rocha Silva,1994-09-13,SP,Servidor Publico,,812,2022-09-04
CLI006046,Sabrina Silva Araujo,2001-03-10,RJ,Assalariado CLT,7672.68,632,2023-04-07
CLI006047,Bruno Ribeiro Teixeira,1996-08-09,SP,Aposentado,3839.09,405,2025-09-18
CLI006048,Joao Ferreira Moraes,1988-03-29,PA,Aposentado,1939.65,610,2025-09-28
CLI006049,Carla Teixeira Carvalho,1986-12-25,MT,Aposentado,,514,2023-04-27
CLI006050,Carla Barbosa Teixeira,1986-02-06,SP,Assalariado CLT,6909.29,607,2024-06-20
CLI006051,Felipe Costa Almeida,1989-12-07,SC,Aposentado,,470,2021-10-08
CLI006052,Eduarda Teixeira Silva,1994-09-04,RJ,Assalariado CLT,2002.68,753,2024-05-02
CLI006053,Marcelo Lima Araujo,1982-06-04,,Autonomo,2450.33,405,2024-08-11
CLI006054,Joao Rocha Carvalho,1985-12-20,RJ,Autonomo,,581,2025-02-18
CLI006055,Ana Carvalho Lima,1990-11-10,RJ,,1200.0,359,2025-01-10
CLI006056,Zeca Gomes Oliveira,1982-08-07,RS,Assalariado CLT,2603.64,612,2024-07-14
CLI006057,Joao Martins Teixeira,1987-05-22,SP,Autonomo,,716,2023-02-05
CLI006058,Patricia Moraes Costa,1958-09-16,MG,Assalariado CLT,7406.74,486,2025-02-10
CLI006059,Marcelo Teixeira Ferreira,1973-02-27,SP,Assalariado CLT,6143.72,573,2024-07-31
CLI006060,Rodrigo Rodrigues Souza,1988-02-12,DF,Assalariado CLT,4664.65,373,2022-10-16
CLI006061,Isabela Ribeiro Ferreira,1992-01-03,SC,Servidor Publico,3411.66,652,2022-11-16
CLI006062,Marcelo Lima Almeida,1981-03-27,CE,Estudante,,660,2024-02-06
CLI006063,Juliana Rodrigues Almeida,1974-04-06,SP,Assalariado CLT,23801.0,498,2023-02-10
CLI006064,Joao Souza Santos,1976-06-25,SP,Profissional Liberal,4375.51,537,2024-07-29
CLI006065,Bruno Moraes Araujo,1985-03-02,ES,Autonomo,2628.69,598,2025-12-12
CLI006066,Vinicius Rodrigues Gomes,1976-02-06,PR,Assalariado CLT,8235.68,664,2024-04-19
CLI006067,Carla Nunes Souza,2005-09-14,SP,Empresario,2541.34,765,2023-11-22
CLI006068,Bruno Nunes Gomes,1973-10-05,SP,Assalariado CLT,7482.8,736,2022-04-17
CLI006069,Mariana Nunes Carvalho,1994-01-30,MG,Profissional Liberal,4463.25,584,2023-03-31
CLI006070,Marcelo Rocha Lima,1995-10-29,MG,Servidor Publico,2914.56,664,2024-06-13
CLI006071,Ana Carvalho Barbosa,1983-03-05,,Autonomo,2203.46,596,2022-12-24
CLI006072,Zeca Nunes Nunes,1989-08-02,RS,Assalariado CLT,4043.24,635,2024-12-07
CLI006073,Lucas Carvalho Almeida,1981-03-19,PR,Assalariado CLT,3147.87,465,2025-01-15
CLI006074,Olivia Nunes Pereira,1985-02-18,DF,Assalariado CLT,9513.77,614,2021-09-11
CLI006075,Amanda Moraes Ribeiro,1986-05-23,MG,Autonomo,,726,2026-06-02
CLI006076,Ana Teixeira Gomes,1985-02-05,RS,,,759,2025-12-31
CLI006077,Carla Moraes Barbosa,1999-06-18,SP,Assalariado CLT,,448,2023-03-22
CLI006078,Queren Teixeira Costa,2007-01-08,RS,Assalariado CLT,14027.44,752,2025-11-04
CLI006079,Eduarda Ferreira Teixeira,1970-08-05,PA,Profissional Liberal,4654.74,701,2025-05-15
CLI006080,Henrique Barbosa Costa,1980-02-20,GO,Assalariado CLT,7441.1,627,2023-10-15
CLI006081,Rafael Santos Rocha,1997-07-10,PR,Assalariado CLT,11082.5,782,2023-02-19
CLI006082,Ursula Moraes Costa,1983-12-25,SP,Autonomo,2703.1,572,2022-07-12
CLI006083,Rafael Nunes Rodrigues,1997-11-11,SP,Empresario,2746.69,596,2024-04-18
CLI006084,Queren Teixeira Costa,2005-06-28,RS,Assalariado CLT,,459,2024-10-30
CLI006085,Wagner Gomes Silva,1990-05-05,BA,Assalariado CLT,18390.01,518,2023-12-18
CLI006086,Gabriela Santos Rocha,1977-02-21,SP,Assalariado CLT,9575.55,618,2024-10-27
CLI006087,Diego Ferreira Pereira,1988-08-18,BA,Assalariado CLT,5190.85,761,2022-03-24
CLI006088,Marcelo Nunes Moraes,1985-02-04,BA,Servidor Publico,9195.11,667,2022-07-31
CLI006089,Yara Moraes Rocha,1968-02-23,SP,Assalariado CLT,10463.66,583,2026-03-03
CLI006090,Diego Costa Araujo,1988-05-31,SC,Servidor Publico,17625.53,370,2023-10-26
CLI006091,Wagner Oliveira Gomes,1972-04-28,ES,Empresario,,646,2026-02-15
CLI006092,Nelson Carvalho Pereira,1965-09-26,CE,Profissional Liberal,,789,2025-11-23
CLI006093,Karina Costa Pereira,1993-05-29,SC,Assalariado CLT,11471.44,580,2024-05-05
CLI006094,Olivia Barbosa Silva,2007-08-13,PR,Aposentado,4035.98,581,2023-09-15
CLI006095,Diego Nunes Gomes,1983-11-04,SP,Assalariado CLT,5034.77,696,2022-07-18
CLI006096,Mariana Souza Carvalho,1981-05-28,SP,Assalariado CLT,1200.0,641,2022-06-28
CLI006097,Carla Santos Teixeira,1983-09-03,RS,Aposentado,4818.86,664,2023-11-06
CLI006098,Wagner Oliveira Souza,1990-02-18,,Assalariado CLT,4373.19,463,2022-03-11
CLI006099,Paulo Pereira Souza,1979-11-24,SP,Autonomo,,657,2023-04-10
CLI006100,Yara Pereira Oliveira,1991-10-04,PR,Assalariado CLT,5034.21,523,2024-07-17
CLI006101,Queren Carvalho Araujo,2001-07-20,GO,Empresario,6294.24,546,2023-01-18
CLI006102,Karina Almeida Barbosa,1982-11-16,RS,Assalariado CLT,8526.48,660,2026-01-29
CLI006103,Joao Silva Rocha,1980-12-30,SP,Assalariado CLT,,549,2025-11-30
CLI006104,Mariana Carvalho Ribeiro,1976-01-13,RJ,Servidor Publico,1930.0,579,2022-09-23
CLI006105,Felipe Pereira Barbosa,1978-11-19,SP,,3113.33,684,2024-07-28
CLI006106,Juliana Gomes Almeida,2006-12-14,,Assalariado CLT,3015.47,593,2021-10-05
CLI006107,Gabriela Martins Costa,1961-08-06,PA,Assalariado CLT,,592,2023-11-11
CLI006108,Henrique Ribeiro Teixeira,1988-03-27,DF,Empresario,11765.52,664,2025-12-16
CLI006109,Olivia Nunes Nunes,1982-12-08,PE,,3113.67,661,2022-06-18
CLI006110,Zeca Silva Barbosa,1998-12-02,RJ,Autonomo,2712.8,628,2023-04-30
CLI006111,Sabrina Almeida Moraes,1993-12-10,PA,Assalariado CLT,6714.97,694,2025-10-13
CLI006112,Yara Costa Teixeira,1993-02-18,SC,Aposentado,7282.34,671,2023-03-06
CLI006113,Marcelo Silva Rodrigues,1995-01-16,RS,Autonomo,4375.22,543,2021-12-13
CLI006114,Mariana Souza Martins,2000-12-05,,Assalariado CLT,6411.23,410,2024-01-09
CLI006115,Felipe Oliveira Santos,2006-12-14,PA,Assalariado CLT,3527.12,630,2022-12-25
CLI006116,Lucas Almeida Ribeiro,1983-12-11,SP,Assalariado CLT,7491.05,594,2026-07-04
CLI006117,Lucas Ribeiro Carvalho,2004-12-26,PR,Autonomo,6144.8,523,2023-09-03
CLI006118,Paulo Rodrigues Ferreira,1988-02-23,GO,Autonomo,8898.79,527,2025-07-13
CLI006119,Karina Oliveira Lima,1962-06-13,SP,Assalariado CLT,4102.94,508,2022-03-22
CLI006120,Queren Pereira Nunes,1995-09-14,RJ,Empresario,32654.22,456,2025-08-20
CLI006121,Eduarda Lima Pereira,1989-03-05,RS,Profissional Liberal,,872,2025-05-26
CLI006122,Wagner Santos Rocha,1991-10-14,SP,Profissional Liberal,,571,2024-04-28
CLI006123,Eduarda Gomes Martins,1975-01-21,SP,Autonomo,3869.16,433,2022-01-13
CLI006124,Marcelo Almeida Souza,1970-06-21,SP,Assalariado CLT,4284.3,561,2026-03-11
CLI006125,Ana Teixeira Moraes,1984-07-13,SP,Autonomo,3495.85,701,2025-08-09
CLI006126,Patricia Moraes Carvalho,1974-12-01,SP,Empresario,2249.35,608,2024-11-15
CLI006127,Sabrina Costa Costa,1973-02-10,SP,Assalariado CLT,3873.84,722,2025-04-26
CLI006128,Ursula Carvalho Santos,1977-08-16,GO,Servidor Publico,5395.58,649,2023-01-17
CLI006129,Nelson Souza Rodrigues,1994-11-19,ES,Assalariado CLT,2098.49,325,2025-06-22
CLI006130,Yara Almeida Rodrigues,1970-09-29,,Estudante,4103.67,675,2025-09-07
CLI006131,Olivia Ferreira Rodrigues,2001-03-02,PA,Autonomo,9493.04,483,2022-03-13
CLI006132,Karina Santos Oliveira,1991-03-04,RS,Assalariado CLT,3166.21,781,2024-12-31
CLI006133,Mariana Nunes Nunes,1995-09-26,PR,Servidor Publico,4426.96,400,2022-01-21
CLI006134,Karina Ribeiro Rocha,1987-09-01,CE,Profissional Liberal,3071.18,723,2026-03-22
CLI006135,Eduarda Teixeira Oliveira,1972-09-10,DF,Autonomo,,460,2025-06-05
CLI006136,Zeca Araujo Costa,1979-11-29,MG,Autonomo,9168.55,562,2023-11-05
CLI006137,Joao Santos Almeida,1980-08-31,SP,Assalariado CLT,,561,2026-03-19
CLI006138,Zeca Rocha Rocha,1987-01-16,BA,,2858.88,347,2025-10-09
CLI006139,Henrique Araujo Rocha,1963-04-09,DF,Assalariado CLT,6213.65,711,2022-06-28
CLI006140,Thiago Ferreira Lima,1979-09-10,RS,Autonomo,2754.83,669,2021-11-07
CLI006141,Thiago Oliveira Lima,2007-08-15,PA,Servidor Publico,4308.52,663,2022-07-08
CLI006142,Nelson Carvalho Ribeiro,1969-05-25,SP,,1200.0,636,2022-04-07
CLI006143,Paulo Teixeira Gomes,1995-10-11,RS,Assalariado CLT,4647.8,555,2025-10-07
CLI006144,Rafael Rodrigues Barbosa,1981-05-08,RS,Aposentado,2516.52,441,2021-09-26
CLI006145,Patricia Nunes Silva,1983-02-06,RS,Profissional Liberal,6516.12,600,2024-07-29
CLI006146,Joao Oliveira Souza,1983-10-14,PE,Assalariado CLT,8974.2,466,2022-09-25
CLI006147,Isabela Moraes Almeida,1991-11-13,PE,Autonomo,15718.57,704,2025-07-19
CLI006148,Marcelo Almeida Pereira,1991-10-27,SP,Assalariado CLT,2826.47,482,2025-11-13
CLI006149,Bruno Rocha Oliveira,1973-04-26,BA,Assalariado CLT,1593.23,627,2022-05-16
CLI006150,Gabriela Souza Almeida,1981-07-20,RS,Assalariado CLT,1444.52,572,2026-06-08
CLI006151,Ursula Carvalho Barbosa,1995-04-28,RS,Assalariado CLT,5401.61,477,2025-03-16
CLI006152,Joao Gomes Santos,1986-08-15,MG,,1200.0,414,2026-04-17
CLI006153,Paulo Souza Rocha,1979-10-13,PE,Assalariado CLT,5242.23,809,2025-08-06
CLI006154,Bruno Nunes Almeida,1991-03-14,SC,Aposentado,7001.78,487,2023-01-27
CLI006155,Rodrigo Almeida Silva,1984-08-09,SP,Servidor Publico,4450.27,676,2026-03-04
CLI006156,Amanda Souza Rocha,1989-05-26,DF,Assalariado CLT,8219.08,487,2026-03-14
CLI006157,Felipe Martins Gomes,1993-06-12,RS,Autonomo,2556.18,682,2025-02-13
CLI006158,Bruno Ferreira Rocha,1987-11-19,SP,,13036.97,278,2026-05-09
CLI006159,Juliana Pereira Ferreira,1986-01-07,SP,Servidor Publico,8610.76,888,2025-01-03
CLI006160,Felipe Rocha Santos,1987-08-01,DF,Autonomo,3945.14,448,2024-04-20
CLI006161,Amanda Rocha Nunes,1997-06-13,CE,Aposentado,3319.62,693,2022-11-13
CLI006162,Felipe Santos Martins,1988-01-07,SP,Empresario,6111.09,646,2024-03-08
CLI006163,Rodrigo Costa Almeida,1994-11-02,RS,Autonomo,6341.12,787,2022-12-14
CLI006164,Rodrigo Lima Rocha,1994-08-12,SP,Autonomo,5824.41,481,2022-05-09
CLI006165,Gabriela Silva Araujo,1996-04-08,SP,Assalariado CLT,2828.09,627,2021-12-30
CLI006166,Vinicius Teixeira Souza,1977-01-25,RS,Autonomo,1700.7,744,2025-06-24
CLI006167,Amanda Almeida Almeida,1977-11-25,BA,Assalariado CLT,5637.92,682,2022-12-14
CLI006168,Bruno Silva Lima,1983-02-27,RJ,Assalariado CLT,,374,2025-08-21
CLI006169,Gabriela Moraes Ribeiro,1992-12-24,DF,Assalariado CLT,2558.42,435,2023-04-15
CLI006170,Eduarda Pereira Barbosa,1983-05-06,,Aposentado,5954.99,363,2021-09-02
CLI006171,Mariana Lima Pereira,1976-03-01,SP,Servidor Publico,,656,2023-09-19
CLI006172,Marcelo Gomes Ribeiro,1996-09-23,RJ,Assalariado CLT,4846.31,390,2021-11-25
CLI006173,Juliana Ribeiro Santos,1988-07-28,RJ,Aposentado,11687.61,783,2021-09-19
CLI006174,Eduarda Gomes Rodrigues,1996-10-07,GO,Autonomo,4920.93,594,2022-11-23
CLI006175,Rafael Lima Ribeiro,1993-08-22,SP,Aposentado,2114.61,690,2024-12-19
CLI006176,Lucas Oliveira Ferreira,1997-10-18,MG,Assalariado CLT,,584,2023-11-20
CLI006177,Marcelo Souza Araujo,1992-09-03,SP,Empresario,3621.18,697,2024-03-29
CLI006178,Wagner Araujo Barbosa,1983-12-09,RJ,Profissional Liberal,2792.61,754,2026-06-21
CLI006179,Eduarda Ribeiro Ribeiro,1983-08-20,PE,Assalariado CLT,8145.44,645,2023-04-16
CLI006180,Marcelo Rodrigues Costa,1993-03-23,RS,Assalariado CLT,5972.35,891,2023-11-09
CLI006181,Eduarda Teixeira Moraes,1988-05-04,MG,Assalariado CLT,3300.01,404,2022-01-31
CLI006182,Karina Santos Souza,1968-11-28,PE,Assalariado CLT,1903.71,515,2022-04-30
CLI006183,Queren Carvalho Santos,2002-08-14,PR,Assalariado CLT,58862.48,527,2023-09-06
CLI006184,Mariana Pereira Gomes,1981-07-15,PE,Aposentado,2960.32,695,2023-03-18
CLI006185,Sabrina Teixeira Silva,1994-01-11,PR,Aposentado,3586.11,670,2026-07-04
CLI006186,Juliana Silva Martins,1980-05-13,RJ,Assalariado CLT,2672.89,718,2022-05-11
CLI006187,Ursula Barbosa Almeida,1993-12-01,PR,Servidor Publico,2056.0,526,2023-09-22
CLI006188,Zeca Ferreira Barbosa,1994-07-10,MG,Autonomo,,840,2022-10-12
CLI006189,Ana Pereira Almeida,1993-04-25,SP,Assalariado CLT,19513.37,747,2022-10-31
CLI006190,Rafael Costa Silva,1973-05-09,MT,Assalariado CLT,,800,2024-07-05
CLI006191,Henrique Lima Rodrigues,2005-08-26,RJ,Assalariado CLT,3585.21,403,2025-08-18
CLI006192,Diego Ferreira Rocha,2006-12-07,MG,Assalariado CLT,4535.49,670,2024-05-14
CLI006193,Rodrigo Rodrigues Carvalho,1989-11-12,PE,Servidor Publico,,892,2024-06-04
CLI006194,Queren Lima Carvalho,1979-05-19,DF,Assalariado CLT,9254.2,598,2022-04-17
CLI006195,Marcelo Teixeira Moraes,1982-03-13,SP,Empresario,5617.11,733,2026-08-02
CLI006196,Isabela Moraes Silva,1974-02-02,PE,Estudante,2631.52,721,2026-08-04
CLI006197,Felipe Gomes Carvalho,2002-07-02,RS,Empresario,5408.05,622,2022-03-18
CLI006198,Carla Nunes Martins,1980-09-16,RS,Aposentado,3274.38,548,2022-02-07
CLI006199,Henrique Silva Nunes,1976-04-29,BA,Profissional Liberal,1921.78,791,2024-04-14
CLI006200,Vinicius Costa Almeida,1973-04-25,PR,Assalariado CLT,9804.72,569,2025-06-24
CLI006201,Bruno Araujo Carvalho,1986-05-23,GO,Aposentado,4394.34,693,2022-08-27
CLI006202,Joao Teixeira Costa,1998-04-18,SP,Autonomo,1810.04,755,2021-09-06
CLI006203,Joao Teixeira Ribeiro,1999-04-20,SP,Profissional Liberal,4596.73,648,2024-08-18
CLI006204,Lucas Moraes Rodrigues,2005-06-05,SP,Aposentado,7321.32,678,2025-12-21
CLI006205,Ana Rodrigues Oliveira,1980-02-12,SP,Assalariado CLT,,579,2025-02-20
CLI006206,Vinicius Barbosa Costa,2005-02-01,BA,Servidor Publico,5175.7,610,2024-08-10
CLI006207,Gabriela Almeida Pereira,1995-02-05,SP,Assalariado CLT,3729.93,559,2023-09-17
CLI006208,Bruno Silva Souza,1997-02-22,MG,Autonomo,4348.38,709,2021-10-08
CLI006209,Rodrigo Teixeira Souza,2003-03-02,GO,Assalariado CLT,6943.33,676,2023-07-02
CLI006210,Zeca Rocha Oliveira,1994-02-24,SP,Assalariado CLT,14832.02,559,2025-10-02
CLI006211,Eduarda Nunes Pereira,1991-05-05,SP,,6384.97,496,2023-09-05
CLI006212,Rodrigo Almeida Souza,2000-09-13,SP,Profissional Liberal,10744.29,572,2024-03-07
CLI006213,Sabrina Nunes Silva,1987-05-10,SC,Autonomo,1200.0,777,2026-07-08
CLI006214,Rodrigo Moraes Souza,2004-08-09,SP,,4119.29,496,2024-05-05
CLI006215,Ursula Souza Silva,1979-12-10,SP,Empresario,4441.99,597,2023-11-28
CLI006216,Mariana Rodrigues Rocha,1977-01-07,MG,Autonomo,1405.32,609,2023-07-29
CLI006217,Vinicius Silva Pereira,1991-07-05,BA,Empresario,1756.42,650,2026-04-23
CLI006218,Carla Rodrigues Almeida,1989-07-06,SP,Assalariado CLT,2586.82,482,2022-10-29
CLI006219,Patricia Nunes Silva,1991-05-26,DF,Assalariado CLT,4555.95,735,2022-07-13
CLI006220,Felipe Rodrigues Costa,1987-08-06,RJ,Assalariado CLT,6464.7,713,2025-10-23
CLI006221,Yara Oliveira Pereira,1987-06-03,DF,Servidor Publico,4731.39,558,2024-03-30
CLI006222,Bruno Silva Ribeiro,1983-04-26,BA,Assalariado CLT,13253.47,619,2026-07-04
CLI006223,Eduarda Carvalho Nunes,1990-04-18,SP,Servidor Publico,8135.77,673,2023-08-12
CLI006224,Felipe Martins Gomes,1980-11-09,DF,Assalariado CLT,2164.14,548,2026-07-12
CLI006225,Paulo Santos Nunes,1977-11-04,,Empresario,3380.27,731,2025-02-22
CLI006226,Wagner Barbosa Oliveira,1986-11-24,RJ,Assalariado CLT,7626.56,677,2023-12-08
CLI006227,Juliana Oliveira Santos,1980-04-11,RS,,,695,2026-08-02
CLI006228,Isabela Oliveira Oliveira,1991-09-23,SP,Assalariado CLT,5856.37,657,2026-02-11
CLI006229,Ana Pereira Souza,1985-09-12,MT,Assalariado CLT,11537.06,456,2023-11-27
CLI006230,Ursula Martins Gomes,1988-05-25,PR,Autonomo,1892.15,519,2023-04-10
CLI006231,Gabriela Lima Silva,1979-01-31,MG,,7717.72,901,2022-05-25
CLI006232,Yara Silva Silva,1994-07-12,RS,Autonomo,3918.71,503,2025-12-31
CLI006233,Vinicius Gomes Ribeiro,1999-08-10,SP,,,793,2022-04-26
CLI006234,Gabriela Nunes Silva,2007-07-12,SP,,,463,2024-02-04
CLI006235,Marcelo Moraes Santos,1962-09-13,RJ,Aposentado,,718,2024-04-22
CLI006236,Karina Martins Costa,1999-02-21,,Autonomo,7421.39,804,2023-06-11
CLI006237,Bruno Martins Almeida,1979-08-24,SP,Assalariado CLT,3290.55,604,2022-10-04
CLI006238,Patricia Rodrigues Moraes,1968-12-21,SP,Autonomo,2293.19,630,2021-12-17
CLI006239,Ana Teixeira Almeida,1988-12-11,DF,Empresario,14568.9,531,2022-10-04
CLI006240,Paulo Martins Barbosa,1994-03-16,RJ,Autonomo,3410.25,321,2023-08-06
CLI006241,Nelson Souza Rocha,1982-01-11,SP,Servidor Publico,8084.79,573,2022-03-09
CLI006242,Patricia Oliveira Gomes,2000-09-26,PE,Assalariado CLT,,609,2021-12-27
CLI006243,Patricia Rodrigues Araujo,1985-11-22,BA,Assalariado CLT,4914.72,673,2022-07-25
CLI006244,Ana Pereira Rocha,1983-03-23,SP,Autonomo,1861.42,529,2026-06-15
CLI006245,Isabela Nunes Teixeira,1986-04-09,SP,Assalariado CLT,3170.6,545,2024-06-01
CLI006246,Isabela Rodrigues Martins,1981-07-12,SP,Servidor Publico,3373.76,563,2026-06-08
CLI006247,Carla Carvalho Ribeiro,1995-02-09,SP,Autonomo,5019.69,462,2022-07-04
CLI006248,Bruno Rodrigues Rocha,1991-02-01,GO,Profissional Liberal,2770.87,669,2022-03-18
CLI006249,Thiago Rodrigues Rodrigues,1990-02-21,CE,Assalariado CLT,7952.89,383,2022-02-07
CLI006250,Paulo Almeida Teixeira,1965-06-16,SP,Servidor Publico,,743,2026-02-03
CLI006251,Nelson Teixeira Silva,1958-04-08,SP,Autonomo,1299.01,564,2022-07-22
CLI006252,Mariana Barbosa Rodrigues,1983-02-01,RJ,Assalariado CLT,7862.46,590,2024-11-04
CLI006253,Juliana Teixeira Ribeiro,1994-12-22,PE,Assalariado CLT,3474.96,492,2022-09-03
CLI006254,Ana Carvalho Silva,1996-05-04,MG,Assalariado CLT,4364.95,672,2024-10-29
CLI006255,Rodrigo Souza Teixeira,1988-07-20,BA,Autonomo,1993.8,462,2026-01-08
CLI006256,Rafael Costa Souza,1973-10-23,PR,Autonomo,7034.87,633,2023-09-23
CLI006257,Henrique Moraes Martins,1990-11-20,PR,Assalariado CLT,3368.97,640,2024-10-14
CLI006258,Queren Carvalho Almeida,2001-11-15,SP,Autonomo,6191.88,641,2024-10-27
CLI006259,Thiago Ferreira Gomes,1980-02-18,RS,Assalariado CLT,9505.55,546,2023-02-01
CLI006260,Mariana Martins Nunes,1991-03-25,RJ,Assalariado CLT,9971.47,550,2021-08-19
CLI006261,Paulo Moraes Santos,1979-01-28,SP,Aposentado,3317.75,751,2025-07-21
CLI006262,Thiago Moraes Silva,1997-03-09,,Estudante,4109.03,664,2022-08-09
CLI006263,Queren Oliveira Costa,1971-09-16,SP,Assalariado CLT,3475.77,669,2026-08-03
CLI006264,Nelson Gomes Araujo,1988-06-18,SP,Assalariado CLT,12605.95,493,2024-08-18
CLI006265,Eduarda Santos Souza,1995-08-13,SP,Empresario,1952.25,794,2024-07-08
CLI006266,Sabrina Oliveira Santos,1985-03-15,MG,Assalariado CLT,9911.76,519,2022-07-31
CLI006267,Paulo Carvalho Santos,1990-09-26,SP,Aposentado,11826.34,658,2024-05-06
CLI006268,Juliana Gomes Costa,1974-08-19,RJ,Autonomo,4460.34,455,2023-04-19
CLI006269,Nelson Santos Lima,1987-04-07,SP,Assalariado CLT,3727.58,573,2025-03-14
CLI006270,Juliana Oliveira Almeida,1999-11-02,MT,Empresario,7710.66,509,2024-12-29
CLI006271,Marcelo Araujo Rodrigues,1977-02-22,SP,Assalariado CLT,7029.22,683,2023-11-06
CLI006272,Wagner Gomes Lima,1993-07-20,SP,Empresario,3029.19,543,2023-08-16
CLI006273,Nelson Costa Santos,1993-01-19,RS,Assalariado CLT,,583,2022-02-17
CLI006274,Joao Gomes Almeida,1988-12-29,SP,Assalariado CLT,2143.31,487,2022-08-28
CLI006275,Isabela Rodrigues Araujo,1965-06-22,,Autonomo,2729.23,621,2023-06-11
CLI006276,Yara Lima Nunes,1991-04-06,DF,Assalariado CLT,,402,2024-10-03
CLI006277,Eduarda Gomes Costa,1975-12-10,SC,Assalariado CLT,7714.53,609,2022-04-07
CLI006278,Gabriela Almeida Ferreira,1976-10-13,SP,Autonomo,,685,2023-10-13
CLI006279,Nelson Martins Teixeira,2003-10-31,SP,Assalariado CLT,3092.01,576,2021-10-03
CLI006280,Ursula Martins Carvalho,1978-05-17,MG,Assalariado CLT,3008.49,655,2024-06-05
CLI006281,Ursula Carvalho Rodrigues,1988-03-15,,Assalariado CLT,,415,2023-04-24
CLI006282,Vinicius Santos Martins,1983-05-21,MG,Aposentado,1628.25,497,2025-12-17
CLI006283,Lucas Ferreira Nunes,1979-04-30,MG,Autonomo,22472.81,568,2022-09-08
CLI006284,Rodrigo Nunes Rodrigues,1980-04-22,PA,Assalariado CLT,1918.38,939,2023-05-18
CLI006285,Henrique Carvalho Ferreira,1980-03-15,SP,Assalariado CLT,2139.21,621,2023-01-26
CLI006286,Eduarda Pereira Costa,1988-03-31,MG,,,754,2024-11-25
CLI006287,Paulo Rodrigues Gomes,1972-10-04,SP,Assalariado CLT,,481,2023-10-15
CLI006288,Rafael Martins Souza,1979-08-29,CE,Profissional Liberal,,413,2024-08-27
CLI006289,Bruno Lima Pereira,1997-01-25,SP,Assalariado CLT,7372.23,588,2021-09-25
CLI006290,Felipe Carvalho Rocha,2004-08-04,RS,Autonomo,,369,2022-11-08
CLI006291,Wagner Martins Oliveira,1995-06-22,MG,Profissional Liberal,2256.34,631,2024-10-12
CLI006292,Rodrigo Carvalho Silva,1988-08-02,SC,Assalariado CLT,11334.69,731,2025-11-21
CLI006293,Mariana Moraes Martins,1988-11-17,PE,Assalariado CLT,4366.29,684,2022-02-21
CLI006294,Wagner Carvalho Almeida,1992-08-17,SP,Autonomo,5612.9,703,2024-03-21
CLI006295,Lucas Ribeiro Oliveira,1993-09-13,BA,Assalariado CLT,2138.69,616,2022-06-18
CLI006296,Rodrigo Lima Costa,1982-05-21,RJ,Profissional Liberal,5313.19,512,2024-06-01
CLI006297,Patricia Santos Souza,2004-07-08,MG,Assalariado CLT,5366.96,489,2026-04-24
CLI006298,Carla Martins Almeida,1984-11-25,PA,Aposentado,,466,2026-02-25
CLI006299,Bruno Nunes Araujo,1973-08-02,SP,Autonomo,11680.57,372,2025-06-08
CLI006300,Ursula Rocha Rocha,1991-04-25,SC,Autonomo,2760.82,729,2025-03-12
CLI006301,Olivia Nunes Pereira,1985-10-18,PR,Autonomo,3491.7,566,2024-11-10
CLI006302,Gabriela Almeida Barbosa,2006-10-27,MG,Assalariado CLT,3397.2,744,2021-11-10
CLI006303,Rafael Pereira Pereira,1981-08-24,RS,Assalariado CLT,10535.98,806,2025-12-22
CLI006304,Yara Costa Carvalho,1972-07-23,PR,Assalariado CLT,3238.06,495,2023-07-08
CLI006305,Queren Nunes Gomes,1995-09-24,PE,Autonomo,3562.69,520,2023-05-30
CLI006306,Paulo Silva Costa,1983-09-20,MG,Empresario,10753.27,498,2024-03-21
CLI006307,Rafael Costa Gomes,1961-03-19,MG,Estudante,14530.01,732,2023-03-26
CLI006308,Gabriela Oliveira Teixeira,1974-04-17,PR,Assalariado CLT,3409.44,545,2024-08-06
CLI006309,Eduarda Martins Ribeiro,1985-04-13,SP,Servidor Publico,7589.46,785,2021-12-18
CLI006310,Amanda Oliveira Pereira,2006-10-21,PR,Profissional Liberal,2063.3,530,2026-04-17
CLI006311,Amanda Nunes Martins,1982-03-07,MT,Assalariado CLT,,736,2025-11-27
CLI006312,Yara Barbosa Rodrigues,2005-11-02,RS,Profissional Liberal,,766,2024-12-23
CLI006313,Felipe Costa Ribeiro,1993-05-16,SP,Assalariado CLT,,720,2023-10-14
CLI006314,Rodrigo Carvalho Lima,1961-12-15,SP,Assalariado CLT,7516.02,522,2024-03-30
CLI006315,Bruno Ribeiro Costa,1992-07-27,PE,Assalariado CLT,3025.48,762,2023-03-25
CLI006316,Diego Teixeira Rodrigues,1977-03-08,SP,Assalariado CLT,,544,2024-11-10
CLI006317,Joao Silva Gomes,1987-10-04,RS,Assalariado CLT,12712.51,695,2022-11-28
CLI006318,Nelson Rocha Moraes,1984-04-20,PE,Assalariado CLT,3852.03,811,2025-11-28
CLI006319,Karina Almeida Teixeira,1966-08-22,SP,Empresario,1200.0,712,2024-09-24
CLI006320,Thiago Pereira Martins,1973-01-12,ES,Assalariado CLT,2797.8,592,2022-10-31
CLI006321,Rodrigo Barbosa Nunes,1978-06-21,BA,Autonomo,9167.46,658,2025-06-29
CLI006322,Mariana Rocha Souza,1979-02-10,MG,Servidor Publico,6421.72,482,2023-12-06
CLI006323,Rafael Rodrigues Santos,1977-09-15,RJ,Empresario,3498.21,581,2022-01-14
CLI006324,Ursula Gomes Araujo,1974-11-08,BA,Autonomo,,485,2026-07-15
CLI006325,Juliana Teixeira Lima,1987-01-24,RJ,Assalariado CLT,10360.32,423,2024-03-23
CLI006326,Sabrina Ribeiro Pereira,1985-11-12,,Assalariado CLT,4174.29,681,2025-09-28
CLI006327,Henrique Costa Almeida,1982-06-28,CE,Empresario,15465.7,701,2026-01-10
CLI006328,Ursula Santos Carvalho,1998-06-04,BA,Assalariado CLT,4811.5,692,2024-04-30
CLI006329,Queren Costa Santos,1964-12-16,BA,Autonomo,3155.06,406,2026-01-03
CLI006330,Sabrina Martins Gomes,1999-04-04,RS,Autonomo,1543.65,493,2022-11-15
CLI006331,Juliana Ribeiro Martins,1981-03-02,SP,Assalariado CLT,8598.98,479,2021-10-28
CLI006332,Juliana Oliveira Nunes,1968-04-05,ES,Autonomo,5244.35,525,2023-06-03
CLI006333,Ursula Araujo Almeida,1991-11-10,SP,Profissional Liberal,,797,2026-07-24
CLI006334,Juliana Rodrigues Santos,1979-04-11,SP,Empresario,8613.78,749,2026-03-31
CLI006335,Amanda Ribeiro Silva,1979-12-18,PE,Assalariado CLT,8604.1,480,2024-08-18
CLI006336,Juliana Ferreira Ferreira,1977-01-12,MT,Assalariado CLT,7242.8,601,2023-12-13
CLI006337,Vinicius Rodrigues Gomes,1985-07-13,RJ,,3254.67,743,2026-05-11
CLI006338,Zeca Gomes Rocha,2001-04-30,RJ,Autonomo,4874.38,883,2025-06-08
CLI006339,Gabriela Oliveira Almeida,1967-11-08,RJ,Empresario,7778.95,495,2023-02-08
CLI006340,Isabela Araujo Nunes,1980-02-27,SP,Autonomo,2989.51,543,2024-03-07
CLI006341,Gabriela Barbosa Rodrigues,1996-09-12,BA,,1594.84,857,2024-11-03
CLI006342,Bruno Rodrigues Moraes,1989-01-06,PR,Autonomo,5831.07,506,2024-02-28
CLI006343,Nelson Oliveira Moraes,1997-03-16,SP,Empresario,3335.16,651,2023-04-12
CLI006344,Paulo Oliveira Santos,1994-03-03,BA,Autonomo,,511,2026-02-19
CLI006345,Isabela Teixeira Ferreira,1993-01-22,MG,Assalariado CLT,7004.61,775,2026-06-05
CLI006346,Marcelo Moraes Teixeira,1997-09-18,MT,Assalariado CLT,12025.4,526,2023-12-26
CLI006347,Joao Moraes Moraes,1972-04-02,SC,Servidor Publico,3104.15,593,2022-09-17
CLI006348,Isabela Souza Pereira,2004-05-25,PE,Estudante,,678,2025-12-15
CLI006349,Ursula Araujo Moraes,1990-09-09,RS,Assalariado CLT,16539.6,492,2022-06-15
CLI006350,Bruno Barbosa Oliveira,1988-10-05,DF,Assalariado CLT,,515,2024-02-06
CLI006351,Ana Teixeira Araujo,1993-05-20,SC,Assalariado CLT,6141.18,583,2023-08-28
CLI006352,Karina Silva Rocha,1986-12-05,SC,Assalariado CLT,8214.3,772,2023-02-08
CLI006353,Felipe Araujo Oliveira,1972-11-08,BA,Estudante,,682,2024-02-19
CLI006354,Isabela Rodrigues Barbosa,1971-02-25,SP,Assalariado CLT,5215.2,629,2024-01-03
CLI006355,Ursula Moraes Araujo,1970-02-25,PE,Empresario,,498,2022-09-28
CLI006356,Amanda Rocha Araujo,2006-12-08,SP,Autonomo,8188.32,718,2024-12-13
CLI006357,Ana Martins Santos,1993-09-17,ES,Assalariado CLT,2054.02,583,2024-01-14
CLI006358,Felipe Silva Costa,1987-06-17,,,23971.68,608,2024-09-28
CLI006359,Thiago Oliveira Santos,1986-06-04,SP,Assalariado CLT,,566,2025-02-22
CLI006360,Eduarda Silva Pereira,2001-05-19,RJ,Assalariado CLT,16421.34,808,2023-11-27
CLI006361,Ursula Teixeira Rodrigues,1983-11-20,RJ,Aposentado,9830.42,546,2022-01-06
CLI006362,Patricia Carvalho Costa,1983-07-15,SP,Assalariado CLT,1984.99,549,2026-05-27
CLI006363,Juliana Carvalho Santos,1987-02-27,RS,Aposentado,4020.58,553,2025-09-28
CLI006364,Mariana Almeida Nunes,1976-10-27,PE,Servidor Publico,18266.31,473,2022-05-11
CLI006365,Thiago Carvalho Rodrigues,1980-04-07,MG,Assalariado CLT,6001.31,469,2023-06-18
CLI006366,Bruno Silva Rodrigues,1988-05-26,MG,Servidor Publico,1622.49,400,2022-05-24
CLI006367,Mariana Santos Silva,2005-10-10,MG,Assalariado CLT,4091.56,578,2026-06-06
CLI006368,Rafael Nunes Nunes,2006-12-03,GO,Empresario,,456,2025-09-16
CLI006369,Yara Lima Silva,1989-05-29,PA,Aposentado,4436.14,714,2024-06-20
CLI006370,Juliana Teixeira Carvalho,1970-03-03,RS,Autonomo,,631,2025-09-21
CLI006371,Yara Moraes Carvalho,1996-02-16,GO,Profissional Liberal,6456.02,639,2024-05-07
CLI006372,Zeca Carvalho Teixeira,2000-08-28,RJ,Aposentado,,625,2022-05-04
CLI006373,Karina Rodrigues Silva,1997-08-13,PR,Assalariado CLT,2810.16,565,2023-04-20
CLI006374,Ana Martins Carvalho,2001-04-09,SC,Empresario,,609,2025-09-18
CLI006375,Sabrina Santos Almeida,1963-09-11,CE,Empresario,,720,2024-04-17
CLI006376,Thiago Rocha Costa,1974-06-15,PR,,1376.43,750,2025-08-10
CLI006377,Carla Ribeiro Lima,1999-04-10,BA,Autonomo,1746.4,650,2024-04-21
CLI006378,Felipe Barbosa Nunes,1991-12-15,RS,Autonomo,,537,2022-05-28
CLI006379,Yara Barbosa Ferreira,1988-04-01,RJ,Aposentado,7184.59,327,2022-11-07
CLI006380,Olivia Carvalho Gomes,2002-11-23,RJ,Autonomo,4575.6,646,2022-04-20
CLI006381,Marcelo Rodrigues Souza,1974-06-12,SC,Servidor Publico,3051.08,322,2023-11-03
CLI006382,Queren Oliveira Souza,1999-08-20,MG,Autonomo,3022.04,506,2026-02-10
CLI006383,Carla Araujo Araujo,2004-08-27,SP,Assalariado CLT,1939.61,682,2024-04-22
CLI006384,Wagner Rocha Gomes,2007-04-14,MG,Aposentado,4358.35,493,2024-10-20
CLI006385,Sabrina Ribeiro Almeida,1984-10-02,SP,Assalariado CLT,3275.65,616,2024-12-28
CLI006386,Carla Barbosa Oliveira,2005-01-07,SP,Servidor Publico,4686.37,666,2023-09-30
CLI006387,Marcelo Costa Gomes,1980-07-09,,Assalariado CLT,,551,2023-01-29
CLI006388,Mariana Martins Rocha,1983-10-31,RS,Empresario,13894.57,671,2022-08-17
CLI006389,Felipe Souza Santos,2000-04-28,RJ,Profissional Liberal,8765.31,649,2024-06-09
CLI006390,Rodrigo Costa Souza,1974-03-31,GO,Assalariado CLT,6084.29,437,2023-12-31
CLI006391,Paulo Pereira Moraes,1977-09-24,MG,Aposentado,7488.22,664,2021-10-02
CLI006392,Isabela Costa Nunes,1985-09-06,BA,Assalariado CLT,,476,2025-03-16
CLI006393,Thiago Silva Araujo,1969-09-13,DF,Assalariado CLT,3599.47,598,2025-12-22
CLI006394,Henrique Rodrigues Nunes,1996-12-30,PE,Assalariado CLT,3859.49,587,2022-04-24
CLI006395,Thiago Pereira Carvalho,1998-01-06,SP,Aposentado,7417.24,696,2023-08-28
CLI006396,Joao Gomes Santos,1944-04-19,MG,,,653,2024-09-22
CLI006397,Wagner Almeida Barbosa,1975-02-28,SP,Assalariado CLT,3237.74,499,2022-06-09
CLI006398,Yara Oliveira Rocha,1968-10-26,CE,Servidor Publico,4628.33,439,2026-07-02
CLI006399,Joao Rodrigues Santos,1981-09-21,SP,Autonomo,5426.92,582,2026-08-02
CLI006400,Yara Ribeiro Rodrigues,1992-11-11,SP,Profissional Liberal,,456,2025-10-13
CLI006401,Thiago Carvalho Araujo,1987-12-20,PE,Servidor Publico,,575,2024-10-04
CLI006402,Sabrina Carvalho Araujo,1998-11-21,MG,Profissional Liberal,8585.25,383,2026-02-12
CLI006403,Carla Teixeira Ribeiro,1983-09-13,BA,Servidor Publico,,645,2025-10-09
CLI006404,Queren Oliveira Rocha,1968-10-10,SP,Empresario,,644,2022-11-02
CLI006405,Olivia Pereira Martins,2001-11-21,SP,Empresario,2367.29,448,2023-01-02
CLI006406,Lucas Araujo Pereira,1991-06-24,PE,Assalariado CLT,,638,2026-08-21
CLI006407,Bruno Oliveira Martins,1991-11-08,SC,,10559.74,626,2025-10-08
CLI006408,Wagner Rodrigues Souza,1987-04-11,SP,Aposentado,,495,2024-08-28
CLI006409,Bruno Teixeira Carvalho,2007-01-04,RS,Assalariado CLT,5720.17,760,2026-07-13
CLI006410,Sabrina Rodrigues Rocha,1985-05-09,SP,Autonomo,6383.69,569,2022-12-22
CLI006411,Rafael Ferreira Barbosa,1980-03-09,BA,Aposentado,2937.7,540,2022-02-11
CLI006412,Felipe Araujo Martins,1983-07-25,RJ,Estudante,6699.81,738,2025-11-08
CLI006413,Nelson Rocha Nunes,1986-03-29,MG,Assalariado CLT,7478.75,424,2023-05-09
CLI006414,Rodrigo Araujo Martins,2000-06-26,CE,Assalariado CLT,,663,2025-08-22
CLI006415,Diego Silva Teixeira,1963-01-04,ES,Profissional Liberal,4869.71,638,2024-01-22
CLI006416,Eduarda Nunes Rodrigues,1961-02-09,BA,Assalariado CLT,14462.54,573,2026-08-18
CLI006417,Paulo Teixeira Barbosa,1990-11-16,SP,Servidor Publico,,631,2024-10-26
CLI006418,Carla Ferreira Costa,1990-11-27,DF,Empresario,6560.39,666,2023-12-09
CLI006419,Ana Souza Gomes,1971-06-08,SP,Assalariado CLT,2119.18,527,2026-05-22
CLI006420,Joao Ribeiro Rocha,1987-07-05,PR,Assalariado CLT,8497.39,853,2023-09-26
CLI006421,Zeca Martins Moraes,1985-11-25,PE,Assalariado CLT,21516.95,597,2022-01-23
CLI006422,Gabriela Lima Santos,1987-07-08,MG,Autonomo,2015.02,803,2021-10-17
CLI006423,Ana Ribeiro Pereira,1985-10-04,PA,Autonomo,18791.08,803,2024-01-10
CLI006424,Rodrigo Araujo Silva,1994-03-28,SP,Autonomo,2006.77,852,2023-01-24
CLI006425,Joao Silva Rocha,1973-05-27,SP,Assalariado CLT,4853.69,632,2024-01-04
CLI006426,Henrique Carvalho Rocha,2000-04-28,CE,Assalariado CLT,4602.2,702,2025-10-28
CLI006427,Diego Teixeira Teixeira,1983-05-12,CE,Empresario,5784.7,531,2025-10-06
CLI006428,Thiago Lima Gomes,1990-05-03,SP,Autonomo,4234.13,509,2024-08-01
CLI006429,Vinicius Silva Souza,1955-04-20,SC,Autonomo,4687.92,610,2024-12-30
CLI006430,Joao Rocha Nunes,1974-05-15,SP,Assalariado CLT,4513.59,531,2025-04-06
CLI006431,Yara Almeida Martins,1990-01-19,GO,Servidor Publico,5371.78,463,2023-03-24
CLI006432,Isabela Teixeira Ribeiro,1992-08-07,BA,Empresario,,519,2021-09-24
CLI006433,Yara Souza Moraes,2007-02-12,SC,Autonomo,,617,2023-12-20
CLI006434,Olivia Nunes Santos,2007-06-09,SP,Assalariado CLT,4274.56,598,2025-07-22
CLI006435,Felipe Silva Lima,1994-04-03,,Assalariado CLT,7089.53,779,2024-01-22
CLI006436,Bruno Martins Oliveira,1993-02-01,SP,Aposentado,5663.97,491,2022-02-03
CLI006437,Isabela Oliveira Almeida,1996-01-05,PR,Autonomo,6156.99,579,2023-07-18
CLI006438,Wagner Rocha Almeida,1972-01-09,SP,Assalariado CLT,1650.75,599,2022-04-11
CLI006439,Paulo Almeida Pereira,1978-08-27,BA,Assalariado CLT,,598,2024-06-11
CLI006440,Henrique Ribeiro Teixeira,1982-01-14,MT,Autonomo,3600.1,708,2024-09-09
CLI006441,Olivia Teixeira Araujo,1997-02-10,SP,Empresario,,957,2023-09-19
CLI006442,Eduarda Ribeiro Nunes,1994-03-26,RJ,Empresario,12423.52,763,2026-05-12
CLI006443,Patricia Carvalho Lima,1994-05-13,MG,Empresario,,724,2023-06-29
CLI006444,Zeca Costa Teixeira,1964-02-04,SP,Autonomo,4705.04,539,2025-07-30
CLI006445,Mariana Rodrigues Araujo,2007-03-26,PE,,,645,2022-11-18
CLI006446,Joao Rocha Silva,1984-01-06,SP,Servidor Publico,3307.58,729,2025-06-26
CLI006447,Bruno Oliveira Pereira,1996-09-15,,Assalariado CLT,4247.8,749,2022-07-02
CLI006448,Ana Teixeira Barbosa,1965-07-16,PA,Empresario,3626.36,568,2024-10-18
CLI006449,Ana Martins Nunes,1968-02-07,DF,,2941.45,668,2024-12-04
CLI006450,Diego Moraes Nunes,2003-01-29,SP,Assalariado CLT,2674.82,873,2021-09-03
CLI006451,Sabrina Almeida Barbosa,2005-06-02,GO,Servidor Publico,10066.42,419,2025-04-05
CLI006452,Karina Carvalho Gomes,1997-06-12,CE,Servidor Publico,2658.77,481,2025-07-25
CLI006453,Olivia Pereira Rocha,1977-07-26,SP,Assalariado CLT,3932.91,440,2024-10-21
CLI006454,Felipe Oliveira Lima,1973-06-01,ES,Assalariado CLT,6688.84,638,2024-08-02
CLI006455,Eduarda Barbosa Barbosa,1968-05-13,SP,Empresario,2775.04,652,2022-06-22
CLI006456,Marcelo Martins Almeida,2001-06-08,SP,Assalariado CLT,,580,2026-08-03
CLI006457,Paulo Santos Gomes,1980-03-01,MG,Assalariado CLT,,395,2024-12-04
CLI006458,Paulo Teixeira Barbosa,1971-11-09,SP,Assalariado CLT,6557.05,472,2025-07-18
CLI006459,Olivia Silva Almeida,1969-10-19,SC,Assalariado CLT,7356.47,518,2024-01-13
CLI006460,Joao Carvalho Pereira,1999-08-13,ES,Assalariado CLT,2432.34,588,2025-03-03
CLI006461,Patricia Souza Carvalho,2000-07-01,PR,Assalariado CLT,8667.95,510,2025-11-26
CLI006462,Carla Nunes Souza,1989-07-08,SP,Assalariado CLT,3114.67,597,2026-01-18
CLI006463,Joao Rocha Rodrigues,1978-06-07,SP,Assalariado CLT,5874.27,367,2022-10-20
CLI006464,Bruno Rocha Gomes,1986-09-28,BA,Assalariado CLT,,518,2022-01-05
CLI006465,Gabriela Teixeira Carvalho,1966-10-01,BA,Servidor Publico,10736.67,620,2026-07-29
CLI006466,Gabriela Teixeira Nunes,1980-03-05,RJ,Autonomo,3666.22,700,2025-05-13
CLI006467,Thiago Souza Souza,1973-04-06,PA,,1354.85,527,2023-04-12
CLI006468,Yara Silva Nunes,2003-02-15,PE,Assalariado CLT,3731.46,633,2021-08-28
CLI006469,Bruno Araujo Martins,1976-08-20,MG,Autonomo,6964.39,736,2023-08-27
CLI006470,Sabrina Oliveira Araujo,1974-09-08,BA,Profissional Liberal,2926.33,570,2022-12-13
CLI006471,Rodrigo Ferreira Oliveira,2006-09-20,SP,,1657.26,862,2024-06-21
CLI006472,Felipe Martins Souza,1953-07-26,SP,Assalariado CLT,1949.6,833,2022-11-28
CLI006473,Sabrina Rocha Gomes,1978-12-29,SP,Assalariado CLT,10593.02,637,2025-06-05
CLI006474,Wagner Oliveira Almeida,1996-12-31,RJ,Profissional Liberal,4546.41,744,2023-10-29
CLI006475,Wagner Teixeira Barbosa,1995-11-10,SP,Assalariado CLT,4433.63,580,2021-09-05
CLI006476,Patricia Rocha Pereira,1960-01-04,BA,,6413.35,497,2025-09-06
CLI006477,Eduarda Nunes Gomes,1982-11-26,SP,Assalariado CLT,5037.88,798,2024-02-26
CLI006478,Wagner Martins Costa,1977-01-06,DF,Profissional Liberal,,667,2025-12-15
CLI006479,Joao Martins Barbosa,1988-05-07,SC,Assalariado CLT,8600.6,518,2023-04-27
CLI006480,Mariana Silva Ferreira,1994-05-25,BA,Empresario,2714.72,553,2024-04-09
CLI006481,Queren Moraes Ferreira,1991-08-11,DF,Assalariado CLT,4732.11,620,2025-08-31
CLI006482,Diego Santos Barbosa,1980-03-07,,Assalariado CLT,5670.25,695,2022-06-19
CLI006483,Paulo Araujo Moraes,1990-04-15,RS,Assalariado CLT,6786.11,647,2023-05-18
CLI006484,Juliana Teixeira Ferreira,1981-10-12,RJ,Assalariado CLT,10351.17,554,2023-04-29
CLI006485,Nelson Moraes Rocha,1975-01-16,MG,Autonomo,8706.45,543,2022-03-01
CLI006486,Marcelo Oliveira Teixeira,1990-04-25,PR,Aposentado,4128.78,780,2022-09-19
CLI006487,Ursula Almeida Barbosa,2003-09-22,DF,Assalariado CLT,3550.77,658,2023-08-10
CLI006488,Amanda Almeida Moraes,1992-11-25,GO,Autonomo,9264.79,792,2025-05-19
CLI006489,Diego Teixeira Carvalho,1991-01-29,PE,Assalariado CLT,1200.0,634,2023-04-03
CLI006490,Wagner Ribeiro Lima,1981-08-04,SP,Empresario,2108.68,453,2023-01-19
CLI006491,Isabela Moraes Almeida,1992-12-06,RJ,Autonomo,3880.12,679,2022-11-25
CLI006492,Queren Lima Ferreira,1991-07-17,RS,Servidor Publico,,640,2022-10-04
CLI006493,Karina Ferreira Rodrigues,1971-05-25,PR,Assalariado CLT,5344.22,481,2022-07-24
CLI006494,Olivia Silva Souza,1989-04-08,MG,Aposentado,9253.59,371,2023-11-26
CLI006495,Queren Teixeira Rodrigues,1990-02-09,,Autonomo,4181.19,706,2024-01-26
CLI006496,Vinicius Teixeira Nunes,1980-12-14,DF,Autonomo,20052.81,383,2024-07-08
CLI006497,Juliana Martins Carvalho,1979-01-12,RJ,Estudante,,675,2021-11-13
CLI006498,Ana Lima Gomes,1983-05-14,PE,Assalariado CLT,16513.76,364,2022-02-27
CLI006499,Joao Souza Rodrigues,1974-01-22,BA,Assalariado CLT,3385.82,690,2025-07-05
CLI006500,Zeca Rodrigues Moraes,1959-12-14,DF,Servidor Publico,3205.74,368,2023-12-16
CLI006501,Juliana Lima Barbosa,2000-12-02,SP,Servidor Publico,14149.09,701,2021-10-19
CLI006502,Rodrigo Almeida Lima,1984-11-07,RJ,Servidor Publico,,584,2026-08-08
CLI006503,Ursula Silva Ribeiro,1986-11-10,CE,Assalariado CLT,8350.53,656,2026-04-07
CLI006504,Paulo Carvalho Souza,2002-02-19,GO,Assalariado CLT,6326.03,594,2025-01-26
CLI006505,Wagner Teixeira Almeida,2007-01-31,RS,Profissional Liberal,3018.87,624,2025-12-30
CLI006506,Isabela Almeida Araujo,2006-12-22,SC,Servidor Publico,11422.53,672,2022-11-20
CLI006507,Joao Teixeira Lima,1989-04-20,SP,Empresario,3118.4,613,2024-08-14
CLI006508,Ursula Ferreira Lima,1993-07-10,MT,Servidor Publico,1633.65,430,2024-08-05
CLI006509,Diego Rodrigues Araujo,1988-10-26,PE,Assalariado CLT,6804.15,759,2024-02-18
CLI006510,Queren Moraes Carvalho,2006-11-21,RJ,Assalariado CLT,,627,2022-12-26
CLI006511,Henrique Araujo Ribeiro,1983-07-15,RJ,Empresario,12190.33,675,2024-05-01
CLI006512,Wagner Carvalho Rocha,1973-10-15,SC,Servidor Publico,2130.12,585,2024-05-12
CLI006513,Ana Teixeira Barbosa,1960-03-25,PE,Empresario,5579.62,442,2022-07-04
CLI006514,Diego Souza Barbosa,1983-03-13,GO,Aposentado,4818.82,341,2022-06-22
CLI006515,Felipe Martins Costa,1976-07-01,PE,Autonomo,3304.6,665,2024-09-27
CLI006516,Amanda Nunes Rodrigues,1994-07-29,SP,Servidor Publico,,668,2023-12-20
CLI006517,Ana Martins Pereira,2002-09-08,RJ,,,581,2025-02-20
CLI006518,Rodrigo Costa Santos,1993-12-13,SC,Servidor Publico,,709,2024-07-14
CLI006519,Karina Martins Santos,1987-04-16,SP,Aposentado,,764,2024-01-29
CLI006520,Carla Ribeiro Oliveira,1994-11-08,PE,,2137.58,375,2025-04-28
CLI006521,Zeca Barbosa Teixeira,1972-09-04,GO,Empresario,4854.43,638,2024-04-29
CLI006522,Amanda Lima Souza,2007-07-30,PA,Autonomo,,482,2026-01-03
CLI006523,Nelson Souza Lima,1992-01-04,MG,Autonomo,8307.25,700,2025-08-27
CLI006524,Patricia Carvalho Teixeira,1964-04-23,SP,Autonomo,8221.03,694,2022-08-21
CLI006525,Wagner Rodrigues Costa,1992-10-06,MG,Assalariado CLT,1994.9,474,2024-11-24
CLI006526,Zeca Silva Pereira,2001-04-20,SP,Assalariado CLT,,354,2023-06-01
CLI006527,Karina Araujo Teixeira,1992-06-28,PR,,,770,2026-05-29
CLI006528,Diego Oliveira Araujo,1983-10-18,RJ,Aposentado,,668,2025-08-03
CLI006529,Rodrigo Rodrigues Ferreira,2007-04-24,SP,Empresario,4547.4,692,2025-12-10
CLI006530,Joao Nunes Lima,1994-01-31,BA,Servidor Publico,4749.93,588,2021-10-01
CLI006531,Bruno Araujo Teixeira,2003-11-25,PA,Assalariado CLT,,693,2025-10-17
CLI006532,Sabrina Moraes Carvalho,1988-07-16,MG,Assalariado CLT,4075.96,602,2025-07-09
CLI006533,Amanda Almeida Moraes,2001-11-24,BA,Assalariado CLT,5148.45,511,2024-09-17
CLI006534,Thiago Martins Souza,1961-02-02,MG,Assalariado CLT,7190.18,576,2023-09-03
CLI006535,Bruno Barbosa Rodrigues,1994-03-28,RS,Autonomo,6189.47,635,2023-08-13
CLI006536,Nelson Santos Barbosa,2001-12-12,MG,Assalariado CLT,,533,2021-11-29
CLI006537,Queren Barbosa Moraes,1988-04-20,RJ,Aposentado,3674.74,767,2023-09-27
CLI006538,Mariana Araujo Rodrigues,1993-06-20,MG,Assalariado CLT,5698.77,503,2025-04-28
CLI006539,Juliana Silva Teixeira,1990-09-23,RJ,Assalariado CLT,4024.33,514,2024-04-05
CLI006540,Gabriela Carvalho Moraes,1978-02-08,MT,Assalariado CLT,5948.78,470,2025-05-02
CLI006541,Juliana Barbosa Gomes,1974-06-09,RJ,Assalariado CLT,11419.3,557,2025-09-27
CLI006542,Patricia Teixeira Santos,2000-03-12,SP,Autonomo,3495.14,701,2025-06-28
CLI006543,Patricia Lima Gomes,2007-06-20,MG,Profissional Liberal,2489.03,727,2024-06-03
CLI006544,Nelson Teixeira Gomes,1987-01-04,MT,Autonomo,,514,2023-03-26
CLI006545,Amanda Santos Araujo,1973-10-23,ES,Assalariado CLT,3619.55,532,2026-01-16
CLI006546,Juliana Ribeiro Moraes,1991-09-30,BA,Empresario,4245.11,466,2024-06-23
CLI006547,Sabrina Oliveira Costa,1978-03-17,MG,Autonomo,4332.62,475,2024-04-30
CLI006548,Felipe Ferreira Costa,1993-03-01,SP,Autonomo,7773.76,491,2021-11-06
CLI006549,Mariana Costa Nunes,1995-09-17,CE,Assalariado CLT,3785.56,518,2023-08-30
CLI006550,Sabrina Almeida Rocha,1987-11-22,CE,Assalariado CLT,,762,2025-01-01
CLI006551,Mariana Martins Pereira,1973-05-24,SP,Assalariado CLT,22096.01,728,2025-07-30
CLI006552,Juliana Souza Teixeira,1970-05-16,PE,Autonomo,3588.25,573,2022-01-01
CLI006553,Henrique Silva Ferreira,1975-04-17,RS,Aposentado,5279.06,605,2024-08-25
CLI006554,Isabela Martins Carvalho,2007-08-23,SP,Estudante,10896.74,460,2025-06-14
CLI006555,Sabrina Silva Rocha,1973-10-24,SP,Autonomo,4811.63,450,2022-01-06
CLI006556,Zeca Costa Pereira,1988-11-10,SP,Autonomo,1200.0,562,2021-11-03
CLI006557,Queren Almeida Barbosa,1972-11-08,RS,Estudante,8990.03,649,2021-09-19
CLI006558,Rafael Silva Martins,1972-10-04,BA,Autonomo,4816.43,494,2022-05-03
CLI006559,Carla Santos Barbosa,2006-11-20,DF,,3343.56,489,2023-11-15
CLI006560,Nelson Ribeiro Nunes,1995-06-23,MG,Assalariado CLT,,525,2026-06-25
CLI006561,Ursula Carvalho Ribeiro,1985-08-31,SP,Estudante,4313.23,572,2022-03-26
CLI006562,Thiago Carvalho Oliveira,1971-03-01,ES,Assalariado CLT,1314.68,570,2024-02-15
CLI006563,Thiago Costa Nunes,1998-03-07,DF,Assalariado CLT,,863,2023-08-28
CLI006564,Gabriela Gomes Barbosa,1981-11-15,PR,Assalariado CLT,2892.55,555,2024-07-05
CLI006565,Felipe Martins Rodrigues,1994-04-08,PR,,9433.54,748,2023-04-22
CLI006566,Amanda Costa Silva,1971-03-14,BA,Assalariado CLT,13612.57,700,2021-10-08
CLI006567,Joao Silva Nunes,1979-08-19,BA,Autonomo,19857.25,491,2021-10-26
CLI006568,Karina Pereira Nunes,1995-01-22,,,2901.95,556,2023-07-18
CLI006569,Felipe Rodrigues Martins,1989-04-16,MT,Autonomo,3226.49,586,2023-05-20
CLI006570,Rodrigo Souza Teixeira,1992-07-27,PR,Assalariado CLT,7241.87,447,2024-05-23
CLI006571,Marcelo Carvalho Santos,2007-03-15,PE,Assalariado CLT,7763.89,537,2024-06-25
CLI006572,Ursula Barbosa Lima,1965-10-25,PA,Assalariado CLT,4356.51,618,2025-12-25
CLI006573,Paulo Pereira Araujo,1995-10-03,SP,Assalariado CLT,,770,2024-04-26
CLI006574,Rodrigo Costa Almeida,1992-12-03,SP,Empresario,,579,2026-05-06
CLI006575,Juliana Teixeira Rodrigues,1996-07-21,PR,Autonomo,3321.68,702,2023-05-21
CLI006576,Ursula Rocha Nunes,1952-03-28,RS,Assalariado CLT,1744.78,667,2024-12-02
CLI006577,Gabriela Gomes Ribeiro,1994-10-20,GO,Profissional Liberal,,781,2023-02-13
CLI006578,Eduarda Almeida Barbosa,1990-07-11,SP,Profissional Liberal,9376.42,427,2025-02-08
CLI006579,Nelson Teixeira Costa,1993-03-16,BA,Assalariado CLT,2792.03,648,2022-10-16
CLI006580,Ana Martins Souza,1977-12-03,,Autonomo,4393.95,542,2023-08-24
CLI006581,Karina Oliveira Oliveira,1983-09-28,DF,Assalariado CLT,3776.67,524,2024-03-27
CLI006582,Diego Lima Souza,1992-08-04,SP,Assalariado CLT,2356.95,542,2022-06-14
CLI006583,Lucas Almeida Barbosa,1987-05-20,DF,Assalariado CLT,7121.34,637,2022-02-08
CLI006584,Diego Moraes Gomes,2000-05-30,SC,,3752.2,642,2024-06-18
CLI006585,Ursula Carvalho Gomes,1997-12-24,MG,Profissional Liberal,4322.45,533,2025-11-11
CLI006586,Isabela Martins Martins,1968-12-04,GO,Autonomo,6985.73,466,2024-07-24
CLI006587,Diego Rodrigues Almeida,1992-12-15,MG,Assalariado CLT,4769.52,532,2025-02-15
CLI006588,Diego Almeida Souza,1983-10-18,SP,Profissional Liberal,7890.63,722,2024-02-03
CLI006589,Mariana Araujo Ribeiro,2000-02-10,MG,Autonomo,3865.4,633,2024-06-06
CLI006590,Lucas Carvalho Rocha,1990-06-03,SP,Aposentado,13039.38,576,2025-10-29
CLI006591,Joao Rocha Moraes,1994-05-17,BA,Empresario,6902.75,439,2024-01-08
CLI006592,Vinicius Nunes Ribeiro,1976-10-03,,Assalariado CLT,6351.62,651,2023-02-08
CLI006593,Ana Araujo Martins,1981-10-14,SP,Servidor Publico,5927.81,483,2025-01-09
CLI006594,Joao Ferreira Martins,1971-06-01,BA,Assalariado CLT,5157.16,415,2022-04-12
CLI006595,Eduarda Silva Rodrigues,2004-03-13,MG,Assalariado CLT,11638.9,709,2024-07-12
CLI006596,Zeca Teixeira Costa,1981-07-06,PE,Assalariado CLT,,696,2026-02-25
CLI006597,Vinicius Santos Oliveira,1959-07-04,SP,Autonomo,,381,2022-07-23
CLI006598,Lucas Teixeira Almeida,1982-05-12,PE,Aposentado,15326.62,508,2022-06-07
CLI006599,Amanda Lima Rocha,1970-02-06,MG,,2910.84,570,2025-04-03
CLI006600,Marcelo Rocha Martins,2001-04-12,SP,Assalariado CLT,6812.1,547,2025-05-26
CLI006601,Lucas Costa Teixeira,1996-06-30,SP,Servidor Publico,9610.08,549,2024-03-07
CLI006602,Mariana Gomes Ferreira,2002-04-23,DF,Assalariado CLT,,323,2025-11-27
CLI006603,Patricia Nunes Barbosa,1989-01-19,RJ,Assalariado CLT,1936.23,446,2025-09-12
CLI006604,Mariana Lima Rocha,2005-12-13,SP,Estudante,2048.46,432,2022-12-03
CLI006605,Mariana Martins Barbosa,2001-11-26,SP,Autonomo,5653.2,504,2022-09-03
CLI006606,Eduarda Silva Barbosa,1989-11-09,RS,Autonomo,6756.36,803,2024-03-09
CLI006607,Ana Teixeira Araujo,1999-05-27,MG,Autonomo,,577,2026-03-15
CLI006608,Wagner Ferreira Souza,1978-01-22,CE,Profissional Liberal,1492.69,679,2025-09-22
CLI006609,Amanda Rocha Barbosa,1965-01-06,SP,Autonomo,15113.91,580,2025-01-31
CLI006610,Juliana Gomes Lima,1991-08-25,RJ,Assalariado CLT,4503.76,626,2025-07-31
CLI006611,Bruno Rocha Nunes,2006-10-17,SP,Autonomo,,525,2021-11-16
CLI006612,Ursula Gomes Santos,1987-01-28,MG,Autonomo,6083.03,506,2023-10-06
CLI006613,Juliana Rocha Martins,1973-08-28,SP,Empresario,,558,2024-03-15
CLI006614,Zeca Souza Santos,1971-06-14,SP,Servidor Publico,5565.6,673,2024-05-12
CLI006615,Thiago Souza Gomes,2006-09-19,CE,Aposentado,6260.65,618,2024-10-01
CLI006616,Nelson Rocha Nunes,1976-01-09,MG,Assalariado CLT,3245.07,517,2023-09-06
CLI006617,Eduarda Oliveira Rocha,1989-12-23,BA,Assalariado CLT,2666.39,674,2025-05-15
CLI006618,Patricia Costa Costa,2003-11-08,,Aposentado,5795.47,678,2023-01-01
CLI006619,Sabrina Carvalho Santos,1980-10-15,RS,Aposentado,4174.8,615,2026-07-31
CLI006620,Henrique Oliveira Martins,1999-10-06,GO,Assalariado CLT,6486.82,542,2024-11-10
CLI006621,Sabrina Teixeira Teixeira,1989-11-18,BA,Autonomo,,800,2024-09-17
CLI006622,Thiago Silva Lima,1986-12-09,PE,Aposentado,1906.8,726,2025-10-14
CLI006623,Patricia Souza Santos,1988-05-25,RJ,,3386.69,619,2022-08-19
CLI006624,Lucas Barbosa Carvalho,1998-03-31,DF,Empresario,,922,2025-08-10
CLI006625,Gabriela Ferreira Oliveira,1997-11-27,BA,Profissional Liberal,,637,2026-05-16
CLI006626,Patricia Oliveira Costa,2006-04-25,BA,Assalariado CLT,9035.71,813,2022-10-01
CLI006627,Rodrigo Souza Ribeiro,2001-04-24,SP,Aposentado,3308.35,672,2022-04-08
CLI006628,Mariana Nunes Ribeiro,1978-07-22,SP,Assalariado CLT,5860.83,729,2023-12-15
CLI006629,Ana Araujo Santos,1988-12-31,GO,Autonomo,5247.48,574,2022-02-04
CLI006630,Ursula Lima Teixeira,1997-11-26,BA,Assalariado CLT,3448.84,466,2023-05-12
CLI006631,Yara Silva Rocha,1994-05-27,MG,Empresario,4607.82,713,2022-12-02
CLI006632,Lucas Rodrigues Carvalho,1985-10-21,GO,Assalariado CLT,2166.0,699,2024-12-27
CLI006633,Isabela Martins Ferreira,1959-08-28,SP,Assalariado CLT,5958.06,606,2025-06-14
CLI006634,Sabrina Lima Costa,2004-05-14,GO,Empresario,7066.56,730,2024-03-18
CLI006635,Eduarda Moraes Gomes,1999-02-25,MG,Servidor Publico,5457.93,615,2022-04-30
CLI006636,Ana Santos Silva,1974-07-12,SP,Autonomo,2588.11,694,2021-11-12
CLI006637,Felipe Ribeiro Barbosa,1971-06-10,SC,Assalariado CLT,4344.23,493,2024-06-07
CLI006638,Amanda Silva Costa,1976-09-13,,Empresario,5382.11,341,2022-04-20
CLI006639,Nelson Pereira Lima,2007-08-17,SP,Assalariado CLT,2919.93,712,2026-03-09
CLI006640,Bruno Souza Martins,1971-11-13,SP,Aposentado,,784,2026-04-24
CLI006641,Patricia Nunes Oliveira,1988-06-19,RJ,Servidor Publico,8981.84,672,2026-04-26
CLI006642,Isabela Barbosa Souza,1995-07-22,SP,Assalariado CLT,5701.26,539,2022-11-11
CLI006643,Queren Moraes Nunes,1994-07-27,SP,Autonomo,,771,2026-01-19
CLI006644,Sabrina Araujo Costa,1965-12-28,SP,Autonomo,,765,2026-05-15
CLI006645,Diego Rodrigues Almeida,2001-06-29,RS,Empresario,,361,2025-04-06
CLI006646,Karina Gomes Moraes,1978-09-18,BA,Servidor Publico,9685.2,611,2022-07-08
CLI006647,Zeca Nunes Ribeiro,1989-11-23,BA,Assalariado CLT,10541.38,495,2023-03-09
CLI006648,Diego Araujo Nunes,1979-01-19,BA,Assalariado CLT,6000.77,648,2024-10-07
CLI006649,Isabela Teixeira Rocha,1986-09-23,,Assalariado CLT,2020.24,548,2022-07-10
CLI006650,Yara Moraes Araujo,1974-11-04,,Autonomo,,299,2026-04-16
CLI006651,Lucas Costa Rocha,1988-10-12,RS,,3795.9,623,2022-01-11
CLI006652,Patricia Santos Martins,2003-03-04,MG,Aposentado,8466.22,664,2024-07-28
CLI006653,Juliana Pereira Silva,1980-11-16,SC,Assalariado CLT,7962.92,646,2024-05-18
CLI006654,Vinicius Carvalho Santos,1997-10-07,MG,Autonomo,3993.74,423,2021-10-01
CLI006655,Sabrina Rocha Almeida,1972-10-13,SC,Empresario,5369.76,705,2025-10-19
CLI006656,Isabela Ribeiro Martins,1978-09-21,RS,Assalariado CLT,2676.07,696,2023-04-20
CLI006657,Yara Ferreira Ribeiro,1992-04-06,PR,Assalariado CLT,8050.66,690,2022-06-28
CLI006658,Ana Souza Rodrigues,2004-05-10,SP,Autonomo,,289,2022-06-09
CLI006659,Ursula Rodrigues Oliveira,1996-12-14,BA,Empresario,10188.02,444,2024-04-08
CLI006660,Amanda Souza Ribeiro,1978-03-20,PE,Autonomo,12855.93,631,2024-10-27
CLI006661,Thiago Martins Almeida,1975-04-15,MG,Assalariado CLT,8170.5,889,2022-03-30
CLI006662,Zeca Nunes Silva,1988-02-12,DF,Empresario,2494.88,366,2022-09-25
CLI006663,Rafael Gomes Teixeira,1986-03-30,CE,Assalariado CLT,8750.12,629,2024-04-26
CLI006664,Olivia Teixeira Souza,2000-02-22,MG,Assalariado CLT,4020.07,865,2024-09-07
CLI006665,Mariana Oliveira Nunes,1984-06-07,SP,Autonomo,,503,2023-03-30
CLI006666,Felipe Rodrigues Silva,1997-10-02,SC,Autonomo,,603,2023-12-28
CLI006667,Rodrigo Almeida Silva,2006-11-04,SP,Autonomo,7584.86,534,2022-08-28
CLI006668,Sabrina Oliveira Souza,1996-02-17,SP,Autonomo,15113.05,556,2024-01-27
CLI006669,Olivia Costa Almeida,1986-01-31,PA,Aposentado,,224,2026-04-04
CLI006670,Paulo Barbosa Pereira,1997-05-27,DF,Assalariado CLT,5853.74,581,2022-06-03
CLI006671,Lucas Souza Araujo,1996-03-18,PE,Aposentado,,659,2025-10-05
CLI006672,Ursula Barbosa Ribeiro,1987-10-26,GO,Assalariado CLT,3279.71,377,2024-01-04
CLI006673,Paulo Rocha Pereira,1997-11-04,CE,,,661,2022-02-03
CLI006674,Zeca Santos Lima,1979-07-17,BA,Assalariado CLT,3204.08,586,2026-06-05
CLI006675,Nelson Souza Costa,2007-03-25,GO,Empresario,9862.1,707,2024-03-18
CLI006676,Felipe Araujo Costa,1954-08-16,RJ,Profissional Liberal,7731.94,489,2023-09-25
CLI006677,Paulo Santos Souza,1965-01-27,BA,Empresario,3804.46,665,2021-12-28
CLI006678,Marcelo Teixeira Almeida,1993-02-02,PR,Assalariado CLT,2079.31,521,2022-07-07
CLI006679,Eduarda Oliveira Pereira,1984-10-31,SP,Assalariado CLT,1687.01,958,2022-12-31
CLI006680,Marcelo Rocha Ferreira,1980-09-20,PE,Empresario,3081.29,564,2026-02-07
CLI006681,Yara Barbosa Souza,1984-05-11,SP,Autonomo,2898.93,497,2026-02-05
CLI006682,Diego Silva Teixeira,1965-03-10,BA,Autonomo,6956.99,756,2024-09-14
CLI006683,Sabrina Oliveira Araujo,2004-11-09,SP,Assalariado CLT,1907.81,545,2023-11-08
CLI006684,Olivia Gomes Oliveira,1982-04-20,SP,Autonomo,,429,2022-07-27
CLI006685,Isabela Rocha Teixeira,1980-09-04,,Profissional Liberal,2551.8,390,2023-03-08
CLI006686,Yara Souza Souza,1991-04-14,SP,Assalariado CLT,2984.34,727,2021-12-02
CLI006687,Nelson Lima Martins,1984-10-25,MT,Autonomo,6154.44,588,2023-10-04
CLI006688,Juliana Souza Santos,1995-04-19,SC,Estudante,3764.21,508,2024-06-30
CLI006689,Vinicius Lima Rocha,1990-05-21,CE,Empresario,16616.34,480,2021-10-30
CLI006690,Marcelo Rocha Nunes,1981-02-05,RJ,Servidor Publico,5591.28,669,2025-08-05
CLI006691,Vinicius Rocha Rocha,1976-03-22,,,4520.84,742,2026-03-06
CLI006692,Marcelo Silva Oliveira,1973-07-24,MG,Assalariado CLT,3899.18,580,2022-04-23
CLI006693,Mariana Araujo Rocha,2004-08-22,PE,Assalariado CLT,3982.39,702,2023-11-11
CLI006694,Gabriela Lima Silva,2006-10-28,SC,Empresario,2756.53,669,2023-09-06
CLI006695,Mariana Santos Rodrigues,1996-03-16,RS,Autonomo,5739.82,513,2021-12-28
CLI006696,Ursula Pereira Carvalho,1986-01-22,RJ,Estudante,,834,2023-09-05
CLI006697,Paulo Araujo Gomes,1990-01-11,SP,Empresario,2643.78,667,2023-07-24
CLI006698,Sabrina Rocha Pereira,1993-06-14,GO,Assalariado CLT,1507.65,554,2022-10-30
CLI006699,Paulo Oliveira Teixeira,1987-09-08,PE,Assalariado CLT,1812.37,766,2022-05-19
CLI006700,Eduarda Santos Rocha,1983-10-09,PR,Profissional Liberal,6124.35,665,2025-09-10
CLI006701,Queren Silva Oliveira,2003-10-25,PR,Assalariado CLT,,599,2024-08-09
CLI006702,Diego Nunes Teixeira,1975-01-07,SP,Empresario,5080.42,543,2025-06-02
CLI006703,Eduarda Carvalho Ferreira,1990-01-25,BA,Assalariado CLT,1825.29,552,2025-10-15
CLI006704,Ana Rodrigues Ferreira,1982-04-28,RJ,Assalariado CLT,8483.56,613,2023-04-14
CLI006705,Carla Barbosa Oliveira,1986-10-22,SP,Assalariado CLT,1318.67,659,2023-11-02
CLI006706,Henrique Araujo Almeida,1990-04-19,ES,Empresario,4180.32,641,2022-12-30
CLI006707,Sabrina Araujo Martins,1976-07-22,BA,Empresario,1490.37,570,2025-07-12
CLI006708,Juliana Santos Ferreira,1998-08-05,SP,Servidor Publico,5045.06,746,2024-01-29
CLI006709,Thiago Souza Rodrigues,1982-11-24,SP,Assalariado CLT,11258.68,619,2025-12-18
CLI006710,Marcelo Carvalho Carvalho,2007-03-06,RS,Autonomo,,708,2024-08-10
CLI006711,Mariana Silva Rodrigues,1968-10-26,PA,Assalariado CLT,,629,2025-12-30
CLI006712,Marcelo Ribeiro Costa,1991-09-13,SP,Estudante,10150.43,621,2025-09-14
CLI006713,Queren Silva Araujo,2001-07-03,SP,Autonomo,12613.68,728,2025-07-11
CLI006714,Isabela Martins Araujo,1977-12-26,DF,Servidor Publico,7425.76,560,2024-07-24
CLI006715,Olivia Gomes Ferreira,1978-08-02,SP,Aposentado,3536.72,520,2021-08-22
CLI006716,Juliana Gomes Silva,1974-06-11,SP,Assalariado CLT,2836.23,643,2025-09-30
CLI006717,Isabela Nunes Rocha,2002-06-23,SP,Empresario,2132.01,637,2022-02-06
CLI006718,Diego Barbosa Pereira,1991-01-10,RJ,Autonomo,3747.08,583,2026-02-24
CLI006719,Nelson Araujo Martins,1990-03-31,SP,Profissional Liberal,,554,2025-02-10
CLI006720,Rafael Moraes Martins,1996-11-30,SP,Assalariado CLT,,609,2026-05-03
CLI006721,Rafael Souza Santos,1983-09-25,SP,Servidor Publico,7468.09,634,2024-03-03
CLI006722,Thiago Rocha Gomes,1992-06-11,RJ,Assalariado CLT,,795,2024-08-01
CLI006723,Marcelo Ribeiro Nunes,1977-09-04,SP,Empresario,6025.08,671,2022-05-04
CLI006724,Rodrigo Ferreira Teixeira,1979-11-22,RJ,Assalariado CLT,8192.22,499,2024-01-03
CLI006725,Joao Oliveira Lima,1969-09-20,PA,Estudante,,380,2023-12-14
CLI006726,Paulo Moraes Teixeira,1971-04-21,PR,Profissional Liberal,4595.18,390,2022-04-11
CLI006727,Thiago Rodrigues Carvalho,1992-02-21,GO,Assalariado CLT,3910.48,470,2024-01-13
CLI006728,Vinicius Gomes Santos,1984-07-25,RS,Autonomo,,537,2025-04-25
CLI006729,Carla Araujo Nunes,1993-03-20,CE,Autonomo,6184.61,291,2023-11-08
CLI006730,Mariana Lima Ribeiro,1985-03-31,CE,Assalariado CLT,1669.56,1000,2024-05-15
CLI006731,Vinicius Rodrigues Martins,2000-06-08,SP,Assalariado CLT,,366,2023-12-01
CLI006732,Juliana Araujo Souza,1987-11-12,RJ,Estudante,2686.26,653,2022-10-23
CLI006733,Eduarda Martins Pereira,1981-10-07,PR,Empresario,,479,2022-12-02
CLI006734,Olivia Carvalho Pereira,1971-05-17,SP,,,584,2024-03-23
CLI006735,Eduarda Costa Nunes,1988-04-04,SC,Assalariado CLT,3756.56,688,2021-12-21
CLI006736,Patricia Moraes Pereira,1993-05-29,PA,,2303.02,514,2022-10-17
CLI006737,Thiago Nunes Gomes,1960-06-27,MT,Servidor Publico,3712.38,500,2023-08-22
CLI006738,Yara Silva Rodrigues,1986-01-09,RS,Assalariado CLT,3310.48,560,2023-07-16
CLI006739,Karina Rocha Lima,1995-08-20,MG,Assalariado CLT,18084.18,751,2026-06-13
CLI006740,Diego Moraes Oliveira,1992-02-17,SP,Assalariado CLT,5542.72,825,2024-03-16
CLI006741,Nelson Santos Almeida,1991-12-06,SP,Assalariado CLT,,706,2023-10-01
CLI006742,Marcelo Silva Costa,1996-05-31,PE,Assalariado CLT,6963.23,742,2023-12-14
CLI006743,Marcelo Ribeiro Nunes,1988-02-18,,Autonomo,2341.05,672,2023-10-22
CLI006744,Rafael Almeida Araujo,1993-04-18,SP,Servidor Publico,1200.0,558,2022-11-29
CLI006745,Mariana Santos Rodrigues,1996-06-26,SP,Servidor Publico,2464.05,659,2026-04-04
CLI006746,Lucas Carvalho Rocha,1977-08-25,PA,Assalariado CLT,,661,2023-04-05
CLI006747,Queren Santos Rocha,1979-05-11,DF,Aposentado,3878.04,575,2025-02-21
CLI006748,Rodrigo Almeida Rodrigues,2006-12-09,RS,Autonomo,3633.35,647,2026-03-22
CLI006749,Ursula Teixeira Lima,1971-01-26,SP,Profissional Liberal,5457.84,532,2026-02-07
CLI006750,Patricia Carvalho Araujo,1996-01-15,SP,Assalariado CLT,5100.67,760,2021-12-07
CLI006751,Queren Ribeiro Gomes,1971-09-07,MG,Autonomo,4934.42,560,2024-08-19
CLI006752,Thiago Nunes Rocha,1981-12-12,RS,Assalariado CLT,5172.17,603,2022-07-30
CLI006753,Gabriela Souza Carvalho,1991-08-23,BA,Assalariado CLT,5273.03,551,2024-10-15
CLI006754,Thiago Lima Oliveira,1992-09-10,SP,Assalariado CLT,5967.49,452,2024-12-18
CLI006755,Nelson Santos Nunes,1982-06-07,CE,Servidor Publico,3129.61,375,2021-11-22
CLI006756,Felipe Barbosa Barbosa,1998-08-17,DF,Aposentado,10506.23,598,2023-01-21
CLI006757,Wagner Pereira Oliveira,1984-05-11,SP,Assalariado CLT,5846.22,720,2023-12-31
CLI006758,Patricia Nunes Lima,1974-12-19,RS,Empresario,3577.13,672,2021-09-29
CLI006759,Eduarda Lima Souza,1978-05-27,SP,Profissional Liberal,3084.77,476,2025-10-06
CLI006760,Nelson Teixeira Costa,1989-08-08,RS,Empresario,3677.14,671,2022-09-04
CLI006761,Marcelo Silva Souza,1988-11-12,MG,Assalariado CLT,,728,2025-02-24
CLI006762,Lucas Rodrigues Souza,1986-10-17,RS,Profissional Liberal,3451.5,691,2026-07-20
CLI006763,Bruno Pereira Carvalho,2000-03-03,MG,Assalariado CLT,2048.53,458,2026-05-10
CLI006764,Karina Gomes Araujo,1982-10-21,PR,Assalariado CLT,9298.4,536,2024-11-11
CLI006765,Wagner Nunes Carvalho,1985-10-11,SP,Autonomo,2487.31,728,2025-02-16
CLI006766,Diego Rodrigues Ribeiro,1972-02-25,PE,Assalariado CLT,5819.87,834,2022-01-17
CLI006767,Juliana Silva Lima,1993-08-08,MG,Servidor Publico,16469.48,756,2026-02-07
CLI006768,Amanda Nunes Rocha,1971-03-24,SP,Autonomo,,715,2023-01-22
CLI006769,Isabela Silva Carvalho,1996-05-04,PR,Empresario,10178.85,522,2025-10-08
CLI006770,Felipe Moraes Pereira,1982-04-06,PA,Autonomo,29355.85,612,2026-01-19
CLI006771,Queren Nunes Lima,1966-12-23,ES,Autonomo,2779.19,604,2021-12-04
CLI006772,Ana Ribeiro Barbosa,1972-07-12,SP,Autonomo,3470.29,690,2026-01-08
CLI006773,Yara Rodrigues Lima,1983-03-22,SP,Profissional Liberal,5476.68,582,2024-07-19
CLI006774,Sabrina Gomes Ferreira,2000-04-22,RS,Assalariado CLT,3819.16,607,2024-04-26
CLI006775,Ana Rocha Rocha,1994-11-24,MG,Profissional Liberal,,523,2022-07-20
CLI006776,Juliana Oliveira Pereira,1991-04-07,MG,Assalariado CLT,6148.32,695,2021-12-25
CLI006777,Thiago Barbosa Almeida,1992-09-26,RJ,Assalariado CLT,2545.94,547,2024-12-17
CLI006778,Marcelo Martins Gomes,1980-08-03,CE,Servidor Publico,5639.63,472,2022-04-09
CLI006779,Sabrina Santos Barbosa,1978-02-01,MT,Autonomo,,617,2026-01-29
CLI006780,Olivia Rocha Silva,1971-12-03,,Assalariado CLT,,638,2022-02-17
CLI006781,Henrique Costa Rocha,1979-10-27,BA,Empresario,2012.86,465,2025-07-24
CLI006782,Diego Souza Ribeiro,1974-05-14,SP,Assalariado CLT,,642,2022-03-18
CLI006783,Ana Oliveira Oliveira,1982-08-23,SP,Assalariado CLT,11057.04,627,2025-07-28
CLI006784,Marcelo Lima Moraes,1987-10-24,SP,Autonomo,5499.45,522,2024-09-27
CLI006785,Diego Ribeiro Ribeiro,1996-05-25,RJ,Empresario,8007.13,342,2022-05-15
CLI006786,Paulo Teixeira Oliveira,1972-06-21,PA,Assalariado CLT,2383.83,208,2024-12-06
CLI006787,Lucas Moraes Barbosa,1972-12-15,GO,Autonomo,4315.01,623,2022-06-11
CLI006788,Henrique Costa Rodrigues,1982-07-15,PR,Assalariado CLT,3053.88,408,2021-10-06
CLI006789,Isabela Almeida Rodrigues,1995-07-29,RS,Assalariado CLT,3435.22,503,2025-12-06
CLI006790,Wagner Pereira Rodrigues,1982-01-13,SP,,1987.77,679,2024-11-18
CLI006791,Sabrina Moraes Souza,1985-07-02,PA,Profissional Liberal,4960.87,452,2022-09-14
CLI006792,Felipe Pereira Rodrigues,1983-05-16,RJ,Aposentado,1201.63,343,2025-06-07
CLI006793,Nelson Costa Pereira,2005-01-08,,Autonomo,10263.25,456,2021-08-26
CLI006794,Rodrigo Lima Almeida,1983-11-30,SC,Profissional Liberal,,474,2024-08-19
CLI006795,Patricia Rocha Lima,1982-10-16,RJ,Empresario,3057.6,727,2024-02-22
CLI006796,Amanda Gomes Rodrigues,1986-07-03,RS,Assalariado CLT,8321.11,577,2026-07-08
CLI006797,Juliana Teixeira Santos,2001-11-05,PR,Profissional Liberal,5865.12,1000,2024-07-20
CLI006798,Olivia Ferreira Araujo,1998-05-10,SP,Assalariado CLT,16727.48,513,2023-09-01
CLI006799,Rafael Souza Pereira,1967-06-05,MG,Autonomo,,636,2022-03-23
CLI006800,Amanda Teixeira Souza,1964-06-30,PR,Assalariado CLT,7186.27,599,2024-03-11
CLI006801,Lucas Ferreira Ribeiro,1969-02-09,BA,Assalariado CLT,3655.15,545,2026-07-26
CLI006802,Rodrigo Almeida Ferreira,2006-10-21,DF,Assalariado CLT,1914.73,724,2024-08-12
CLI006803,Marcelo Gomes Santos,1981-03-18,SP,Empresario,3021.72,732,2022-08-03
CLI006804,Yara Lima Pereira,1979-01-11,PA,Autonomo,5836.28,716,2025-12-19
CLI006805,Juliana Nunes Rocha,1979-12-05,ES,Servidor Publico,7796.37,679,2022-04-08
CLI006806,Joao Souza Ferreira,1986-04-07,BA,Assalariado CLT,3128.23,512,2022-02-22
CLI006807,Diego Pereira Nunes,2005-04-18,PR,Profissional Liberal,3464.02,615,2026-02-12
CLI006808,Thiago Martins Araujo,1982-07-12,RS,Autonomo,5229.7,670,2021-08-28
CLI006809,Ana Barbosa Lima,1969-05-14,SP,Autonomo,2791.16,635,2025-12-27
CLI006810,Ana Ferreira Nunes,1976-09-10,SP,Estudante,,529,2026-06-18
CLI006811,Nelson Lima Carvalho,1977-12-01,CE,Servidor Publico,,628,2025-05-22
CLI006812,Rodrigo Lima Araujo,1988-07-16,CE,,2130.27,701,2024-10-28
CLI006813,Bruno Araujo Martins,1991-03-25,MG,Autonomo,11759.29,772,2024-04-20
CLI006814,Thiago Rodrigues Carvalho,1975-04-29,SP,Assalariado CLT,4644.46,573,2022-06-02
CLI006815,Mariana Gomes Barbosa,1972-12-02,SP,Profissional Liberal,5252.33,665,2023-08-31
CLI006816,Yara Nunes Ferreira,1996-12-10,BA,Assalariado CLT,2491.43,562,2023-06-21
CLI006817,Ursula Souza Santos,2004-07-14,BA,Autonomo,,408,2021-08-20
CLI006818,Queren Araujo Ferreira,2006-12-11,PR,Autonomo,6372.84,539,2024-02-12
CLI006819,Mariana Costa Teixeira,1977-10-14,RS,Estudante,2248.93,771,2021-11-02
CLI006820,Patricia Almeida Almeida,1976-02-07,RS,Autonomo,2461.65,521,2024-12-09
CLI006821,Thiago Rocha Silva,1984-11-05,SC,Autonomo,3379.47,823,2025-05-09
CLI006822,Henrique Costa Gomes,1978-11-20,MG,Autonomo,3713.84,357,2022-10-12
CLI006823,Marcelo Teixeira Costa,1976-07-02,DF,Autonomo,4274.72,608,2021-12-22
CLI006824,Nelson Moraes Nunes,1988-02-26,MG,Autonomo,6637.28,691,2022-12-21
CLI006825,Mariana Rocha Gomes,1978-01-03,RJ,Estudante,6742.48,478,2022-12-18
CLI006826,Zeca Martins Barbosa,1993-10-23,BA,Aposentado,7412.34,472,2024-08-19
CLI006827,Henrique Souza Santos,1989-10-12,SP,Empresario,3479.02,780,2022-10-12
CLI006828,Ursula Rodrigues Nunes,2001-10-06,RS,Assalariado CLT,2105.01,694,2024-02-19
CLI006829,Sabrina Lima Ferreira,1977-01-15,MG,Assalariado CLT,,714,2026-04-05
CLI006830,Zeca Costa Almeida,1980-10-16,MT,Assalariado CLT,1200.0,525,2024-06-11
CLI006831,Nelson Lima Rodrigues,1998-09-28,PR,,3697.62,703,2026-01-15
CLI006832,Mariana Nunes Carvalho,1979-12-03,RS,Autonomo,9116.85,725,2024-04-17
CLI006833,Juliana Teixeira Barbosa,1980-02-22,BA,Assalariado CLT,2106.82,678,2026-05-17
CLI006834,Paulo Silva Pereira,1977-01-27,,Aposentado,27730.53,652,2022-09-11
CLI006835,Ana Teixeira Pereira,1976-11-20,SC,Empresario,,656,2025-03-29
CLI006836,Vinicius Rocha Souza,1991-05-02,CE,Servidor Publico,,674,2022-01-03
CLI006837,Henrique Oliveira Souza,1988-05-30,RJ,Assalariado CLT,3918.14,649,2024-05-04
CLI006838,Zeca Teixeira Carvalho,1981-01-03,MG,Autonomo,4552.47,540,2026-05-26
CLI006839,Gabriela Santos Ferreira,1973-10-16,PR,Aposentado,4720.01,581,2024-08-13
CLI006840,Amanda Carvalho Oliveira,1983-09-26,SP,Assalariado CLT,34947.08,621,2021-10-03
CLI006841,Lucas Ferreira Almeida,1976-05-20,SP,Autonomo,4405.81,670,2022-03-26
CLI006842,Amanda Araujo Teixeira,1958-12-26,SC,Autonomo,3488.27,765,2023-01-27
CLI006843,Diego Araujo Silva,1971-09-22,RJ,Assalariado CLT,19283.44,460,2026-04-17
CLI006844,Mariana Araujo Rocha,2005-07-17,SP,Assalariado CLT,5298.9,655,2023-12-21
CLI006845,Gabriela Barbosa Ferreira,1980-08-25,GO,Assalariado CLT,3768.44,784,2022-03-17
CLI006846,Lucas Araujo Ribeiro,1988-05-14,MG,Assalariado CLT,4826.51,580,2024-03-26
CLI006847,Bruno Carvalho Rocha,1996-04-25,SP,Assalariado CLT,1665.5,543,2023-06-22
CLI006848,Karina Costa Pereira,2001-04-20,RS,Estudante,4782.63,660,2023-06-16
CLI006849,Zeca Pereira Rocha,1993-01-17,CE,Autonomo,5867.25,252,2023-04-30
CLI006850,Patricia Ribeiro Carvalho,2000-01-04,PA,Servidor Publico,3606.33,488,2023-06-30
CLI006851,Ursula Lima Rocha,2000-01-29,PR,Assalariado CLT,13072.84,410,2023-11-08
CLI006852,Queren Souza Oliveira,1986-04-16,DF,,3582.87,508,2022-11-23
CLI006853,Felipe Martins Carvalho,1978-04-08,SC,Estudante,,589,2023-09-24
CLI006854,Paulo Rocha Santos,1975-11-19,BA,Assalariado CLT,3242.61,597,2023-10-28
CLI006855,Olivia Martins Ribeiro,1982-11-16,SP,Assalariado CLT,,789,2025-01-01
CLI006856,Paulo Oliveira Almeida,1986-08-14,SP,Assalariado CLT,4928.14,484,2021-09-19
CLI006857,Yara Gomes Moraes,1974-12-10,MG,Assalariado CLT,6141.43,373,2025-01-23
CLI006858,Ana Pereira Gomes,1995-02-11,SP,Assalariado CLT,9794.86,614,2024-02-25
CLI006859,Patricia Almeida Costa,1971-05-24,RJ,Autonomo,9724.75,613,2023-12-14
CLI006860,Vinicius Moraes Rodrigues,1978-08-12,RS,Autonomo,2179.36,532,2022-02-05
CLI006861,Gabriela Pereira Carvalho,1980-08-07,MG,Empresario,9950.48,599,2023-07-16
CLI006862,Ana Costa Almeida,1992-11-24,MG,Aposentado,,688,2022-10-14
CLI006863,Yara Oliveira Araujo,1992-08-10,MG,Assalariado CLT,4332.59,660,2024-02-11
CLI006864,Diego Oliveira Silva,1979-03-10,PR,Empresario,1200.0,600,2026-02-07
CLI006865,Felipe Almeida Ribeiro,1993-11-01,GO,Assalariado CLT,11580.47,440,2023-01-18
CLI006866,Joao Costa Barbosa,1993-04-01,RS,Empresario,4549.0,460,2023-05-30
CLI006867,Yara Carvalho Barbosa,1985-01-15,RJ,Empresario,10647.98,858,2026-06-02
CLI006868,Patricia Teixeira Teixeira,2007-05-13,SC,Estudante,3149.84,640,2023-05-24
CLI006869,Juliana Martins Almeida,1999-09-15,MG,Servidor Publico,3753.02,531,2022-01-21
CLI006870,Yara Ribeiro Pereira,1972-09-30,MG,Assalariado CLT,8583.51,513,2022-04-27
CLI006871,Zeca Rocha Rodrigues,1983-07-19,MG,Assalariado CLT,12270.84,670,2022-01-29
CLI006872,Isabela Almeida Souza,1967-02-25,RS,Profissional Liberal,6714.78,445,2025-11-09
CLI006873,Mariana Gomes Nunes,1975-10-31,SP,Assalariado CLT,,743,2025-03-02
CLI006874,Isabela Almeida Nunes,1981-03-21,DF,Autonomo,2564.46,625,2023-09-25
CLI006875,Thiago Martins Carvalho,1988-02-26,GO,Autonomo,1200.0,751,2025-08-17
CLI006876,Felipe Nunes Martins,1989-06-01,BA,Assalariado CLT,,658,2024-05-25
CLI006877,Henrique Ribeiro Gomes,1969-08-25,RJ,Assalariado CLT,2187.92,732,2026-08-06
CLI006878,Ana Pereira Costa,1988-01-15,RS,Assalariado CLT,1218.61,567,2026-04-07
CLI006879,Henrique Nunes Oliveira,1990-06-24,RJ,Assalariado CLT,4734.23,594,2024-07-07
CLI006880,Juliana Araujo Lima,1979-12-02,RJ,Assalariado CLT,12446.51,885,2022-06-22
CLI006881,Marcelo Barbosa Martins,1991-12-05,MT,Empresario,,638,2023-01-16
CLI006882,Isabela Rodrigues Rocha,1983-03-26,,Empresario,1850.42,675,2024-02-02
CLI006883,Karina Barbosa Martins,1990-11-29,PA,Empresario,13388.62,803,2026-04-19
CLI006884,Juliana Rodrigues Martins,1980-04-09,RJ,Assalariado CLT,4007.85,654,2025-12-13
CLI006885,Bruno Rocha Santos,1975-01-05,MG,Empresario,,503,2026-02-25
CLI006886,Marcelo Gomes Ferreira,1994-02-06,RS,Assalariado CLT,,621,2023-02-15
CLI006887,Sabrina Pereira Lima,2004-08-14,MG,Profissional Liberal,13809.19,513,2026-08-20
CLI006888,Mariana Rodrigues Ferreira,1976-01-28,CE,Assalariado CLT,5021.35,587,2025-02-23
CLI006889,Ursula Araujo Oliveira,2004-04-05,GO,Autonomo,,611,2025-07-06
CLI006890,Eduarda Barbosa Moraes,1981-07-23,PR,Assalariado CLT,3569.45,470,2025-01-03
CLI006891,Rodrigo Rocha Gomes,1987-08-01,BA,Servidor Publico,7215.96,604,2022-02-12
CLI006892,Zeca Silva Oliveira,2006-12-24,SC,Assalariado CLT,,833,2022-02-02
CLI006893,Bruno Carvalho Rocha,1979-11-26,RJ,Assalariado CLT,4045.66,867,2022-04-09
CLI006894,Karina Rocha Teixeira,1974-03-09,SP,Autonomo,5200.29,448,2022-08-13
CLI006895,Gabriela Pereira Carvalho,1990-12-06,,Assalariado CLT,8558.11,832,2025-10-03
CLI006896,Isabela Barbosa Costa,1983-12-12,PR,Autonomo,1200.0,909,2021-11-06
CLI006897,Joao Teixeira Lima,2003-01-02,ES,Assalariado CLT,,739,2026-02-21
CLI006898,Diego Oliveira Teixeira,1995-04-05,MG,Assalariado CLT,3685.92,680,2024-03-22
CLI006899,Felipe Souza Rocha,2005-03-22,SP,Autonomo,5622.75,597,2022-10-27
CLI006900,Gabriela Souza Nunes,1982-05-21,SP,Assalariado CLT,4393.34,446,2022-07-14
CLI006901,Patricia Teixeira Martins,1981-08-26,BA,Assalariado CLT,,560,2024-07-19
CLI006902,Sabrina Gomes Oliveira,1983-12-16,SP,Assalariado CLT,8696.54,706,2023-03-14
CLI006903,Carla Teixeira Ribeiro,2006-10-18,MG,Servidor Publico,,785,2025-04-09
CLI006904,Eduarda Costa Souza,1983-02-28,RJ,Aposentado,5143.45,470,2024-07-13
CLI006905,Gabriela Lima Oliveira,1987-06-05,,Assalariado CLT,,717,2023-02-20
CLI006906,Nelson Araujo Rocha,1960-08-05,GO,Aposentado,1200.0,543,2024-05-12
CLI006907,Yara Almeida Souza,1969-11-08,BA,Servidor Publico,3466.87,588,2025-11-02
CLI006908,Wagner Souza Silva,2002-02-24,SP,Assalariado CLT,,527,2026-04-01
CLI006909,Patricia Almeida Lima,2001-02-10,CE,Aposentado,2606.59,517,2024-08-26
CLI006910,Nelson Silva Carvalho,2004-10-28,BA,Assalariado CLT,8766.04,826,2023-10-17
CLI006911,Vinicius Ferreira Araujo,1971-12-10,RJ,Assalariado CLT,5032.03,467,2024-03-21
CLI006912,Henrique Silva Araujo,2003-01-07,MG,Assalariado CLT,2763.0,642,2024-02-28
CLI006913,Carla Santos Pereira,1995-03-10,BA,Profissional Liberal,6122.06,649,2024-12-03
CLI006914,Eduarda Barbosa Souza,1981-04-08,RJ,Assalariado CLT,,598,2022-11-12
CLI006915,Marcelo Carvalho Almeida,1984-07-16,RJ,Autonomo,4987.27,559,2024-04-19
CLI006916,Bruno Araujo Souza,1994-07-21,ES,Assalariado CLT,3114.38,666,2024-04-09
CLI006917,Juliana Teixeira Almeida,1979-03-17,SP,Assalariado CLT,8209.1,645,2024-10-22
CLI006918,Bruno Moraes Barbosa,1968-12-11,SP,Assalariado CLT,5477.05,555,2025-03-13
CLI006919,Mariana Carvalho Silva,1975-10-05,PR,Assalariado CLT,,608,2023-08-21
CLI006920,Isabela Souza Teixeira,1982-06-22,RJ,Assalariado CLT,,789,2021-10-06
CLI006921,Patricia Silva Silva,1976-05-12,GO,Autonomo,2407.6,570,2023-12-29
CLI006922,Mariana Silva Rocha,1979-06-01,MG,Autonomo,4733.94,287,2024-01-27
CLI006923,Isabela Santos Rodrigues,1976-01-15,GO,Autonomo,6555.97,508,2023-03-17
CLI006924,Zeca Lima Santos,1982-10-31,GO,Assalariado CLT,2413.51,800,2024-04-24
CLI006925,Rodrigo Rocha Barbosa,1995-12-17,ES,Empresario,1831.96,633,2023-04-17
CLI006926,Diego Costa Barbosa,2007-05-03,RJ,Empresario,5255.57,544,2025-04-17
CLI006927,Wagner Souza Santos,1984-11-09,ES,Profissional Liberal,,401,2024-12-03
CLI006928,Ana Costa Barbosa,1998-11-22,BA,Profissional Liberal,5153.2,507,2026-07-25
CLI006929,Isabela Oliveira Pereira,1980-12-17,MG,Assalariado CLT,1865.85,560,2022-12-18
CLI006930,Marcelo Martins Teixeira,1975-06-06,MG,Assalariado CLT,,646,2025-08-27
CLI006931,Juliana Costa Rocha,1982-01-05,RJ,Aposentado,,418,2025-09-15
CLI006932,Eduarda Souza Araujo,1985-08-11,BA,Autonomo,3642.15,779,2023-01-10
CLI006933,Paulo Araujo Ferreira,1983-02-13,SC,Assalariado CLT,2735.85,832,2026-06-07
CLI006934,Nelson Martins Gomes,1980-05-14,SC,Assalariado CLT,6835.36,690,2024-02-07
CLI006935,Wagner Oliveira Santos,1978-07-08,SP,Assalariado CLT,,533,2026-05-20
CLI006936,Nelson Ribeiro Silva,1976-01-18,SP,Assalariado CLT,4221.25,668,2024-09-07
CLI006937,Patricia Martins Lima,1980-10-13,MG,Empresario,17018.69,613,2025-10-18
CLI006938,Rafael Lima Rodrigues,1979-06-16,SP,Aposentado,,715,2021-11-06
CLI006939,Wagner Silva Ribeiro,1987-06-09,PR,Empresario,1200.0,808,2022-04-14
CLI006940,Sabrina Ferreira Nunes,1982-02-26,SP,Assalariado CLT,17042.06,727,2024-06-16
CLI006941,Rodrigo Rocha Lima,1978-04-21,GO,Assalariado CLT,4537.4,658,2026-07-04
CLI006942,Eduarda Barbosa Costa,1979-06-14,PA,Profissional Liberal,5137.08,521,2025-12-12
CLI006943,Nelson Pereira Lima,1990-06-10,SP,Servidor Publico,7824.85,593,2023-03-26
CLI006944,Sabrina Araujo Martins,1988-08-02,SP,Profissional Liberal,8003.42,792,2025-12-02
CLI006945,Yara Costa Almeida,1996-01-27,MG,Empresario,,572,2023-07-01
CLI006946,Joao Ribeiro Teixeira,1990-10-31,CE,Autonomo,8724.94,688,2025-08-29
CLI006947,Olivia Rodrigues Lima,2007-05-23,SP,Estudante,1739.96,562,2024-06-27
CLI006948,Carla Lima Oliveira,2007-07-06,MG,Assalariado CLT,2628.27,820,2024-09-27
CLI006949,Thiago Souza Moraes,2006-06-29,RS,Assalariado CLT,3808.29,605,2023-03-21
CLI006950,Ana Costa Silva,1985-10-29,SP,Autonomo,3038.26,656,2022-11-07
CLI006951,Vinicius Silva Silva,1999-11-04,MG,Empresario,5766.34,433,2025-03-13
CLI006952,Vinicius Barbosa Costa,1987-07-24,MG,Autonomo,4332.46,677,2021-12-27
CLI006953,Thiago Lima Martins,1985-12-26,SC,Autonomo,,588,2026-04-17
CLI006954,Rafael Nunes Oliveira,1984-04-29,SP,Assalariado CLT,,592,2025-04-27
CLI006955,Bruno Almeida Lima,1965-12-28,RJ,Assalariado CLT,1520.77,823,2022-09-04
CLI006956,Thiago Almeida Martins,1986-08-27,SP,Assalariado CLT,7396.95,700,2025-09-03
CLI006957,Nelson Costa Santos,1984-07-22,GO,Assalariado CLT,3152.21,444,2023-02-20
CLI006958,Mariana Moraes Martins,1993-12-21,,Assalariado CLT,6649.41,578,2026-08-20
CLI006959,Wagner Rodrigues Martins,1993-02-14,RJ,Autonomo,3290.31,530,2023-06-19
CLI006960,Ursula Martins Gomes,1963-07-09,SP,Empresario,3571.82,472,2022-07-18
CLI006961,Felipe Almeida Araujo,1992-06-27,SP,Assalariado CLT,3801.25,644,2024-10-27
CLI006962,Zeca Almeida Santos,1987-11-25,SP,Profissional Liberal,36366.36,605,2026-03-10
CLI006963,Isabela Martins Pereira,1983-07-24,PR,Autonomo,,567,2023-08-25
CLI006964,Zeca Araujo Barbosa,1985-11-29,SP,Assalariado CLT,10142.58,784,2022-01-04
CLI006965,Carla Pereira Souza,1993-12-21,BA,Profissional Liberal,4893.81,632,2023-11-05
CLI006966,Karina Souza Almeida,1988-01-14,PA,Profissional Liberal,,805,2021-12-25
CLI006967,Eduarda Almeida Costa,1999-01-31,SP,Assalariado CLT,5514.08,609,2024-11-23
CLI006968,Marcelo Barbosa Moraes,1984-05-20,SP,Autonomo,4454.72,419,2026-05-05
CLI006969,Rafael Rocha Almeida,1977-02-26,BA,Autonomo,4533.94,467,2022-09-14
CLI006970,Diego Pereira Nunes,1975-04-12,PE,Servidor Publico,9562.77,509,2024-11-07
CLI006971,Amanda Barbosa Moraes,1980-04-10,RS,Autonomo,12150.39,769,2024-09-10
CLI006972,Zeca Moraes Moraes,1963-10-24,MT,Autonomo,3176.93,820,2023-01-11
CLI006973,Mariana Rocha Ferreira,1997-10-31,MG,Assalariado CLT,2964.02,672,2023-09-13
CLI006974,Isabela Souza Araujo,1990-09-14,BA,Assalariado CLT,3734.21,641,2024-05-18
CLI006975,Sabrina Rodrigues Gomes,2002-01-14,SP,Autonomo,4013.29,791,2023-10-03
CLI006976,Wagner Carvalho Gomes,1978-12-20,SC,Empresario,7160.14,822,2025-08-17
CLI006977,Bruno Ribeiro Santos,2007-07-24,SP,Assalariado CLT,2235.55,605,2026-07-07
CLI006978,Queren Rodrigues Ribeiro,1998-11-17,CE,Autonomo,2959.88,807,2022-12-16
CLI006979,Gabriela Araujo Santos,1990-01-31,MT,Assalariado CLT,8412.67,574,2023-09-28
CLI006980,Henrique Moraes Santos,1976-03-11,MG,Servidor Publico,5475.85,457,2024-10-04
CLI006981,Rafael Teixeira Teixeira,1983-08-30,SP,Assalariado CLT,6574.1,624,2024-10-29
CLI006982,Juliana Souza Gomes,1983-11-01,BA,Estudante,7146.42,571,2023-02-22
CLI006983,Nelson Oliveira Ferreira,2000-10-29,SP,Assalariado CLT,2602.6,752,2024-01-26
CLI006984,Eduarda Almeida Rocha,1976-01-12,SP,Assalariado CLT,3432.91,464,2022-05-01
CLI006985,Rafael Teixeira Almeida,1980-12-09,ES,,3469.94,492,2022-09-13
CLI006986,Juliana Moraes Ferreira,1996-12-04,PE,Profissional Liberal,3242.5,662,2025-10-06
CLI006987,Mariana Souza Almeida,1980-11-18,PR,Assalariado CLT,,572,2025-07-24
CLI006988,Mariana Ribeiro Carvalho,1983-07-13,MG,Assalariado CLT,1200.0,712,2022-12-09
CLI006989,Karina Moraes Nunes,1997-09-01,MG,Empresario,,789,2024-04-30
CLI006990,Marcelo Nunes Souza,1980-10-23,SP,Assalariado CLT,,679,2025-11-28
CLI006991,Eduarda Rocha Nunes,2007-03-22,SP,Autonomo,8521.77,732,2025-12-09
CLI006992,Yara Rodrigues Moraes,1972-01-16,SP,Assalariado CLT,9371.45,651,2024-04-12
CLI006993,Rodrigo Oliveira Rodrigues,1991-07-14,RJ,Assalariado CLT,6101.69,529,2024-06-04
CLI006994,Gabriela Ferreira Silva,1992-11-27,RS,Autonomo,3864.21,598,2022-10-19
CLI006995,Joao Ferreira Barbosa,1981-05-24,SP,Profissional Liberal,4571.03,581,2023-04-03
CLI006996,Eduarda Ribeiro Silva,1992-10-12,RJ,,3829.51,624,2022-09-01
CLI006997,Patricia Ribeiro Araujo,1989-01-12,PR,Assalariado CLT,5662.8,553,2026-01-30
CLI006998,Sabrina Moraes Nunes,1993-09-27,SP,Assalariado CLT,14342.11,802,2025-09-25
CLI006999,Eduarda Oliveira Teixeira,1975-07-02,SC,Empresario,8199.69,718,2023-12-18
CLI007000,Wagner Moraes Almeida,1980-09-09,RJ,Estudante,6679.84,423,2025-07-26
CLI007001,Amanda Oliveira Pereira,1985-02-13,SP,Autonomo,4485.34,424,2023-08-23
CLI007002,Yara Almeida Souza,1988-08-15,RJ,,3754.51,589,2025-02-14
CLI007003,Zeca Almeida Lima,1985-03-30,BA,Assalariado CLT,3966.11,528,2026-08-09
CLI007004,Henrique Ribeiro Almeida,1976-05-19,PE,Assalariado CLT,3920.41,820,2023-03-02
CLI007005,Ana Ribeiro Nunes,1977-11-03,BA,Assalariado CLT,5472.18,553,2023-03-25
CLI007006,Felipe Ribeiro Carvalho,1985-10-08,SP,Autonomo,4098.98,646,2024-05-14
CLI007007,Rodrigo Ferreira Nunes,1993-08-16,SP,Autonomo,3866.97,606,2024-01-24
CLI007008,Queren Araujo Silva,1994-08-21,SP,Assalariado CLT,2057.64,558,2023-02-21
CLI007009,Karina Silva Ribeiro,1984-01-25,PA,Assalariado CLT,2657.42,829,2021-09-01
CLI007010,Ana Silva Ribeiro,1990-09-29,RS,Servidor Publico,,731,2024-11-19
CLI007011,Zeca Gomes Moraes,1984-10-07,RJ,Empresario,6540.21,504,2023-10-17
CLI007012,Patricia Pereira Martins,1968-11-28,SP,Assalariado CLT,8537.61,573,2026-04-19
CLI007013,Eduarda Nunes Ribeiro,1972-06-04,RJ,Empresario,1984.22,394,2022-08-07
CLI007014,Bruno Rodrigues Gomes,1996-05-13,RJ,Assalariado CLT,,755,2024-09-19
CLI007015,Lucas Lima Pereira,2007-05-27,RJ,,3786.04,901,2024-01-29
CLI007016,Joao Martins Almeida,1982-03-31,PE,Autonomo,,751,2022-11-11
CLI007017,Paulo Pereira Araujo,1985-09-06,SP,Assalariado CLT,11841.74,879,2023-06-16
CLI007018,Bruno Ferreira Oliveira,1992-10-20,SP,,6697.06,548,2021-11-23
CLI007019,Yara Moraes Pereira,1987-12-27,MT,Assalariado CLT,2676.81,494,2022-02-06
CLI007020,Mariana Pereira Barbosa,1953-01-11,PE,Aposentado,10310.86,555,2023-03-04
CLI007021,Ursula Santos Souza,1998-11-29,SP,Aposentado,5409.8,721,2022-09-30
CLI007022,Joao Pereira Gomes,1998-04-21,DF,Autonomo,5647.56,600,2025-03-19
CLI007023,Lucas Costa Ferreira,1993-04-05,SP,Estudante,9731.37,564,2024-11-22
CLI007024,Carla Barbosa Martins,2006-09-22,RJ,Assalariado CLT,7701.8,697,2026-02-28
CLI007025,Sabrina Carvalho Santos,1982-04-16,RJ,Autonomo,2430.71,424,2023-05-30
CLI007026,Olivia Moraes Rodrigues,1995-07-06,SP,Autonomo,1669.61,757,2021-09-03
CLI007027,Amanda Lima Silva,1977-06-13,RJ,Estudante,7683.04,574,2025-02-02
CLI007028,Joao Araujo Teixeira,1996-11-27,DF,Aposentado,11211.65,682,2021-11-11
CLI007029,Henrique Martins Costa,1990-07-22,ES,Profissional Liberal,8760.43,539,2024-06-09
CLI007030,Rodrigo Souza Oliveira,1985-10-31,SP,Empresario,6798.9,626,2024-11-15
CLI007031,Ana Gomes Ribeiro,1988-06-22,PR,Aposentado,11378.81,419,2023-02-07
CLI007032,Vinicius Rocha Teixeira,1985-03-13,RJ,Empresario,4869.59,526,2023-04-02
CLI007033,Queren Silva Martins,1970-09-27,MG,Autonomo,,758,2022-09-11
CLI007034,Felipe Araujo Carvalho,1996-09-27,SP,Servidor Publico,17434.59,769,2024-09-08
CLI007035,Henrique Ribeiro Ribeiro,1976-09-24,SC,Aposentado,8293.98,510,2023-03-14
CLI007036,Olivia Rodrigues Carvalho,1978-02-16,SP,Assalariado CLT,3696.72,624,2024-09-13
CLI007037,Sabrina Souza Carvalho,1966-08-05,SP,Autonomo,,534,2025-09-02
CLI007038,Zeca Gomes Rocha,2003-08-30,PR,Autonomo,,561,2026-07-29
CLI007039,Ana Carvalho Oliveira,1992-06-11,RJ,Servidor Publico,15173.38,513,2022-04-29
CLI007040,Thiago Moraes Nunes,1967-01-27,SP,Empresario,5225.17,675,2026-04-12
CLI007041,Patricia Barbosa Costa,1964-03-25,CE,,4120.39,738,2024-10-28
CLI007042,Queren Rocha Rodrigues,1994-04-24,SP,Assalariado CLT,6266.46,409,2022-09-08
CLI007043,Ana Ribeiro Barbosa,1965-08-14,CE,Assalariado CLT,2110.99,764,2022-12-29
CLI007044,Felipe Costa Costa,1992-03-20,GO,Assalariado CLT,,595,2025-02-28
CLI007045,Lucas Ferreira Lima,1977-02-13,BA,,,737,2026-02-25
CLI007046,Yara Pereira Moraes,1983-12-28,ES,,5183.07,589,2022-01-27
CLI007047,Ana Lima Almeida,1964-07-22,MG,Assalariado CLT,3664.65,540,2022-03-21
CLI007048,Queren Carvalho Pereira,2003-09-04,PR,Empresario,7568.13,739,2024-11-04
CLI007049,Marcelo Moraes Nunes,1985-04-29,PR,Assalariado CLT,4616.94,515,2022-11-23
CLI007050,Olivia Nunes Souza,1979-10-18,,Servidor Publico,4114.5,736,2023-01-12
CLI007051,Eduarda Ribeiro Martins,1974-05-06,MG,Assalariado CLT,3216.27,357,2021-10-29
CLI007052,Nelson Rodrigues Rocha,1993-01-21,PA,Autonomo,4164.32,468,2026-01-18
CLI007053,Sabrina Carvalho Nunes,1988-02-01,BA,Assalariado CLT,7784.57,824,2022-09-01
CLI007054,Juliana Ribeiro Martins,1991-10-24,PA,Autonomo,2452.68,711,2023-02-23
CLI007055,Nelson Martins Pereira,1983-06-25,MG,Servidor Publico,,673,2022-11-11
CLI007056,Ursula Almeida Araujo,1988-10-07,BA,Assalariado CLT,2320.53,736,2026-06-14
CLI007057,Ursula Pereira Ferreira,1986-04-19,GO,Autonomo,4617.7,604,2024-08-03
CLI007058,Paulo Almeida Souza,1982-03-23,SP,Assalariado CLT,3280.68,403,2022-07-18
CLI007059,Thiago Silva Ribeiro,1998-09-18,SP,Assalariado CLT,3194.92,690,2024-11-25
CLI007060,Wagner Carvalho Gomes,1966-06-07,PR,Assalariado CLT,,664,2023-12-08
CLI007061,Gabriela Rodrigues Araujo,1992-08-27,SP,Assalariado CLT,5648.89,590,2024-07-30
CLI007062,Sabrina Rocha Moraes,1979-10-04,MG,Autonomo,4599.62,399,2022-09-02
CLI007063,Felipe Nunes Martins,1989-03-08,RJ,Servidor Publico,5502.84,838,2023-05-29
CLI007064,Amanda Ribeiro Oliveira,1982-08-07,SP,Assalariado CLT,6023.59,666,2026-06-27
CLI007065,Felipe Santos Silva,1992-03-06,PR,,5088.89,676,2022-08-08
CLI007066,Eduarda Lima Rocha,1996-10-14,SP,Aposentado,1484.62,784,2026-03-26
CLI007067,Ursula Carvalho Nunes,1985-09-02,GO,Profissional Liberal,4475.72,477,2026-01-19
CLI007068,Felipe Teixeira Pereira,1973-05-04,SP,Profissional Liberal,5113.96,493,2023-09-21
CLI007069,Vinicius Moraes Gomes,1960-04-09,PR,Profissional Liberal,3598.9,566,2021-11-07
CLI007070,Marcelo Ferreira Souza,1994-11-11,GO,Assalariado CLT,4924.44,784,2024-12-13
CLI007071,Vinicius Santos Rocha,1987-04-30,PE,Profissional Liberal,1743.92,533,2023-10-26
CLI007072,Marcelo Oliveira Nunes,2003-07-16,ES,Autonomo,4138.15,551,2025-07-15
CLI007073,Ursula Gomes Pereira,1973-09-13,RJ,Assalariado CLT,9392.38,896,2024-04-28
CLI007074,Juliana Almeida Santos,1975-05-30,CE,Assalariado CLT,5424.25,838,2026-05-04
CLI007075,Diego Martins Martins,2007-02-23,MT,Assalariado CLT,6593.19,765,2024-03-23
CLI007076,Paulo Araujo Martins,1980-09-02,BA,Autonomo,1328.42,587,2023-04-29
CLI007077,Gabriela Souza Costa,1986-12-14,SP,Estudante,1314.12,819,2026-05-02
CLI007078,Ana Lima Barbosa,1979-07-03,ES,Assalariado CLT,3339.89,492,2023-02-01
CLI007079,Ana Teixeira Almeida,1974-10-03,SC,Assalariado CLT,2288.33,600,2022-10-03
CLI007080,Thiago Souza Ferreira,1973-05-04,GO,Autonomo,,643,2023-11-22
CLI007081,Wagner Rocha Moraes,1983-06-16,PR,Aposentado,4308.68,437,2022-04-08
CLI007082,Henrique Rocha Oliveira,1977-09-04,RJ,Assalariado CLT,2358.4,659,2021-11-16
CLI007083,Paulo Souza Pereira,1993-08-18,GO,Autonomo,8398.33,546,2024-06-12
CLI007084,Henrique Martins Pereira,1973-05-31,RJ,Aposentado,4920.73,643,2025-04-14
CLI007085,Yara Moraes Oliveira,1985-08-22,BA,Empresario,4616.67,709,2021-10-31
CLI007086,Wagner Nunes Barbosa,1984-06-19,,Autonomo,10225.29,560,2024-03-29
CLI007087,Mariana Ferreira Moraes,1994-05-01,SP,Autonomo,18066.8,698,2023-05-17
CLI007088,Thiago Carvalho Silva,1982-01-18,RJ,Autonomo,12287.54,691,2022-02-12
CLI007089,Wagner Pereira Oliveira,1972-02-01,PE,Autonomo,5875.49,694,2023-06-29
CLI007090,Rodrigo Oliveira Pereira,1981-12-10,PE,Assalariado CLT,5011.47,776,2022-01-18
CLI007091,Sabrina Nunes Silva,1977-04-09,RS,Empresario,2981.98,687,2026-07-01
CLI007092,Eduarda Araujo Teixeira,1966-04-16,BA,Assalariado CLT,4136.15,614,2024-10-17
CLI007093,Nelson Teixeira Rodrigues,2004-04-25,SP,Servidor Publico,6190.81,467,2022-02-06
CLI007094,Queren Santos Moraes,1988-02-29,PE,Autonomo,3243.09,871,2025-02-04
CLI007095,Olivia Silva Oliveira,1992-10-11,SP,Assalariado CLT,,422,2026-03-20
CLI007096,Ana Costa Rocha,2004-06-20,SP,Assalariado CLT,11970.68,464,2023-09-18
CLI007097,Diego Almeida Rocha,1984-06-05,SP,Empresario,,338,2023-02-06
CLI007098,Diego Barbosa Almeida,1989-02-28,SP,Empresario,4413.85,396,2022-04-26
CLI007099,Felipe Martins Carvalho,1976-08-16,PR,Servidor Publico,8526.69,457,2025-06-29
CLI007100,Eduarda Teixeira Silva,1972-04-08,SP,Assalariado CLT,4105.29,671,2026-02-12
CLI007101,Patricia Teixeira Ribeiro,1991-06-30,BA,Servidor Publico,1846.49,695,2025-08-15
CLI007102,Henrique Rocha Ferreira,1972-09-09,ES,Assalariado CLT,9841.81,571,2021-09-08
CLI007103,Patricia Rocha Pereira,1996-08-25,RJ,Servidor Publico,2945.44,545,2023-12-19
CLI007104,Queren Moraes Santos,1967-02-24,SP,Assalariado CLT,4649.49,678,2023-03-14
CLI007105,Joao Ribeiro Rodrigues,1992-04-10,RS,Assalariado CLT,15743.97,548,2025-09-04
CLI007106,Wagner Teixeira Souza,1997-01-06,SP,,4634.06,413,2023-09-03
CLI007107,Queren Almeida Costa,1976-09-29,,,6105.91,623,2024-01-28
CLI007108,Eduarda Oliveira Silva,1964-05-18,SP,Assalariado CLT,1480.18,562,2022-10-31
CLI007109,Juliana Carvalho Teixeira,2006-11-11,ES,Servidor Publico,,783,2023-11-12
CLI007110,Diego Araujo Lima,1977-11-18,RS,Assalariado CLT,1501.64,815,2025-11-19
CLI007111,Bruno Moraes Carvalho,2007-05-18,BA,Assalariado CLT,,667,2026-08-19
CLI007112,Eduarda Oliveira Silva,1998-07-14,RJ,Assalariado CLT,2284.9,561,2023-12-03
CLI007113,Bruno Pereira Santos,1991-04-24,RS,Assalariado CLT,1817.1,647,2022-01-17
CLI007114,Henrique Costa Teixeira,1987-06-26,MG,Autonomo,3409.47,813,2025-06-12
CLI007115,Yara Barbosa Rodrigues,2000-10-09,SP,Autonomo,2470.86,846,2024-06-10
CLI007116,Karina Ferreira Souza,2005-09-07,DF,Assalariado CLT,6276.84,486,2024-06-13
CLI007117,Nelson Lima Ferreira,1996-12-05,PR,Assalariado CLT,6254.86,499,2024-10-23
CLI007118,Paulo Barbosa Nunes,1972-04-21,MG,Autonomo,3163.38,950,2021-10-01
CLI007119,Queren Gomes Souza,1988-08-29,SP,Estudante,7487.86,530,2022-10-26
CLI007120,Thiago Silva Martins,1976-03-28,RJ,Assalariado CLT,9382.58,680,2022-06-28
CLI007121,Gabriela Rocha Souza,1977-05-28,MG,Assalariado CLT,3073.89,798,2022-02-17
CLI007122,Ana Santos Moraes,1983-02-27,SC,Assalariado CLT,4138.14,398,2024-08-19
CLI007123,Queren Silva Nunes,1975-03-15,PR,Assalariado CLT,,564,2025-07-27
CLI007124,Zeca Almeida Carvalho,1989-04-21,SP,Assalariado CLT,9136.15,491,2023-02-09
CLI007125,Rodrigo Almeida Nunes,2002-11-30,CE,,7056.94,400,2023-06-26
CLI007126,Felipe Gomes Almeida,1978-11-15,RS,Aposentado,4205.3,342,2023-05-13
CLI007127,Yara Gomes Moraes,1980-02-05,BA,Servidor Publico,8598.42,385,2024-01-07
CLI007128,Ana Carvalho Pereira,1989-10-09,SP,,10971.18,771,2026-03-25
CLI007129,Queren Nunes Ferreira,1985-12-17,PR,Aposentado,7016.65,691,2022-09-09
CLI007130,Patricia Martins Rocha,1995-07-14,GO,Empresario,5199.24,459,2026-03-27
CLI007131,Paulo Souza Moraes,1977-12-29,MG,Assalariado CLT,4033.93,609,2024-08-04
CLI007132,Henrique Pereira Teixeira,1985-10-31,MG,Assalariado CLT,5886.06,535,2023-03-07
CLI007133,Rodrigo Santos Ribeiro,1995-02-05,CE,Assalariado CLT,1345.34,590,2023-11-27
CLI007134,Patricia Ferreira Oliveira,1985-10-31,SP,Assalariado CLT,2229.72,580,2022-02-15
CLI007135,Isabela Barbosa Moraes,1995-01-28,PR,Autonomo,,426,2023-05-01
CLI007136,Rodrigo Rocha Teixeira,1988-08-12,SP,Autonomo,3347.68,898,2025-12-22
CLI007137,Zeca Rodrigues Santos,1973-04-07,MG,Assalariado CLT,4127.09,621,2022-10-29
CLI007138,Eduarda Martins Ribeiro,2003-11-22,MT,Assalariado CLT,3766.25,589,2025-04-27
CLI007139,Joao Teixeira Santos,1997-01-28,ES,Profissional Liberal,3109.57,821,2025-01-07
CLI007140,Lucas Moraes Barbosa,1975-05-04,DF,Servidor Publico,2765.21,828,2021-12-13
CLI007141,Paulo Pereira Ferreira,1980-06-23,SP,Empresario,5059.56,376,2023-02-28
CLI007142,Amanda Ferreira Santos,1994-06-27,CE,Profissional Liberal,2093.41,462,2022-10-30
CLI007143,Sabrina Almeida Ribeiro,2001-12-19,SP,,2415.43,703,2024-04-06
CLI007144,Juliana Araujo Ribeiro,1996-09-09,SP,Assalariado CLT,,615,2026-04-29
CLI007145,Bruno Oliveira Pereira,1984-07-30,SP,Assalariado CLT,3658.53,619,2026-03-27
CLI007146,Juliana Oliveira Gomes,1983-01-01,MG,Assalariado CLT,4543.63,703,2023-12-23
CLI007147,Rodrigo Ferreira Souza,1964-12-02,SC,Assalariado CLT,10259.6,591,2022-04-17
CLI007148,Marcelo Rocha Rodrigues,1995-08-06,PE,Servidor Publico,4596.56,605,2025-09-19
CLI007149,Henrique Nunes Carvalho,1972-05-30,SP,Empresario,10795.4,528,2024-05-17
CLI007150,Paulo Teixeira Teixeira,1997-04-29,SP,Aposentado,13077.03,531,2025-02-14
CLI007151,Thiago Souza Araujo,1994-11-07,,Servidor Publico,,572,2023-10-26
CLI007152,Lucas Araujo Teixeira,1981-03-12,SP,Empresario,6764.12,748,2022-11-08
CLI007153,Wagner Nunes Rocha,1960-09-29,ES,Aposentado,2545.97,745,2026-03-27
CLI007154,Patricia Carvalho Costa,1971-03-07,BA,Autonomo,1200.0,667,2026-04-08
CLI007155,Wagner Gomes Araujo,1994-05-17,CE,Profissional Liberal,4405.97,400,2025-03-13
CLI007156,Lucas Nunes Ferreira,1989-08-28,CE,Assalariado CLT,5861.32,696,2022-12-15
CLI007157,Yara Rocha Rocha,1969-12-31,SP,Servidor Publico,1931.74,726,2023-05-13
CLI007158,Paulo Costa Ferreira,2007-05-08,RJ,Servidor Publico,1200.0,443,2025-11-25
CLI007159,Bruno Oliveira Ferreira,1977-12-01,RS,Empresario,3983.86,421,2024-05-01
CLI007160,Diego Nunes Rodrigues,1965-08-20,BA,Empresario,6602.76,391,2025-02-04
CLI007161,Queren Souza Almeida,1975-10-25,ES,Assalariado CLT,5856.72,586,2023-04-04
CLI007162,Eduarda Barbosa Gomes,1981-09-15,SP,,2006.74,531,2022-05-15
CLI007163,Marcelo Souza Moraes,1994-08-02,BA,Autonomo,9183.81,695,2026-08-10
CLI007164,Mariana Almeida Gomes,1997-08-05,PA,Autonomo,5591.47,436,2023-04-25
CLI007165,Patricia Silva Ribeiro,1980-06-29,SC,Autonomo,3220.79,713,2025-06-29
CLI007166,Amanda Barbosa Teixeira,2007-05-06,ES,Assalariado CLT,,745,2025-08-03
CLI007167,Karina Pereira Nunes,2007-02-22,SP,Empresario,6529.39,479,2023-10-13
CLI007168,Wagner Costa Moraes,1976-05-14,SP,Assalariado CLT,2577.84,540,2026-01-15
CLI007169,Juliana Nunes Ferreira,2007-03-07,SP,Assalariado CLT,2790.9,778,2022-01-20
CLI007170,Juliana Barbosa Barbosa,1994-10-21,GO,,3182.74,288,2023-10-02
CLI007171,Thiago Rocha Rocha,1982-01-07,RJ,Aposentado,1709.45,454,2025-08-10
CLI007172,Isabela Ferreira Costa,1979-05-24,SP,Profissional Liberal,3310.92,516,2024-03-01
CLI007173,Bruno Araujo Moraes,1971-10-17,SC,Assalariado CLT,13832.39,501,2022-01-11
CLI007174,Marcelo Ribeiro Nunes,1980-09-04,SP,Servidor Publico,3768.47,549,2022-07-29
CLI007175,Mariana Santos Nunes,1993-07-20,RJ,Assalariado CLT,2366.65,726,2024-11-17
CLI007176,Henrique Barbosa Souza,1981-05-16,ES,Servidor Publico,13427.12,637,2026-02-14
CLI007177,Felipe Silva Oliveira,1999-01-01,ES,Autonomo,4118.57,636,2025-03-25
CLI007178,Bruno Carvalho Souza,2007-08-04,DF,Aposentado,6870.08,633,2022-09-24
CLI007179,Eduarda Costa Ribeiro,1991-02-25,RS,Estudante,3148.62,500,2024-04-07
CLI007180,Henrique Oliveira Almeida,1996-10-19,SP,Autonomo,,475,2023-07-06
CLI007181,Carla Teixeira Barbosa,2007-03-26,RS,Autonomo,4770.17,469,2024-01-29
CLI007182,Patricia Santos Gomes,1996-04-09,ES,Estudante,8507.31,480,2023-07-12
CLI007183,Vinicius Almeida Costa,1986-04-10,BA,Empresario,4457.13,502,2021-11-04
CLI007184,Bruno Silva Santos,1984-01-07,SC,Assalariado CLT,1976.04,563,2026-05-12
CLI007185,Mariana Santos Costa,1972-06-01,PR,Assalariado CLT,9212.19,649,2026-01-05
CLI007186,Joao Costa Carvalho,1983-06-13,SP,Assalariado CLT,6591.49,420,2026-07-17
CLI007187,Queren Carvalho Pereira,1997-03-31,MG,Autonomo,2129.29,589,2025-07-29
CLI007188,Nelson Costa Silva,1985-05-04,RS,Autonomo,2282.8,797,2023-01-06
CLI007189,Ursula Araujo Nunes,1981-09-04,SP,Assalariado CLT,4652.89,731,2022-05-30
CLI007190,Diego Araujo Teixeira,1969-06-12,PE,Profissional Liberal,,469,2025-06-27
CLI007191,Sabrina Carvalho Carvalho,2002-04-24,BA,Assalariado CLT,,388,2023-01-05
CLI007192,Diego Lima Souza,1974-11-09,CE,Empresario,2507.95,554,2022-04-02
CLI007193,Paulo Barbosa Pereira,1988-11-02,BA,Assalariado CLT,,412,2023-05-06
CLI007194,Yara Costa Costa,1977-05-21,DF,Profissional Liberal,4169.85,743,2025-07-02
CLI007195,Ana Barbosa Souza,2001-04-28,SP,,2602.53,490,2024-11-13
CLI007196,Isabela Costa Barbosa,2001-01-28,SP,Assalariado CLT,,691,2023-06-09
CLI007197,Yara Martins Costa,1987-05-08,ES,Servidor Publico,6018.9,600,2026-07-26
CLI007198,Patricia Lima Barbosa,1968-01-01,RS,Assalariado CLT,,420,2024-12-23
CLI007199,Sabrina Almeida Costa,1975-03-10,PR,Autonomo,4510.69,685,2025-01-23
